Date,Price,historical_low,price_above_low,percent_above_low,days_since_price_change,days_since_sale,sales_last_365_days,avg_price_last_365_days,price_changes_last_365_days,cheaper_within_30_days
2018-05-24,39.99,39.99,0.0,0.0,0,0,0.0,39.99,0.0,0
2018-05-25,39.99,39.99,0.0,0.0,1,1,0.0,39.99,0.0,0
2018-05-26,39.99,39.99,0.0,0.0,2,2,0.0,39.99,0.0,0
2018-05-27,39.99,39.99,0.0,0.0,3,3,0.0,39.99,0.0,0
2018-05-28,39.99,39.99,0.0,0.0,4,4,0.0,39.99,0.0,0
2018-05-29,39.99,39.99,0.0,0.0,5,5,0.0,39.99,0.0,0
2018-05-30,39.99,39.99,0.0,0.0,6,6,0.0,39.99,0.0,0
2018-05-31,39.99,39.99,0.0,0.0,7,7,0.0,39.99,0.0,0
2018-06-01,39.99,39.99,0.0,0.0,8,8,0.0,39.99,0.0,0
2018-06-02,39.99,39.99,0.0,0.0,9,9,0.0,39.99,0.0,0
2018-06-03,39.99,39.99,0.0,0.0,10,10,0.0,39.99,0.0,0
2018-06-04,39.99,39.99,0.0,0.0,11,11,0.0,39.99,0.0,0
2018-06-05,39.99,39.99,0.0,0.0,12,12,0.0,39.99,0.0,0
2018-06-06,39.99,39.99,0.0,0.0,13,13,0.0,39.99,0.0,0
2018-06-07,39.99,39.99,0.0,0.0,14,14,0.0,39.99,0.0,0
2018-06-08,39.99,39.99,0.0,0.0,15,15,0.0,39.99,0.0,0
2018-06-09,39.99,39.99,0.0,0.0,16,16,0.0,39.99,0.0,0
2018-06-10,39.99,39.99,0.0,0.0,17,17,0.0,39.99,0.0,0
2018-06-11,39.99,39.99,0.0,0.0,18,18,0.0,39.99,0.0,0
2018-06-12,39.99,39.99,0.0,0.0,19,19,0.0,39.99,0.0,0
2018-06-13,39.99,39.99,0.0,0.0,20,20,0.0,39.99,0.0,0
2018-06-14,39.99,39.99,0.0,0.0,21,21,0.0,39.99,0.0,0
2018-06-15,39.99,39.99,0.0,0.0,22,22,0.0,39.99,0.0,0
2018-06-16,39.99,39.99,0.0,0.0,23,23,0.0,39.99,0.0,0
2018-06-17,39.99,39.99,0.0,0.0,24,24,0.0,39.99,0.0,0
2018-06-18,39.99,39.99,0.0,0.0,25,25,0.0,39.99,0.0,0
2018-06-19,39.99,39.99,0.0,0.0,26,26,0.0,39.99,0.0,0
2018-06-20,39.99,39.99,0.0,0.0,27,27,0.0,39.99,0.0,0
2018-06-21,39.99,39.99,0.0,0.0,28,28,0.0,39.99,0.0,0
2018-06-22,39.99,39.99,0.0,0.0,29,29,0.0,39.99,0.0,0
2018-06-23,39.99,39.99,0.0,0.0,30,30,0.0,39.99,0.0,0
2018-06-24,39.99,39.99,0.0,0.0,31,31,0.0,39.99,0.0,0
2018-06-25,39.99,39.99,0.0,0.0,32,32,0.0,39.99,0.0,0
2018-06-26,39.99,39.99,0.0,0.0,33,33,0.0,39.99,0.0,0
2018-06-27,39.99,39.99,0.0,0.0,34,34,0.0,39.99,0.0,0
2018-06-28,39.99,39.99,0.0,0.0,35,35,0.0,39.99,0.0,0
2018-06-29,39.99,39.99,0.0,0.0,36,36,0.0,39.99,0.0,0
2018-06-30,39.99,39.99,0.0,0.0,37,37,0.0,39.99,0.0,0
2018-07-01,39.99,39.99,0.0,0.0,38,38,0.0,39.99,0.0,0
2018-07-02,39.99,39.99,0.0,0.0,39,39,0.0,39.99,0.0,0
2018-07-03,39.99,39.99,0.0,0.0,40,40,0.0,39.99,0.0,0
2018-07-04,39.99,39.99,0.0,0.0,41,41,0.0,39.99,0.0,0
2018-07-05,39.99,39.99,0.0,0.0,42,42,0.0,39.99,0.0,0
2018-07-06,39.99,39.99,0.0,0.0,43,43,0.0,39.99,0.0,0
2018-07-07,39.99,39.99,0.0,0.0,44,44,0.0,39.99,0.0,0
2018-07-08,39.99,39.99,0.0,0.0,45,45,0.0,39.99,0.0,0
2018-07-09,39.99,39.99,0.0,0.0,46,46,0.0,39.99,0.0,0
2018-07-10,39.99,39.99,0.0,0.0,47,47,0.0,39.99,0.0,0
2018-07-11,39.99,39.99,0.0,0.0,48,48,0.0,39.99,0.0,0
2018-07-12,39.99,39.99,0.0,0.0,49,49,0.0,39.99,0.0,0
2018-07-13,39.99,39.99,0.0,0.0,50,50,0.0,39.99,0.0,0
2018-07-14,39.99,39.99,0.0,0.0,51,51,0.0,39.99,0.0,0
2018-07-15,39.99,39.99,0.0,0.0,52,52,0.0,39.99,0.0,0
2018-07-16,39.99,39.99,0.0,0.0,53,53,0.0,39.99,0.0,0
2018-07-17,39.99,39.99,0.0,0.0,54,54,0.0,39.99,0.0,0
2018-07-18,39.99,39.99,0.0,0.0,55,55,0.0,39.99,0.0,0
2018-07-19,39.99,39.99,0.0,0.0,56,56,0.0,39.99,0.0,0
2018-07-20,39.99,39.99,0.0,0.0,57,57,0.0,39.99,0.0,0
2018-07-21,39.99,39.99,0.0,0.0,58,58,0.0,39.99,0.0,0
2018-07-22,39.99,39.99,0.0,0.0,59,59,0.0,39.99,0.0,0
2018-07-23,39.99,39.99,0.0,0.0,60,60,0.0,39.99,0.0,0
2018-07-24,39.99,39.99,0.0,0.0,61,61,0.0,39.99,0.0,0
2018-07-25,39.99,39.99,0.0,0.0,62,62,0.0,39.99,0.0,0
2018-07-26,39.99,39.99,0.0,0.0,63,63,0.0,39.99,0.0,0
2018-07-27,39.99,39.99,0.0,0.0,64,64,0.0,39.99,0.0,0
2018-07-28,39.99,39.99,0.0,0.0,65,65,0.0,39.99,0.0,0
2018-07-29,39.99,39.99,0.0,0.0,66,66,0.0,39.99,0.0,0
2018-07-30,39.99,39.99,0.0,0.0,67,67,0.0,39.99,0.0,0
2018-07-31,39.99,39.99,0.0,0.0,68,68,0.0,39.99,0.0,0
2018-08-01,39.99,39.99,0.0,0.0,69,69,0.0,39.99,0.0,0
2018-08-02,39.99,39.99,0.0,0.0,70,70,0.0,39.99,0.0,0
2018-08-03,39.99,39.99,0.0,0.0,71,71,0.0,39.99,0.0,0
2018-08-04,39.99,39.99,0.0,0.0,72,72,0.0,39.99,0.0,0
2018-08-05,39.99,39.99,0.0,0.0,73,73,0.0,39.99,0.0,0
2018-08-06,39.99,39.99,0.0,0.0,74,74,0.0,39.99,0.0,0
2018-08-07,39.99,39.99,0.0,0.0,75,75,0.0,39.99,0.0,0
2018-08-08,39.99,39.99,0.0,0.0,76,76,0.0,39.99,0.0,0
2018-08-09,39.99,39.99,0.0,0.0,77,77,0.0,39.99,0.0,0
2018-08-10,39.99,39.99,0.0,0.0,78,78,0.0,39.99,0.0,0
2018-08-11,39.99,39.99,0.0,0.0,79,79,0.0,39.99,0.0,0
2018-08-12,39.99,39.99,0.0,0.0,80,80,0.0,39.99,0.0,0
2018-08-13,39.99,39.99,0.0,0.0,81,81,0.0,39.99,0.0,0
2018-08-14,39.99,39.99,0.0,0.0,82,82,0.0,39.99,0.0,0
2018-08-15,39.99,39.99,0.0,0.0,83,83,0.0,39.99,0.0,0
2018-08-16,39.99,39.99,0.0,0.0,84,84,0.0,39.99,0.0,0
2018-08-17,39.99,39.99,0.0,0.0,85,85,0.0,39.99,0.0,0
2018-08-18,39.99,39.99,0.0,0.0,86,86,0.0,39.99,0.0,0
2018-08-19,39.99,39.99,0.0,0.0,87,87,0.0,39.99,0.0,0
2018-08-20,39.99,39.99,0.0,0.0,88,88,0.0,39.99,0.0,0
2018-08-21,39.99,39.99,0.0,0.0,89,89,0.0,39.99,0.0,0
2018-08-22,39.99,39.99,0.0,0.0,90,90,0.0,39.99,0.0,0
2018-08-23,39.99,39.99,0.0,0.0,91,91,0.0,39.99,0.0,0
2018-08-24,39.99,39.99,0.0,0.0,92,92,0.0,39.99,0.0,0
2018-08-25,39.99,39.99,0.0,0.0,93,93,0.0,39.99,0.0,0
2018-08-26,39.99,39.99,0.0,0.0,94,94,0.0,39.99,0.0,0
2018-08-27,39.99,39.99,0.0,0.0,95,95,0.0,39.99,0.0,0
2018-08-28,39.99,39.99,0.0,0.0,96,96,0.0,39.99,0.0,0
2018-08-29,39.99,39.99,0.0,0.0,97,97,0.0,39.99,0.0,0
2018-08-30,39.99,39.99,0.0,0.0,98,98,0.0,39.99,0.0,0
2018-08-31,39.99,39.99,0.0,0.0,99,99,0.0,39.99,0.0,0
2018-09-01,39.99,39.99,0.0,0.0,100,100,0.0,39.99,0.0,0
2018-09-02,39.99,39.99,0.0,0.0,101,101,0.0,39.99,0.0,0
2018-09-03,39.99,39.99,0.0,0.0,102,102,0.0,39.99,0.0,0
2018-09-04,39.99,39.99,0.0,0.0,103,103,0.0,39.99,0.0,0
2018-09-05,39.99,39.99,0.0,0.0,104,104,0.0,39.99,0.0,0
2018-09-06,39.99,39.99,0.0,0.0,105,105,0.0,39.99,0.0,0
2018-09-07,39.99,39.99,0.0,0.0,106,106,0.0,39.99,0.0,0
2018-09-08,39.99,39.99,0.0,0.0,107,107,0.0,39.99,0.0,0
2018-09-09,39.99,39.99,0.0,0.0,108,108,0.0,39.99,0.0,0
2018-09-10,39.99,39.99,0.0,0.0,109,109,0.0,39.99,0.0,0
2018-09-11,39.99,39.99,0.0,0.0,110,110,0.0,39.99,0.0,0
2018-09-12,39.99,39.99,0.0,0.0,111,111,0.0,39.99,0.0,0
2018-09-13,39.99,39.99,0.0,0.0,112,112,0.0,39.99,0.0,0
2018-09-14,39.99,39.99,0.0,0.0,113,113,0.0,39.99,0.0,0
2018-09-15,39.99,39.99,0.0,0.0,114,114,0.0,39.99,0.0,0
2018-09-16,39.99,39.99,0.0,0.0,115,115,0.0,39.99,0.0,0
2018-09-17,39.99,39.99,0.0,0.0,116,116,0.0,39.99,0.0,0
2018-09-18,39.99,39.99,0.0,0.0,117,117,0.0,39.99,0.0,0
2018-09-19,39.99,39.99,0.0,0.0,118,118,0.0,39.99,0.0,0
2018-09-20,39.99,39.99,0.0,0.0,119,119,0.0,39.99,0.0,0
2018-09-21,39.99,39.99,0.0,0.0,120,120,0.0,39.99,0.0,0
2018-09-22,39.99,39.99,0.0,0.0,121,121,0.0,39.99,0.0,0
2018-09-23,39.99,39.99,0.0,0.0,122,122,0.0,39.99,0.0,0
2018-09-24,39.99,39.99,0.0,0.0,123,123,0.0,39.99,0.0,0
2018-09-25,39.99,39.99,0.0,0.0,124,124,0.0,39.99,0.0,0
2018-09-26,39.99,39.99,0.0,0.0,125,125,0.0,39.99,0.0,0
2018-09-27,39.99,39.99,0.0,0.0,126,126,0.0,39.99,0.0,0
2018-09-28,39.99,39.99,0.0,0.0,127,127,0.0,39.99,0.0,0
2018-09-29,39.99,39.99,0.0,0.0,128,128,0.0,39.99,0.0,0
2018-09-30,39.99,39.99,0.0,0.0,129,129,0.0,39.99,0.0,0
2018-10-01,39.99,39.99,0.0,0.0,130,130,0.0,39.99,0.0,0
2018-10-02,39.99,39.99,0.0,0.0,131,131,0.0,39.99,0.0,0
2018-10-03,39.99,39.99,0.0,0.0,132,132,0.0,39.99,0.0,0
2018-10-04,39.99,39.99,0.0,0.0,133,133,0.0,39.99,0.0,0
2018-10-05,39.99,39.99,0.0,0.0,134,134,0.0,39.99,0.0,0
2018-10-06,39.99,39.99,0.0,0.0,135,135,0.0,39.99,0.0,0
2018-10-07,39.99,39.99,0.0,0.0,136,136,0.0,39.99,0.0,0
2018-10-08,39.99,39.99,0.0,0.0,137,137,0.0,39.99,0.0,0
2018-10-09,39.99,39.99,0.0,0.0,138,138,0.0,39.99,0.0,0
2018-10-10,39.99,39.99,0.0,0.0,139,139,0.0,39.99,0.0,0
2018-10-11,39.99,39.99,0.0,0.0,140,140,0.0,39.99,0.0,0
2018-10-12,39.99,39.99,0.0,0.0,141,141,0.0,39.99,0.0,0
2018-10-13,39.99,39.99,0.0,0.0,142,142,0.0,39.99,0.0,0
2018-10-14,39.99,39.99,0.0,0.0,143,143,0.0,39.99,0.0,0
2018-10-15,39.99,39.99,0.0,0.0,144,144,0.0,39.99,0.0,0
2018-10-16,39.99,39.99,0.0,0.0,145,145,0.0,39.99,0.0,0
2018-10-17,39.99,39.99,0.0,0.0,146,146,0.0,39.99,0.0,0
2018-10-18,39.99,39.99,0.0,0.0,147,147,0.0,39.99,0.0,0
2018-10-19,39.99,39.99,0.0,0.0,148,148,0.0,39.99,0.0,0
2018-10-20,39.99,39.99,0.0,0.0,149,149,0.0,39.99,0.0,0
2018-10-21,39.99,39.99,0.0,0.0,150,150,0.0,39.99,0.0,0
2018-10-22,39.99,39.99,0.0,0.0,151,151,0.0,39.99,0.0,0
2018-10-23,39.99,39.99,0.0,0.0,152,152,0.0,39.99,0.0,0
2018-10-24,39.99,39.99,0.0,0.0,153,153,0.0,39.99,0.0,0
2018-10-25,39.99,39.99,0.0,0.0,154,154,0.0,39.99,0.0,0
2018-10-26,39.99,39.99,0.0,0.0,155,155,0.0,39.99,0.0,0
2018-10-27,39.99,39.99,0.0,0.0,156,156,0.0,39.99,0.0,0
2018-10-28,39.99,39.99,0.0,0.0,157,157,0.0,39.99,0.0,0
2018-10-29,39.99,39.99,0.0,0.0,158,158,0.0,39.99,0.0,0
2018-10-30,39.99,39.99,0.0,0.0,159,159,0.0,39.99,0.0,0
2018-10-31,39.99,39.99,0.0,0.0,160,160,0.0,39.99,0.0,0
2018-11-01,39.99,39.99,0.0,0.0,161,161,0.0,39.99,0.0,0
2018-11-02,39.99,39.99,0.0,0.0,162,162,0.0,39.99,0.0,0
2018-11-03,39.99,39.99,0.0,0.0,163,163,0.0,39.99,0.0,0
2018-11-04,39.99,39.99,0.0,0.0,164,164,0.0,39.99,0.0,0
2018-11-05,39.99,39.99,0.0,0.0,165,165,0.0,39.99,0.0,0
2018-11-06,39.99,39.99,0.0,0.0,166,166,0.0,39.99,0.0,0
2018-11-07,39.99,39.99,0.0,0.0,167,167,0.0,39.99,0.0,0
2018-11-08,39.99,39.99,0.0,0.0,168,168,0.0,39.99,0.0,0
2018-11-09,39.99,39.99,0.0,0.0,169,169,0.0,39.99,0.0,0
2018-11-10,39.99,39.99,0.0,0.0,170,170,0.0,39.99,0.0,0
2018-11-11,39.99,39.99,0.0,0.0,171,171,0.0,39.99,0.0,0
2018-11-12,39.99,39.99,0.0,0.0,172,172,0.0,39.99,0.0,0
2018-11-13,39.99,39.99,0.0,0.0,173,173,0.0,39.99,0.0,0
2018-11-14,39.99,39.99,0.0,0.0,174,174,0.0,39.99,0.0,0
2018-11-15,39.99,39.99,0.0,0.0,175,175,0.0,39.99,0.0,0
2018-11-16,39.99,39.99,0.0,0.0,176,176,0.0,39.99,0.0,0
2018-11-17,39.99,39.99,0.0,0.0,177,177,0.0,39.99,0.0,0
2018-11-18,39.99,39.99,0.0,0.0,178,178,0.0,39.99,0.0,0
2018-11-19,39.99,39.99,0.0,0.0,179,179,0.0,39.99,0.0,0
2018-11-20,39.99,39.99,0.0,0.0,180,180,0.0,39.99,0.0,0
2018-11-21,39.99,39.99,0.0,0.0,181,181,0.0,39.99,0.0,0
2018-11-22,39.99,39.99,0.0,0.0,182,182,0.0,39.99,0.0,0
2018-11-23,39.99,39.99,0.0,0.0,183,183,0.0,39.99,0.0,0
2018-11-24,39.99,39.99,0.0,0.0,184,184,0.0,39.99,0.0,0
2018-11-25,39.99,39.99,0.0,0.0,185,185,0.0,39.99,0.0,0
2018-11-26,39.99,39.99,0.0,0.0,186,186,0.0,39.99,0.0,0
2018-11-27,39.99,39.99,0.0,0.0,187,187,0.0,39.99,0.0,0
2018-11-28,39.99,39.99,0.0,0.0,188,188,0.0,39.99,0.0,0
2018-11-29,39.99,39.99,0.0,0.0,189,189,0.0,39.99,0.0,0
2018-11-30,39.99,39.99,0.0,0.0,190,190,0.0,39.99,0.0,0
2018-12-01,39.99,39.99,0.0,0.0,191,191,0.0,39.99,0.0,0
2018-12-02,39.99,39.99,0.0,0.0,192,192,0.0,39.99,0.0,0
2018-12-03,39.99,39.99,0.0,0.0,193,193,0.0,39.99,0.0,0
2018-12-04,39.99,39.99,0.0,0.0,194,194,0.0,39.99,0.0,0
2018-12-05,39.99,39.99,0.0,0.0,195,195,0.0,39.99,0.0,0
2018-12-06,39.99,39.99,0.0,0.0,196,196,0.0,39.99,0.0,0
2018-12-07,39.99,39.99,0.0,0.0,197,197,0.0,39.99,0.0,0
2018-12-08,39.99,39.99,0.0,0.0,198,198,0.0,39.99,0.0,0
2018-12-09,39.99,39.99,0.0,0.0,199,199,0.0,39.99,0.0,0
2018-12-10,39.99,39.99,0.0,0.0,200,200,0.0,39.99,0.0,0
2018-12-11,39.99,39.99,0.0,0.0,201,201,0.0,39.99,0.0,0
2018-12-12,39.99,39.99,0.0,0.0,202,202,0.0,39.99,0.0,0
2018-12-13,39.99,39.99,0.0,0.0,203,203,0.0,39.99,0.0,0
2018-12-14,39.99,39.99,0.0,0.0,204,204,0.0,39.99,0.0,0
2018-12-15,39.99,39.99,0.0,0.0,205,205,0.0,39.99,0.0,0
2018-12-16,39.99,39.99,0.0,0.0,206,206,0.0,39.99,0.0,0
2018-12-17,39.99,39.99,0.0,0.0,207,207,0.0,39.99,0.0,0
2018-12-18,39.99,39.99,0.0,0.0,208,208,0.0,39.99,0.0,0
2018-12-19,39.99,39.99,0.0,0.0,209,209,0.0,39.99,0.0,0
2018-12-20,39.99,39.99,0.0,0.0,210,210,0.0,39.99,0.0,0
2018-12-21,39.99,39.99,0.0,0.0,211,211,0.0,39.99,0.0,0
2018-12-22,39.99,39.99,0.0,0.0,212,212,0.0,39.99,0.0,0
2018-12-23,39.99,39.99,0.0,0.0,213,213,0.0,39.99,0.0,0
2018-12-24,39.99,39.99,0.0,0.0,214,214,0.0,39.99,0.0,0
2018-12-25,39.99,39.99,0.0,0.0,215,215,0.0,39.99,0.0,0
2018-12-26,39.99,39.99,0.0,0.0,216,216,0.0,39.99,0.0,0
2018-12-27,39.99,39.99,0.0,0.0,217,217,0.0,39.99,0.0,0
2018-12-28,39.99,39.99,0.0,0.0,218,218,0.0,39.99,0.0,0
2018-12-29,39.99,39.99,0.0,0.0,219,219,0.0,39.99,0.0,0
2018-12-30,39.99,39.99,0.0,0.0,220,220,0.0,39.99,0.0,0
2018-12-31,39.99,39.99,0.0,0.0,221,221,0.0,39.99,0.0,0
2019-01-01,39.99,39.99,0.0,0.0,222,222,0.0,39.99,0.0,0
2019-01-02,39.99,39.99,0.0,0.0,223,223,0.0,39.99,0.0,0
2019-01-03,39.99,39.99,0.0,0.0,224,224,0.0,39.99,0.0,0
2019-01-04,39.99,39.99,0.0,0.0,225,225,0.0,39.99,0.0,0
2019-01-05,39.99,39.99,0.0,0.0,226,226,0.0,39.99,0.0,0
2019-01-06,39.99,39.99,0.0,0.0,227,227,0.0,39.99,0.0,1
2019-01-07,39.99,39.99,0.0,0.0,228,228,0.0,39.99,0.0,1
2019-01-08,39.99,39.99,0.0,0.0,229,229,0.0,39.99,0.0,1
2019-01-09,39.99,39.99,0.0,0.0,230,230,0.0,39.99,0.0,1
2019-01-10,39.99,39.99,0.0,0.0,231,231,0.0,39.99,0.0,1
2019-01-11,39.99,39.99,0.0,0.0,232,232,0.0,39.99,0.0,1
2019-01-12,39.99,39.99,0.0,0.0,233,233,0.0,39.99,0.0,1
2019-01-13,39.99,39.99,0.0,0.0,234,234,0.0,39.99,0.0,1
2019-01-14,39.99,39.99,0.0,0.0,235,235,0.0,39.99,0.0,1
2019-01-15,39.99,39.99,0.0,0.0,236,236,0.0,39.99,0.0,1
2019-01-16,39.99,39.99,0.0,0.0,237,237,0.0,39.99,0.0,1
2019-01-17,39.99,39.99,0.0,0.0,238,238,0.0,39.99,0.0,1
2019-01-18,39.99,39.99,0.0,0.0,239,239,0.0,39.99,0.0,1
2019-01-19,39.99,39.99,0.0,0.0,240,240,0.0,39.99,0.0,1
2019-01-20,39.99,39.99,0.0,0.0,241,241,0.0,39.99,0.0,1
2019-01-21,39.99,39.99,0.0,0.0,242,242,0.0,39.99,0.0,1
2019-01-22,39.99,39.99,0.0,0.0,243,243,0.0,39.99,0.0,1
2019-01-23,39.99,39.99,0.0,0.0,244,244,0.0,39.99,0.0,1
2019-01-24,39.99,39.99,0.0,0.0,245,245,0.0,39.99,0.0,1
2019-01-25,39.99,39.99,0.0,0.0,246,246,0.0,39.99,0.0,1
2019-01-26,39.99,39.99,0.0,0.0,247,247,0.0,39.99,0.0,1
2019-01-27,39.99,39.99,0.0,0.0,248,248,0.0,39.99,0.0,1
2019-01-28,39.99,39.99,0.0,0.0,249,249,0.0,39.99,0.0,1
2019-01-29,39.99,39.99,0.0,0.0,250,250,0.0,39.99,0.0,1
2019-01-30,39.99,39.99,0.0,0.0,251,251,0.0,39.99,0.0,1
2019-01-31,39.99,39.99,0.0,0.0,252,252,0.0,39.99,0.0,1
2019-02-01,39.99,39.99,0.0,0.0,253,253,0.0,39.99,0.0,1
2019-02-02,39.99,39.99,0.0,0.0,254,254,0.0,39.99,0.0,1
2019-02-03,39.99,39.99,0.0,0.0,255,255,0.0,39.99,0.0,1
2019-02-04,39.99,39.99,0.0,0.0,256,256,0.0,39.99,0.0,1
2019-02-05,29.99,29.99,0.0,0.0,0,0,0.0,39.99,0.0,0
2019-02-06,29.99,29.99,0.0,0.0,1,1,1.0,39.95124031007752,1.0,0
2019-02-07,29.99,29.99,0.0,0.0,2,2,1.0,39.91277992277992,1.0,0
2019-02-08,29.99,29.99,0.0,0.0,3,3,1.0,39.87461538461538,1.0,0
2019-02-09,29.99,29.99,0.0,0.0,4,4,1.0,39.83674329501916,1.0,0
2019-02-10,29.99,29.99,0.0,0.0,5,5,1.0,39.79916030534351,1.0,0
2019-02-11,29.99,29.99,0.0,0.0,6,6,1.0,39.761863117870725,1.0,0
2019-02-12,39.99,29.99,10.000000000000004,33.34444814938314,0,7,1.0,39.724848484848486,1.0,1
2019-02-13,39.99,29.99,10.000000000000004,33.34444814938314,1,8,1.0,39.72584905660378,2.0,1
2019-02-14,39.99,29.99,10.000000000000004,33.34444814938314,2,9,1.0,39.72684210526316,2.0,1
2019-02-15,29.99,29.99,0.0,0.0,0,0,1.0,39.72782771535581,2.0,0
2019-02-16,29.99,29.99,0.0,0.0,1,1,2.0,39.69149253731343,3.0,0
2019-02-17,29.99,29.99,0.0,0.0,2,2,2.0,39.65542750929369,3.0,0
2019-02-18,29.99,29.99,0.0,0.0,3,3,2.0,39.619629629629635,3.0,0
2019-02-19,39.99,29.99,10.000000000000004,33.34444814938314,0,4,2.0,39.584095940959415,3.0,0
2019-02-20,39.99,29.99,10.000000000000004,33.34444814938314,1,5,2.0,39.58558823529412,4.0,0
2019-02-21,39.99,29.99,10.000000000000004,33.34444814938314,2,6,2.0,39.5870695970696,4.0,0
2019-02-22,39.99,29.99,10.000000000000004,33.34444814938314,3,7,2.0,39.588540145985405,4.0,0
2019-02-23,39.99,29.99,10.000000000000004,33.34444814938314,4,8,2.0,39.59,4.0,0
2019-02-24,39.99,29.99,10.000000000000004,33.34444814938314,5,9,2.0,39.591449275362315,4.0,0
2019-02-25,39.99,29.99,10.000000000000004,33.34444814938314,6,10,2.0,39.5928880866426,4.0,0
2019-02-26,39.99,29.99,10.000000000000004,33.34444814938314,7,11,2.0,39.59431654676259,4.0,0
2019-02-27,39.99,29.99,10.000000000000004,33.34444814938314,8,12,2.0,39.59573476702509,4.0,0
2019-02-28,39.99,29.99,10.000000000000004,33.34444814938314,9,13,2.0,39.59714285714286,4.0,0
2019-03-01,39.99,29.99,10.000000000000004,33.34444814938314,10,14,2.0,39.5985409252669,4.0,0
2019-03-02,39.99,29.99,10.000000000000004,33.34444814938314,11,15,2.0,39.599929078014185,4.0,0
2019-03-03,39.99,29.99,10.000000000000004,33.34444814938314,12,16,2.0,39.6013074204947,4.0,0
2019-03-04,39.99,29.99,10.000000000000004,33.34444814938314,13,17,2.0,39.60267605633803,4.0,0
2019-03-05,39.99,29.99,10.000000000000004,33.34444814938314,14,18,2.0,39.604035087719296,4.0,0
2019-03-06,39.99,29.99,10.000000000000004,33.34444814938314,15,19,2.0,39.60538461538462,4.0,0
2019-03-07,39.99,29.99,10.000000000000004,33.34444814938314,16,20,2.0,39.606724738675965,4.0,0
2019-03-08,39.99,29.99,10.000000000000004,33.34444814938314,17,21,2.0,39.60805555555556,4.0,0
2019-03-09,39.99,29.99,10.000000000000004,33.34444814938314,18,22,2.0,39.60937716262976,4.0,0
2019-03-10,39.99,29.99,10.000000000000004,33.34444814938314,19,23,2.0,39.610689655172415,4.0,0
2019-03-11,39.99,29.99,10.000000000000004,33.34444814938314,20,24,2.0,39.61199312714777,4.0,0
2019-03-12,39.99,29.99,10.000000000000004,33.34444814938314,21,25,2.0,39.613287671232875,4.0,0
2019-03-13,39.99,29.99,10.000000000000004,33.34444814938314,22,26,2.0,39.61457337883959,4.0,0
2019-03-14,39.99,29.99,10.000000000000004,33.34444814938314,23,27,2.0,39.615850340136056,4.0,0
2019-03-15,39.99,29.99,10.000000000000004,33.34444814938314,24,28,2.0,39.6171186440678,4.0,0
2019-03-16,39.99,29.99,10.000000000000004,33.34444814938314,25,29,2.0,39.61837837837838,4.0,0
2019-03-17,39.99,29.99,10.000000000000004,33.34444814938314,26,30,2.0,39.619629629629635,4.0,0
2019-03-18,39.99,29.99,10.000000000000004,33.34444814938314,27,31,2.0,39.620872483221476,4.0,0
2019-03-19,39.99,29.99,10.000000000000004,33.34444814938314,28,32,2.0,39.622107023411374,4.0,0
2019-03-20,39.99,29.99,10.000000000000004,33.34444814938314,29,33,2.0,39.623333333333335,4.0,0
2019-03-21,39.99,29.99,10.000000000000004,33.34444814938314,30,34,2.0,39.62455149501661,4.0,0
2019-03-22,39.99,29.99,10.000000000000004,33.34444814938314,31,35,2.0,39.62576158940398,4.0,0
2019-03-23,39.99,29.99,10.000000000000004,33.34444814938314,32,36,2.0,39.62696369636964,4.0,0
2019-03-24,39.99,29.99,10.000000000000004,33.34444814938314,33,37,2.0,39.628157894736844,4.0,0
2019-03-25,39.99,29.99,10.000000000000004,33.34444814938314,34,38,2.0,39.629344262295085,4.0,0
2019-03-26,39.99,29.99,10.000000000000004,33.34444814938314,35,39,2.0,39.63052287581699,4.0,0
2019-03-27,39.99,29.99,10.000000000000004,33.34444814938314,36,40,2.0,39.63169381107492,4.0,0
2019-03-28,39.99,29.99,10.000000000000004,33.34444814938314,37,41,2.0,39.63285714285714,4.0,0
2019-03-29,39.99,29.99,10.000000000000004,33.34444814938314,38,42,2.0,39.634012944983816,4.0,0
2019-03-30,39.99,29.99,10.000000000000004,33.34444814938314,39,43,2.0,39.635161290322586,4.0,0
2019-03-31,39.99,29.99,10.000000000000004,33.34444814938314,40,44,2.0,39.636302250803865,4.0,1
2019-04-01,39.99,29.99,10.000000000000004,33.34444814938314,41,45,2.0,39.6374358974359,4.0,1
2019-04-02,39.99,29.99,10.000000000000004,33.34444814938314,42,46,2.0,39.63856230031949,4.0,1
2019-04-03,39.99,29.99,10.000000000000004,33.34444814938314,43,47,2.0,39.63968152866242,4.0,1
2019-04-04,39.99,29.99,10.000000000000004,33.34444814938314,44,48,2.0,39.640793650793654,4.0,1
2019-04-05,39.99,29.99,10.000000000000004,33.34444814938314,45,49,2.0,39.64189873417722,4.0,1
2019-04-06,39.99,29.99,10.000000000000004,33.34444814938314,46,50,2.0,39.64299684542587,4.0,1
2019-04-07,39.99,29.99,10.000000000000004,33.34444814938314,47,51,2.0,39.644088050314465,4.0,1
2019-04-08,39.99,29.99,10.000000000000004,33.34444814938314,48,52,2.0,39.645172413793105,4.0,1
2019-04-09,39.99,29.99,10.000000000000004,33.34444814938314,49,53,2.0,39.64625,4.0,1
2019-04-10,39.99,29.99,10.000000000000004,33.34444814938314,50,54,2.0,39.64732087227414,4.0,1
2019-04-11,39.99,29.99,10.000000000000004,33.34444814938314,51,55,2.0,39.648385093167704,4.0,1
2019-04-12,39.99,29.99,10.000000000000004,33.34444814938314,52,56,2.0,39.649442724458204,4.0,1
2019-04-13,39.99,29.99,10.000000000000004,33.34444814938314,53,57,2.0,39.650493827160496,4.0,1
2019-04-14,39.99,29.99,10.000000000000004,33.34444814938314,54,58,2.0,39.651538461538465,4.0,1
2019-04-15,39.99,29.99,10.000000000000004,33.34444814938314,55,59,2.0,39.652576687116564,4.0,1
2019-04-16,39.99,29.99,10.000000000000004,33.34444814938314,56,60,2.0,39.65360856269113,4.0,1
2019-04-17,39.99,29.99,10.000000000000004,33.34444814938314,57,61,2.0,39.654634146341465,4.0,1
2019-04-18,39.99,29.99,10.000000000000004,33.34444814938314,58,62,2.0,39.65565349544073,4.0,1
2019-04-19,39.99,29.99,10.000000000000004,33.34444814938314,59,63,2.0,39.656666666666666,4.0,1
2019-04-20,39.99,29.99,10.000000000000004,33.34444814938314,60,64,2.0,39.657673716012084,4.0,1
2019-04-21,39.99,29.99,10.000000000000004,33.34444814938314,61,65,2.0,39.65867469879518,4.0,1
2019-04-22,39.99,29.99,10.000000000000004,33.34444814938314,62,66,2.0,39.65966966966967,4.0,1
2019-04-23,39.99,29.99,10.000000000000004,33.34444814938314,63,67,2.0,39.66065868263473,4.0,1
2019-04-24,39.99,29.99,10.000000000000004,33.34444814938314,64,68,2.0,39.66164179104478,4.0,1
2019-04-25,39.99,29.99,10.000000000000004,33.34444814938314,65,69,2.0,39.66261904761905,4.0,1
2019-04-26,39.99,29.99,10.000000000000004,33.34444814938314,66,70,2.0,39.663590504451044,4.0,1
2019-04-27,39.99,29.99,10.000000000000004,33.34444814938314,67,71,2.0,39.664556213017754,4.0,1
2019-04-28,39.99,29.99,10.000000000000004,33.34444814938314,68,72,2.0,39.66551622418879,4.0,1
2019-04-29,39.99,29.99,10.000000000000004,33.34444814938314,69,73,2.0,39.66647058823529,4.0,1
2019-04-30,29.99,29.99,0.0,0.0,0,0,2.0,39.66741935483871,4.0,0
2019-05-01,29.99,29.99,0.0,0.0,1,1,3.0,39.63912280701754,5.0,0
2019-05-02,29.99,29.99,0.0,0.0,2,2,3.0,39.61099125364432,5.0,0
2019-05-03,29.99,29.99,0.0,0.0,3,3,3.0,39.583023255813956,5.0,0
2019-05-04,29.99,29.99,0.0,0.0,4,4,3.0,39.55521739130435,5.0,0
2019-05-05,29.99,29.99,0.0,0.0,5,5,3.0,39.52757225433526,5.0,0
2019-05-06,29.99,29.99,0.0,0.0,6,6,3.0,39.50008645533141,5.0,0
2019-05-07,39.99,29.99,10.000000000000004,33.34444814938314,0,7,3.0,39.47275862068965,5.0,0
2019-05-08,39.99,29.99,10.000000000000004,33.34444814938314,1,8,3.0,39.474240687679085,6.0,0
2019-05-09,39.99,29.99,10.000000000000004,33.34444814938314,2,9,3.0,39.47571428571428,6.0,0
2019-05-10,39.99,29.99,10.000000000000004,33.34444814938314,3,10,3.0,39.477179487179484,6.0,0
2019-05-11,39.99,29.99,10.000000000000004,33.34444814938314,4,11,3.0,39.47863636363637,6.0,0
2019-05-12,39.99,29.99,10.000000000000004,33.34444814938314,5,12,3.0,39.480084985835695,6.0,0
2019-05-13,39.99,29.99,10.000000000000004,33.34444814938314,6,13,3.0,39.48152542372882,6.0,0
2019-05-14,39.99,29.99,10.000000000000004,33.34444814938314,7,14,3.0,39.482957746478874,6.0,0
2019-05-15,39.99,29.99,10.000000000000004,33.34444814938314,8,15,3.0,39.48438202247191,6.0,1
2019-05-16,39.99,29.99,10.000000000000004,33.34444814938314,9,16,3.0,39.485798319327735,6.0,1
2019-05-17,39.99,29.99,10.000000000000004,33.34444814938314,10,17,3.0,39.487206703910616,6.0,1
2019-05-18,39.99,29.99,10.000000000000004,33.34444814938314,11,18,3.0,39.48860724233983,6.0,1
2019-05-19,39.99,29.99,10.000000000000004,33.34444814938314,12,19,3.0,39.49,6.0,1
2019-05-20,39.99,29.99,10.000000000000004,33.34444814938314,13,20,3.0,39.49138504155125,6.0,1
2019-05-21,39.99,29.99,10.000000000000004,33.34444814938314,14,21,3.0,39.49276243093923,6.0,1
2019-05-22,39.99,29.99,10.000000000000004,33.34444814938314,15,22,3.0,39.49413223140496,6.0,1
2019-05-23,39.99,29.99,10.000000000000004,33.34444814938314,16,23,3.0,39.495494505494506,6.0,1
2019-05-24,39.99,29.99,10.000000000000004,33.34444814938314,17,24,3.0,39.496849315068495,6.0,1
2019-05-25,39.99,29.99,10.000000000000004,33.34444814938314,18,25,3.0,39.496849315068495,6.0,1
2019-05-26,39.99,29.99,10.000000000000004,33.34444814938314,19,26,3.0,39.496849315068495,6.0,1
2019-05-27,39.99,29.99,10.000000000000004,33.34444814938314,20,27,3.0,39.4968493150685,6.0,1
2019-05-28,39.99,29.99,10.000000000000004,33.34444814938314,21,28,3.0,39.4968493150685,6.0,1
2019-05-29,39.99,29.99,10.000000000000004,33.34444814938314,22,29,3.0,39.496849315068495,6.0,1
2019-05-30,39.99,29.99,10.000000000000004,33.34444814938314,23,30,3.0,39.496849315068495,6.0,1
2019-05-31,39.99,29.99,10.000000000000004,33.34444814938314,24,31,3.0,39.496849315068495,6.0,1
2019-06-01,39.99,29.99,10.000000000000004,33.34444814938314,25,32,3.0,39.496849315068495,6.0,1
2019-06-02,39.99,29.99,10.000000000000004,33.34444814938314,26,33,3.0,39.496849315068495,6.0,1
2019-06-03,39.99,29.99,10.000000000000004,33.34444814938314,27,34,3.0,39.496849315068495,6.0,1
2019-06-04,39.99,29.99,10.000000000000004,33.34444814938314,28,35,3.0,39.496849315068495,6.0,1
2019-06-05,39.99,29.99,10.000000000000004,33.34444814938314,29,36,3.0,39.4968493150685,6.0,1
2019-06-06,39.99,29.99,10.000000000000004,33.34444814938314,30,37,3.0,39.496849315068495,6.0,1
2019-06-07,39.99,29.99,10.000000000000004,33.34444814938314,31,38,3.0,39.496849315068495,6.0,1
2019-06-08,39.99,29.99,10.000000000000004,33.34444814938314,32,39,3.0,39.496849315068495,6.0,1
2019-06-09,39.99,29.99,10.000000000000004,33.34444814938314,33,40,3.0,39.496849315068495,6.0,1
2019-06-10,39.99,29.99,10.000000000000004,33.34444814938314,34,41,3.0,39.496849315068495,6.0,1
2019-06-11,39.99,29.99,10.000000000000004,33.34444814938314,35,42,3.0,39.496849315068495,6.0,1
2019-06-12,39.99,29.99,10.000000000000004,33.34444814938314,36,43,3.0,39.496849315068495,6.0,1
2019-06-13,39.99,29.99,10.000000000000004,33.34444814938314,37,44,3.0,39.4968493150685,6.0,1
2019-06-14,27.99,27.99,0.0,0.0,0,0,3.0,39.496849315068495,6.0,1
2019-06-15,27.99,27.99,0.0,0.0,1,1,4.0,39.46397260273973,7.0,1
2019-06-16,27.99,27.99,0.0,0.0,2,2,4.0,39.43109589041096,7.0,1
2019-06-17,27.99,27.99,0.0,0.0,3,3,4.0,39.39821917808219,7.0,1
2019-06-18,39.99,27.99,12.000000000000004,42.872454448017166,0,4,4.0,39.36534246575343,7.0,1
2019-06-19,39.99,27.99,12.000000000000004,42.872454448017166,1,5,4.0,39.36534246575343,8.0,1
2019-06-20,39.99,27.99,12.000000000000004,42.872454448017166,2,6,4.0,39.36534246575343,8.0,1
2019-06-21,39.99,27.99,12.000000000000004,42.872454448017166,3,7,4.0,39.36534246575343,8.0,1
2019-06-22,39.99,27.99,12.000000000000004,42.872454448017166,4,8,4.0,39.36534246575343,8.0,1
2019-06-23,39.99,27.99,12.000000000000004,42.872454448017166,5,9,4.0,39.36534246575343,8.0,1
2019-06-24,39.99,27.99,12.000000000000004,42.872454448017166,6,10,4.0,39.36534246575343,8.0,1
2019-06-25,39.99,27.99,12.000000000000004,42.872454448017166,7,11,4.0,39.36534246575343,8.0,1
2019-06-26,23.99,23.99,0.0,0.0,0,0,4.0,39.36534246575343,8.0,0
2019-06-27,23.99,23.99,0.0,0.0,1,1,5.0,39.32150684931507,9.0,0
2019-06-28,23.99,23.99,0.0,0.0,2,2,5.0,39.27767123287671,9.0,0
2019-06-29,23.99,23.99,0.0,0.0,3,3,5.0,39.23383561643836,9.0,0
2019-06-30,23.99,23.99,0.0,0.0,4,4,5.0,39.190000000000005,9.0,0
2019-07-01,23.99,23.99,0.0,0.0,5,5,5.0,39.14616438356165,9.0,0
2019-07-02,23.99,23.99,0.0,0.0,6,6,5.0,39.10232876712329,9.0,0
2019-07-03,23.99,23.99,0.0,0.0,7,7,5.0,39.05849315068493,9.0,0
2019-07-04,23.99,23.99,0.0,0.0,8,8,5.0,39.014657534246574,9.0,0
2019-07-05,23.99,23.99,0.0,0.0,9,9,5.0,38.97082191780822,9.0,0
2019-07-06,23.99,23.99,0.0,0.0,10,10,5.0,38.926986301369865,9.0,0
2019-07-07,23.99,23.99,0.0,0.0,11,11,5.0,38.88315068493151,9.0,0
2019-07-08,23.99,23.99,0.0,0.0,12,12,5.0,38.83931506849316,9.0,0
2019-07-09,23.99,23.99,0.0,0.0,13,13,5.0,38.79547945205479,9.0,0
2019-07-10,39.99,23.99,16.000000000000004,66.69445602334308,0,14,5.0,38.75164383561644,9.0,0
2019-07-11,39.99,23.99,16.000000000000004,66.69445602334308,1,15,5.0,38.75164383561644,10.0,0
2019-07-12,39.99,23.99,16.000000000000004,66.69445602334308,2,16,5.0,38.75164383561644,10.0,0
2019-07-13,39.99,23.99,16.000000000000004,66.69445602334308,3,17,5.0,38.75164383561644,10.0,0
2019-07-14,39.99,23.99,16.000000000000004,66.69445602334308,4,18,5.0,38.75164383561644,10.0,0
2019-07-15,39.99,23.99,16.000000000000004,66.69445602334308,5,19,5.0,38.75164383561644,10.0,0
2019-07-16,39.99,23.99,16.000000000000004,66.69445602334308,6,20,5.0,38.75164383561644,10.0,0
2019-07-17,39.99,23.99,16.000000000000004,66.69445602334308,7,21,5.0,38.75164383561644,10.0,0
2019-07-18,39.99,23.99,16.000000000000004,66.69445602334308,8,22,5.0,38.75164383561644,10.0,0
2019-07-19,39.99,23.99,16.000000000000004,66.69445602334308,9,23,5.0,38.75164383561644,10.0,0
2019-07-20,39.99,23.99,16.000000000000004,66.69445602334308,10,24,5.0,38.75164383561644,10.0,0
2019-07-21,39.99,23.99,16.000000000000004,66.69445602334308,11,25,5.0,38.75164383561644,10.0,0
2019-07-22,39.99,23.99,16.000000000000004,66.69445602334308,12,26,5.0,38.75164383561644,10.0,0
2019-07-23,39.99,23.99,16.000000000000004,66.69445602334308,13,27,5.0,38.75164383561644,10.0,0
2019-07-24,39.99,23.99,16.000000000000004,66.69445602334308,14,28,5.0,38.75164383561644,10.0,0
2019-07-25,39.99,23.99,16.000000000000004,66.69445602334308,15,29,5.0,38.75164383561644,10.0,0
2019-07-26,39.99,23.99,16.000000000000004,66.69445602334308,16,30,5.0,38.75164383561644,10.0,0
2019-07-27,39.99,23.99,16.000000000000004,66.69445602334308,17,31,5.0,38.75164383561644,10.0,0
2019-07-28,39.99,23.99,16.000000000000004,66.69445602334308,18,32,5.0,38.75164383561644,10.0,0
2019-07-29,39.99,23.99,16.000000000000004,66.69445602334308,19,33,5.0,38.75164383561644,10.0,0
2019-07-30,39.99,23.99,16.000000000000004,66.69445602334308,20,34,5.0,38.75164383561644,10.0,0
2019-07-31,39.99,23.99,16.000000000000004,66.69445602334308,21,35,5.0,38.75164383561644,10.0,0
2019-08-01,39.99,23.99,16.000000000000004,66.69445602334308,22,36,5.0,38.75164383561644,10.0,0
2019-08-02,39.99,23.99,16.000000000000004,66.69445602334308,23,37,5.0,38.75164383561644,10.0,0
2019-08-03,39.99,23.99,16.000000000000004,66.69445602334308,24,38,5.0,38.75164383561644,10.0,0
2019-08-04,39.99,23.99,16.000000000000004,66.69445602334308,25,39,5.0,38.75164383561644,10.0,0
2019-08-05,39.99,23.99,16.000000000000004,66.69445602334308,26,40,5.0,38.75164383561644,10.0,0
2019-08-06,39.99,23.99,16.000000000000004,66.69445602334308,27,41,5.0,38.75164383561644,10.0,0
2019-08-07,39.99,23.99,16.000000000000004,66.69445602334308,28,42,5.0,38.75164383561644,10.0,1
2019-08-08,39.99,23.99,16.000000000000004,66.69445602334308,29,43,5.0,38.75164383561644,10.0,1
2019-08-09,39.99,23.99,16.000000000000004,66.69445602334308,30,44,5.0,38.75164383561644,10.0,1
2019-08-10,39.99,23.99,16.000000000000004,66.69445602334308,31,45,5.0,38.75164383561644,10.0,1
2019-08-11,39.99,23.99,16.000000000000004,66.69445602334308,32,46,5.0,38.75164383561644,10.0,1
2019-08-12,39.99,23.99,16.000000000000004,66.69445602334308,33,47,5.0,38.75164383561644,10.0,1
2019-08-13,39.99,23.99,16.000000000000004,66.69445602334308,34,48,5.0,38.75164383561644,10.0,1
2019-08-14,39.99,23.99,16.000000000000004,66.69445602334308,35,49,5.0,38.75164383561644,10.0,1
2019-08-15,39.99,23.99,16.000000000000004,66.69445602334308,36,50,5.0,38.75164383561644,10.0,1
2019-08-16,39.99,23.99,16.000000000000004,66.69445602334308,37,51,5.0,38.75164383561644,10.0,1
2019-08-17,39.99,23.99,16.000000000000004,66.69445602334308,38,52,5.0,38.75164383561644,10.0,1
2019-08-18,39.99,23.99,16.000000000000004,66.69445602334308,39,53,5.0,38.75164383561644,10.0,1
2019-08-19,39.99,23.99,16.000000000000004,66.69445602334308,40,54,5.0,38.75164383561644,10.0,1
2019-08-20,39.99,23.99,16.000000000000004,66.69445602334308,41,55,5.0,38.75164383561644,10.0,1
2019-08-21,39.99,23.99,16.000000000000004,66.69445602334308,42,56,5.0,38.75164383561644,10.0,1
2019-08-22,39.99,23.99,16.000000000000004,66.69445602334308,43,57,5.0,38.75164383561644,10.0,1
2019-08-23,39.99,23.99,16.000000000000004,66.69445602334308,44,58,5.0,38.75164383561644,10.0,1
2019-08-24,39.99,23.99,16.000000000000004,66.69445602334308,45,59,5.0,38.75164383561644,10.0,1
2019-08-25,39.99,23.99,16.000000000000004,66.69445602334308,46,60,5.0,38.75164383561644,10.0,1
2019-08-26,39.99,23.99,16.000000000000004,66.69445602334308,47,61,5.0,38.75164383561644,10.0,1
2019-08-27,39.99,23.99,16.000000000000004,66.69445602334308,48,62,5.0,38.75164383561644,10.0,1
2019-08-28,39.99,23.99,16.000000000000004,66.69445602334308,49,63,5.0,38.75164383561644,10.0,1
2019-08-29,39.99,23.99,16.000000000000004,66.69445602334308,50,64,5.0,38.75164383561644,10.0,1
2019-08-30,39.99,23.99,16.000000000000004,66.69445602334308,51,65,5.0,38.75164383561644,10.0,1
2019-08-31,39.99,23.99,16.000000000000004,66.69445602334308,52,66,5.0,38.75164383561644,10.0,1
2019-09-01,39.99,23.99,16.000000000000004,66.69445602334308,53,67,5.0,38.75164383561644,10.0,1
2019-09-02,39.99,23.99,16.000000000000004,66.69445602334308,54,68,5.0,38.75164383561644,10.0,1
2019-09-03,39.99,23.99,16.000000000000004,66.69445602334308,55,69,5.0,38.75164383561644,10.0,1
2019-09-04,39.99,23.99,16.000000000000004,66.69445602334308,56,70,5.0,38.75164383561644,10.0,1
2019-09-05,39.99,23.99,16.000000000000004,66.69445602334308,57,71,5.0,38.75164383561644,10.0,1
2019-09-06,23.99,23.99,0.0,0.0,0,0,5.0,38.75164383561644,10.0,0
2019-09-07,23.99,23.99,0.0,0.0,1,1,6.0,38.707808219178084,11.0,0
2019-09-08,23.99,23.99,0.0,0.0,2,2,6.0,38.663972602739726,11.0,0
2019-09-09,23.99,23.99,0.0,0.0,3,3,6.0,38.62013698630137,11.0,0
2019-09-10,39.99,23.99,16.000000000000004,66.69445602334308,0,4,6.0,38.57630136986302,11.0,0
2019-09-11,39.99,23.99,16.000000000000004,66.69445602334308,1,5,6.0,38.57630136986302,12.0,0
2019-09-12,39.99,23.99,16.000000000000004,66.69445602334308,2,6,6.0,38.57630136986302,12.0,0
2019-09-13,39.99,23.99,16.000000000000004,66.69445602334308,3,7,6.0,38.57630136986302,12.0,0
2019-09-14,39.99,23.99,16.000000000000004,66.69445602334308,4,8,6.0,38.57630136986302,12.0,0
2019-09-15,39.99,23.99,16.000000000000004,66.69445602334308,5,9,6.0,38.57630136986302,12.0,0
2019-09-16,39.99,23.99,16.000000000000004,66.69445602334308,6,10,6.0,38.57630136986302,12.0,0
2019-09-17,39.99,23.99,16.000000000000004,66.69445602334308,7,11,6.0,38.57630136986302,12.0,0
2019-09-18,39.99,23.99,16.000000000000004,66.69445602334308,8,12,6.0,38.57630136986302,12.0,0
2019-09-19,39.99,23.99,16.000000000000004,66.69445602334308,9,13,6.0,38.57630136986302,12.0,0
2019-09-20,39.99,23.99,16.000000000000004,66.69445602334308,10,14,6.0,38.57630136986302,12.0,0
2019-09-21,39.99,23.99,16.000000000000004,66.69445602334308,11,15,6.0,38.57630136986302,12.0,0
2019-09-22,39.99,23.99,16.000000000000004,66.69445602334308,12,16,6.0,38.57630136986302,12.0,0
2019-09-23,39.99,23.99,16.000000000000004,66.69445602334308,13,17,6.0,38.57630136986302,12.0,0
2019-09-24,39.99,23.99,16.000000000000004,66.69445602334308,14,18,6.0,38.57630136986302,12.0,0
2019-09-25,39.99,23.99,16.000000000000004,66.69445602334308,15,19,6.0,38.57630136986302,12.0,0
2019-09-26,39.99,23.99,16.000000000000004,66.69445602334308,16,20,6.0,38.57630136986302,12.0,0
2019-09-27,39.99,23.99,16.000000000000004,66.69445602334308,17,21,6.0,38.57630136986302,12.0,0
2019-09-28,39.99,23.99,16.000000000000004,66.69445602334308,18,22,6.0,38.57630136986302,12.0,0
2019-09-29,39.99,23.99,16.000000000000004,66.69445602334308,19,23,6.0,38.57630136986302,12.0,1
2019-09-30,39.99,23.99,16.000000000000004,66.69445602334308,20,24,6.0,38.57630136986302,12.0,1
2019-10-01,39.99,23.99,16.000000000000004,66.69445602334308,21,25,6.0,38.57630136986302,12.0,1
2019-10-02,39.99,23.99,16.000000000000004,66.69445602334308,22,26,6.0,38.57630136986302,12.0,1
2019-10-03,39.99,23.99,16.000000000000004,66.69445602334308,23,27,6.0,38.57630136986302,12.0,1
2019-10-04,39.99,23.99,16.000000000000004,66.69445602334308,24,28,6.0,38.57630136986302,12.0,1
2019-10-05,39.99,23.99,16.000000000000004,66.69445602334308,25,29,6.0,38.57630136986302,12.0,1
2019-10-06,39.99,23.99,16.000000000000004,66.69445602334308,26,30,6.0,38.57630136986302,12.0,1
2019-10-07,39.99,23.99,16.000000000000004,66.69445602334308,27,31,6.0,38.57630136986302,12.0,1
2019-10-08,39.99,23.99,16.000000000000004,66.69445602334308,28,32,6.0,38.57630136986302,12.0,1
2019-10-09,39.99,23.99,16.000000000000004,66.69445602334308,29,33,6.0,38.57630136986302,12.0,1
2019-10-10,39.99,23.99,16.000000000000004,66.69445602334308,30,34,6.0,38.57630136986302,12.0,1
2019-10-11,39.99,23.99,16.000000000000004,66.69445602334308,31,35,6.0,38.57630136986302,12.0,1
2019-10-12,39.99,23.99,16.000000000000004,66.69445602334308,32,36,6.0,38.57630136986302,12.0,1
2019-10-13,39.99,23.99,16.000000000000004,66.69445602334308,33,37,6.0,38.57630136986302,12.0,1
2019-10-14,39.99,23.99,16.000000000000004,66.69445602334308,34,38,6.0,38.57630136986302,12.0,1
2019-10-15,39.99,23.99,16.000000000000004,66.69445602334308,35,39,6.0,38.57630136986302,12.0,1
2019-10-16,39.99,23.99,16.000000000000004,66.69445602334308,36,40,6.0,38.57630136986302,12.0,1
2019-10-17,39.99,23.99,16.000000000000004,66.69445602334308,37,41,6.0,38.57630136986302,12.0,1
2019-10-18,39.99,23.99,16.000000000000004,66.69445602334308,38,42,6.0,38.57630136986302,12.0,1
2019-10-19,39.99,23.99,16.000000000000004,66.69445602334308,39,43,6.0,38.57630136986302,12.0,1
2019-10-20,39.99,23.99,16.000000000000004,66.69445602334308,40,44,6.0,38.57630136986302,12.0,1
2019-10-21,39.99,23.99,16.000000000000004,66.69445602334308,41,45,6.0,38.57630136986302,12.0,1
2019-10-22,39.99,23.99,16.000000000000004,66.69445602334308,42,46,6.0,38.57630136986302,12.0,1
2019-10-23,39.99,23.99,16.000000000000004,66.69445602334308,43,47,6.0,38.57630136986302,12.0,1
2019-10-24,39.99,23.99,16.000000000000004,66.69445602334308,44,48,6.0,38.57630136986302,12.0,1
2019-10-25,39.99,23.99,16.000000000000004,66.69445602334308,45,49,6.0,38.57630136986302,12.0,1
2019-10-26,39.99,23.99,16.000000000000004,66.69445602334308,46,50,6.0,38.57630136986302,12.0,1
2019-10-27,39.99,23.99,16.000000000000004,66.69445602334308,47,51,6.0,38.57630136986302,12.0,1
2019-10-28,39.99,23.99,16.000000000000004,66.69445602334308,48,52,6.0,38.57630136986302,12.0,1
2019-10-29,23.99,23.99,0.0,0.0,0,0,6.0,38.57630136986302,12.0,0
2019-10-30,23.99,23.99,0.0,0.0,1,1,7.0,38.53246575342466,13.0,0
2019-10-31,23.99,23.99,0.0,0.0,2,2,7.0,38.4886301369863,13.0,0
2019-11-01,23.99,23.99,0.0,0.0,3,3,7.0,38.44479452054795,13.0,0
2019-11-02,39.99,23.99,16.000000000000004,66.69445602334308,0,4,7.0,38.400958904109594,13.0,1
2019-11-03,39.99,23.99,16.000000000000004,66.69445602334308,1,5,7.0,38.400958904109594,14.0,1
2019-11-04,39.99,23.99,16.000000000000004,66.69445602334308,2,6,7.0,38.400958904109594,14.0,1
2019-11-05,39.99,23.99,16.000000000000004,66.69445602334308,3,7,7.0,38.400958904109594,14.0,1
2019-11-06,39.99,23.99,16.000000000000004,66.69445602334308,4,8,7.0,38.400958904109594,14.0,1
2019-11-07,39.99,23.99,16.000000000000004,66.69445602334308,5,9,7.0,38.400958904109594,14.0,1
2019-11-08,39.99,23.99,16.000000000000004,66.69445602334308,6,10,7.0,38.400958904109594,14.0,1
2019-11-09,39.99,23.99,16.000000000000004,66.69445602334308,7,11,7.0,38.400958904109594,14.0,1
2019-11-10,39.99,23.99,16.000000000000004,66.69445602334308,8,12,7.0,38.400958904109594,14.0,1
2019-11-11,39.99,23.99,16.000000000000004,66.69445602334308,9,13,7.0,38.400958904109594,14.0,1
2019-11-12,39.99,23.99,16.000000000000004,66.69445602334308,10,14,7.0,38.400958904109594,14.0,1
2019-11-13,39.99,23.99,16.000000000000004,66.69445602334308,11,15,7.0,38.400958904109594,14.0,1
2019-11-14,39.99,23.99,16.000000000000004,66.69445602334308,12,16,7.0,38.400958904109594,14.0,1
2019-11-15,39.99,23.99,16.000000000000004,66.69445602334308,13,17,7.0,38.400958904109594,14.0,1
2019-11-16,39.99,23.99,16.000000000000004,66.69445602334308,14,18,7.0,38.400958904109594,14.0,1
2019-11-17,39.99,23.99,16.000000000000004,66.69445602334308,15,19,7.0,38.400958904109594,14.0,1
2019-11-18,39.99,23.99,16.000000000000004,66.69445602334308,16,20,7.0,38.400958904109594,14.0,1
2019-11-19,39.99,23.99,16.000000000000004,66.69445602334308,17,21,7.0,38.400958904109594,14.0,1
2019-11-20,39.99,23.99,16.000000000000004,66.69445602334308,18,22,7.0,38.400958904109594,14.0,1
2019-11-21,39.99,23.99,16.000000000000004,66.69445602334308,19,23,7.0,38.400958904109594,14.0,1
2019-11-22,39.99,23.99,16.000000000000004,66.69445602334308,20,24,7.0,38.400958904109594,14.0,1
2019-11-23,39.99,23.99,16.000000000000004,66.69445602334308,21,25,7.0,38.400958904109594,14.0,1
2019-11-24,39.99,23.99,16.000000000000004,66.69445602334308,22,26,7.0,38.400958904109594,14.0,1
2019-11-25,39.99,23.99,16.000000000000004,66.69445602334308,23,27,7.0,38.400958904109594,14.0,1
2019-11-26,39.99,23.99,16.000000000000004,66.69445602334308,24,28,7.0,38.400958904109594,14.0,1
2019-11-27,23.99,23.99,0.0,0.0,0,0,7.0,38.400958904109594,14.0,1
2019-11-28,23.99,23.99,0.0,0.0,1,1,8.0,38.357123287671236,15.0,1
2019-11-29,23.99,23.99,0.0,0.0,2,2,8.0,38.31328767123288,15.0,1
2019-11-30,23.99,23.99,0.0,0.0,3,3,8.0,38.26945205479452,15.0,1
2019-12-01,23.99,23.99,0.0,0.0,4,4,8.0,38.22561643835616,15.0,1
2019-12-02,23.99,23.99,0.0,0.0,5,5,8.0,38.18178082191781,15.0,1
2019-12-03,23.99,23.99,0.0,0.0,6,6,8.0,38.137945205479454,15.0,1
2019-12-04,39.99,23.99,16.000000000000004,66.69445602334308,0,7,8.0,38.0941095890411,15.0,1
2019-12-05,39.99,23.99,16.000000000000004,66.69445602334308,1,8,8.0,38.094109589041096,16.0,1
2019-12-06,39.99,23.99,16.000000000000004,66.69445602334308,2,9,8.0,38.094109589041096,16.0,1
2019-12-07,39.99,23.99,16.000000000000004,66.69445602334308,3,10,8.0,38.094109589041096,16.0,1
2019-12-08,39.99,23.99,16.000000000000004,66.69445602334308,4,11,8.0,38.094109589041096,16.0,1
2019-12-09,39.99,23.99,16.000000000000004,66.69445602334308,5,12,8.0,38.094109589041096,16.0,1
2019-12-10,39.99,23.99,16.000000000000004,66.69445602334308,6,13,8.0,38.094109589041096,16.0,1
2019-12-11,39.99,23.99,16.000000000000004,66.69445602334308,7,14,8.0,38.094109589041096,16.0,1
2019-12-12,39.99,23.99,16.000000000000004,66.69445602334308,8,15,8.0,38.0941095890411,16.0,1
2019-12-13,39.99,23.99,16.000000000000004,66.69445602334308,9,16,8.0,38.094109589041096,16.0,1
2019-12-14,39.99,23.99,16.000000000000004,66.69445602334308,10,17,8.0,38.094109589041096,16.0,1
2019-12-15,39.99,23.99,16.000000000000004,66.69445602334308,11,18,8.0,38.094109589041096,16.0,1
2019-12-16,39.99,23.99,16.000000000000004,66.69445602334308,12,19,8.0,38.094109589041096,16.0,1
2019-12-17,39.99,23.99,16.000000000000004,66.69445602334308,13,20,8.0,38.094109589041096,16.0,1
2019-12-18,39.99,23.99,16.000000000000004,66.69445602334308,14,21,8.0,38.094109589041096,16.0,1
2019-12-19,39.99,23.99,16.000000000000004,66.69445602334308,15,22,8.0,38.094109589041096,16.0,1
2019-12-20,19.99,19.99,0.0,0.0,0,0,8.0,38.0941095890411,16.0,0
2019-12-21,19.99,19.99,0.0,0.0,1,1,9.0,38.03931506849315,17.0,0
2019-12-22,19.99,19.99,0.0,0.0,2,2,9.0,37.98452054794521,17.0,0
2019-12-23,19.99,19.99,0.0,0.0,3,3,9.0,37.92972602739726,17.0,0
2019-12-24,19.99,19.99,0.0,0.0,4,4,9.0,37.874931506849315,17.0,0
2019-12-25,19.99,19.99,0.0,0.0,5,5,9.0,37.82013698630137,17.0,0
2019-12-26,19.99,19.99,0.0,0.0,6,6,9.0,37.76534246575343,17.0,0
2019-12-27,19.99,19.99,0.0,0.0,7,7,9.0,37.710547945205484,17.0,0
2019-12-28,19.99,19.99,0.0,0.0,8,8,9.0,37.65575342465753,17.0,0
2019-12-29,19.99,19.99,0.0,0.0,9,9,9.0,37.60095890410959,17.0,0
2019-12-30,19.99,19.99,0.0,0.0,10,10,9.0,37.546164383561646,17.0,0
2019-12-31,19.99,19.99,0.0,0.0,11,11,9.0,37.4913698630137,17.0,0
2020-01-01,19.99,19.99,0.0,0.0,12,12,9.0,37.43657534246575,17.0,0
2020-01-02,19.99,19.99,0.0,0.0,13,13,9.0,37.38178082191781,17.0,0
2020-01-03,39.99,19.99,20.000000000000004,100.05002501250628,0,14,9.0,37.326986301369864,17.0,0
2020-01-04,39.99,19.99,20.000000000000004,100.05002501250628,1,15,9.0,37.326986301369864,18.0,0
2020-01-05,39.99,19.99,20.000000000000004,100.05002501250628,2,16,9.0,37.326986301369864,18.0,0
2020-01-06,39.99,19.99,20.000000000000004,100.05002501250628,3,17,9.0,37.32698630136987,18.0,0
2020-01-07,39.99,19.99,20.000000000000004,100.05002501250628,4,18,9.0,37.326986301369864,18.0,0
2020-01-08,39.99,19.99,20.000000000000004,100.05002501250628,5,19,9.0,37.326986301369864,18.0,0
2020-01-09,39.99,19.99,20.000000000000004,100.05002501250628,6,20,9.0,37.326986301369864,18.0,0
2020-01-10,39.99,19.99,20.000000000000004,100.05002501250628,7,21,9.0,37.326986301369864,18.0,0
2020-01-11,39.99,19.99,20.000000000000004,100.05002501250628,8,22,9.0,37.326986301369864,18.0,0
2020-01-12,39.99,19.99,20.000000000000004,100.05002501250628,9,23,9.0,37.326986301369864,18.0,0
2020-01-13,39.99,19.99,20.000000000000004,100.05002501250628,10,24,9.0,37.326986301369864,18.0,0
2020-01-14,39.99,19.99,20.000000000000004,100.05002501250628,11,25,9.0,37.32698630136987,18.0,0
2020-01-15,39.99,19.99,20.000000000000004,100.05002501250628,12,26,9.0,37.326986301369864,18.0,0
2020-01-16,39.99,19.99,20.000000000000004,100.05002501250628,13,27,9.0,37.326986301369864,18.0,0
2020-01-17,39.99,19.99,20.000000000000004,100.05002501250628,14,28,9.0,37.326986301369864,18.0,0
2020-01-18,39.99,19.99,20.000000000000004,100.05002501250628,15,29,9.0,37.326986301369864,18.0,0
2020-01-19,39.99,19.99,20.000000000000004,100.05002501250628,16,30,9.0,37.326986301369864,18.0,0
2020-01-20,39.99,19.99,20.000000000000004,100.05002501250628,17,31,9.0,37.326986301369864,18.0,0
2020-01-21,39.99,19.99,20.000000000000004,100.05002501250628,18,32,9.0,37.326986301369864,18.0,0
2020-01-22,39.99,19.99,20.000000000000004,100.05002501250628,19,33,9.0,37.326986301369864,18.0,0
2020-01-23,39.99,19.99,20.000000000000004,100.05002501250628,20,34,9.0,37.326986301369864,18.0,0
2020-01-24,39.99,19.99,20.000000000000004,100.05002501250628,21,35,9.0,37.326986301369864,18.0,0
2020-01-25,39.99,19.99,20.000000000000004,100.05002501250628,22,36,9.0,37.326986301369864,18.0,0
2020-01-26,39.99,19.99,20.000000000000004,100.05002501250628,23,37,9.0,37.326986301369864,18.0,0
2020-01-27,39.99,19.99,20.000000000000004,100.05002501250628,24,38,9.0,37.326986301369864,18.0,0
2020-01-28,39.99,19.99,20.000000000000004,100.05002501250628,25,39,9.0,37.326986301369864,18.0,0
2020-01-29,39.99,19.99,20.000000000000004,100.05002501250628,26,40,9.0,37.326986301369864,18.0,0
2020-01-30,39.99,19.99,20.000000000000004,100.05002501250628,27,41,9.0,37.326986301369864,18.0,0
2020-01-31,39.99,19.99,20.000000000000004,100.05002501250628,28,42,9.0,37.326986301369864,18.0,0
2020-02-01,39.99,19.99,20.000000000000004,100.05002501250628,29,43,9.0,37.326986301369864,18.0,0
2020-02-02,39.99,19.99,20.000000000000004,100.05002501250628,30,44,9.0,37.326986301369864,18.0,0
2020-02-03,39.99,19.99,20.000000000000004,100.05002501250628,31,45,9.0,37.326986301369864,18.0,0
2020-02-04,39.99,19.99,20.000000000000004,100.05002501250628,32,46,9.0,37.326986301369864,18.0,0
2020-02-05,39.99,19.99,20.000000000000004,100.05002501250628,33,47,9.0,37.326986301369864,18.0,0
2020-02-06,39.99,19.99,20.000000000000004,100.05002501250628,34,48,8.0,37.354383561643836,17.0,0
2020-02-07,39.99,19.99,20.000000000000004,100.05002501250628,35,49,8.0,37.38178082191781,17.0,0
2020-02-08,39.99,19.99,20.000000000000004,100.05002501250628,36,50,8.0,37.40917808219179,17.0,0
2020-02-09,39.99,19.99,20.000000000000004,100.05002501250628,37,51,8.0,37.43657534246575,17.0,0
2020-02-10,39.99,19.99,20.000000000000004,100.05002501250628,38,52,8.0,37.46397260273973,17.0,0
2020-02-11,39.99,19.99,20.000000000000004,100.05002501250628,39,53,8.0,37.4913698630137,17.0,0
2020-02-12,39.99,19.99,20.000000000000004,100.05002501250628,40,54,8.0,37.518767123287674,17.0,0
2020-02-13,39.99,19.99,20.000000000000004,100.05002501250628,41,55,8.0,37.518767123287674,16.0,0
2020-02-14,39.99,19.99,20.000000000000004,100.05002501250628,42,56,8.0,37.518767123287674,16.0,0
2020-02-15,39.99,19.99,20.000000000000004,100.05002501250628,43,57,8.0,37.518767123287674,16.0,0
2020-02-16,39.99,19.99,20.000000000000004,100.05002501250628,44,58,7.0,37.54616438356165,15.0,0
2020-02-17,39.99,19.99,20.000000000000004,100.05002501250628,45,59,7.0,37.57356164383562,15.0,0
2020-02-18,39.99,19.99,20.000000000000004,100.05002501250628,46,60,7.0,37.60095890410959,15.0,0
2020-02-19,39.99,19.99,20.000000000000004,100.05002501250628,47,61,7.0,37.62835616438356,15.0,0
2020-02-20,39.99,19.99,20.000000000000004,100.05002501250628,48,62,7.0,37.62835616438356,14.0,0
2020-02-21,39.99,19.99,20.000000000000004,100.05002501250628,49,63,7.0,37.62835616438356,14.0,0
2020-02-22,39.99,19.99,20.000000000000004,100.05002501250628,50,64,7.0,37.62835616438356,14.0,0
2020-02-23,39.99,19.99,20.000000000000004,100.05002501250628,51,65,7.0,37.62835616438356,14.0,0
2020-02-24,39.99,19.99,20.000000000000004,100.05002501250628,52,66,7.0,37.62835616438356,14.0,0
2020-02-25,39.99,19.99,20.000000000000004,100.05002501250628,53,67,7.0,37.62835616438356,14.0,0
2020-02-26,39.99,19.99,20.000000000000004,100.05002501250628,54,68,7.0,37.62835616438356,14.0,0
2020-02-27,39.99,19.99,20.000000000000004,100.05002501250628,55,69,7.0,37.62835616438356,14.0,0
2020-02-28,39.99,19.99,20.000000000000004,100.05002501250628,56,70,7.0,37.62835616438356,14.0,0
2020-02-29,39.99,19.99,20.000000000000004,100.05002501250628,57,71,7.0,37.62835616438356,14.0,0
2020-03-01,39.99,19.99,20.000000000000004,100.05002501250628,58,72,7.0,37.62835616438356,14.0,0
2020-03-02,39.99,19.99,20.000000000000004,100.05002501250628,59,73,7.0,37.62835616438356,14.0,0
2020-03-03,39.99,19.99,20.000000000000004,100.05002501250628,60,74,7.0,37.62835616438356,14.0,0
2020-03-04,39.99,19.99,20.000000000000004,100.05002501250628,61,75,7.0,37.62835616438357,14.0,0
2020-03-05,39.99,19.99,20.000000000000004,100.05002501250628,62,76,7.0,37.62835616438356,14.0,0
2020-03-06,39.99,19.99,20.000000000000004,100.05002501250628,63,77,7.0,37.62835616438356,14.0,0
2020-03-07,39.99,19.99,20.000000000000004,100.05002501250628,64,78,7.0,37.62835616438356,14.0,0
2020-03-08,39.99,19.99,20.000000000000004,100.05002501250628,65,79,7.0,37.62835616438356,14.0,0
2020-03-09,39.99,19.99,20.000000000000004,100.05002501250628,66,80,7.0,37.62835616438356,14.0,0
2020-03-10,39.99,19.99,20.000000000000004,100.05002501250628,67,81,7.0,37.62835616438356,14.0,0
2020-03-11,39.99,19.99,20.000000000000004,100.05002501250628,68,82,7.0,37.62835616438356,14.0,0
2020-03-12,39.99,19.99,20.000000000000004,100.05002501250628,69,83,7.0,37.62835616438357,14.0,0
2020-03-13,39.99,19.99,20.000000000000004,100.05002501250628,70,84,7.0,37.62835616438356,14.0,0
2020-03-14,39.99,19.99,20.000000000000004,100.05002501250628,71,85,7.0,37.62835616438356,14.0,0
2020-03-15,39.99,19.99,20.000000000000004,100.05002501250628,72,86,7.0,37.62835616438356,14.0,0
2020-03-16,39.99,19.99,20.000000000000004,100.05002501250628,73,87,7.0,37.62835616438356,14.0,0
2020-03-17,39.99,19.99,20.000000000000004,100.05002501250628,74,88,7.0,37.62835616438356,14.0,0
2020-03-18,39.99,19.99,20.000000000000004,100.05002501250628,75,89,7.0,37.62835616438356,14.0,0
2020-03-19,39.99,19.99,20.000000000000004,100.05002501250628,76,90,7.0,37.62835616438356,14.0,0
2020-03-20,39.99,19.99,20.000000000000004,100.05002501250628,77,91,7.0,37.62835616438357,14.0,0
2020-03-21,39.99,19.99,20.000000000000004,100.05002501250628,78,92,7.0,37.62835616438356,14.0,0
2020-03-22,39.99,19.99,20.000000000000004,100.05002501250628,79,93,7.0,37.62835616438356,14.0,0
2020-03-23,39.99,19.99,20.000000000000004,100.05002501250628,80,94,7.0,37.62835616438356,14.0,0
2020-03-24,39.99,19.99,20.000000000000004,100.05002501250628,81,95,7.0,37.62835616438356,14.0,0
2020-03-25,39.99,19.99,20.000000000000004,100.05002501250628,82,96,7.0,37.62835616438356,14.0,0
2020-03-26,39.99,19.99,20.000000000000004,100.05002501250628,83,97,7.0,37.62835616438356,14.0,0
2020-03-27,39.99,19.99,20.000000000000004,100.05002501250628,84,98,7.0,37.62835616438356,14.0,0
2020-03-28,39.99,19.99,20.000000000000004,100.05002501250628,85,99,7.0,37.62835616438356,14.0,0
2020-03-29,39.99,19.99,20.000000000000004,100.05002501250628,86,100,7.0,37.62835616438356,14.0,0
2020-03-30,39.99,19.99,20.000000000000004,100.05002501250628,87,101,7.0,37.62835616438356,14.0,0
2020-03-31,39.99,19.99,20.000000000000004,100.05002501250628,88,102,7.0,37.62835616438356,14.0,0
2020-04-01,39.99,19.99,20.000000000000004,100.05002501250628,89,103,7.0,37.62835616438356,14.0,0
2020-04-02,39.99,19.99,20.000000000000004,100.05002501250628,90,104,7.0,37.62835616438356,14.0,0
2020-04-03,39.99,19.99,20.000000000000004,100.05002501250628,91,105,7.0,37.62835616438356,14.0,0
2020-04-04,39.99,19.99,20.000000000000004,100.05002501250628,92,106,7.0,37.62835616438356,14.0,0
2020-04-05,39.99,19.99,20.000000000000004,100.05002501250628,93,107,7.0,37.62835616438356,14.0,0
2020-04-06,39.99,19.99,20.000000000000004,100.05002501250628,94,108,7.0,37.62835616438357,14.0,0
2020-04-07,39.99,19.99,20.000000000000004,100.05002501250628,95,109,7.0,37.62835616438356,14.0,0
2020-04-08,39.99,19.99,20.000000000000004,100.05002501250628,96,110,7.0,37.62835616438356,14.0,0
2020-04-09,39.99,19.99,20.000000000000004,100.05002501250628,97,111,7.0,37.62835616438356,14.0,0
2020-04-10,39.99,19.99,20.000000000000004,100.05002501250628,98,112,7.0,37.62835616438356,14.0,0
2020-04-11,39.99,19.99,20.000000000000004,100.05002501250628,99,113,7.0,37.62835616438356,14.0,0
2020-04-12,39.99,19.99,20.000000000000004,100.05002501250628,100,114,7.0,37.62835616438356,14.0,0
2020-04-13,39.99,19.99,20.000000000000004,100.05002501250628,101,115,7.0,37.62835616438356,14.0,0
2020-04-14,39.99,19.99,20.000000000000004,100.05002501250628,102,116,7.0,37.62835616438357,14.0,0
2020-04-15,39.99,19.99,20.000000000000004,100.05002501250628,103,117,7.0,37.62835616438356,14.0,0
2020-04-16,39.99,19.99,20.000000000000004,100.05002501250628,104,118,7.0,37.62835616438356,14.0,0
2020-04-17,39.99,19.99,20.000000000000004,100.05002501250628,105,119,7.0,37.62835616438356,14.0,0
2020-04-18,39.99,19.99,20.000000000000004,100.05002501250628,106,120,7.0,37.62835616438356,14.0,0
2020-04-19,39.99,19.99,20.000000000000004,100.05002501250628,107,121,7.0,37.62835616438356,14.0,0
2020-04-20,39.99,19.99,20.000000000000004,100.05002501250628,108,122,7.0,37.62835616438356,14.0,0
2020-04-21,39.99,19.99,20.000000000000004,100.05002501250628,109,123,7.0,37.62835616438356,14.0,0
2020-04-22,39.99,19.99,20.000000000000004,100.05002501250628,110,124,7.0,37.62835616438357,14.0,0
2020-04-23,39.99,19.99,20.000000000000004,100.05002501250628,111,125,7.0,37.62835616438356,14.0,0
2020-04-24,39.99,19.99,20.000000000000004,100.05002501250628,112,126,7.0,37.62835616438356,14.0,0
2020-04-25,39.99,19.99,20.000000000000004,100.05002501250628,113,127,7.0,37.62835616438356,14.0,0
2020-04-26,39.99,19.99,20.000000000000004,100.05002501250628,114,128,7.0,37.62835616438356,14.0,0
2020-04-27,39.99,19.99,20.000000000000004,100.05002501250628,115,129,7.0,37.62835616438356,14.0,0
2020-04-28,39.99,19.99,20.000000000000004,100.05002501250628,116,130,7.0,37.62835616438356,14.0,0
2020-04-29,39.99,19.99,20.000000000000004,100.05002501250628,117,131,7.0,37.62835616438356,14.0,0
2020-04-30,39.99,19.99,20.000000000000004,100.05002501250628,118,132,6.0,37.65575342465753,13.0,0
2020-05-01,39.99,19.99,20.000000000000004,100.05002501250628,119,133,6.0,37.683150684931505,13.0,0
2020-05-02,39.99,19.99,20.000000000000004,100.05002501250628,120,134,6.0,37.710547945205484,13.0,0
2020-05-03,39.99,19.99,20.000000000000004,100.05002501250628,121,135,6.0,37.737945205479456,13.0,0
2020-05-04,39.99,19.99,20.000000000000004,100.05002501250628,122,136,6.0,37.76534246575343,13.0,0
2020-05-05,39.99,19.99,20.000000000000004,100.05002501250628,123,137,6.0,37.7927397260274,13.0,0
2020-05-06,39.99,19.99,20.000000000000004,100.05002501250628,124,138,6.0,37.82013698630137,13.0,0
2020-05-07,39.99,19.99,20.000000000000004,100.05002501250628,125,139,6.0,37.82013698630137,12.0,0
2020-05-08,39.99,19.99,20.000000000000004,100.05002501250628,126,140,6.0,37.82013698630137,12.0,0
2020-05-09,39.99,19.99,20.000000000000004,100.05002501250628,127,141,6.0,37.82013698630138,12.0,0
2020-05-10,39.99,19.99,20.000000000000004,100.05002501250628,128,142,6.0,37.82013698630137,12.0,0
2020-05-11,39.99,19.99,20.000000000000004,100.05002501250628,129,143,6.0,37.82013698630137,12.0,0
2020-05-12,39.99,19.99,20.000000000000004,100.05002501250628,130,144,6.0,37.82013698630137,12.0,0
2020-05-13,39.99,19.99,20.000000000000004,100.05002501250628,131,145,6.0,37.82013698630137,12.0,0
2020-05-14,39.99,19.99,20.000000000000004,100.05002501250628,132,146,6.0,37.82013698630137,12.0,0
2020-05-15,39.99,19.99,20.000000000000004,100.05002501250628,133,147,6.0,37.82013698630137,12.0,0
2020-05-16,39.99,19.99,20.000000000000004,100.05002501250628,134,148,6.0,37.82013698630137,12.0,0
2020-05-17,39.99,19.99,20.000000000000004,100.05002501250628,135,149,6.0,37.82013698630138,12.0,0
2020-05-18,39.99,19.99,20.000000000000004,100.05002501250628,136,150,6.0,37.82013698630137,12.0,0
2020-05-19,39.99,19.99,20.000000000000004,100.05002501250628,137,151,6.0,37.82013698630137,12.0,0
2020-05-20,39.99,19.99,20.000000000000004,100.05002501250628,138,152,6.0,37.82013698630137,12.0,0
2020-05-21,39.99,19.99,20.000000000000004,100.05002501250628,139,153,6.0,37.82013698630137,12.0,0
2020-05-22,39.99,19.99,20.000000000000004,100.05002501250628,140,154,6.0,37.82013698630137,12.0,0
2020-05-23,39.99,19.99,20.000000000000004,100.05002501250628,141,155,6.0,37.82013698630137,12.0,0
2020-05-24,39.99,19.99,20.000000000000004,100.05002501250628,142,156,6.0,37.82013698630137,12.0,0
2020-05-25,39.99,19.99,20.000000000000004,100.05002501250628,143,157,6.0,37.82013698630138,12.0,0
2020-05-26,39.99,19.99,20.000000000000004,100.05002501250628,144,158,6.0,37.82013698630137,12.0,0
2020-05-27,39.99,19.99,20.000000000000004,100.05002501250628,145,159,6.0,37.82013698630137,12.0,0
2020-05-28,39.99,19.99,20.000000000000004,100.05002501250628,146,160,6.0,37.82013698630137,12.0,0
2020-05-29,39.99,19.99,20.000000000000004,100.05002501250628,147,161,6.0,37.82013698630137,12.0,0
2020-05-30,39.99,19.99,20.000000000000004,100.05002501250628,148,162,6.0,37.82013698630137,12.0,0
2020-05-31,39.99,19.99,20.000000000000004,100.05002501250628,149,163,6.0,37.82013698630137,12.0,0
2020-06-01,39.99,19.99,20.000000000000004,100.05002501250628,150,164,6.0,37.82013698630137,12.0,0
2020-06-02,39.99,19.99,20.000000000000004,100.05002501250628,151,165,6.0,37.82013698630137,12.0,0
2020-06-03,39.99,19.99,20.000000000000004,100.05002501250628,152,166,6.0,37.82013698630138,12.0,0
2020-06-04,39.99,19.99,20.000000000000004,100.05002501250628,153,167,6.0,37.82013698630137,12.0,0
2020-06-05,39.99,19.99,20.000000000000004,100.05002501250628,154,168,6.0,37.82013698630137,12.0,0
2020-06-06,39.99,19.99,20.000000000000004,100.05002501250628,155,169,6.0,37.82013698630137,12.0,0
2020-06-07,39.99,19.99,20.000000000000004,100.05002501250628,156,170,6.0,37.82013698630137,12.0,0
2020-06-08,39.99,19.99,20.000000000000004,100.05002501250628,157,171,6.0,37.82013698630137,12.0,0
2020-06-09,39.99,19.99,20.000000000000004,100.05002501250628,158,172,6.0,37.82013698630137,12.0,0
2020-06-10,39.99,19.99,20.000000000000004,100.05002501250628,159,173,6.0,37.82013698630137,12.0,0
2020-06-11,39.99,19.99,20.000000000000004,100.05002501250628,160,174,6.0,37.82013698630138,12.0,0
2020-06-12,39.99,19.99,20.000000000000004,100.05002501250628,161,175,6.0,37.82013698630137,12.0,0
2020-06-13,39.99,19.99,20.000000000000004,100.05002501250628,162,176,6.0,37.82013698630137,12.0,0
2020-06-14,39.99,19.99,20.000000000000004,100.05002501250628,163,177,5.0,37.853013698630136,11.0,0
2020-06-15,39.99,19.99,20.000000000000004,100.05002501250628,164,178,5.0,37.88589041095891,11.0,0
2020-06-16,39.99,19.99,20.000000000000004,100.05002501250628,165,179,5.0,37.91876712328767,11.0,0
2020-06-17,39.99,19.99,20.000000000000004,100.05002501250628,166,180,5.0,37.95164383561644,11.0,0
2020-06-18,39.99,19.99,20.000000000000004,100.05002501250628,167,181,5.0,37.95164383561644,10.0,0
2020-06-19,39.99,19.99,20.000000000000004,100.05002501250628,168,182,5.0,37.951643835616444,10.0,0
2020-06-20,39.99,19.99,20.000000000000004,100.05002501250628,169,183,5.0,37.95164383561644,10.0,0
2020-06-21,39.99,19.99,20.000000000000004,100.05002501250628,170,184,5.0,37.95164383561644,10.0,0
2020-06-22,39.99,19.99,20.000000000000004,100.05002501250628,171,185,5.0,37.95164383561644,10.0,0
2020-06-23,39.99,19.99,20.000000000000004,100.05002501250628,172,186,5.0,37.95164383561644,10.0,0
2020-06-24,39.99,19.99,20.000000000000004,100.05002501250628,173,187,5.0,37.95164383561644,10.0,0
2020-06-25,39.99,19.99,20.000000000000004,100.05002501250628,174,188,5.0,37.95164383561644,10.0,0
2020-06-26,39.99,19.99,20.000000000000004,100.05002501250628,175,189,4.0,37.995479452054795,9.0,0
2020-06-27,39.99,19.99,20.000000000000004,100.05002501250628,176,190,4.0,38.03931506849316,9.0,0
2020-06-28,39.99,19.99,20.000000000000004,100.05002501250628,177,191,4.0,38.08315068493151,9.0,0
2020-06-29,39.99,19.99,20.000000000000004,100.05002501250628,178,192,4.0,38.12698630136986,9.0,0
2020-06-30,39.99,19.99,20.000000000000004,100.05002501250628,179,193,4.0,38.17082191780822,9.0,0
2020-07-01,39.99,19.99,20.000000000000004,100.05002501250628,180,194,4.0,38.21465753424658,9.0,0
2020-07-02,39.99,19.99,20.000000000000004,100.05002501250628,181,195,4.0,38.258493150684934,9.0,0
2020-07-03,39.99,19.99,20.000000000000004,100.05002501250628,182,196,4.0,38.30232876712329,9.0,0
2020-07-04,39.99,19.99,20.000000000000004,100.05002501250628,183,197,4.0,38.34616438356164,9.0,0
2020-07-05,39.99,19.99,20.000000000000004,100.05002501250628,184,198,4.0,38.39,9.0,0
2020-07-06,39.99,19.99,20.000000000000004,100.05002501250628,185,199,4.0,38.433835616438365,9.0,0
2020-07-07,39.99,19.99,20.000000000000004,100.05002501250628,186,200,4.0,38.477671232876716,9.0,0
2020-07-08,39.99,19.99,20.000000000000004,100.05002501250628,187,201,4.0,38.52150684931507,9.0,0
2020-07-09,39.99,19.99,20.000000000000004,100.05002501250628,188,202,4.0,38.565342465753425,9.0,0
2020-07-10,39.99,19.99,20.000000000000004,100.05002501250628,189,203,4.0,38.565342465753425,8.0,0
2020-07-11,39.99,19.99,20.000000000000004,100.05002501250628,190,204,4.0,38.565342465753425,8.0,0
2020-07-12,39.99,19.99,20.000000000000004,100.05002501250628,191,205,4.0,38.565342465753425,8.0,0
2020-07-13,39.99,19.99,20.000000000000004,100.05002501250628,192,206,4.0,38.565342465753425,8.0,0
2020-07-14,39.99,19.99,20.000000000000004,100.05002501250628,193,207,4.0,38.56534246575343,8.0,0
2020-07-15,39.99,19.99,20.000000000000004,100.05002501250628,194,208,4.0,38.565342465753425,8.0,0
2020-07-16,39.99,19.99,20.000000000000004,100.05002501250628,195,209,4.0,38.565342465753425,8.0,0
2020-07-17,39.99,19.99,20.000000000000004,100.05002501250628,196,210,4.0,38.565342465753425,8.0,0
2020-07-18,39.99,19.99,20.000000000000004,100.05002501250628,197,211,4.0,38.565342465753425,8.0,0
2020-07-19,39.99,19.99,20.000000000000004,100.05002501250628,198,212,4.0,38.565342465753425,8.0,0
2020-07-20,39.99,19.99,20.000000000000004,100.05002501250628,199,213,4.0,38.565342465753425,8.0,0
2020-07-21,39.99,19.99,20.000000000000004,100.05002501250628,200,214,4.0,38.565342465753425,8.0,0
2020-07-22,39.99,19.99,20.000000000000004,100.05002501250628,201,215,4.0,38.56534246575343,8.0,0
2020-07-23,39.99,19.99,20.000000000000004,100.05002501250628,202,216,4.0,38.565342465753425,8.0,0
2020-07-24,39.99,19.99,20.000000000000004,100.05002501250628,203,217,4.0,38.565342465753425,8.0,0
2020-07-25,39.99,19.99,20.000000000000004,100.05002501250628,204,218,4.0,38.565342465753425,8.0,0
2020-07-26,39.99,19.99,20.000000000000004,100.05002501250628,205,219,4.0,38.565342465753425,8.0,0
2020-07-27,39.99,19.99,20.000000000000004,100.05002501250628,206,220,4.0,38.565342465753425,8.0,0
2020-07-28,39.99,19.99,20.000000000000004,100.05002501250628,207,221,4.0,38.565342465753425,8.0,0
2020-07-29,39.99,19.99,20.000000000000004,100.05002501250628,208,222,4.0,38.565342465753425,8.0,0
2020-07-30,39.99,19.99,20.000000000000004,100.05002501250628,209,223,4.0,38.56534246575343,8.0,0
2020-07-31,39.99,19.99,20.000000000000004,100.05002501250628,210,224,4.0,38.56534246575343,8.0,0
2020-08-01,39.99,19.99,20.000000000000004,100.05002501250628,211,225,4.0,38.565342465753425,8.0,0
2020-08-02,39.99,19.99,20.000000000000004,100.05002501250628,212,226,4.0,38.565342465753425,8.0,0
2020-08-03,39.99,19.99,20.000000000000004,100.05002501250628,213,227,4.0,38.565342465753425,8.0,0
2020-08-04,39.99,19.99,20.000000000000004,100.05002501250628,214,228,4.0,38.565342465753425,8.0,0
2020-08-05,39.99,19.99,20.000000000000004,100.05002501250628,215,229,4.0,38.565342465753425,8.0,0
2020-08-06,39.99,19.99,20.000000000000004,100.05002501250628,216,230,4.0,38.565342465753425,8.0,0
2020-08-07,39.99,19.99,20.000000000000004,100.05002501250628,217,231,4.0,38.565342465753425,8.0,0
2020-08-08,39.99,19.99,20.000000000000004,100.05002501250628,218,232,4.0,38.56534246575343,8.0,0
2020-08-09,39.99,19.99,20.000000000000004,100.05002501250628,219,233,4.0,38.565342465753425,8.0,0
2020-08-10,39.99,19.99,20.000000000000004,100.05002501250628,220,234,4.0,38.565342465753425,8.0,0
2020-08-11,39.99,19.99,20.000000000000004,100.05002501250628,221,235,4.0,38.565342465753425,8.0,0
2020-08-12,39.99,19.99,20.000000000000004,100.05002501250628,222,236,4.0,38.565342465753425,8.0,0
2020-08-13,39.99,19.99,20.000000000000004,100.05002501250628,223,237,4.0,38.565342465753425,8.0,0
2020-08-14,39.99,19.99,20.000000000000004,100.05002501250628,224,238,4.0,38.565342465753425,8.0,0
2020-08-15,39.99,19.99,20.000000000000004,100.05002501250628,225,239,4.0,38.565342465753425,8.0,0
2020-08-16,39.99,19.99,20.000000000000004,100.05002501250628,226,240,4.0,38.56534246575343,8.0,0
2020-08-17,39.99,19.99,20.000000000000004,100.05002501250628,227,241,4.0,38.565342465753425,8.0,0
2020-08-18,39.99,19.99,20.000000000000004,100.05002501250628,228,242,4.0,38.565342465753425,8.0,0
2020-08-19,39.99,19.99,20.000000000000004,100.05002501250628,229,243,4.0,38.565342465753425,8.0,0
2020-08-20,39.99,19.99,20.000000000000004,100.05002501250628,230,244,4.0,38.565342465753425,8.0,0
2020-08-21,39.99,19.99,20.000000000000004,100.05002501250628,231,245,4.0,38.565342465753425,8.0,0
2020-08-22,39.99,19.99,20.000000000000004,100.05002501250628,232,246,4.0,38.565342465753425,8.0,0
2020-08-23,39.99,19.99,20.000000000000004,100.05002501250628,233,247,4.0,38.565342465753425,8.0,0
2020-08-24,39.99,19.99,20.000000000000004,100.05002501250628,234,248,4.0,38.56534246575343,8.0,0
2020-08-25,39.99,19.99,20.000000000000004,100.05002501250628,235,249,4.0,38.565342465753425,8.0,0
2020-08-26,39.99,19.99,20.000000000000004,100.05002501250628,236,250,4.0,38.565342465753425,8.0,0
2020-08-27,39.99,19.99,20.000000000000004,100.05002501250628,237,251,4.0,38.565342465753425,8.0,0
2020-08-28,39.99,19.99,20.000000000000004,100.05002501250628,238,252,4.0,38.565342465753425,8.0,0
2020-08-29,39.99,19.99,20.000000000000004,100.05002501250628,239,253,4.0,38.565342465753425,8.0,0
2020-08-30,39.99,19.99,20.000000000000004,100.05002501250628,240,254,4.0,38.565342465753425,8.0,0
2020-08-31,39.99,19.99,20.000000000000004,100.05002501250628,241,255,4.0,38.565342465753425,8.0,0
2020-09-01,39.99,19.99,20.000000000000004,100.05002501250628,242,256,4.0,38.56534246575343,8.0,0
2020-09-02,39.99,19.99,20.000000000000004,100.05002501250628,243,257,4.0,38.56534246575343,8.0,0
2020-09-03,39.99,19.99,20.000000000000004,100.05002501250628,244,258,4.0,38.565342465753425,8.0,0
2020-09-04,39.99,19.99,20.000000000000004,100.05002501250628,245,259,4.0,38.565342465753425,8.0,0
2020-09-05,39.99,19.99,20.000000000000004,100.05002501250628,246,260,4.0,38.565342465753425,8.0,0
2020-09-06,39.99,19.99,20.000000000000004,100.05002501250628,247,261,3.0,38.60917808219178,7.0,0
2020-09-07,39.99,19.99,20.000000000000004,100.05002501250628,248,262,3.0,38.65301369863014,7.0,0
2020-09-08,39.99,19.99,20.000000000000004,100.05002501250628,249,263,3.0,38.69684931506849,7.0,0
2020-09-09,39.99,19.99,20.000000000000004,100.05002501250628,250,264,3.0,38.74068493150685,7.0,0
2020-09-10,39.99,19.99,20.000000000000004,100.05002501250628,251,265,3.0,38.740684931506856,6.0,0
2020-09-11,39.99,19.99,20.000000000000004,100.05002501250628,252,266,3.0,38.74068493150685,6.0,0
2020-09-12,39.99,19.99,20.000000000000004,100.05002501250628,253,267,3.0,38.74068493150685,6.0,0
2020-09-13,39.99,19.99,20.000000000000004,100.05002501250628,254,268,3.0,38.74068493150685,6.0,0
2020-09-14,39.99,19.99,20.000000000000004,100.05002501250628,255,269,3.0,38.74068493150685,6.0,0
2020-09-15,39.99,19.99,20.000000000000004,100.05002501250628,256,270,3.0,38.74068493150685,6.0,0
2020-09-16,39.99,19.99,20.000000000000004,100.05002501250628,257,271,3.0,38.74068493150685,6.0,0
2020-09-17,39.99,19.99,20.000000000000004,100.05002501250628,258,272,3.0,38.74068493150685,6.0,0
2020-09-18,39.99,19.99,20.000000000000004,100.05002501250628,259,273,3.0,38.740684931506856,6.0,0
2020-09-19,39.99,19.99,20.000000000000004,100.05002501250628,260,274,3.0,38.74068493150685,6.0,0
2020-09-20,39.99,19.99,20.000000000000004,100.05002501250628,261,275,3.0,38.74068493150685,6.0,0
2020-09-21,39.99,19.99,20.000000000000004,100.05002501250628,262,276,3.0,38.74068493150685,6.0,0
2020-09-22,39.99,19.99,20.000000000000004,100.05002501250628,263,277,3.0,38.74068493150685,6.0,0
2020-09-23,39.99,19.99,20.000000000000004,100.05002501250628,264,278,3.0,38.74068493150685,6.0,0
2020-09-24,39.99,19.99,20.000000000000004,100.05002501250628,265,279,3.0,38.74068493150685,6.0,0
2020-09-25,39.99,19.99,20.000000000000004,100.05002501250628,266,280,3.0,38.74068493150685,6.0,0
2020-09-26,39.99,19.99,20.000000000000004,100.05002501250628,267,281,3.0,38.740684931506856,6.0,0
2020-09-27,39.99,19.99,20.000000000000004,100.05002501250628,268,282,3.0,38.74068493150685,6.0,0
2020-09-28,39.99,19.99,20.000000000000004,100.05002501250628,269,283,3.0,38.74068493150685,6.0,0
2020-09-29,39.99,19.99,20.000000000000004,100.05002501250628,270,284,3.0,38.74068493150685,6.0,0
2020-09-30,39.99,19.99,20.000000000000004,100.05002501250628,271,285,3.0,38.74068493150685,6.0,0
2020-10-01,39.99,19.99,20.000000000000004,100.05002501250628,272,286,3.0,38.74068493150685,6.0,0
2020-10-02,39.99,19.99,20.000000000000004,100.05002501250628,273,287,3.0,38.74068493150685,6.0,0
2020-10-03,39.99,19.99,20.000000000000004,100.05002501250628,274,288,3.0,38.74068493150685,6.0,0
2020-10-04,39.99,19.99,20.000000000000004,100.05002501250628,275,289,3.0,38.74068493150685,6.0,0
2020-10-05,39.99,19.99,20.000000000000004,100.05002501250628,276,290,3.0,38.740684931506856,6.0,0
2020-10-06,39.99,19.99,20.000000000000004,100.05002501250628,277,291,3.0,38.74068493150685,6.0,0
2020-10-07,39.99,19.99,20.000000000000004,100.05002501250628,278,292,3.0,38.74068493150685,6.0,0
2020-10-08,39.99,19.99,20.000000000000004,100.05002501250628,279,293,3.0,38.74068493150685,6.0,0
2020-10-09,39.99,19.99,20.000000000000004,100.05002501250628,280,294,3.0,38.74068493150685,6.0,0
2020-10-10,39.99,19.99,20.000000000000004,100.05002501250628,281,295,3.0,38.74068493150685,6.0,0
2020-10-11,39.99,19.99,20.000000000000004,100.05002501250628,282,296,3.0,38.74068493150685,6.0,0
2020-10-12,39.99,19.99,20.000000000000004,100.05002501250628,283,297,3.0,38.74068493150685,6.0,0
2020-10-13,39.99,19.99,20.000000000000004,100.05002501250628,284,298,3.0,38.740684931506856,6.0,0
2020-10-14,39.99,19.99,20.000000000000004,100.05002501250628,285,299,3.0,38.74068493150685,6.0,0
2020-10-15,39.99,19.99,20.000000000000004,100.05002501250628,286,300,3.0,38.74068493150685,6.0,0
2020-10-16,39.99,19.99,20.000000000000004,100.05002501250628,287,301,3.0,38.74068493150685,6.0,0
2020-10-17,39.99,19.99,20.000000000000004,100.05002501250628,288,302,3.0,38.74068493150685,6.0,0
2020-10-18,39.99,19.99,20.000000000000004,100.05002501250628,289,303,3.0,38.74068493150685,6.0,0
2020-10-19,39.99,19.99,20.000000000000004,100.05002501250628,290,304,3.0,38.74068493150685,6.0,0
2020-10-20,39.99,19.99,20.000000000000004,100.05002501250628,291,305,3.0,38.74068493150685,6.0,0
2020-10-21,39.99,19.99,20.000000000000004,100.05002501250628,292,306,3.0,38.740684931506856,6.0,0
2020-10-22,39.99,19.99,20.000000000000004,100.05002501250628,293,307,3.0,38.74068493150685,6.0,0
2020-10-23,39.99,19.99,20.000000000000004,100.05002501250628,294,308,3.0,38.74068493150685,6.0,0
2020-10-24,39.99,19.99,20.000000000000004,100.05002501250628,295,309,3.0,38.74068493150685,6.0,0
2020-10-25,39.99,19.99,20.000000000000004,100.05002501250628,296,310,3.0,38.74068493150685,6.0,0
2020-10-26,39.99,19.99,20.000000000000004,100.05002501250628,297,311,3.0,38.74068493150685,6.0,0
2020-10-27,39.99,19.99,20.000000000000004,100.05002501250628,298,312,3.0,38.74068493150685,6.0,0
2020-10-28,39.99,19.99,20.000000000000004,100.05002501250628,299,313,3.0,38.74068493150685,6.0,0
2020-10-29,39.99,19.99,20.000000000000004,100.05002501250628,300,314,2.0,38.78452054794521,5.0,0
2020-10-30,39.99,19.99,20.000000000000004,100.05002501250628,301,315,2.0,38.82835616438357,5.0,0
2020-10-31,39.99,19.99,20.000000000000004,100.05002501250628,302,316,2.0,38.87219178082192,5.0,0
2020-11-01,39.99,19.99,20.000000000000004,100.05002501250628,303,317,2.0,38.91602739726027,5.0,0
2020-11-02,39.99,19.99,20.000000000000004,100.05002501250628,304,318,2.0,38.91602739726027,4.0,0
2020-11-03,39.99,19.99,20.000000000000004,100.05002501250628,305,319,2.0,38.91602739726027,4.0,0
2020-11-04,39.99,19.99,20.000000000000004,100.05002501250628,306,320,2.0,38.91602739726027,4.0,0
2020-11-05,39.99,19.99,20.000000000000004,100.05002501250628,307,321,2.0,38.91602739726027,4.0,0
2020-11-06,39.99,19.99,20.000000000000004,100.05002501250628,308,322,2.0,38.91602739726027,4.0,0
2020-11-07,39.99,19.99,20.000000000000004,100.05002501250628,309,323,2.0,38.91602739726028,4.0,0
2020-11-08,39.99,19.99,20.000000000000004,100.05002501250628,310,324,2.0,38.91602739726027,4.0,0
2020-11-09,39.99,19.99,20.000000000000004,100.05002501250628,311,325,2.0,38.91602739726027,4.0,0
2020-11-10,39.99,19.99,20.000000000000004,100.05002501250628,312,326,2.0,38.91602739726027,4.0,0
2020-11-11,39.99,19.99,20.000000000000004,100.05002501250628,313,327,2.0,38.91602739726027,4.0,0
2020-11-12,39.99,19.99,20.000000000000004,100.05002501250628,314,328,2.0,38.91602739726027,4.0,0
2020-11-13,39.99,19.99,20.000000000000004,100.05002501250628,315,329,2.0,38.91602739726027,4.0,0
2020-11-14,39.99,19.99,20.000000000000004,100.05002501250628,316,330,2.0,38.91602739726027,4.0,0
2020-11-15,39.99,19.99,20.000000000000004,100.05002501250628,317,331,2.0,38.91602739726028,4.0,0
2020-11-16,39.99,19.99,20.000000000000004,100.05002501250628,318,332,2.0,38.91602739726027,4.0,0
2020-11-17,39.99,19.99,20.000000000000004,100.05002501250628,319,333,2.0,38.91602739726027,4.0,0
2020-11-18,39.99,19.99,20.000000000000004,100.05002501250628,320,334,2.0,38.91602739726027,4.0,0
2020-11-19,39.99,19.99,20.000000000000004,100.05002501250628,321,335,2.0,38.91602739726027,4.0,0
2020-11-20,39.99,19.99,20.000000000000004,100.05002501250628,322,336,2.0,38.91602739726027,4.0,0
2020-11-21,39.99,19.99,20.000000000000004,100.05002501250628,323,337,2.0,38.91602739726027,4.0,0
2020-11-22,39.99,19.99,20.000000000000004,100.05002501250628,324,338,2.0,38.91602739726027,4.0,0
2020-11-23,39.99,19.99,20.000000000000004,100.05002501250628,325,339,2.0,38.91602739726028,4.0,0
2020-11-24,39.99,19.99,20.000000000000004,100.05002501250628,326,340,2.0,38.91602739726027,4.0,0
2020-11-25,39.99,19.99,20.000000000000004,100.05002501250628,327,341,2.0,38.91602739726027,4.0,0
2020-11-26,39.99,19.99,20.000000000000004,100.05002501250628,328,342,2.0,38.91602739726027,4.0,0
2020-11-27,39.99,19.99,20.000000000000004,100.05002501250628,329,343,1.0,38.95986301369863,3.0,0
2020-11-28,39.99,19.99,20.000000000000004,100.05002501250628,330,344,1.0,39.00369863013699,3.0,0
2020-11-29,39.99,19.99,20.000000000000004,100.05002501250628,331,345,1.0,39.047534246575346,3.0,0
2020-11-30,39.99,19.99,20.000000000000004,100.05002501250628,332,346,1.0,39.091369863013696,3.0,0
2020-12-01,39.99,19.99,20.000000000000004,100.05002501250628,333,347,1.0,39.13520547945206,3.0,0
2020-12-02,39.99,19.99,20.000000000000004,100.05002501250628,334,348,1.0,39.17904109589042,3.0,0
2020-12-03,39.99,19.99,20.000000000000004,100.05002501250628,335,349,1.0,39.22287671232877,3.0,0
2020-12-04,39.99,19.99,20.000000000000004,100.05002501250628,336,350,1.0,39.22287671232877,2.0,0
2020-12-05,39.99,19.99,20.000000000000004,100.05002501250628,337,351,1.0,39.22287671232877,2.0,0
2020-12-06,39.99,19.99,20.000000000000004,100.05002501250628,338,352,1.0,39.22287671232877,2.0,0
2020-12-07,39.99,19.99,20.000000000000004,100.05002501250628,339,353,1.0,39.22287671232877,2.0,0
2020-12-08,39.99,19.99,20.000000000000004,100.05002501250628,340,354,1.0,39.22287671232877,2.0,0
2020-12-09,39.99,19.99,20.000000000000004,100.05002501250628,341,355,1.0,39.22287671232877,2.0,0
2020-12-10,39.99,19.99,20.000000000000004,100.05002501250628,342,356,1.0,39.22287671232877,2.0,0
2020-12-11,39.99,19.99,20.000000000000004,100.05002501250628,343,357,1.0,39.22287671232877,2.0,0
2020-12-12,39.99,19.99,20.000000000000004,100.05002501250628,344,358,1.0,39.22287671232877,2.0,0
2020-12-13,39.99,19.99,20.000000000000004,100.05002501250628,345,359,1.0,39.22287671232877,2.0,0
2020-12-14,39.99,19.99,20.000000000000004,100.05002501250628,346,360,1.0,39.22287671232877,2.0,0
2020-12-15,39.99,19.99,20.000000000000004,100.05002501250628,347,361,1.0,39.22287671232877,2.0,0
2020-12-16,39.99,19.99,20.000000000000004,100.05002501250628,348,362,1.0,39.22287671232877,2.0,0
2020-12-17,39.99,19.99,20.000000000000004,100.05002501250628,349,363,1.0,39.22287671232877,2.0,0
2020-12-18,39.99,19.99,20.000000000000004,100.05002501250628,350,364,1.0,39.22287671232877,2.0,0
2020-12-19,39.99,19.99,20.000000000000004,100.05002501250628,351,365,1.0,39.22287671232877,2.0,0
2020-12-20,39.99,19.99,20.000000000000004,100.05002501250628,352,366,0.0,39.27767123287671,1.0,0
2020-12-21,39.99,19.99,20.000000000000004,100.05002501250628,353,367,0.0,39.33246575342466,1.0,0
2020-12-22,39.99,19.99,20.000000000000004,100.05002501250628,354,368,0.0,39.3872602739726,1.0,0
2020-12-23,39.99,19.99,20.000000000000004,100.05002501250628,355,369,0.0,39.44205479452055,1.0,0
2020-12-24,39.99,19.99,20.000000000000004,100.05002501250628,356,370,0.0,39.496849315068495,1.0,0
2020-12-25,39.99,19.99,20.000000000000004,100.05002501250628,357,371,0.0,39.55164383561644,1.0,0
2020-12-26,39.99,19.99,20.000000000000004,100.05002501250628,358,372,0.0,39.60643835616439,1.0,0
2020-12-27,39.99,19.99,20.000000000000004,100.05002501250628,359,373,0.0,39.66123287671233,1.0,0
2020-12-28,39.99,19.99,20.000000000000004,100.05002501250628,360,374,0.0,39.71602739726028,1.0,0
2020-12-29,39.99,19.99,20.000000000000004,100.05002501250628,361,375,0.0,39.77082191780822,1.0,0
2020-12-30,39.99,19.99,20.000000000000004,100.05002501250628,362,376,0.0,39.825616438356164,1.0,0
2020-12-31,39.99,19.99,20.000000000000004,100.05002501250628,363,377,0.0,39.88041095890411,1.0,0
2021-01-01,39.99,19.99,20.000000000000004,100.05002501250628,364,378,0.0,39.93520547945206,1.0,0
2021-01-02,39.99,19.99,20.000000000000004,100.05002501250628,365,379,0.0,39.99,1.0,0
2021-01-03,39.99,19.99,20.000000000000004,100.05002501250628,366,380,0.0,39.99,0.0,0
2021-01-04,39.99,19.99,20.000000000000004,100.05002501250628,367,381,0.0,39.99,0.0,0
2021-01-05,39.99,19.99,20.000000000000004,100.05002501250628,368,382,0.0,39.99,0.0,0
2021-01-06,39.99,19.99,20.000000000000004,100.05002501250628,369,383,0.0,39.99,0.0,0
2021-01-07,39.99,19.99,20.000000000000004,100.05002501250628,370,384,0.0,39.99,0.0,0
2021-01-08,39.99,19.99,20.000000000000004,100.05002501250628,371,385,0.0,39.99,0.0,0
2021-01-09,39.99,19.99,20.000000000000004,100.05002501250628,372,386,0.0,39.99,0.0,0
2021-01-10,39.99,19.99,20.000000000000004,100.05002501250628,373,387,0.0,39.99,0.0,0
2021-01-11,39.99,19.99,20.000000000000004,100.05002501250628,374,388,0.0,39.99,0.0,0
2021-01-12,39.99,19.99,20.000000000000004,100.05002501250628,375,389,0.0,39.99,0.0,0
2021-01-13,39.99,19.99,20.000000000000004,100.05002501250628,376,390,0.0,39.99,0.0,0
2021-01-14,39.99,19.99,20.000000000000004,100.05002501250628,377,391,0.0,39.99,0.0,0
2021-01-15,39.99,19.99,20.000000000000004,100.05002501250628,378,392,0.0,39.99,0.0,0
2021-01-16,39.99,19.99,20.000000000000004,100.05002501250628,379,393,0.0,39.99,0.0,0
2021-01-17,39.99,19.99,20.000000000000004,100.05002501250628,380,394,0.0,39.99,0.0,0
2021-01-18,39.99,19.99,20.000000000000004,100.05002501250628,381,395,0.0,39.99,0.0,0
2021-01-19,39.99,19.99,20.000000000000004,100.05002501250628,382,396,0.0,39.99,0.0,0
2021-01-20,39.99,19.99,20.000000000000004,100.05002501250628,383,397,0.0,39.99,0.0,0
2021-01-21,39.99,19.99,20.000000000000004,100.05002501250628,384,398,0.0,39.99,0.0,0
2021-01-22,39.99,19.99,20.000000000000004,100.05002501250628,385,399,0.0,39.99,0.0,0
2021-01-23,39.99,19.99,20.000000000000004,100.05002501250628,386,400,0.0,39.99,0.0,0
2021-01-24,39.99,19.99,20.000000000000004,100.05002501250628,387,401,0.0,39.99,0.0,0
2021-01-25,39.99,19.99,20.000000000000004,100.05002501250628,388,402,0.0,39.99,0.0,0
2021-01-26,39.99,19.99,20.000000000000004,100.05002501250628,389,403,0.0,39.99,0.0,0
2021-01-27,39.99,19.99,20.000000000000004,100.05002501250628,390,404,0.0,39.99,0.0,0
2021-01-28,39.99,19.99,20.000000000000004,100.05002501250628,391,405,0.0,39.99,0.0,0
2021-01-29,39.99,19.99,20.000000000000004,100.05002501250628,392,406,0.0,39.99,0.0,0
2021-01-30,39.99,19.99,20.000000000000004,100.05002501250628,393,407,0.0,39.99,0.0,0
2021-01-31,39.99,19.99,20.000000000000004,100.05002501250628,394,408,0.0,39.99,0.0,0
2021-02-01,39.99,19.99,20.000000000000004,100.05002501250628,395,409,0.0,39.99,0.0,0
2021-02-02,39.99,19.99,20.000000000000004,100.05002501250628,396,410,0.0,39.99,0.0,0
2021-02-03,39.99,19.99,20.000000000000004,100.05002501250628,397,411,0.0,39.99,0.0,0
2021-02-04,39.99,19.99,20.000000000000004,100.05002501250628,398,412,0.0,39.99,0.0,0
2021-02-05,39.99,19.99,20.000000000000004,100.05002501250628,399,413,0.0,39.99,0.0,0
2021-02-06,39.99,19.99,20.000000000000004,100.05002501250628,400,414,0.0,39.99,0.0,0
2021-02-07,39.99,19.99,20.000000000000004,100.05002501250628,401,415,0.0,39.99,0.0,0
2021-02-08,39.99,19.99,20.000000000000004,100.05002501250628,402,416,0.0,39.99,0.0,0
2021-02-09,39.99,19.99,20.000000000000004,100.05002501250628,403,417,0.0,39.99,0.0,0
2021-02-10,39.99,19.99,20.000000000000004,100.05002501250628,404,418,0.0,39.99,0.0,0
2021-02-11,39.99,19.99,20.000000000000004,100.05002501250628,405,419,0.0,39.99,0.0,0
2021-02-12,39.99,19.99,20.000000000000004,100.05002501250628,406,420,0.0,39.99,0.0,0
2021-02-13,39.99,19.99,20.000000000000004,100.05002501250628,407,421,0.0,39.99,0.0,0
2021-02-14,39.99,19.99,20.000000000000004,100.05002501250628,408,422,0.0,39.99,0.0,0
2021-02-15,39.99,19.99,20.000000000000004,100.05002501250628,409,423,0.0,39.99,0.0,0
2021-02-16,39.99,19.99,20.000000000000004,100.05002501250628,410,424,0.0,39.99,0.0,0
2021-02-17,39.99,19.99,20.000000000000004,100.05002501250628,411,425,0.0,39.99,0.0,0
2021-02-18,39.99,19.99,20.000000000000004,100.05002501250628,412,426,0.0,39.99,0.0,0
2021-02-19,39.99,19.99,20.000000000000004,100.05002501250628,413,427,0.0,39.99,0.0,0
2021-02-20,39.99,19.99,20.000000000000004,100.05002501250628,414,428,0.0,39.99,0.0,0
2021-02-21,39.99,19.99,20.000000000000004,100.05002501250628,415,429,0.0,39.99,0.0,0
2021-02-22,39.99,19.99,20.000000000000004,100.05002501250628,416,430,0.0,39.99,0.0,0
2021-02-23,39.99,19.99,20.000000000000004,100.05002501250628,417,431,0.0,39.99,0.0,0
2021-02-24,39.99,19.99,20.000000000000004,100.05002501250628,418,432,0.0,39.99,0.0,0
2021-02-25,39.99,19.99,20.000000000000004,100.05002501250628,419,433,0.0,39.99,0.0,0
2021-02-26,39.99,19.99,20.000000000000004,100.05002501250628,420,434,0.0,39.99,0.0,0
2021-02-27,39.99,19.99,20.000000000000004,100.05002501250628,421,435,0.0,39.99,0.0,0
2021-02-28,39.99,19.99,20.000000000000004,100.05002501250628,422,436,0.0,39.99,0.0,0
2021-03-01,39.99,19.99,20.000000000000004,100.05002501250628,423,437,0.0,39.99,0.0,0
2021-03-02,39.99,19.99,20.000000000000004,100.05002501250628,424,438,0.0,39.99,0.0,0
2021-03-03,39.99,19.99,20.000000000000004,100.05002501250628,425,439,0.0,39.99,0.0,0
2021-03-04,39.99,19.99,20.000000000000004,100.05002501250628,426,440,0.0,39.99,0.0,0
2021-03-05,39.99,19.99,20.000000000000004,100.05002501250628,427,441,0.0,39.99,0.0,0
2021-03-06,39.99,19.99,20.000000000000004,100.05002501250628,428,442,0.0,39.99,0.0,0
2021-03-07,39.99,19.99,20.000000000000004,100.05002501250628,429,443,0.0,39.99,0.0,0
2021-03-08,39.99,19.99,20.000000000000004,100.05002501250628,430,444,0.0,39.99,0.0,0
2021-03-09,39.99,19.99,20.000000000000004,100.05002501250628,431,445,0.0,39.99,0.0,0
2021-03-10,39.99,19.99,20.000000000000004,100.05002501250628,432,446,0.0,39.99,0.0,0
2021-03-11,39.99,19.99,20.000000000000004,100.05002501250628,433,447,0.0,39.99,0.0,0
2021-03-12,39.99,19.99,20.000000000000004,100.05002501250628,434,448,0.0,39.99,0.0,0
2021-03-13,39.99,19.99,20.000000000000004,100.05002501250628,435,449,0.0,39.99,0.0,0
2021-03-14,39.99,19.99,20.000000000000004,100.05002501250628,436,450,0.0,39.99,0.0,0
2021-03-15,39.99,19.99,20.000000000000004,100.05002501250628,437,451,0.0,39.99,0.0,0
2021-03-16,39.99,19.99,20.000000000000004,100.05002501250628,438,452,0.0,39.99,0.0,0
2021-03-17,39.99,19.99,20.000000000000004,100.05002501250628,439,453,0.0,39.99,0.0,0
2021-03-18,39.99,19.99,20.000000000000004,100.05002501250628,440,454,0.0,39.99,0.0,0
2021-03-19,39.99,19.99,20.000000000000004,100.05002501250628,441,455,0.0,39.99,0.0,0
2021-03-20,39.99,19.99,20.000000000000004,100.05002501250628,442,456,0.0,39.99,0.0,0
2021-03-21,39.99,19.99,20.000000000000004,100.05002501250628,443,457,0.0,39.99,0.0,0
2021-03-22,39.99,19.99,20.000000000000004,100.05002501250628,444,458,0.0,39.99,0.0,0
2021-03-23,39.99,19.99,20.000000000000004,100.05002501250628,445,459,0.0,39.99,0.0,0
2021-03-24,39.99,19.99,20.000000000000004,100.05002501250628,446,460,0.0,39.99,0.0,0
2021-03-25,39.99,19.99,20.000000000000004,100.05002501250628,447,461,0.0,39.99,0.0,0
2021-03-26,39.99,19.99,20.000000000000004,100.05002501250628,448,462,0.0,39.99,0.0,0
2021-03-27,39.99,19.99,20.000000000000004,100.05002501250628,449,463,0.0,39.99,0.0,0
2021-03-28,39.99,19.99,20.000000000000004,100.05002501250628,450,464,0.0,39.99,0.0,0
2021-03-29,39.99,19.99,20.000000000000004,100.05002501250628,451,465,0.0,39.99,0.0,0
2021-03-30,39.99,19.99,20.000000000000004,100.05002501250628,452,466,0.0,39.99,0.0,0
2021-03-31,39.99,19.99,20.000000000000004,100.05002501250628,453,467,0.0,39.99,0.0,0
2021-04-01,39.99,19.99,20.000000000000004,100.05002501250628,454,468,0.0,39.99,0.0,0
2021-04-02,39.99,19.99,20.000000000000004,100.05002501250628,455,469,0.0,39.99,0.0,0
2021-04-03,39.99,19.99,20.000000000000004,100.05002501250628,456,470,0.0,39.99,0.0,0
2021-04-04,39.99,19.99,20.000000000000004,100.05002501250628,457,471,0.0,39.99,0.0,0
2021-04-05,39.99,19.99,20.000000000000004,100.05002501250628,458,472,0.0,39.99,0.0,0
2021-04-06,39.99,19.99,20.000000000000004,100.05002501250628,459,473,0.0,39.99,0.0,0
2021-04-07,39.99,19.99,20.000000000000004,100.05002501250628,460,474,0.0,39.99,0.0,0
2021-04-08,39.99,19.99,20.000000000000004,100.05002501250628,461,475,0.0,39.99,0.0,0
2021-04-09,39.99,19.99,20.000000000000004,100.05002501250628,462,476,0.0,39.99,0.0,0
2021-04-10,39.99,19.99,20.000000000000004,100.05002501250628,463,477,0.0,39.99,0.0,0
2021-04-11,39.99,19.99,20.000000000000004,100.05002501250628,464,478,0.0,39.99,0.0,0
2021-04-12,39.99,19.99,20.000000000000004,100.05002501250628,465,479,0.0,39.99,0.0,0
2021-04-13,39.99,19.99,20.000000000000004,100.05002501250628,466,480,0.0,39.99,0.0,0
2021-04-14,39.99,19.99,20.000000000000004,100.05002501250628,467,481,0.0,39.99,0.0,0
2021-04-15,39.99,19.99,20.000000000000004,100.05002501250628,468,482,0.0,39.99,0.0,0
2021-04-16,39.99,19.99,20.000000000000004,100.05002501250628,469,483,0.0,39.99,0.0,0
2021-04-17,39.99,19.99,20.000000000000004,100.05002501250628,470,484,0.0,39.99,0.0,0
2021-04-18,39.99,19.99,20.000000000000004,100.05002501250628,471,485,0.0,39.99,0.0,0
2021-04-19,39.99,19.99,20.000000000000004,100.05002501250628,472,486,0.0,39.99,0.0,0
2021-04-20,39.99,19.99,20.000000000000004,100.05002501250628,473,487,0.0,39.99,0.0,0
2021-04-21,39.99,19.99,20.000000000000004,100.05002501250628,474,488,0.0,39.99,0.0,0
2021-04-22,39.99,19.99,20.000000000000004,100.05002501250628,475,489,0.0,39.99,0.0,0
2021-04-23,39.99,19.99,20.000000000000004,100.05002501250628,476,490,0.0,39.99,0.0,0
2021-04-24,39.99,19.99,20.000000000000004,100.05002501250628,477,491,0.0,39.99,0.0,0
2021-04-25,39.99,19.99,20.000000000000004,100.05002501250628,478,492,0.0,39.99,0.0,0
2021-04-26,39.99,19.99,20.000000000000004,100.05002501250628,479,493,0.0,39.99,0.0,0
2021-04-27,39.99,19.99,20.000000000000004,100.05002501250628,480,494,0.0,39.99,0.0,0
2021-04-28,39.99,19.99,20.000000000000004,100.05002501250628,481,495,0.0,39.99,0.0,0
2021-04-29,39.99,19.99,20.000000000000004,100.05002501250628,482,496,0.0,39.99,0.0,0
2021-04-30,39.99,19.99,20.000000000000004,100.05002501250628,483,497,0.0,39.99,0.0,0
2021-05-01,39.99,19.99,20.000000000000004,100.05002501250628,484,498,0.0,39.99,0.0,0
2021-05-02,39.99,19.99,20.000000000000004,100.05002501250628,485,499,0.0,39.99,0.0,0
2021-05-03,39.99,19.99,20.000000000000004,100.05002501250628,486,500,0.0,39.99,0.0,0
2021-05-04,39.99,19.99,20.000000000000004,100.05002501250628,487,501,0.0,39.99,0.0,0
2021-05-05,39.99,19.99,20.000000000000004,100.05002501250628,488,502,0.0,39.99,0.0,0
2021-05-06,39.99,19.99,20.000000000000004,100.05002501250628,489,503,0.0,39.99,0.0,0
2021-05-07,39.99,19.99,20.000000000000004,100.05002501250628,490,504,0.0,39.99,0.0,0
2021-05-08,39.99,19.99,20.000000000000004,100.05002501250628,491,505,0.0,39.99,0.0,0
2021-05-09,39.99,19.99,20.000000000000004,100.05002501250628,492,506,0.0,39.99,0.0,0
2021-05-10,39.99,19.99,20.000000000000004,100.05002501250628,493,507,0.0,39.99,0.0,0
2021-05-11,39.99,19.99,20.000000000000004,100.05002501250628,494,508,0.0,39.99,0.0,0
2021-05-12,39.99,19.99,20.000000000000004,100.05002501250628,495,509,0.0,39.99,0.0,0
2021-05-13,39.99,19.99,20.000000000000004,100.05002501250628,496,510,0.0,39.99,0.0,0
2021-05-14,39.99,19.99,20.000000000000004,100.05002501250628,497,511,0.0,39.99,0.0,0
2021-05-15,39.99,19.99,20.000000000000004,100.05002501250628,498,512,0.0,39.99,0.0,0
2021-05-16,39.99,19.99,20.000000000000004,100.05002501250628,499,513,0.0,39.99,0.0,0
2021-05-17,39.99,19.99,20.000000000000004,100.05002501250628,500,514,0.0,39.99,0.0,0
2021-05-18,39.99,19.99,20.000000000000004,100.05002501250628,501,515,0.0,39.99,0.0,0
2021-05-19,39.99,19.99,20.000000000000004,100.05002501250628,502,516,0.0,39.99,0.0,0
2021-05-20,39.99,19.99,20.000000000000004,100.05002501250628,503,517,0.0,39.99,0.0,0
2021-05-21,39.99,19.99,20.000000000000004,100.05002501250628,504,518,0.0,39.99,0.0,0
2021-05-22,39.99,19.99,20.000000000000004,100.05002501250628,505,519,0.0,39.99,0.0,0
2021-05-23,39.99,19.99,20.000000000000004,100.05002501250628,506,520,0.0,39.99,0.0,0
2021-05-24,39.99,19.99,20.000000000000004,100.05002501250628,507,521,0.0,39.99,0.0,0
2021-05-25,39.99,19.99,20.000000000000004,100.05002501250628,508,522,0.0,39.99,0.0,0
2021-05-26,39.99,19.99,20.000000000000004,100.05002501250628,509,523,0.0,39.99,0.0,0
2021-05-27,39.99,19.99,20.000000000000004,100.05002501250628,510,524,0.0,39.99,0.0,0
2021-05-28,39.99,19.99,20.000000000000004,100.05002501250628,511,525,0.0,39.99,0.0,0
2021-05-29,39.99,19.99,20.000000000000004,100.05002501250628,512,526,0.0,39.99,0.0,0
2021-05-30,39.99,19.99,20.000000000000004,100.05002501250628,513,527,0.0,39.99,0.0,0
2021-05-31,39.99,19.99,20.000000000000004,100.05002501250628,514,528,0.0,39.99,0.0,0
2021-06-01,39.99,19.99,20.000000000000004,100.05002501250628,515,529,0.0,39.99,0.0,0
2021-06-02,39.99,19.99,20.000000000000004,100.05002501250628,516,530,0.0,39.99,0.0,0
2021-06-03,39.99,19.99,20.000000000000004,100.05002501250628,517,531,0.0,39.99,0.0,0
2021-06-04,39.99,19.99,20.000000000000004,100.05002501250628,518,532,0.0,39.99,0.0,0
2021-06-05,39.99,19.99,20.000000000000004,100.05002501250628,519,533,0.0,39.99,0.0,0
2021-06-06,39.99,19.99,20.000000000000004,100.05002501250628,520,534,0.0,39.99,0.0,0
2021-06-07,39.99,19.99,20.000000000000004,100.05002501250628,521,535,0.0,39.99,0.0,0
2021-06-08,39.99,19.99,20.000000000000004,100.05002501250628,522,536,0.0,39.99,0.0,0
2021-06-09,39.99,19.99,20.000000000000004,100.05002501250628,523,537,0.0,39.99,0.0,0
2021-06-10,39.99,19.99,20.000000000000004,100.05002501250628,524,538,0.0,39.99,0.0,0
2021-06-11,39.99,19.99,20.000000000000004,100.05002501250628,525,539,0.0,39.99,0.0,0
2021-06-12,39.99,19.99,20.000000000000004,100.05002501250628,526,540,0.0,39.99,0.0,0
2021-06-13,39.99,19.99,20.000000000000004,100.05002501250628,527,541,0.0,39.99,0.0,0
2021-06-14,39.99,19.99,20.000000000000004,100.05002501250628,528,542,0.0,39.99,0.0,0
2021-06-15,39.99,19.99,20.000000000000004,100.05002501250628,529,543,0.0,39.99,0.0,0
2021-06-16,39.99,19.99,20.000000000000004,100.05002501250628,530,544,0.0,39.99,0.0,0
2021-06-17,39.99,19.99,20.000000000000004,100.05002501250628,531,545,0.0,39.99,0.0,0
2021-06-18,39.99,19.99,20.000000000000004,100.05002501250628,532,546,0.0,39.99,0.0,0
2021-06-19,39.99,19.99,20.000000000000004,100.05002501250628,533,547,0.0,39.99,0.0,0
2021-06-20,39.99,19.99,20.000000000000004,100.05002501250628,534,548,0.0,39.99,0.0,0
2021-06-21,39.99,19.99,20.000000000000004,100.05002501250628,535,549,0.0,39.99,0.0,0
2021-06-22,39.99,19.99,20.000000000000004,100.05002501250628,536,550,0.0,39.99,0.0,0
2021-06-23,39.99,19.99,20.000000000000004,100.05002501250628,537,551,0.0,39.99,0.0,0
2021-06-24,39.99,19.99,20.000000000000004,100.05002501250628,538,552,0.0,39.99,0.0,0
2021-06-25,39.99,19.99,20.000000000000004,100.05002501250628,539,553,0.0,39.99,0.0,0
2021-06-26,39.99,19.99,20.000000000000004,100.05002501250628,540,554,0.0,39.99,0.0,0
2021-06-27,39.99,19.99,20.000000000000004,100.05002501250628,541,555,0.0,39.99,0.0,0
2021-06-28,39.99,19.99,20.000000000000004,100.05002501250628,542,556,0.0,39.99,0.0,0
2021-06-29,39.99,19.99,20.000000000000004,100.05002501250628,543,557,0.0,39.99,0.0,0
2021-06-30,39.99,19.99,20.000000000000004,100.05002501250628,544,558,0.0,39.99,0.0,0
2021-07-01,39.99,19.99,20.000000000000004,100.05002501250628,545,559,0.0,39.99,0.0,0
2021-07-02,39.99,19.99,20.000000000000004,100.05002501250628,546,560,0.0,39.99,0.0,0
2021-07-03,39.99,19.99,20.000000000000004,100.05002501250628,547,561,0.0,39.99,0.0,0
2021-07-04,39.99,19.99,20.000000000000004,100.05002501250628,548,562,0.0,39.99,0.0,0
2021-07-05,39.99,19.99,20.000000000000004,100.05002501250628,549,563,0.0,39.99,0.0,0
2021-07-06,39.99,19.99,20.000000000000004,100.05002501250628,550,564,0.0,39.99,0.0,0
2021-07-07,39.99,19.99,20.000000000000004,100.05002501250628,551,565,0.0,39.99,0.0,0
2021-07-08,39.99,19.99,20.000000000000004,100.05002501250628,552,566,0.0,39.99,0.0,0
2021-07-09,39.99,19.99,20.000000000000004,100.05002501250628,553,567,0.0,39.99,0.0,0
2021-07-10,39.99,19.99,20.000000000000004,100.05002501250628,554,568,0.0,39.99,0.0,0
2021-07-11,39.99,19.99,20.000000000000004,100.05002501250628,555,569,0.0,39.99,0.0,0
2021-07-12,39.99,19.99,20.000000000000004,100.05002501250628,556,570,0.0,39.99,0.0,0
2021-07-13,39.99,19.99,20.000000000000004,100.05002501250628,557,571,0.0,39.99,0.0,0
2021-07-14,39.99,19.99,20.000000000000004,100.05002501250628,558,572,0.0,39.99,0.0,0
2021-07-15,39.99,19.99,20.000000000000004,100.05002501250628,559,573,0.0,39.99,0.0,0
2021-07-16,39.99,19.99,20.000000000000004,100.05002501250628,560,574,0.0,39.99,0.0,0
2021-07-17,39.99,19.99,20.000000000000004,100.05002501250628,561,575,0.0,39.99,0.0,0
2021-07-18,39.99,19.99,20.000000000000004,100.05002501250628,562,576,0.0,39.99,0.0,0
2021-07-19,39.99,19.99,20.000000000000004,100.05002501250628,563,577,0.0,39.99,0.0,0
2021-07-20,39.99,19.99,20.000000000000004,100.05002501250628,564,578,0.0,39.99,0.0,0
2021-07-21,39.99,19.99,20.000000000000004,100.05002501250628,565,579,0.0,39.99,0.0,0
2021-07-22,39.99,19.99,20.000000000000004,100.05002501250628,566,580,0.0,39.99,0.0,0
2021-07-23,39.99,19.99,20.000000000000004,100.05002501250628,567,581,0.0,39.99,0.0,0
2021-07-24,39.99,19.99,20.000000000000004,100.05002501250628,568,582,0.0,39.99,0.0,0
2021-07-25,39.99,19.99,20.000000000000004,100.05002501250628,569,583,0.0,39.99,0.0,0
2021-07-26,39.99,19.99,20.000000000000004,100.05002501250628,570,584,0.0,39.99,0.0,0
2021-07-27,39.99,19.99,20.000000000000004,100.05002501250628,571,585,0.0,39.99,0.0,0
2021-07-28,39.99,19.99,20.000000000000004,100.05002501250628,572,586,0.0,39.99,0.0,0
2021-07-29,39.99,19.99,20.000000000000004,100.05002501250628,573,587,0.0,39.99,0.0,0
2021-07-30,39.99,19.99,20.000000000000004,100.05002501250628,574,588,0.0,39.99,0.0,0
2021-07-31,39.99,19.99,20.000000000000004,100.05002501250628,575,589,0.0,39.99,0.0,0
2021-08-01,39.99,19.99,20.000000000000004,100.05002501250628,576,590,0.0,39.99,0.0,0
2021-08-02,39.99,19.99,20.000000000000004,100.05002501250628,577,591,0.0,39.99,0.0,0
2021-08-03,39.99,19.99,20.000000000000004,100.05002501250628,578,592,0.0,39.99,0.0,0
2021-08-04,39.99,19.99,20.000000000000004,100.05002501250628,579,593,0.0,39.99,0.0,0
2021-08-05,39.99,19.99,20.000000000000004,100.05002501250628,580,594,0.0,39.99,0.0,0
2021-08-06,39.99,19.99,20.000000000000004,100.05002501250628,581,595,0.0,39.99,0.0,0
2021-08-07,39.99,19.99,20.000000000000004,100.05002501250628,582,596,0.0,39.99,0.0,0
2021-08-08,39.99,19.99,20.000000000000004,100.05002501250628,583,597,0.0,39.99,0.0,0
2021-08-09,39.99,19.99,20.000000000000004,100.05002501250628,584,598,0.0,39.99,0.0,0
2021-08-10,39.99,19.99,20.000000000000004,100.05002501250628,585,599,0.0,39.99,0.0,0
2021-08-11,39.99,19.99,20.000000000000004,100.05002501250628,586,600,0.0,39.99,0.0,0
2021-08-12,39.99,19.99,20.000000000000004,100.05002501250628,587,601,0.0,39.99,0.0,0
2021-08-13,39.99,19.99,20.000000000000004,100.05002501250628,588,602,0.0,39.99,0.0,0
2021-08-14,39.99,19.99,20.000000000000004,100.05002501250628,589,603,0.0,39.99,0.0,0
2021-08-15,39.99,19.99,20.000000000000004,100.05002501250628,590,604,0.0,39.99,0.0,0
2021-08-16,39.99,19.99,20.000000000000004,100.05002501250628,591,605,0.0,39.99,0.0,0
2021-08-17,39.99,19.99,20.000000000000004,100.05002501250628,592,606,0.0,39.99,0.0,0
2021-08-18,39.99,19.99,20.000000000000004,100.05002501250628,593,607,0.0,39.99,0.0,0
2021-08-19,39.99,19.99,20.000000000000004,100.05002501250628,594,608,0.0,39.99,0.0,0
2021-08-20,39.99,19.99,20.000000000000004,100.05002501250628,595,609,0.0,39.99,0.0,0
2021-08-21,39.99,19.99,20.000000000000004,100.05002501250628,596,610,0.0,39.99,0.0,0
2021-08-22,39.99,19.99,20.000000000000004,100.05002501250628,597,611,0.0,39.99,0.0,0
2021-08-23,39.99,19.99,20.000000000000004,100.05002501250628,598,612,0.0,39.99,0.0,0
2021-08-24,39.99,19.99,20.000000000000004,100.05002501250628,599,613,0.0,39.99,0.0,0
2021-08-25,39.99,19.99,20.000000000000004,100.05002501250628,600,614,0.0,39.99,0.0,0
2021-08-26,39.99,19.99,20.000000000000004,100.05002501250628,601,615,0.0,39.99,0.0,0
2021-08-27,39.99,19.99,20.000000000000004,100.05002501250628,602,616,0.0,39.99,0.0,0
2021-08-28,39.99,19.99,20.000000000000004,100.05002501250628,603,617,0.0,39.99,0.0,0
2021-08-29,39.99,19.99,20.000000000000004,100.05002501250628,604,618,0.0,39.99,0.0,0
2021-08-30,39.99,19.99,20.000000000000004,100.05002501250628,605,619,0.0,39.99,0.0,0
2021-08-31,39.99,19.99,20.000000000000004,100.05002501250628,606,620,0.0,39.99,0.0,0
2021-09-01,39.99,19.99,20.000000000000004,100.05002501250628,607,621,0.0,39.99,0.0,0
2021-09-02,39.99,19.99,20.000000000000004,100.05002501250628,608,622,0.0,39.99,0.0,0
2021-09-03,39.99,19.99,20.000000000000004,100.05002501250628,609,623,0.0,39.99,0.0,0
2021-09-04,39.99,19.99,20.000000000000004,100.05002501250628,610,624,0.0,39.99,0.0,0
2021-09-05,39.99,19.99,20.000000000000004,100.05002501250628,611,625,0.0,39.99,0.0,0
2021-09-06,39.99,19.99,20.000000000000004,100.05002501250628,612,626,0.0,39.99,0.0,0
2021-09-07,39.99,19.99,20.000000000000004,100.05002501250628,613,627,0.0,39.99,0.0,0
2021-09-08,39.99,19.99,20.000000000000004,100.05002501250628,614,628,0.0,39.99,0.0,0
2021-09-09,39.99,19.99,20.000000000000004,100.05002501250628,615,629,0.0,39.99,0.0,0
2021-09-10,39.99,19.99,20.000000000000004,100.05002501250628,616,630,0.0,39.99,0.0,0
2021-09-11,39.99,19.99,20.000000000000004,100.05002501250628,617,631,0.0,39.99,0.0,0
2021-09-12,39.99,19.99,20.000000000000004,100.05002501250628,618,632,0.0,39.99,0.0,0
2021-09-13,39.99,19.99,20.000000000000004,100.05002501250628,619,633,0.0,39.99,0.0,0
2021-09-14,39.99,19.99,20.000000000000004,100.05002501250628,620,634,0.0,39.99,0.0,0
2021-09-15,39.99,19.99,20.000000000000004,100.05002501250628,621,635,0.0,39.99,0.0,0
2021-09-16,39.99,19.99,20.000000000000004,100.05002501250628,622,636,0.0,39.99,0.0,0
2021-09-17,39.99,19.99,20.000000000000004,100.05002501250628,623,637,0.0,39.99,0.0,0
2021-09-18,39.99,19.99,20.000000000000004,100.05002501250628,624,638,0.0,39.99,0.0,0
2021-09-19,39.99,19.99,20.000000000000004,100.05002501250628,625,639,0.0,39.99,0.0,0
2021-09-20,39.99,19.99,20.000000000000004,100.05002501250628,626,640,0.0,39.99,0.0,0
2021-09-21,39.99,19.99,20.000000000000004,100.05002501250628,627,641,0.0,39.99,0.0,0
2021-09-22,39.99,19.99,20.000000000000004,100.05002501250628,628,642,0.0,39.99,0.0,0
2021-09-23,39.99,19.99,20.000000000000004,100.05002501250628,629,643,0.0,39.99,0.0,0
2021-09-24,39.99,19.99,20.000000000000004,100.05002501250628,630,644,0.0,39.99,0.0,0
2021-09-25,39.99,19.99,20.000000000000004,100.05002501250628,631,645,0.0,39.99,0.0,0
2021-09-26,39.99,19.99,20.000000000000004,100.05002501250628,632,646,0.0,39.99,0.0,0
2021-09-27,39.99,19.99,20.000000000000004,100.05002501250628,633,647,0.0,39.99,0.0,0
2021-09-28,39.99,19.99,20.000000000000004,100.05002501250628,634,648,0.0,39.99,0.0,0
2021-09-29,39.99,19.99,20.000000000000004,100.05002501250628,635,649,0.0,39.99,0.0,0
2021-09-30,39.99,19.99,20.000000000000004,100.05002501250628,636,650,0.0,39.99,0.0,0
2021-10-01,39.99,19.99,20.000000000000004,100.05002501250628,637,651,0.0,39.99,0.0,0
2021-10-02,39.99,19.99,20.000000000000004,100.05002501250628,638,652,0.0,39.99,0.0,0
2021-10-03,39.99,19.99,20.000000000000004,100.05002501250628,639,653,0.0,39.99,0.0,0
2021-10-04,39.99,19.99,20.000000000000004,100.05002501250628,640,654,0.0,39.99,0.0,0
2021-10-05,39.99,19.99,20.000000000000004,100.05002501250628,641,655,0.0,39.99,0.0,0
2021-10-06,39.99,19.99,20.000000000000004,100.05002501250628,642,656,0.0,39.99,0.0,0
2021-10-07,39.99,19.99,20.000000000000004,100.05002501250628,643,657,0.0,39.99,0.0,0
2021-10-08,39.99,19.99,20.000000000000004,100.05002501250628,644,658,0.0,39.99,0.0,0
2021-10-09,39.99,19.99,20.000000000000004,100.05002501250628,645,659,0.0,39.99,0.0,0
2021-10-10,39.99,19.99,20.000000000000004,100.05002501250628,646,660,0.0,39.99,0.0,0
2021-10-11,39.99,19.99,20.000000000000004,100.05002501250628,647,661,0.0,39.99,0.0,0
2021-10-12,39.99,19.99,20.000000000000004,100.05002501250628,648,662,0.0,39.99,0.0,0
2021-10-13,39.99,19.99,20.000000000000004,100.05002501250628,649,663,0.0,39.99,0.0,0
2021-10-14,39.99,19.99,20.000000000000004,100.05002501250628,650,664,0.0,39.99,0.0,0
2021-10-15,39.99,19.99,20.000000000000004,100.05002501250628,651,665,0.0,39.99,0.0,0
2021-10-16,39.99,19.99,20.000000000000004,100.05002501250628,652,666,0.0,39.99,0.0,0
2021-10-17,39.99,19.99,20.000000000000004,100.05002501250628,653,667,0.0,39.99,0.0,0
2021-10-18,39.99,19.99,20.000000000000004,100.05002501250628,654,668,0.0,39.99,0.0,0
2021-10-19,39.99,19.99,20.000000000000004,100.05002501250628,655,669,0.0,39.99,0.0,0
2021-10-20,39.99,19.99,20.000000000000004,100.05002501250628,656,670,0.0,39.99,0.0,0
2021-10-21,39.99,19.99,20.000000000000004,100.05002501250628,657,671,0.0,39.99,0.0,0
2021-10-22,39.99,19.99,20.000000000000004,100.05002501250628,658,672,0.0,39.99,0.0,0
2021-10-23,39.99,19.99,20.000000000000004,100.05002501250628,659,673,0.0,39.99,0.0,0
2021-10-24,39.99,19.99,20.000000000000004,100.05002501250628,660,674,0.0,39.99,0.0,0
2021-10-25,39.99,19.99,20.000000000000004,100.05002501250628,661,675,0.0,39.99,0.0,0
2021-10-26,39.99,19.99,20.000000000000004,100.05002501250628,662,676,0.0,39.99,0.0,1
2021-10-27,39.99,19.99,20.000000000000004,100.05002501250628,663,677,0.0,39.99,0.0,1
2021-10-28,39.99,19.99,20.000000000000004,100.05002501250628,664,678,0.0,39.99,0.0,1
2021-10-29,39.99,19.99,20.000000000000004,100.05002501250628,665,679,0.0,39.99,0.0,1
2021-10-30,39.99,19.99,20.000000000000004,100.05002501250628,666,680,0.0,39.99,0.0,1
2021-10-31,39.99,19.99,20.000000000000004,100.05002501250628,667,681,0.0,39.99,0.0,1
2021-11-01,39.99,19.99,20.000000000000004,100.05002501250628,668,682,0.0,39.99,0.0,1
2021-11-02,39.99,19.99,20.000000000000004,100.05002501250628,669,683,0.0,39.99,0.0,1
2021-11-03,39.99,19.99,20.000000000000004,100.05002501250628,670,684,0.0,39.99,0.0,1
2021-11-04,39.99,19.99,20.000000000000004,100.05002501250628,671,685,0.0,39.99,0.0,1
2021-11-05,39.99,19.99,20.000000000000004,100.05002501250628,672,686,0.0,39.99,0.0,1
2021-11-06,39.99,19.99,20.000000000000004,100.05002501250628,673,687,0.0,39.99,0.0,1
2021-11-07,39.99,19.99,20.000000000000004,100.05002501250628,674,688,0.0,39.99,0.0,1
2021-11-08,39.99,19.99,20.000000000000004,100.05002501250628,675,689,0.0,39.99,0.0,1
2021-11-09,39.99,19.99,20.000000000000004,100.05002501250628,676,690,0.0,39.99,0.0,1
2021-11-10,39.99,19.99,20.000000000000004,100.05002501250628,677,691,0.0,39.99,0.0,1
2021-11-11,39.99,19.99,20.000000000000004,100.05002501250628,678,692,0.0,39.99,0.0,1
2021-11-12,39.99,19.99,20.000000000000004,100.05002501250628,679,693,0.0,39.99,0.0,1
2021-11-13,39.99,19.99,20.000000000000004,100.05002501250628,680,694,0.0,39.99,0.0,1
2021-11-14,39.99,19.99,20.000000000000004,100.05002501250628,681,695,0.0,39.99,0.0,1
2021-11-15,39.99,19.99,20.000000000000004,100.05002501250628,682,696,0.0,39.99,0.0,1
2021-11-16,39.99,19.99,20.000000000000004,100.05002501250628,683,697,0.0,39.99,0.0,1
2021-11-17,39.99,19.99,20.000000000000004,100.05002501250628,684,698,0.0,39.99,0.0,1
2021-11-18,39.99,19.99,20.000000000000004,100.05002501250628,685,699,0.0,39.99,0.0,1
2021-11-19,39.99,19.99,20.000000000000004,100.05002501250628,686,700,0.0,39.99,0.0,1
2021-11-20,39.99,19.99,20.000000000000004,100.05002501250628,687,701,0.0,39.99,0.0,1
2021-11-21,39.99,19.99,20.000000000000004,100.05002501250628,688,702,0.0,39.99,0.0,1
2021-11-22,39.99,19.99,20.000000000000004,100.05002501250628,689,703,0.0,39.99,0.0,1
2021-11-23,39.99,19.99,20.000000000000004,100.05002501250628,690,704,0.0,39.99,0.0,1
2021-11-24,39.99,19.99,20.000000000000004,100.05002501250628,691,705,0.0,39.99,0.0,1
2021-11-25,19.99,19.99,0.0,0.0,0,0,0.0,39.99,0.0,0
2021-11-26,19.99,19.99,0.0,0.0,1,1,1.0,39.93520547945206,1.0,0
2021-11-27,19.99,19.99,0.0,0.0,2,2,1.0,39.88041095890411,1.0,0
2021-11-28,19.99,19.99,0.0,0.0,3,3,1.0,39.825616438356164,1.0,0
2021-11-29,19.99,19.99,0.0,0.0,4,4,1.0,39.77082191780822,1.0,0
2021-11-30,19.99,19.99,0.0,0.0,5,5,1.0,39.71602739726028,1.0,0
2021-12-01,19.99,19.99,0.0,0.0,6,6,1.0,39.66123287671233,1.0,0
2021-12-02,39.99,19.99,20.000000000000004,100.05002501250628,0,7,1.0,39.60643835616438,1.0,1
2021-12-03,39.99,19.99,20.000000000000004,100.05002501250628,1,8,1.0,39.60643835616438,2.0,1
2021-12-04,39.99,19.99,20.000000000000004,100.05002501250628,2,9,1.0,39.60643835616438,2.0,1
2021-12-05,39.99,19.99,20.000000000000004,100.05002501250628,3,10,1.0,39.60643835616438,2.0,1
2021-12-06,39.99,19.99,20.000000000000004,100.05002501250628,4,11,1.0,39.60643835616438,2.0,1
2021-12-07,39.99,19.99,20.000000000000004,100.05002501250628,5,12,1.0,39.60643835616438,2.0,1
2021-12-08,39.99,19.99,20.000000000000004,100.05002501250628,6,13,1.0,39.60643835616439,2.0,1
2021-12-09,39.99,19.99,20.000000000000004,100.05002501250628,7,14,1.0,39.60643835616439,2.0,1
2021-12-10,39.99,19.99,20.000000000000004,100.05002501250628,8,15,1.0,39.60643835616438,2.0,1
2021-12-11,39.99,19.99,20.000000000000004,100.05002501250628,9,16,1.0,39.60643835616438,2.0,1
2021-12-12,39.99,19.99,20.000000000000004,100.05002501250628,10,17,1.0,39.60643835616438,2.0,1
2021-12-13,39.99,19.99,20.000000000000004,100.05002501250628,11,18,1.0,39.60643835616438,2.0,1
2021-12-14,39.99,19.99,20.000000000000004,100.05002501250628,12,19,1.0,39.60643835616438,2.0,1
2021-12-15,39.99,19.99,20.000000000000004,100.05002501250628,13,20,1.0,39.60643835616438,2.0,1
2021-12-16,39.99,19.99,20.000000000000004,100.05002501250628,14,21,1.0,39.60643835616439,2.0,1
2021-12-17,39.99,19.99,20.000000000000004,100.05002501250628,15,22,1.0,39.60643835616439,2.0,1
2021-12-18,39.99,19.99,20.000000000000004,100.05002501250628,16,23,1.0,39.60643835616438,2.0,1
2021-12-19,39.99,19.99,20.000000000000004,100.05002501250628,17,24,1.0,39.60643835616438,2.0,1
2021-12-20,39.99,19.99,20.000000000000004,100.05002501250628,18,25,1.0,39.60643835616438,2.0,1
2021-12-21,39.99,19.99,20.000000000000004,100.05002501250628,19,26,1.0,39.60643835616438,2.0,1
2021-12-22,39.99,19.99,20.000000000000004,100.05002501250628,20,27,1.0,39.60643835616438,2.0,1
2021-12-23,19.99,19.99,0.0,0.0,0,0,1.0,39.60643835616438,2.0,0
2021-12-24,19.99,19.99,0.0,0.0,1,1,2.0,39.55164383561644,3.0,0
2021-12-25,19.99,19.99,0.0,0.0,2,2,2.0,39.4968493150685,3.0,0
2021-12-26,19.99,19.99,0.0,0.0,3,3,2.0,39.44205479452055,3.0,0
2021-12-27,19.99,19.99,0.0,0.0,4,4,2.0,39.3872602739726,3.0,0
2021-12-28,19.99,19.99,0.0,0.0,5,5,2.0,39.33246575342466,3.0,0
2021-12-29,19.99,19.99,0.0,0.0,6,6,2.0,39.27767123287671,3.0,0
2021-12-30,19.99,19.99,0.0,0.0,7,7,2.0,39.22287671232877,3.0,0
2021-12-31,19.99,19.99,0.0,0.0,8,8,2.0,39.168082191780826,3.0,0
2022-01-01,19.99,19.99,0.0,0.0,9,9,2.0,39.113287671232875,3.0,0
2022-01-02,19.99,19.99,0.0,0.0,10,10,2.0,39.05849315068494,3.0,0
2022-01-03,19.99,19.99,0.0,0.0,11,11,2.0,39.00369863013699,3.0,0
2022-01-04,19.99,19.99,0.0,0.0,12,12,2.0,38.948904109589044,3.0,0
2022-01-05,19.99,19.99,0.0,0.0,13,13,2.0,38.89410958904109,3.0,0
2022-01-06,39.99,19.99,20.000000000000004,100.05002501250628,0,14,2.0,38.83931506849315,3.0,0
2022-01-07,39.99,19.99,20.000000000000004,100.05002501250628,1,15,2.0,38.83931506849315,4.0,0
2022-01-08,39.99,19.99,20.000000000000004,100.05002501250628,2,16,2.0,38.83931506849315,4.0,0
2022-01-09,39.99,19.99,20.000000000000004,100.05002501250628,3,17,2.0,38.83931506849315,4.0,0
2022-01-10,39.99,19.99,20.000000000000004,100.05002501250628,4,18,2.0,38.83931506849316,4.0,0
2022-01-11,39.99,19.99,20.000000000000004,100.05002501250628,5,19,2.0,38.83931506849316,4.0,0
2022-01-12,39.99,19.99,20.000000000000004,100.05002501250628,6,20,2.0,38.83931506849315,4.0,0
2022-01-13,39.99,19.99,20.000000000000004,100.05002501250628,7,21,2.0,38.83931506849315,4.0,0
2022-01-14,39.99,19.99,20.000000000000004,100.05002501250628,8,22,2.0,38.83931506849315,4.0,0
2022-01-15,39.99,19.99,20.000000000000004,100.05002501250628,9,23,2.0,38.83931506849315,4.0,0
2022-01-16,39.99,19.99,20.000000000000004,100.05002501250628,10,24,2.0,38.83931506849315,4.0,0
2022-01-17,39.99,19.99,20.000000000000004,100.05002501250628,11,25,2.0,38.83931506849315,4.0,0
2022-01-18,39.99,19.99,20.000000000000004,100.05002501250628,12,26,2.0,38.83931506849315,4.0,0
2022-01-19,39.99,19.99,20.000000000000004,100.05002501250628,13,27,2.0,38.83931506849316,4.0,0
2022-01-20,39.99,19.99,20.000000000000004,100.05002501250628,14,28,2.0,38.83931506849315,4.0,0
2022-01-21,39.99,19.99,20.000000000000004,100.05002501250628,15,29,2.0,38.83931506849315,4.0,0
2022-01-22,39.99,19.99,20.000000000000004,100.05002501250628,16,30,2.0,38.83931506849315,4.0,0
2022-01-23,39.99,19.99,20.000000000000004,100.05002501250628,17,31,2.0,38.83931506849315,4.0,0
2022-01-24,39.99,19.99,20.000000000000004,100.05002501250628,18,32,2.0,38.83931506849315,4.0,0
2022-01-25,39.99,19.99,20.000000000000004,100.05002501250628,19,33,2.0,38.83931506849315,4.0,0
2022-01-26,39.99,19.99,20.000000000000004,100.05002501250628,20,34,2.0,38.83931506849315,4.0,0
2022-01-27,39.99,19.99,20.000000000000004,100.05002501250628,21,35,2.0,38.83931506849316,4.0,0
2022-01-28,39.99,19.99,20.000000000000004,100.05002501250628,22,36,2.0,38.83931506849315,4.0,0
2022-01-29,39.99,19.99,20.000000000000004,100.05002501250628,23,37,2.0,38.83931506849315,4.0,0
2022-01-30,39.99,19.99,20.000000000000004,100.05002501250628,24,38,2.0,38.83931506849315,4.0,0
2022-01-31,39.99,19.99,20.000000000000004,100.05002501250628,25,39,2.0,38.83931506849315,4.0,0
2022-02-01,39.99,19.99,20.000000000000004,100.05002501250628,26,40,2.0,38.83931506849315,4.0,0
2022-02-02,39.99,19.99,20.000000000000004,100.05002501250628,27,41,2.0,38.83931506849315,4.0,0
2022-02-03,39.99,19.99,20.000000000000004,100.05002501250628,28,42,2.0,38.83931506849315,4.0,0
2022-02-04,39.99,19.99,20.000000000000004,100.05002501250628,29,43,2.0,38.83931506849316,4.0,0
2022-02-05,39.99,19.99,20.000000000000004,100.05002501250628,30,44,2.0,38.83931506849315,4.0,0
2022-02-06,39.99,19.99,20.000000000000004,100.05002501250628,31,45,2.0,38.83931506849315,4.0,0
2022-02-07,39.99,19.99,20.000000000000004,100.05002501250628,32,46,2.0,38.83931506849315,4.0,0
2022-02-08,39.99,19.99,20.000000000000004,100.05002501250628,33,47,2.0,38.83931506849315,4.0,0
2022-02-09,39.99,19.99,20.000000000000004,100.05002501250628,34,48,2.0,38.83931506849315,4.0,0
2022-02-10,39.99,19.99,20.000000000000004,100.05002501250628,35,49,2.0,38.83931506849315,4.0,0
2022-02-11,39.99,19.99,20.000000000000004,100.05002501250628,36,50,2.0,38.83931506849315,4.0,0
2022-02-12,39.99,19.99,20.000000000000004,100.05002501250628,37,51,2.0,38.83931506849316,4.0,0
2022-02-13,39.99,19.99,20.000000000000004,100.05002501250628,38,52,2.0,38.83931506849316,4.0,0
2022-02-14,39.99,19.99,20.000000000000004,100.05002501250628,39,53,2.0,38.83931506849315,4.0,0
2022-02-15,39.99,19.99,20.000000000000004,100.05002501250628,40,54,2.0,38.83931506849315,4.0,0
2022-02-16,39.99,19.99,20.000000000000004,100.05002501250628,41,55,2.0,38.83931506849315,4.0,0
2022-02-17,39.99,19.99,20.000000000000004,100.05002501250628,42,56,2.0,38.83931506849315,4.0,0
2022-02-18,39.99,19.99,20.000000000000004,100.05002501250628,43,57,2.0,38.83931506849315,4.0,0
2022-02-19,39.99,19.99,20.000000000000004,100.05002501250628,44,58,2.0,38.83931506849315,4.0,0
2022-02-20,39.99,19.99,20.000000000000004,100.05002501250628,45,59,2.0,38.83931506849315,4.0,0
2022-02-21,39.99,19.99,20.000000000000004,100.05002501250628,46,60,2.0,38.83931506849316,4.0,0
2022-02-22,39.99,19.99,20.000000000000004,100.05002501250628,47,61,2.0,38.83931506849315,4.0,0
2022-02-23,39.99,19.99,20.000000000000004,100.05002501250628,48,62,2.0,38.83931506849315,4.0,0
2022-02-24,39.99,19.99,20.000000000000004,100.05002501250628,49,63,2.0,38.83931506849315,4.0,0
2022-02-25,39.99,19.99,20.000000000000004,100.05002501250628,50,64,2.0,38.83931506849315,4.0,0
2022-02-26,39.99,19.99,20.000000000000004,100.05002501250628,51,65,2.0,38.83931506849315,4.0,0
2022-02-27,39.99,19.99,20.000000000000004,100.05002501250628,52,66,2.0,38.83931506849315,4.0,0
2022-02-28,39.99,19.99,20.000000000000004,100.05002501250628,53,67,2.0,38.83931506849315,4.0,0
2022-03-01,39.99,19.99,20.000000000000004,100.05002501250628,54,68,2.0,38.83931506849316,4.0,0
2022-03-02,39.99,19.99,20.000000000000004,100.05002501250628,55,69,2.0,38.83931506849315,4.0,0
2022-03-03,39.99,19.99,20.000000000000004,100.05002501250628,56,70,2.0,38.83931506849315,4.0,0
2022-03-04,39.99,19.99,20.000000000000004,100.05002501250628,57,71,2.0,38.83931506849315,4.0,0
2022-03-05,39.99,19.99,20.000000000000004,100.05002501250628,58,72,2.0,38.83931506849315,4.0,0
2022-03-06,39.99,19.99,20.000000000000004,100.05002501250628,59,73,2.0,38.83931506849315,4.0,0
2022-03-07,39.99,19.99,20.000000000000004,100.05002501250628,60,74,2.0,38.83931506849315,4.0,0
2022-03-08,39.99,19.99,20.000000000000004,100.05002501250628,61,75,2.0,38.83931506849315,4.0,0
2022-03-09,39.99,19.99,20.000000000000004,100.05002501250628,62,76,2.0,38.83931506849316,4.0,0
2022-03-10,39.99,19.99,20.000000000000004,100.05002501250628,63,77,2.0,38.83931506849315,4.0,0
2022-03-11,39.99,19.99,20.000000000000004,100.05002501250628,64,78,2.0,38.83931506849315,4.0,0
2022-03-12,39.99,19.99,20.000000000000004,100.05002501250628,65,79,2.0,38.83931506849315,4.0,0
2022-03-13,39.99,19.99,20.000000000000004,100.05002501250628,66,80,2.0,38.83931506849315,4.0,0
2022-03-14,39.99,19.99,20.000000000000004,100.05002501250628,67,81,2.0,38.83931506849315,4.0,0
2022-03-15,39.99,19.99,20.000000000000004,100.05002501250628,68,82,2.0,38.83931506849315,4.0,0
2022-03-16,39.99,19.99,20.000000000000004,100.05002501250628,69,83,2.0,38.83931506849315,4.0,0
2022-03-17,39.99,19.99,20.000000000000004,100.05002501250628,70,84,2.0,38.83931506849316,4.0,0
2022-03-18,39.99,19.99,20.000000000000004,100.05002501250628,71,85,2.0,38.83931506849316,4.0,0
2022-03-19,39.99,19.99,20.000000000000004,100.05002501250628,72,86,2.0,38.83931506849315,4.0,0
2022-03-20,39.99,19.99,20.000000000000004,100.05002501250628,73,87,2.0,38.83931506849315,4.0,0
2022-03-21,39.99,19.99,20.000000000000004,100.05002501250628,74,88,2.0,38.83931506849315,4.0,0
2022-03-22,39.99,19.99,20.000000000000004,100.05002501250628,75,89,2.0,38.83931506849315,4.0,0
2022-03-23,39.99,19.99,20.000000000000004,100.05002501250628,76,90,2.0,38.83931506849315,4.0,0
2022-03-24,39.99,19.99,20.000000000000004,100.05002501250628,77,91,2.0,38.83931506849315,4.0,0
2022-03-25,39.99,19.99,20.000000000000004,100.05002501250628,78,92,2.0,38.83931506849315,4.0,0
2022-03-26,39.99,19.99,20.000000000000004,100.05002501250628,79,93,2.0,38.83931506849316,4.0,0
2022-03-27,39.99,19.99,20.000000000000004,100.05002501250628,80,94,2.0,38.83931506849315,4.0,0
2022-03-28,39.99,19.99,20.000000000000004,100.05002501250628,81,95,2.0,38.83931506849315,4.0,0
2022-03-29,39.99,19.99,20.000000000000004,100.05002501250628,82,96,2.0,38.83931506849315,4.0,0
2022-03-30,39.99,19.99,20.000000000000004,100.05002501250628,83,97,2.0,38.83931506849315,4.0,0
2022-03-31,39.99,19.99,20.000000000000004,100.05002501250628,84,98,2.0,38.83931506849315,4.0,0
2022-04-01,39.99,19.99,20.000000000000004,100.05002501250628,85,99,2.0,38.83931506849315,4.0,0
2022-04-02,39.99,19.99,20.000000000000004,100.05002501250628,86,100,2.0,38.83931506849315,4.0,0
2022-04-03,39.99,19.99,20.000000000000004,100.05002501250628,87,101,2.0,38.83931506849316,4.0,0
2022-04-04,39.99,19.99,20.000000000000004,100.05002501250628,88,102,2.0,38.83931506849315,4.0,0
2022-04-05,39.99,19.99,20.000000000000004,100.05002501250628,89,103,2.0,38.83931506849315,4.0,0
2022-04-06,39.99,19.99,20.000000000000004,100.05002501250628,90,104,2.0,38.83931506849315,4.0,0
2022-04-07,39.99,19.99,20.000000000000004,100.05002501250628,91,105,2.0,38.83931506849315,4.0,0
2022-04-08,39.99,19.99,20.000000000000004,100.05002501250628,92,106,2.0,38.83931506849315,4.0,0
2022-04-09,39.99,19.99,20.000000000000004,100.05002501250628,93,107,2.0,38.83931506849315,4.0,0
2022-04-10,39.99,19.99,20.000000000000004,100.05002501250628,94,108,2.0,38.83931506849315,4.0,0
2022-04-11,39.99,19.99,20.000000000000004,100.05002501250628,95,109,2.0,38.83931506849316,4.0,0
2022-04-12,39.99,19.99,20.000000000000004,100.05002501250628,96,110,2.0,38.83931506849315,4.0,0
2022-04-13,39.99,19.99,20.000000000000004,100.05002501250628,97,111,2.0,38.83931506849315,4.0,0
2022-04-14,39.99,19.99,20.000000000000004,100.05002501250628,98,112,2.0,38.83931506849315,4.0,0
2022-04-15,39.99,19.99,20.000000000000004,100.05002501250628,99,113,2.0,38.83931506849315,4.0,0
2022-04-16,39.99,19.99,20.000000000000004,100.05002501250628,100,114,2.0,38.83931506849315,4.0,0
2022-04-17,39.99,19.99,20.000000000000004,100.05002501250628,101,115,2.0,38.83931506849315,4.0,0
2022-04-18,39.99,19.99,20.000000000000004,100.05002501250628,102,116,2.0,38.83931506849315,4.0,0
2022-04-19,39.99,19.99,20.000000000000004,100.05002501250628,103,117,2.0,38.83931506849316,4.0,0
2022-04-20,39.99,19.99,20.000000000000004,100.05002501250628,104,118,2.0,38.83931506849316,4.0,0
2022-04-21,39.99,19.99,20.000000000000004,100.05002501250628,105,119,2.0,38.83931506849315,4.0,0
2022-04-22,39.99,19.99,20.000000000000004,100.05002501250628,106,120,2.0,38.83931506849315,4.0,0
2022-04-23,39.99,19.99,20.000000000000004,100.05002501250628,107,121,2.0,38.83931506849315,4.0,0
2022-04-24,39.99,19.99,20.000000000000004,100.05002501250628,108,122,2.0,38.83931506849315,4.0,0
2022-04-25,39.99,19.99,20.000000000000004,100.05002501250628,109,123,2.0,38.83931506849315,4.0,0
2022-04-26,39.99,19.99,20.000000000000004,100.05002501250628,110,124,2.0,38.83931506849315,4.0,0
2022-04-27,39.99,19.99,20.000000000000004,100.05002501250628,111,125,2.0,38.83931506849315,4.0,0
2022-04-28,39.99,19.99,20.000000000000004,100.05002501250628,112,126,2.0,38.83931506849316,4.0,0
2022-04-29,39.99,19.99,20.000000000000004,100.05002501250628,113,127,2.0,38.83931506849315,4.0,0
2022-04-30,39.99,19.99,20.000000000000004,100.05002501250628,114,128,2.0,38.83931506849315,4.0,0
2022-05-01,39.99,19.99,20.000000000000004,100.05002501250628,115,129,2.0,38.83931506849315,4.0,0
2022-05-02,39.99,19.99,20.000000000000004,100.05002501250628,116,130,2.0,38.83931506849315,4.0,0
2022-05-03,39.99,19.99,20.000000000000004,100.05002501250628,117,131,2.0,38.83931506849315,4.0,0
2022-05-04,39.99,19.99,20.000000000000004,100.05002501250628,118,132,2.0,38.83931506849315,4.0,0
2022-05-05,39.99,19.99,20.000000000000004,100.05002501250628,119,133,2.0,38.83931506849315,4.0,0
2022-05-06,39.99,19.99,20.000000000000004,100.05002501250628,120,134,2.0,38.83931506849316,4.0,0
2022-05-07,39.99,19.99,20.000000000000004,100.05002501250628,121,135,2.0,38.83931506849315,4.0,0
2022-05-08,39.99,19.99,20.000000000000004,100.05002501250628,122,136,2.0,38.83931506849315,4.0,0
2022-05-09,39.99,19.99,20.000000000000004,100.05002501250628,123,137,2.0,38.83931506849315,4.0,0
2022-05-10,39.99,19.99,20.000000000000004,100.05002501250628,124,138,2.0,38.83931506849315,4.0,0
2022-05-11,39.99,19.99,20.000000000000004,100.05002501250628,125,139,2.0,38.83931506849315,4.0,0
2022-05-12,39.99,19.99,20.000000000000004,100.05002501250628,126,140,2.0,38.83931506849315,4.0,0
2022-05-13,39.99,19.99,20.000000000000004,100.05002501250628,127,141,2.0,38.83931506849315,4.0,0
2022-05-14,39.99,19.99,20.000000000000004,100.05002501250628,128,142,2.0,38.83931506849316,4.0,0
2022-05-15,39.99,19.99,20.000000000000004,100.05002501250628,129,143,2.0,38.83931506849315,4.0,0
2022-05-16,39.99,19.99,20.000000000000004,100.05002501250628,130,144,2.0,38.83931506849315,4.0,0
2022-05-17,39.99,19.99,20.000000000000004,100.05002501250628,131,145,2.0,38.83931506849315,4.0,0
2022-05-18,39.99,19.99,20.000000000000004,100.05002501250628,132,146,2.0,38.83931506849315,4.0,0
2022-05-19,39.99,19.99,20.000000000000004,100.05002501250628,133,147,2.0,38.83931506849315,4.0,0
2022-05-20,39.99,19.99,20.000000000000004,100.05002501250628,134,148,2.0,38.83931506849315,4.0,0
2022-05-21,39.99,19.99,20.000000000000004,100.05002501250628,135,149,2.0,38.83931506849315,4.0,0
2022-05-22,39.99,19.99,20.000000000000004,100.05002501250628,136,150,2.0,38.83931506849316,4.0,0
2022-05-23,39.99,19.99,20.000000000000004,100.05002501250628,137,151,2.0,38.83931506849316,4.0,0
2022-05-24,39.99,19.99,20.000000000000004,100.05002501250628,138,152,2.0,38.83931506849315,4.0,0
2022-05-25,39.99,19.99,20.000000000000004,100.05002501250628,139,153,2.0,38.83931506849315,4.0,0
2022-05-26,39.99,19.99,20.000000000000004,100.05002501250628,140,154,2.0,38.83931506849315,4.0,0
2022-05-27,39.99,19.99,20.000000000000004,100.05002501250628,141,155,2.0,38.83931506849315,4.0,0
2022-05-28,39.99,19.99,20.000000000000004,100.05002501250628,142,156,2.0,38.83931506849315,4.0,0
2022-05-29,39.99,19.99,20.000000000000004,100.05002501250628,143,157,2.0,38.83931506849315,4.0,0
2022-05-30,39.99,19.99,20.000000000000004,100.05002501250628,144,158,2.0,38.83931506849315,4.0,0
2022-05-31,39.99,19.99,20.000000000000004,100.05002501250628,145,159,2.0,38.83931506849316,4.0,0
2022-06-01,39.99,19.99,20.000000000000004,100.05002501250628,146,160,2.0,38.83931506849315,4.0,0
2022-06-02,39.99,19.99,20.000000000000004,100.05002501250628,147,161,2.0,38.83931506849315,4.0,0
2022-06-03,39.99,19.99,20.000000000000004,100.05002501250628,148,162,2.0,38.83931506849315,4.0,0
2022-06-04,39.99,19.99,20.000000000000004,100.05002501250628,149,163,2.0,38.83931506849315,4.0,0
2022-06-05,39.99,19.99,20.000000000000004,100.05002501250628,150,164,2.0,38.83931506849315,4.0,0
2022-06-06,39.99,19.99,20.000000000000004,100.05002501250628,151,165,2.0,38.83931506849315,4.0,0
2022-06-07,39.99,19.99,20.000000000000004,100.05002501250628,152,166,2.0,38.83931506849315,4.0,0
2022-06-08,39.99,19.99,20.000000000000004,100.05002501250628,153,167,2.0,38.83931506849316,4.0,0
2022-06-09,39.99,19.99,20.000000000000004,100.05002501250628,154,168,2.0,38.83931506849315,4.0,0
2022-06-10,39.99,19.99,20.000000000000004,100.05002501250628,155,169,2.0,38.83931506849315,4.0,0
2022-06-11,39.99,19.99,20.000000000000004,100.05002501250628,156,170,2.0,38.83931506849315,4.0,0
2022-06-12,39.99,19.99,20.000000000000004,100.05002501250628,157,171,2.0,38.83931506849315,4.0,0
2022-06-13,39.99,19.99,20.000000000000004,100.05002501250628,158,172,2.0,38.83931506849315,4.0,0
2022-06-14,39.99,19.99,20.000000000000004,100.05002501250628,159,173,2.0,38.83931506849315,4.0,0
2022-06-15,39.99,19.99,20.000000000000004,100.05002501250628,160,174,2.0,38.83931506849315,4.0,0
2022-06-16,39.99,19.99,20.000000000000004,100.05002501250628,161,175,2.0,38.83931506849316,4.0,0
2022-06-17,39.99,19.99,20.000000000000004,100.05002501250628,162,176,2.0,38.83931506849316,4.0,0
2022-06-18,39.99,19.99,20.000000000000004,100.05002501250628,163,177,2.0,38.83931506849315,4.0,0
2022-06-19,39.99,19.99,20.000000000000004,100.05002501250628,164,178,2.0,38.83931506849315,4.0,0
2022-06-20,39.99,19.99,20.000000000000004,100.05002501250628,165,179,2.0,38.83931506849315,4.0,0
2022-06-21,39.99,19.99,20.000000000000004,100.05002501250628,166,180,2.0,38.83931506849315,4.0,0
2022-06-22,39.99,19.99,20.000000000000004,100.05002501250628,167,181,2.0,38.83931506849315,4.0,0
2022-06-23,39.99,19.99,20.000000000000004,100.05002501250628,168,182,2.0,38.83931506849315,4.0,0
2022-06-24,39.99,19.99,20.000000000000004,100.05002501250628,169,183,2.0,38.83931506849316,4.0,0
2022-06-25,39.99,19.99,20.000000000000004,100.05002501250628,170,184,2.0,38.83931506849316,4.0,0
2022-06-26,39.99,19.99,20.000000000000004,100.05002501250628,171,185,2.0,38.83931506849315,4.0,0
2022-06-27,39.99,19.99,20.000000000000004,100.05002501250628,172,186,2.0,38.83931506849315,4.0,0
2022-06-28,39.99,19.99,20.000000000000004,100.05002501250628,173,187,2.0,38.83931506849315,4.0,0
2022-06-29,39.99,19.99,20.000000000000004,100.05002501250628,174,188,2.0,38.83931506849315,4.0,0
2022-06-30,39.99,19.99,20.000000000000004,100.05002501250628,175,189,2.0,38.83931506849315,4.0,0
2022-07-01,39.99,19.99,20.000000000000004,100.05002501250628,176,190,2.0,38.83931506849315,4.0,0
2022-07-02,39.99,19.99,20.000000000000004,100.05002501250628,177,191,2.0,38.83931506849315,4.0,0
2022-07-03,39.99,19.99,20.000000000000004,100.05002501250628,178,192,2.0,38.83931506849316,4.0,0
2022-07-04,39.99,19.99,20.000000000000004,100.05002501250628,179,193,2.0,38.83931506849315,4.0,0
2022-07-05,39.99,19.99,20.000000000000004,100.05002501250628,180,194,2.0,38.83931506849315,4.0,0
2022-07-06,39.99,19.99,20.000000000000004,100.05002501250628,181,195,2.0,38.83931506849315,4.0,0
2022-07-07,39.99,19.99,20.000000000000004,100.05002501250628,182,196,2.0,38.83931506849315,4.0,0
2022-07-08,39.99,19.99,20.000000000000004,100.05002501250628,183,197,2.0,38.83931506849315,4.0,0
2022-07-09,39.99,19.99,20.000000000000004,100.05002501250628,184,198,2.0,38.83931506849315,4.0,0
2022-07-10,39.99,19.99,20.000000000000004,100.05002501250628,185,199,2.0,38.83931506849315,4.0,0
2022-07-11,39.99,19.99,20.000000000000004,100.05002501250628,186,200,2.0,38.83931506849316,4.0,0
2022-07-12,39.99,19.99,20.000000000000004,100.05002501250628,187,201,2.0,38.83931506849315,4.0,0
2022-07-13,39.99,19.99,20.000000000000004,100.05002501250628,188,202,2.0,38.83931506849315,4.0,0
2022-07-14,39.99,19.99,20.000000000000004,100.05002501250628,189,203,2.0,38.83931506849315,4.0,0
2022-07-15,39.99,19.99,20.000000000000004,100.05002501250628,190,204,2.0,38.83931506849315,4.0,0
2022-07-16,39.99,19.99,20.000000000000004,100.05002501250628,191,205,2.0,38.83931506849315,4.0,0
2022-07-17,39.99,19.99,20.000000000000004,100.05002501250628,192,206,2.0,38.83931506849315,4.0,0
2022-07-18,39.99,19.99,20.000000000000004,100.05002501250628,193,207,2.0,38.83931506849315,4.0,0
2022-07-19,39.99,19.99,20.000000000000004,100.05002501250628,194,208,2.0,38.83931506849316,4.0,0
2022-07-20,39.99,19.99,20.000000000000004,100.05002501250628,195,209,2.0,38.83931506849316,4.0,0
2022-07-21,39.99,19.99,20.000000000000004,100.05002501250628,196,210,2.0,38.83931506849315,4.0,0
2022-07-22,39.99,19.99,20.000000000000004,100.05002501250628,197,211,2.0,38.83931506849315,4.0,0
2022-07-23,39.99,19.99,20.000000000000004,100.05002501250628,198,212,2.0,38.83931506849315,4.0,0
2022-07-24,39.99,19.99,20.000000000000004,100.05002501250628,199,213,2.0,38.83931506849315,4.0,0
2022-07-25,39.99,19.99,20.000000000000004,100.05002501250628,200,214,2.0,38.83931506849315,4.0,0
2022-07-26,39.99,19.99,20.000000000000004,100.05002501250628,201,215,2.0,38.83931506849315,4.0,0
2022-07-27,39.99,19.99,20.000000000000004,100.05002501250628,202,216,2.0,38.83931506849315,4.0,0
2022-07-28,39.99,19.99,20.000000000000004,100.05002501250628,203,217,2.0,38.83931506849316,4.0,0
2022-07-29,39.99,19.99,20.000000000000004,100.05002501250628,204,218,2.0,38.83931506849315,4.0,0
2022-07-30,39.99,19.99,20.000000000000004,100.05002501250628,205,219,2.0,38.83931506849315,4.0,0
2022-07-31,39.99,19.99,20.000000000000004,100.05002501250628,206,220,2.0,38.83931506849315,4.0,0
2022-08-01,39.99,19.99,20.000000000000004,100.05002501250628,207,221,2.0,38.83931506849315,4.0,0
2022-08-02,39.99,19.99,20.000000000000004,100.05002501250628,208,222,2.0,38.83931506849315,4.0,0
2022-08-03,39.99,19.99,20.000000000000004,100.05002501250628,209,223,2.0,38.83931506849315,4.0,0
2022-08-04,39.99,19.99,20.000000000000004,100.05002501250628,210,224,2.0,38.83931506849315,4.0,0
2022-08-05,39.99,19.99,20.000000000000004,100.05002501250628,211,225,2.0,38.83931506849316,4.0,0
2022-08-06,39.99,19.99,20.000000000000004,100.05002501250628,212,226,2.0,38.83931506849315,4.0,0
2022-08-07,39.99,19.99,20.000000000000004,100.05002501250628,213,227,2.0,38.83931506849315,4.0,0
2022-08-08,39.99,19.99,20.000000000000004,100.05002501250628,214,228,2.0,38.83931506849315,4.0,0
2022-08-09,39.99,19.99,20.000000000000004,100.05002501250628,215,229,2.0,38.83931506849315,4.0,0
2022-08-10,39.99,19.99,20.000000000000004,100.05002501250628,216,230,2.0,38.83931506849315,4.0,0
2022-08-11,39.99,19.99,20.000000000000004,100.05002501250628,217,231,2.0,38.83931506849315,4.0,0
2022-08-12,39.99,19.99,20.000000000000004,100.05002501250628,218,232,2.0,38.83931506849315,4.0,0
2022-08-13,39.99,19.99,20.000000000000004,100.05002501250628,219,233,2.0,38.83931506849316,4.0,0
2022-08-14,39.99,19.99,20.000000000000004,100.05002501250628,220,234,2.0,38.83931506849315,4.0,0
2022-08-15,39.99,19.99,20.000000000000004,100.05002501250628,221,235,2.0,38.83931506849315,4.0,0
2022-08-16,39.99,19.99,20.000000000000004,100.05002501250628,222,236,2.0,38.83931506849315,4.0,0
2022-08-17,39.99,19.99,20.000000000000004,100.05002501250628,223,237,2.0,38.83931506849315,4.0,0
2022-08-18,39.99,19.99,20.000000000000004,100.05002501250628,224,238,2.0,38.83931506849315,4.0,0
2022-08-19,39.99,19.99,20.000000000000004,100.05002501250628,225,239,2.0,38.83931506849315,4.0,0
2022-08-20,39.99,19.99,20.000000000000004,100.05002501250628,226,240,2.0,38.83931506849315,4.0,0
2022-08-21,39.99,19.99,20.000000000000004,100.05002501250628,227,241,2.0,38.83931506849316,4.0,0
2022-08-22,39.99,19.99,20.000000000000004,100.05002501250628,228,242,2.0,38.83931506849316,4.0,0
2022-08-23,39.99,19.99,20.000000000000004,100.05002501250628,229,243,2.0,38.83931506849315,4.0,0
2022-08-24,39.99,19.99,20.000000000000004,100.05002501250628,230,244,2.0,38.83931506849315,4.0,0
2022-08-25,39.99,19.99,20.000000000000004,100.05002501250628,231,245,2.0,38.83931506849315,4.0,0
2022-08-26,39.99,19.99,20.000000000000004,100.05002501250628,232,246,2.0,38.83931506849315,4.0,0
2022-08-27,39.99,19.99,20.000000000000004,100.05002501250628,233,247,2.0,38.83931506849315,4.0,0
2022-08-28,39.99,19.99,20.000000000000004,100.05002501250628,234,248,2.0,38.83931506849315,4.0,0
2022-08-29,39.99,19.99,20.000000000000004,100.05002501250628,235,249,2.0,38.83931506849315,4.0,0
2022-08-30,39.99,19.99,20.000000000000004,100.05002501250628,236,250,2.0,38.83931506849316,4.0,0
2022-08-31,39.99,19.99,20.000000000000004,100.05002501250628,237,251,2.0,38.83931506849315,4.0,0
2022-09-01,39.99,19.99,20.000000000000004,100.05002501250628,238,252,2.0,38.83931506849315,4.0,0
2022-09-02,39.99,19.99,20.000000000000004,100.05002501250628,239,253,2.0,38.83931506849315,4.0,0
2022-09-03,39.99,19.99,20.000000000000004,100.05002501250628,240,254,2.0,38.83931506849315,4.0,0
2022-09-04,39.99,19.99,20.000000000000004,100.05002501250628,241,255,2.0,38.83931506849315,4.0,0
2022-09-05,39.99,19.99,20.000000000000004,100.05002501250628,242,256,2.0,38.83931506849315,4.0,0
2022-09-06,39.99,19.99,20.000000000000004,100.05002501250628,243,257,2.0,38.83931506849315,4.0,0
2022-09-07,39.99,19.99,20.000000000000004,100.05002501250628,244,258,2.0,38.83931506849316,4.0,0
2022-09-08,39.99,19.99,20.000000000000004,100.05002501250628,245,259,2.0,38.83931506849315,4.0,0
2022-09-09,39.99,19.99,20.000000000000004,100.05002501250628,246,260,2.0,38.83931506849315,4.0,0
2022-09-10,39.99,19.99,20.000000000000004,100.05002501250628,247,261,2.0,38.83931506849315,4.0,0
2022-09-11,39.99,19.99,20.000000000000004,100.05002501250628,248,262,2.0,38.83931506849315,4.0,0
2022-09-12,39.99,19.99,20.000000000000004,100.05002501250628,249,263,2.0,38.83931506849315,4.0,0
2022-09-13,39.99,19.99,20.000000000000004,100.05002501250628,250,264,2.0,38.83931506849315,4.0,0
2022-09-14,39.99,19.99,20.000000000000004,100.05002501250628,251,265,2.0,38.83931506849315,4.0,0
2022-09-15,39.99,19.99,20.000000000000004,100.05002501250628,252,266,2.0,38.83931506849316,4.0,0
2022-09-16,39.99,19.99,20.000000000000004,100.05002501250628,253,267,2.0,38.83931506849315,4.0,0
2022-09-17,39.99,19.99,20.000000000000004,100.05002501250628,254,268,2.0,38.83931506849315,4.0,0
2022-09-18,39.99,19.99,20.000000000000004,100.05002501250628,255,269,2.0,38.83931506849315,4.0,0
2022-09-19,39.99,19.99,20.000000000000004,100.05002501250628,256,270,2.0,38.83931506849315,4.0,0
2022-09-20,39.99,19.99,20.000000000000004,100.05002501250628,257,271,2.0,38.83931506849315,4.0,0
2022-09-21,39.99,19.99,20.000000000000004,100.05002501250628,258,272,2.0,38.83931506849315,4.0,0
2022-09-22,39.99,19.99,20.000000000000004,100.05002501250628,259,273,2.0,38.83931506849315,4.0,0
2022-09-23,39.99,19.99,20.000000000000004,100.05002501250628,260,274,2.0,38.83931506849316,4.0,0
2022-09-24,39.99,19.99,20.000000000000004,100.05002501250628,261,275,2.0,38.83931506849316,4.0,0
2022-09-25,39.99,19.99,20.000000000000004,100.05002501250628,262,276,2.0,38.83931506849315,4.0,0
2022-09-26,39.99,19.99,20.000000000000004,100.05002501250628,263,277,2.0,38.83931506849315,4.0,0
2022-09-27,39.99,19.99,20.000000000000004,100.05002501250628,264,278,2.0,38.83931506849315,4.0,0
2022-09-28,39.99,19.99,20.000000000000004,100.05002501250628,265,279,2.0,38.83931506849315,4.0,0
2022-09-29,39.99,19.99,20.000000000000004,100.05002501250628,266,280,2.0,38.83931506849315,4.0,0
2022-09-30,39.99,19.99,20.000000000000004,100.05002501250628,267,281,2.0,38.83931506849315,4.0,0
2022-10-01,39.99,19.99,20.000000000000004,100.05002501250628,268,282,2.0,38.83931506849315,4.0,0
2022-10-02,39.99,19.99,20.000000000000004,100.05002501250628,269,283,2.0,38.83931506849316,4.0,0
2022-10-03,39.99,19.99,20.000000000000004,100.05002501250628,270,284,2.0,38.83931506849315,4.0,0
2022-10-04,39.99,19.99,20.000000000000004,100.05002501250628,271,285,2.0,38.83931506849315,4.0,0
2022-10-05,39.99,19.99,20.000000000000004,100.05002501250628,272,286,2.0,38.83931506849315,4.0,0
2022-10-06,39.99,19.99,20.000000000000004,100.05002501250628,273,287,2.0,38.83931506849315,4.0,0
2022-10-07,39.99,19.99,20.000000000000004,100.05002501250628,274,288,2.0,38.83931506849315,4.0,0
2022-10-08,39.99,19.99,20.000000000000004,100.05002501250628,275,289,2.0,38.83931506849315,4.0,0
2022-10-09,39.99,19.99,20.000000000000004,100.05002501250628,276,290,2.0,38.83931506849315,4.0,0
2022-10-10,39.99,19.99,20.000000000000004,100.05002501250628,277,291,2.0,38.83931506849316,4.0,0
2022-10-11,39.99,19.99,20.000000000000004,100.05002501250628,278,292,2.0,38.83931506849315,4.0,0
2022-10-12,39.99,19.99,20.000000000000004,100.05002501250628,279,293,2.0,38.83931506849315,4.0,0
2022-10-13,39.99,19.99,20.000000000000004,100.05002501250628,280,294,2.0,38.83931506849315,4.0,0
2022-10-14,39.99,19.99,20.000000000000004,100.05002501250628,281,295,2.0,38.83931506849315,4.0,0
2022-10-15,39.99,19.99,20.000000000000004,100.05002501250628,282,296,2.0,38.83931506849315,4.0,0
2022-10-16,39.99,19.99,20.000000000000004,100.05002501250628,283,297,2.0,38.83931506849315,4.0,0
2022-10-17,39.99,19.99,20.000000000000004,100.05002501250628,284,298,2.0,38.83931506849315,4.0,0
2022-10-18,39.99,19.99,20.000000000000004,100.05002501250628,285,299,2.0,38.83931506849316,4.0,0
2022-10-19,39.99,19.99,20.000000000000004,100.05002501250628,286,300,2.0,38.83931506849315,4.0,0
2022-10-20,39.99,19.99,20.000000000000004,100.05002501250628,287,301,2.0,38.83931506849315,4.0,0
2022-10-21,39.99,19.99,20.000000000000004,100.05002501250628,288,302,2.0,38.83931506849315,4.0,0
2022-10-22,39.99,19.99,20.000000000000004,100.05002501250628,289,303,2.0,38.83931506849315,4.0,0
2022-10-23,39.99,19.99,20.000000000000004,100.05002501250628,290,304,2.0,38.83931506849315,4.0,0
2022-10-24,39.99,19.99,20.000000000000004,100.05002501250628,291,305,2.0,38.83931506849315,4.0,0
2022-10-25,39.99,19.99,20.000000000000004,100.05002501250628,292,306,2.0,38.83931506849315,4.0,0
2022-10-26,39.99,19.99,20.000000000000004,100.05002501250628,293,307,2.0,38.83931506849316,4.0,0
2022-10-27,39.99,19.99,20.000000000000004,100.05002501250628,294,308,2.0,38.83931506849316,4.0,0
2022-10-28,39.99,19.99,20.000000000000004,100.05002501250628,295,309,2.0,38.83931506849315,4.0,0
2022-10-29,39.99,19.99,20.000000000000004,100.05002501250628,296,310,2.0,38.83931506849315,4.0,0
2022-10-30,39.99,19.99,20.000000000000004,100.05002501250628,297,311,2.0,38.83931506849315,4.0,0
2022-10-31,39.99,19.99,20.000000000000004,100.05002501250628,298,312,2.0,38.83931506849315,4.0,0
2022-11-01,39.99,19.99,20.000000000000004,100.05002501250628,299,313,2.0,38.83931506849315,4.0,0
2022-11-02,39.99,19.99,20.000000000000004,100.05002501250628,300,314,2.0,38.83931506849315,4.0,0
2022-11-03,39.99,19.99,20.000000000000004,100.05002501250628,301,315,2.0,38.83931506849315,4.0,0
2022-11-04,39.99,19.99,20.000000000000004,100.05002501250628,302,316,2.0,38.83931506849316,4.0,0
2022-11-05,39.99,19.99,20.000000000000004,100.05002501250628,303,317,2.0,38.83931506849315,4.0,0
2022-11-06,39.99,19.99,20.000000000000004,100.05002501250628,304,318,2.0,38.83931506849315,4.0,0
2022-11-07,39.99,19.99,20.000000000000004,100.05002501250628,305,319,2.0,38.83931506849315,4.0,0
2022-11-08,39.99,19.99,20.000000000000004,100.05002501250628,306,320,2.0,38.83931506849315,4.0,0
2022-11-09,39.99,19.99,20.000000000000004,100.05002501250628,307,321,2.0,38.83931506849315,4.0,0
2022-11-10,39.99,19.99,20.000000000000004,100.05002501250628,308,322,2.0,38.83931506849315,4.0,0
2022-11-11,39.99,19.99,20.000000000000004,100.05002501250628,309,323,2.0,38.83931506849315,4.0,0
2022-11-12,39.99,19.99,20.000000000000004,100.05002501250628,310,324,2.0,38.83931506849316,4.0,0
2022-11-13,39.99,19.99,20.000000000000004,100.05002501250628,311,325,2.0,38.83931506849315,4.0,0
2022-11-14,39.99,19.99,20.000000000000004,100.05002501250628,312,326,2.0,38.83931506849315,4.0,0
2022-11-15,39.99,19.99,20.000000000000004,100.05002501250628,313,327,2.0,38.83931506849315,4.0,0
2022-11-16,39.99,19.99,20.000000000000004,100.05002501250628,314,328,2.0,38.83931506849315,4.0,0
2022-11-17,39.99,19.99,20.000000000000004,100.05002501250628,315,329,2.0,38.83931506849315,4.0,0
2022-11-18,39.99,19.99,20.000000000000004,100.05002501250628,316,330,2.0,38.83931506849315,4.0,0
2022-11-19,39.99,19.99,20.000000000000004,100.05002501250628,317,331,2.0,38.83931506849315,4.0,0
2022-11-20,39.99,19.99,20.000000000000004,100.05002501250628,318,332,2.0,38.83931506849316,4.0,0
2022-11-21,39.99,19.99,20.000000000000004,100.05002501250628,319,333,2.0,38.83931506849315,4.0,0
2022-11-22,39.99,19.99,20.000000000000004,100.05002501250628,320,334,2.0,38.83931506849315,4.0,0
2022-11-23,39.99,19.99,20.000000000000004,100.05002501250628,321,335,2.0,38.83931506849315,4.0,0
2022-11-24,39.99,19.99,20.000000000000004,100.05002501250628,322,336,2.0,38.83931506849315,4.0,0
2022-11-25,39.99,19.99,20.000000000000004,100.05002501250628,323,337,2.0,38.83931506849315,4.0,0
2022-11-26,39.99,19.99,20.000000000000004,100.05002501250628,324,338,1.0,38.89410958904109,3.0,0
2022-11-27,39.99,19.99,20.000000000000004,100.05002501250628,325,339,1.0,38.948904109589044,3.0,0
2022-11-28,39.99,19.99,20.000000000000004,100.05002501250628,326,340,1.0,39.003698630136995,3.0,0
2022-11-29,39.99,19.99,20.000000000000004,100.05002501250628,327,341,1.0,39.05849315068494,3.0,0
2022-11-30,39.99,19.99,20.000000000000004,100.05002501250628,328,342,1.0,39.113287671232875,3.0,0
2022-12-01,39.99,19.99,20.000000000000004,100.05002501250628,329,343,1.0,39.168082191780826,3.0,0
2022-12-02,39.99,19.99,20.000000000000004,100.05002501250628,330,344,1.0,39.22287671232877,3.0,0
2022-12-03,39.99,19.99,20.000000000000004,100.05002501250628,331,345,1.0,39.22287671232877,2.0,0
2022-12-04,39.99,19.99,20.000000000000004,100.05002501250628,332,346,1.0,39.22287671232877,2.0,0
2022-12-05,39.99,19.99,20.000000000000004,100.05002501250628,333,347,1.0,39.22287671232877,2.0,0
2022-12-06,39.99,19.99,20.000000000000004,100.05002501250628,334,348,1.0,39.22287671232877,2.0,0
2022-12-07,39.99,19.99,20.000000000000004,100.05002501250628,335,349,1.0,39.22287671232877,2.0,0
2022-12-08,39.99,19.99,20.000000000000004,100.05002501250628,336,350,1.0,39.22287671232877,2.0,0
2022-12-09,39.99,19.99,20.000000000000004,100.05002501250628,337,351,1.0,39.22287671232877,2.0,0
2022-12-10,39.99,19.99,20.000000000000004,100.05002501250628,338,352,1.0,39.22287671232877,2.0,0
2022-12-11,39.99,19.99,20.000000000000004,100.05002501250628,339,353,1.0,39.22287671232877,2.0,0
2022-12-12,39.99,19.99,20.000000000000004,100.05002501250628,340,354,1.0,39.22287671232877,2.0,0
2022-12-13,39.99,19.99,20.000000000000004,100.05002501250628,341,355,1.0,39.22287671232877,2.0,0
2022-12-14,39.99,19.99,20.000000000000004,100.05002501250628,342,356,1.0,39.22287671232877,2.0,0
2022-12-15,39.99,19.99,20.000000000000004,100.05002501250628,343,357,1.0,39.22287671232877,2.0,0
2022-12-16,39.99,19.99,20.000000000000004,100.05002501250628,344,358,1.0,39.22287671232877,2.0,0
2022-12-17,39.99,19.99,20.000000000000004,100.05002501250628,345,359,1.0,39.22287671232877,2.0,0
2022-12-18,39.99,19.99,20.000000000000004,100.05002501250628,346,360,1.0,39.22287671232877,2.0,0
2022-12-19,39.99,19.99,20.000000000000004,100.05002501250628,347,361,1.0,39.22287671232877,2.0,0
2022-12-20,39.99,19.99,20.000000000000004,100.05002501250628,348,362,1.0,39.22287671232877,2.0,0
2022-12-21,39.99,19.99,20.000000000000004,100.05002501250628,349,363,1.0,39.22287671232877,2.0,0
2022-12-22,39.99,19.99,20.000000000000004,100.05002501250628,350,364,1.0,39.22287671232877,2.0,0
2022-12-23,39.99,19.99,20.000000000000004,100.05002501250628,351,365,1.0,39.22287671232877,2.0,0
2022-12-24,39.99,19.99,20.000000000000004,100.05002501250628,352,366,0.0,39.27767123287672,1.0,0
2022-12-25,39.99,19.99,20.000000000000004,100.05002501250628,353,367,0.0,39.33246575342466,1.0,0
2022-12-26,39.99,19.99,20.000000000000004,100.05002501250628,354,368,0.0,39.3872602739726,1.0,0
2022-12-27,39.99,19.99,20.000000000000004,100.05002501250628,355,369,0.0,39.44205479452055,1.0,0
2022-12-28,39.99,19.99,20.000000000000004,100.05002501250628,356,370,0.0,39.496849315068495,1.0,0
2022-12-29,39.99,19.99,20.000000000000004,100.05002501250628,357,371,0.0,39.55164383561644,1.0,0
2022-12-30,39.99,19.99,20.000000000000004,100.05002501250628,358,372,0.0,39.60643835616438,1.0,0
2022-12-31,39.99,19.99,20.000000000000004,100.05002501250628,359,373,0.0,39.66123287671233,1.0,0
2023-01-01,39.99,19.99,20.000000000000004,100.05002501250628,360,374,0.0,39.71602739726028,1.0,0
2023-01-02,39.99,19.99,20.000000000000004,100.05002501250628,361,375,0.0,39.77082191780822,1.0,0
2023-01-03,39.99,19.99,20.000000000000004,100.05002501250628,362,376,0.0,39.825616438356164,1.0,0
2023-01-04,39.99,19.99,20.000000000000004,100.05002501250628,363,377,0.0,39.88041095890411,1.0,0
2023-01-05,39.99,19.99,20.000000000000004,100.05002501250628,364,378,0.0,39.93520547945206,1.0,0
2023-01-06,39.99,19.99,20.000000000000004,100.05002501250628,365,379,0.0,39.99,1.0,0
2023-01-07,39.99,19.99,20.000000000000004,100.05002501250628,366,380,0.0,39.99,0.0,0
2023-01-08,39.99,19.99,20.000000000000004,100.05002501250628,367,381,0.0,39.99,0.0,0
2023-01-09,39.99,19.99,20.000000000000004,100.05002501250628,368,382,0.0,39.99,0.0,0
2023-01-10,39.99,19.99,20.000000000000004,100.05002501250628,369,383,0.0,39.99,0.0,0
2023-01-11,39.99,19.99,20.000000000000004,100.05002501250628,370,384,0.0,39.99,0.0,0
2023-01-12,39.99,19.99,20.000000000000004,100.05002501250628,371,385,0.0,39.99,0.0,0
2023-01-13,39.99,19.99,20.000000000000004,100.05002501250628,372,386,0.0,39.99,0.0,0
2023-01-14,39.99,19.99,20.000000000000004,100.05002501250628,373,387,0.0,39.99,0.0,0
2023-01-15,39.99,19.99,20.000000000000004,100.05002501250628,374,388,0.0,39.99,0.0,0
2023-01-16,39.99,19.99,20.000000000000004,100.05002501250628,375,389,0.0,39.99,0.0,0
2023-01-17,39.99,19.99,20.000000000000004,100.05002501250628,376,390,0.0,39.99,0.0,0
2023-01-18,39.99,19.99,20.000000000000004,100.05002501250628,377,391,0.0,39.99,0.0,0
2023-01-19,39.99,19.99,20.000000000000004,100.05002501250628,378,392,0.0,39.99,0.0,0
2023-01-20,39.99,19.99,20.000000000000004,100.05002501250628,379,393,0.0,39.99,0.0,0
2023-01-21,39.99,19.99,20.000000000000004,100.05002501250628,380,394,0.0,39.99,0.0,0
2023-01-22,39.99,19.99,20.000000000000004,100.05002501250628,381,395,0.0,39.99,0.0,0
2023-01-23,39.99,19.99,20.000000000000004,100.05002501250628,382,396,0.0,39.99,0.0,0
2023-01-24,39.99,19.99,20.000000000000004,100.05002501250628,383,397,0.0,39.99,0.0,0
2023-01-25,39.99,19.99,20.000000000000004,100.05002501250628,384,398,0.0,39.99,0.0,0
2023-01-26,39.99,19.99,20.000000000000004,100.05002501250628,385,399,0.0,39.99,0.0,0
2023-01-27,39.99,19.99,20.000000000000004,100.05002501250628,386,400,0.0,39.99,0.0,0
2023-01-28,39.99,19.99,20.000000000000004,100.05002501250628,387,401,0.0,39.99,0.0,0
2023-01-29,39.99,19.99,20.000000000000004,100.05002501250628,388,402,0.0,39.99,0.0,0
2023-01-30,39.99,19.99,20.000000000000004,100.05002501250628,389,403,0.0,39.99,0.0,0
2023-01-31,39.99,19.99,20.000000000000004,100.05002501250628,390,404,0.0,39.99,0.0,0
2023-02-01,39.99,19.99,20.000000000000004,100.05002501250628,391,405,0.0,39.99,0.0,0
2023-02-02,39.99,19.99,20.000000000000004,100.05002501250628,392,406,0.0,39.99,0.0,0
2023-02-03,39.99,19.99,20.000000000000004,100.05002501250628,393,407,0.0,39.99,0.0,0
2023-02-04,39.99,19.99,20.000000000000004,100.05002501250628,394,408,0.0,39.99,0.0,0
2023-02-05,39.99,19.99,20.000000000000004,100.05002501250628,395,409,0.0,39.99,0.0,0
2023-02-06,39.99,19.99,20.000000000000004,100.05002501250628,396,410,0.0,39.99,0.0,0
2023-02-07,39.99,19.99,20.000000000000004,100.05002501250628,397,411,0.0,39.99,0.0,0
2023-02-08,39.99,19.99,20.000000000000004,100.05002501250628,398,412,0.0,39.99,0.0,0
2023-02-09,39.99,19.99,20.000000000000004,100.05002501250628,399,413,0.0,39.99,0.0,0
2023-02-10,39.99,19.99,20.000000000000004,100.05002501250628,400,414,0.0,39.99,0.0,0
2023-02-11,39.99,19.99,20.000000000000004,100.05002501250628,401,415,0.0,39.99,0.0,0
2023-02-12,39.99,19.99,20.000000000000004,100.05002501250628,402,416,0.0,39.99,0.0,0
2023-02-13,39.99,19.99,20.000000000000004,100.05002501250628,403,417,0.0,39.99,0.0,0
2023-02-14,39.99,19.99,20.000000000000004,100.05002501250628,404,418,0.0,39.99,0.0,0
2023-02-15,39.99,19.99,20.000000000000004,100.05002501250628,405,419,0.0,39.99,0.0,0
2023-02-16,39.99,19.99,20.000000000000004,100.05002501250628,406,420,0.0,39.99,0.0,0
2023-02-17,39.99,19.99,20.000000000000004,100.05002501250628,407,421,0.0,39.99,0.0,0
2023-02-18,39.99,19.99,20.000000000000004,100.05002501250628,408,422,0.0,39.99,0.0,0
2023-02-19,39.99,19.99,20.000000000000004,100.05002501250628,409,423,0.0,39.99,0.0,0
2023-02-20,39.99,19.99,20.000000000000004,100.05002501250628,410,424,0.0,39.99,0.0,0
2023-02-21,39.99,19.99,20.000000000000004,100.05002501250628,411,425,0.0,39.99,0.0,0
2023-02-22,39.99,19.99,20.000000000000004,100.05002501250628,412,426,0.0,39.99,0.0,0
2023-02-23,39.99,19.99,20.000000000000004,100.05002501250628,413,427,0.0,39.99,0.0,0
2023-02-24,39.99,19.99,20.000000000000004,100.05002501250628,414,428,0.0,39.99,0.0,0
2023-02-25,39.99,19.99,20.000000000000004,100.05002501250628,415,429,0.0,39.99,0.0,0
2023-02-26,39.99,19.99,20.000000000000004,100.05002501250628,416,430,0.0,39.99,0.0,0
2023-02-27,39.99,19.99,20.000000000000004,100.05002501250628,417,431,0.0,39.99,0.0,0
2023-02-28,39.99,19.99,20.000000000000004,100.05002501250628,418,432,0.0,39.99,0.0,0
2023-03-01,39.99,19.99,20.000000000000004,100.05002501250628,419,433,0.0,39.99,0.0,0
2023-03-02,39.99,19.99,20.000000000000004,100.05002501250628,420,434,0.0,39.99,0.0,0
2023-03-03,39.99,19.99,20.000000000000004,100.05002501250628,421,435,0.0,39.99,0.0,0
2023-03-04,39.99,19.99,20.000000000000004,100.05002501250628,422,436,0.0,39.99,0.0,0
2023-03-05,39.99,19.99,20.000000000000004,100.05002501250628,423,437,0.0,39.99,0.0,0
2023-03-06,39.99,19.99,20.000000000000004,100.05002501250628,424,438,0.0,39.99,0.0,0
2023-03-07,39.99,19.99,20.000000000000004,100.05002501250628,425,439,0.0,39.99,0.0,0
2023-03-08,39.99,19.99,20.000000000000004,100.05002501250628,426,440,0.0,39.99,0.0,0
2023-03-09,39.99,19.99,20.000000000000004,100.05002501250628,427,441,0.0,39.99,0.0,0
2023-03-10,39.99,19.99,20.000000000000004,100.05002501250628,428,442,0.0,39.99,0.0,0
2023-03-11,39.99,19.99,20.000000000000004,100.05002501250628,429,443,0.0,39.99,0.0,0
2023-03-12,39.99,19.99,20.000000000000004,100.05002501250628,430,444,0.0,39.99,0.0,0
2023-03-13,39.99,19.99,20.000000000000004,100.05002501250628,431,445,0.0,39.99,0.0,0
2023-03-14,39.99,19.99,20.000000000000004,100.05002501250628,432,446,0.0,39.99,0.0,0
2023-03-15,39.99,19.99,20.000000000000004,100.05002501250628,433,447,0.0,39.99,0.0,0
2023-03-16,39.99,19.99,20.000000000000004,100.05002501250628,434,448,0.0,39.99,0.0,0
2023-03-17,39.99,19.99,20.000000000000004,100.05002501250628,435,449,0.0,39.99,0.0,0
2023-03-18,39.99,19.99,20.000000000000004,100.05002501250628,436,450,0.0,39.99,0.0,0
2023-03-19,39.99,19.99,20.000000000000004,100.05002501250628,437,451,0.0,39.99,0.0,0
2023-03-20,39.99,19.99,20.000000000000004,100.05002501250628,438,452,0.0,39.99,0.0,0
2023-03-21,39.99,19.99,20.000000000000004,100.05002501250628,439,453,0.0,39.99,0.0,0
2023-03-22,39.99,19.99,20.000000000000004,100.05002501250628,440,454,0.0,39.99,0.0,0
2023-03-23,39.99,19.99,20.000000000000004,100.05002501250628,441,455,0.0,39.99,0.0,0
2023-03-24,39.99,19.99,20.000000000000004,100.05002501250628,442,456,0.0,39.99,0.0,0
2023-03-25,39.99,19.99,20.000000000000004,100.05002501250628,443,457,0.0,39.99,0.0,0
2023-03-26,39.99,19.99,20.000000000000004,100.05002501250628,444,458,0.0,39.99,0.0,0
2023-03-27,39.99,19.99,20.000000000000004,100.05002501250628,445,459,0.0,39.99,0.0,0
2023-03-28,39.99,19.99,20.000000000000004,100.05002501250628,446,460,0.0,39.99,0.0,0
2023-03-29,39.99,19.99,20.000000000000004,100.05002501250628,447,461,0.0,39.99,0.0,0
2023-03-30,39.99,19.99,20.000000000000004,100.05002501250628,448,462,0.0,39.99,0.0,0
2023-03-31,39.99,19.99,20.000000000000004,100.05002501250628,449,463,0.0,39.99,0.0,0
2023-04-01,39.99,19.99,20.000000000000004,100.05002501250628,450,464,0.0,39.99,0.0,0
2023-04-02,39.99,19.99,20.000000000000004,100.05002501250628,451,465,0.0,39.99,0.0,0
2023-04-03,39.99,19.99,20.000000000000004,100.05002501250628,452,466,0.0,39.99,0.0,0
2023-04-04,39.99,19.99,20.000000000000004,100.05002501250628,453,467,0.0,39.99,0.0,0
2023-04-05,39.99,19.99,20.000000000000004,100.05002501250628,454,468,0.0,39.99,0.0,0
2023-04-06,39.99,19.99,20.000000000000004,100.05002501250628,455,469,0.0,39.99,0.0,0
2023-04-07,39.99,19.99,20.000000000000004,100.05002501250628,456,470,0.0,39.99,0.0,0
2023-04-08,39.99,19.99,20.000000000000004,100.05002501250628,457,471,0.0,39.99,0.0,0
2023-04-09,39.99,19.99,20.000000000000004,100.05002501250628,458,472,0.0,39.99,0.0,0
2023-04-10,39.99,19.99,20.000000000000004,100.05002501250628,459,473,0.0,39.99,0.0,0
2023-04-11,39.99,19.99,20.000000000000004,100.05002501250628,460,474,0.0,39.99,0.0,0
2023-04-12,39.99,19.99,20.000000000000004,100.05002501250628,461,475,0.0,39.99,0.0,0
2023-04-13,39.99,19.99,20.000000000000004,100.05002501250628,462,476,0.0,39.99,0.0,0
2023-04-14,39.99,19.99,20.000000000000004,100.05002501250628,463,477,0.0,39.99,0.0,0
2023-04-15,39.99,19.99,20.000000000000004,100.05002501250628,464,478,0.0,39.99,0.0,0
2023-04-16,39.99,19.99,20.000000000000004,100.05002501250628,465,479,0.0,39.99,0.0,0
2023-04-17,39.99,19.99,20.000000000000004,100.05002501250628,466,480,0.0,39.99,0.0,0
2023-04-18,39.99,19.99,20.000000000000004,100.05002501250628,467,481,0.0,39.99,0.0,0
2023-04-19,39.99,19.99,20.000000000000004,100.05002501250628,468,482,0.0,39.99,0.0,0
2023-04-20,39.99,19.99,20.000000000000004,100.05002501250628,469,483,0.0,39.99,0.0,0
2023-04-21,39.99,19.99,20.000000000000004,100.05002501250628,470,484,0.0,39.99,0.0,0
2023-04-22,39.99,19.99,20.000000000000004,100.05002501250628,471,485,0.0,39.99,0.0,0
2023-04-23,39.99,19.99,20.000000000000004,100.05002501250628,472,486,0.0,39.99,0.0,0
2023-04-24,39.99,19.99,20.000000000000004,100.05002501250628,473,487,0.0,39.99,0.0,0
2023-04-25,39.99,19.99,20.000000000000004,100.05002501250628,474,488,0.0,39.99,0.0,0
2023-04-26,39.99,19.99,20.000000000000004,100.05002501250628,475,489,0.0,39.99,0.0,0
2023-04-27,39.99,19.99,20.000000000000004,100.05002501250628,476,490,0.0,39.99,0.0,0
2023-04-28,39.99,19.99,20.000000000000004,100.05002501250628,477,491,0.0,39.99,0.0,0
2023-04-29,39.99,19.99,20.000000000000004,100.05002501250628,478,492,0.0,39.99,0.0,0
2023-04-30,39.99,19.99,20.000000000000004,100.05002501250628,479,493,0.0,39.99,0.0,0
2023-05-01,39.99,19.99,20.000000000000004,100.05002501250628,480,494,0.0,39.99,0.0,0
2023-05-02,39.99,19.99,20.000000000000004,100.05002501250628,481,495,0.0,39.99,0.0,0
2023-05-03,39.99,19.99,20.000000000000004,100.05002501250628,482,496,0.0,39.99,0.0,0
2023-05-04,39.99,19.99,20.000000000000004,100.05002501250628,483,497,0.0,39.99,0.0,0
2023-05-05,39.99,19.99,20.000000000000004,100.05002501250628,484,498,0.0,39.99,0.0,0
2023-05-06,39.99,19.99,20.000000000000004,100.05002501250628,485,499,0.0,39.99,0.0,0
2023-05-07,39.99,19.99,20.000000000000004,100.05002501250628,486,500,0.0,39.99,0.0,0
2023-05-08,39.99,19.99,20.000000000000004,100.05002501250628,487,501,0.0,39.99,0.0,0
2023-05-09,39.99,19.99,20.000000000000004,100.05002501250628,488,502,0.0,39.99,0.0,0
2023-05-10,39.99,19.99,20.000000000000004,100.05002501250628,489,503,0.0,39.99,0.0,0
2023-05-11,39.99,19.99,20.000000000000004,100.05002501250628,490,504,0.0,39.99,0.0,0
2023-05-12,39.99,19.99,20.000000000000004,100.05002501250628,491,505,0.0,39.99,0.0,0
2023-05-13,39.99,19.99,20.000000000000004,100.05002501250628,492,506,0.0,39.99,0.0,0
2023-05-14,39.99,19.99,20.000000000000004,100.05002501250628,493,507,0.0,39.99,0.0,0
2023-05-15,39.99,19.99,20.000000000000004,100.05002501250628,494,508,0.0,39.99,0.0,0
2023-05-16,39.99,19.99,20.000000000000004,100.05002501250628,495,509,0.0,39.99,0.0,0
2023-05-17,39.99,19.99,20.000000000000004,100.05002501250628,496,510,0.0,39.99,0.0,0
2023-05-18,39.99,19.99,20.000000000000004,100.05002501250628,497,511,0.0,39.99,0.0,0
2023-05-19,39.99,19.99,20.000000000000004,100.05002501250628,498,512,0.0,39.99,0.0,0
2023-05-20,39.99,19.99,20.000000000000004,100.05002501250628,499,513,0.0,39.99,0.0,0
2023-05-21,39.99,19.99,20.000000000000004,100.05002501250628,500,514,0.0,39.99,0.0,0
2023-05-22,39.99,19.99,20.000000000000004,100.05002501250628,501,515,0.0,39.99,0.0,0
2023-05-23,39.99,19.99,20.000000000000004,100.05002501250628,502,516,0.0,39.99,0.0,0
2023-05-24,39.99,19.99,20.000000000000004,100.05002501250628,503,517,0.0,39.99,0.0,0
2023-05-25,39.99,19.99,20.000000000000004,100.05002501250628,504,518,0.0,39.99,0.0,0
2023-05-26,39.99,19.99,20.000000000000004,100.05002501250628,505,519,0.0,39.99,0.0,0
2023-05-27,39.99,19.99,20.000000000000004,100.05002501250628,506,520,0.0,39.99,0.0,0
2023-05-28,39.99,19.99,20.000000000000004,100.05002501250628,507,521,0.0,39.99,0.0,0
2023-05-29,39.99,19.99,20.000000000000004,100.05002501250628,508,522,0.0,39.99,0.0,0
2023-05-30,39.99,19.99,20.000000000000004,100.05002501250628,509,523,0.0,39.99,0.0,0
2023-05-31,39.99,19.99,20.000000000000004,100.05002501250628,510,524,0.0,39.99,0.0,1
2023-06-01,39.99,19.99,20.000000000000004,100.05002501250628,511,525,0.0,39.99,0.0,1
2023-06-02,39.99,19.99,20.000000000000004,100.05002501250628,512,526,0.0,39.99,0.0,1
2023-06-03,39.99,19.99,20.000000000000004,100.05002501250628,513,527,0.0,39.99,0.0,1
2023-06-04,39.99,19.99,20.000000000000004,100.05002501250628,514,528,0.0,39.99,0.0,1
2023-06-05,39.99,19.99,20.000000000000004,100.05002501250628,515,529,0.0,39.99,0.0,1
2023-06-06,39.99,19.99,20.000000000000004,100.05002501250628,516,530,0.0,39.99,0.0,1
2023-06-07,39.99,19.99,20.000000000000004,100.05002501250628,517,531,0.0,39.99,0.0,1
2023-06-08,39.99,19.99,20.000000000000004,100.05002501250628,518,532,0.0,39.99,0.0,1
2023-06-09,39.99,19.99,20.000000000000004,100.05002501250628,519,533,0.0,39.99,0.0,1
2023-06-10,39.99,19.99,20.000000000000004,100.05002501250628,520,534,0.0,39.99,0.0,1
2023-06-11,39.99,19.99,20.000000000000004,100.05002501250628,521,535,0.0,39.99,0.0,1
2023-06-12,39.99,19.99,20.000000000000004,100.05002501250628,522,536,0.0,39.99,0.0,1
2023-06-13,39.99,19.99,20.000000000000004,100.05002501250628,523,537,0.0,39.99,0.0,1
2023-06-14,39.99,19.99,20.000000000000004,100.05002501250628,524,538,0.0,39.99,0.0,1
2023-06-15,39.99,19.99,20.000000000000004,100.05002501250628,525,539,0.0,39.99,0.0,1
2023-06-16,39.99,19.99,20.000000000000004,100.05002501250628,526,540,0.0,39.99,0.0,1
2023-06-17,39.99,19.99,20.000000000000004,100.05002501250628,527,541,0.0,39.99,0.0,1
2023-06-18,39.99,19.99,20.000000000000004,100.05002501250628,528,542,0.0,39.99,0.0,1
2023-06-19,39.99,19.99,20.000000000000004,100.05002501250628,529,543,0.0,39.99,0.0,1
2023-06-20,39.99,19.99,20.000000000000004,100.05002501250628,530,544,0.0,39.99,0.0,1
2023-06-21,39.99,19.99,20.000000000000004,100.05002501250628,531,545,0.0,39.99,0.0,1
2023-06-22,39.99,19.99,20.000000000000004,100.05002501250628,532,546,0.0,39.99,0.0,1
2023-06-23,39.99,19.99,20.000000000000004,100.05002501250628,533,547,0.0,39.99,0.0,1
2023-06-24,39.99,19.99,20.000000000000004,100.05002501250628,534,548,0.0,39.99,0.0,1
2023-06-25,39.99,19.99,20.000000000000004,100.05002501250628,535,549,0.0,39.99,0.0,1
2023-06-26,39.99,19.99,20.000000000000004,100.05002501250628,536,550,0.0,39.99,0.0,1
2023-06-27,39.99,19.99,20.000000000000004,100.05002501250628,537,551,0.0,39.99,0.0,1
2023-06-28,39.99,19.99,20.000000000000004,100.05002501250628,538,552,0.0,39.99,0.0,1
2023-06-29,39.99,19.99,20.000000000000004,100.05002501250628,539,553,0.0,39.99,0.0,1
2023-06-30,19.99,19.99,0.0,0.0,0,0,0.0,39.99,0.0,0
2023-07-01,19.99,19.99,0.0,0.0,1,1,1.0,39.93520547945206,1.0,0
2023-07-02,19.99,19.99,0.0,0.0,2,2,1.0,39.880410958904115,1.0,0
2023-07-03,19.99,19.99,0.0,0.0,3,3,1.0,39.825616438356164,1.0,0
2023-07-04,19.99,19.99,0.0,0.0,4,4,1.0,39.77082191780822,1.0,0
2023-07-05,19.99,19.99,0.0,0.0,5,5,1.0,39.71602739726028,1.0,0
2023-07-06,19.99,19.99,0.0,0.0,6,6,1.0,39.66123287671233,1.0,0
2023-07-07,19.99,19.99,0.0,0.0,7,7,1.0,39.60643835616438,1.0,0
2023-07-08,19.99,19.99,0.0,0.0,8,8,1.0,39.55164383561644,1.0,0
2023-07-09,19.99,19.99,0.0,0.0,9,9,1.0,39.496849315068495,1.0,0
2023-07-10,19.99,19.99,0.0,0.0,10,10,1.0,39.44205479452055,1.0,0
2023-07-11,19.99,19.99,0.0,0.0,11,11,1.0,39.3872602739726,1.0,0
2023-07-12,19.99,19.99,0.0,0.0,12,12,1.0,39.33246575342466,1.0,0
2023-07-13,19.99,19.99,0.0,0.0,13,13,1.0,39.27767123287671,1.0,0
2023-07-14,39.99,19.99,20.000000000000004,100.05002501250628,0,14,1.0,39.22287671232877,1.0,0
2023-07-15,39.99,19.99,20.000000000000004,100.05002501250628,1,15,1.0,39.22287671232877,2.0,0
2023-07-16,39.99,19.99,20.000000000000004,100.05002501250628,2,16,1.0,39.22287671232877,2.0,0
2023-07-17,39.99,19.99,20.000000000000004,100.05002501250628,3,17,1.0,39.22287671232877,2.0,0
2023-07-18,39.99,19.99,20.000000000000004,100.05002501250628,4,18,1.0,39.22287671232877,2.0,0
2023-07-19,39.99,19.99,20.000000000000004,100.05002501250628,5,19,1.0,39.22287671232877,2.0,0
2023-07-20,39.99,19.99,20.000000000000004,100.05002501250628,6,20,1.0,39.22287671232877,2.0,0
2023-07-21,39.99,19.99,20.000000000000004,100.05002501250628,7,21,1.0,39.22287671232877,2.0,0
2023-07-22,39.99,19.99,20.000000000000004,100.05002501250628,8,22,1.0,39.22287671232877,2.0,0
2023-07-23,39.99,19.99,20.000000000000004,100.05002501250628,9,23,1.0,39.22287671232877,2.0,0
2023-07-24,39.99,19.99,20.000000000000004,100.05002501250628,10,24,1.0,39.22287671232877,2.0,0
2023-07-25,39.99,19.99,20.000000000000004,100.05002501250628,11,25,1.0,39.22287671232877,2.0,0
2023-07-26,39.99,19.99,20.000000000000004,100.05002501250628,12,26,1.0,39.22287671232877,2.0,0
2023-07-27,39.99,19.99,20.000000000000004,100.05002501250628,13,27,1.0,39.22287671232877,2.0,0
2023-07-28,39.99,19.99,20.000000000000004,100.05002501250628,14,28,1.0,39.22287671232877,2.0,0
2023-07-29,39.99,19.99,20.000000000000004,100.05002501250628,15,29,1.0,39.22287671232877,2.0,0
2023-07-30,39.99,19.99,20.000000000000004,100.05002501250628,16,30,1.0,39.22287671232877,2.0,0
2023-07-31,39.99,19.99,20.000000000000004,100.05002501250628,17,31,1.0,39.22287671232877,2.0,0
2023-08-01,39.99,19.99,20.000000000000004,100.05002501250628,18,32,1.0,39.22287671232877,2.0,0
2023-08-02,39.99,19.99,20.000000000000004,100.05002501250628,19,33,1.0,39.22287671232877,2.0,0
2023-08-03,39.99,19.99,20.000000000000004,100.05002501250628,20,34,1.0,39.22287671232877,2.0,0
2023-08-04,39.99,19.99,20.000000000000004,100.05002501250628,21,35,1.0,39.22287671232877,2.0,0
2023-08-05,39.99,19.99,20.000000000000004,100.05002501250628,22,36,1.0,39.22287671232877,2.0,0
2023-08-06,39.99,19.99,20.000000000000004,100.05002501250628,23,37,1.0,39.22287671232877,2.0,0
2023-08-07,39.99,19.99,20.000000000000004,100.05002501250628,24,38,1.0,39.22287671232877,2.0,0
2023-08-08,39.99,19.99,20.000000000000004,100.05002501250628,25,39,1.0,39.22287671232877,2.0,0
2023-08-09,39.99,19.99,20.000000000000004,100.05002501250628,26,40,1.0,39.22287671232877,2.0,1
2023-08-10,39.99,19.99,20.000000000000004,100.05002501250628,27,41,1.0,39.22287671232877,2.0,1
2023-08-11,39.99,19.99,20.000000000000004,100.05002501250628,28,42,1.0,39.22287671232877,2.0,1
2023-08-12,39.99,19.99,20.000000000000004,100.05002501250628,29,43,1.0,39.22287671232877,2.0,1
2023-08-13,39.99,19.99,20.000000000000004,100.05002501250628,30,44,1.0,39.22287671232877,2.0,1
2023-08-14,39.99,19.99,20.000000000000004,100.05002501250628,31,45,1.0,39.22287671232877,2.0,1
2023-08-15,39.99,19.99,20.000000000000004,100.05002501250628,32,46,1.0,39.22287671232877,2.0,1
2023-08-16,39.99,19.99,20.000000000000004,100.05002501250628,33,47,1.0,39.22287671232877,2.0,1
2023-08-17,39.99,19.99,20.000000000000004,100.05002501250628,34,48,1.0,39.22287671232877,2.0,1
2023-08-18,39.99,19.99,20.000000000000004,100.05002501250628,35,49,1.0,39.22287671232877,2.0,1
2023-08-19,39.99,19.99,20.000000000000004,100.05002501250628,36,50,1.0,39.22287671232877,2.0,1
2023-08-20,39.99,19.99,20.000000000000004,100.05002501250628,37,51,1.0,39.22287671232877,2.0,1
2023-08-21,39.99,19.99,20.000000000000004,100.05002501250628,38,52,1.0,39.22287671232877,2.0,1
2023-08-22,39.99,19.99,20.000000000000004,100.05002501250628,39,53,1.0,39.22287671232877,2.0,1
2023-08-23,39.99,19.99,20.000000000000004,100.05002501250628,40,54,1.0,39.22287671232877,2.0,1
2023-08-24,39.99,19.99,20.000000000000004,100.05002501250628,41,55,1.0,39.22287671232877,2.0,1
2023-08-25,39.99,19.99,20.000000000000004,100.05002501250628,42,56,1.0,39.22287671232877,2.0,1
2023-08-26,39.99,19.99,20.000000000000004,100.05002501250628,43,57,1.0,39.22287671232877,2.0,1
2023-08-27,39.99,19.99,20.000000000000004,100.05002501250628,44,58,1.0,39.22287671232877,2.0,1
2023-08-28,39.99,19.99,20.000000000000004,100.05002501250628,45,59,1.0,39.22287671232877,2.0,1
2023-08-29,39.99,19.99,20.000000000000004,100.05002501250628,46,60,1.0,39.22287671232877,2.0,1
2023-08-30,39.99,19.99,20.000000000000004,100.05002501250628,47,61,1.0,39.22287671232877,2.0,1
2023-08-31,39.99,19.99,20.000000000000004,100.05002501250628,48,62,1.0,39.22287671232877,2.0,1
2023-09-01,39.99,19.99,20.000000000000004,100.05002501250628,49,63,1.0,39.22287671232877,2.0,1
2023-09-02,39.99,19.99,20.000000000000004,100.05002501250628,50,64,1.0,39.22287671232877,2.0,1
2023-09-03,39.99,19.99,20.000000000000004,100.05002501250628,51,65,1.0,39.22287671232877,2.0,1
2023-09-04,39.99,19.99,20.000000000000004,100.05002501250628,52,66,1.0,39.22287671232877,2.0,1
2023-09-05,39.99,19.99,20.000000000000004,100.05002501250628,53,67,1.0,39.22287671232877,2.0,1
2023-09-06,39.99,19.99,20.000000000000004,100.05002501250628,54,68,1.0,39.22287671232877,2.0,1
2023-09-07,39.99,19.99,20.000000000000004,100.05002501250628,55,69,1.0,39.22287671232877,2.0,1
2023-09-08,19.99,19.99,0.0,0.0,0,0,1.0,39.22287671232877,2.0,0
2023-09-09,19.99,19.99,0.0,0.0,1,1,2.0,39.168082191780826,3.0,0
2023-09-10,19.99,19.99,0.0,0.0,2,2,2.0,39.113287671232875,3.0,0
2023-09-11,19.99,19.99,0.0,0.0,3,3,2.0,39.05849315068493,3.0,0
2023-09-12,39.99,19.99,20.000000000000004,100.05002501250628,0,4,2.0,39.00369863013699,3.0,0
2023-09-13,39.99,19.99,20.000000000000004,100.05002501250628,1,5,2.0,39.00369863013699,4.0,0
2023-09-14,39.99,19.99,20.000000000000004,100.05002501250628,2,6,2.0,39.003698630136995,4.0,0
2023-09-15,39.99,19.99,20.000000000000004,100.05002501250628,3,7,2.0,39.00369863013699,4.0,0
2023-09-16,39.99,19.99,20.000000000000004,100.05002501250628,4,8,2.0,39.00369863013699,4.0,0
2023-09-17,39.99,19.99,20.000000000000004,100.05002501250628,5,9,2.0,39.00369863013699,4.0,0
2023-09-18,39.99,19.99,20.000000000000004,100.05002501250628,6,10,2.0,39.00369863013699,4.0,0
2023-09-19,39.99,19.99,20.000000000000004,100.05002501250628,7,11,2.0,39.00369863013699,4.0,0
2023-09-20,39.99,19.99,20.000000000000004,100.05002501250628,8,12,2.0,39.00369863013699,4.0,0
2023-09-21,39.99,19.99,20.000000000000004,100.05002501250628,9,13,2.0,39.00369863013699,4.0,0
2023-09-22,39.99,19.99,20.000000000000004,100.05002501250628,10,14,2.0,39.003698630136995,4.0,0
2023-09-23,39.99,19.99,20.000000000000004,100.05002501250628,11,15,2.0,39.00369863013699,4.0,0
2023-09-24,39.99,19.99,20.000000000000004,100.05002501250628,12,16,2.0,39.00369863013699,4.0,0
2023-09-25,39.99,19.99,20.000000000000004,100.05002501250628,13,17,2.0,39.00369863013699,4.0,0
2023-09-26,39.99,19.99,20.000000000000004,100.05002501250628,14,18,2.0,39.00369863013699,4.0,0
2023-09-27,39.99,19.99,20.000000000000004,100.05002501250628,15,19,2.0,39.00369863013699,4.0,0
2023-09-28,39.99,19.99,20.000000000000004,100.05002501250628,16,20,2.0,39.00369863013699,4.0,0
2023-09-29,39.99,19.99,20.000000000000004,100.05002501250628,17,21,2.0,39.00369863013699,4.0,0
2023-09-30,39.99,19.99,20.000000000000004,100.05002501250628,18,22,2.0,39.003698630136995,4.0,0
2023-10-01,39.99,19.99,20.000000000000004,100.05002501250628,19,23,2.0,39.003698630136995,4.0,0
2023-10-02,39.99,19.99,20.000000000000004,100.05002501250628,20,24,2.0,39.00369863013699,4.0,0
2023-10-03,39.99,19.99,20.000000000000004,100.05002501250628,21,25,2.0,39.00369863013699,4.0,0
2023-10-04,39.99,19.99,20.000000000000004,100.05002501250628,22,26,2.0,39.00369863013699,4.0,0
2023-10-05,39.99,19.99,20.000000000000004,100.05002501250628,23,27,2.0,39.00369863013699,4.0,0
2023-10-06,39.99,19.99,20.000000000000004,100.05002501250628,24,28,2.0,39.00369863013699,4.0,0
2023-10-07,39.99,19.99,20.000000000000004,100.05002501250628,25,29,2.0,39.00369863013699,4.0,0
2023-10-08,39.99,19.99,20.000000000000004,100.05002501250628,26,30,2.0,39.003698630136995,4.0,0
2023-10-09,39.99,19.99,20.000000000000004,100.05002501250628,27,31,2.0,39.003698630136995,4.0,0
2023-10-10,39.99,19.99,20.000000000000004,100.05002501250628,28,32,2.0,39.00369863013699,4.0,0
2023-10-11,39.99,19.99,20.000000000000004,100.05002501250628,29,33,2.0,39.00369863013699,4.0,0
2023-10-12,39.99,19.99,20.000000000000004,100.05002501250628,30,34,2.0,39.00369863013699,4.0,0
2023-10-13,39.99,19.99,20.000000000000004,100.05002501250628,31,35,2.0,39.00369863013699,4.0,0
2023-10-14,39.99,19.99,20.000000000000004,100.05002501250628,32,36,2.0,39.00369863013699,4.0,0
2023-10-15,39.99,19.99,20.000000000000004,100.05002501250628,33,37,2.0,39.00369863013699,4.0,0
2023-10-16,39.99,19.99,20.000000000000004,100.05002501250628,34,38,2.0,39.00369863013699,4.0,0
2023-10-17,39.99,19.99,20.000000000000004,100.05002501250628,35,39,2.0,39.003698630136995,4.0,0
2023-10-18,39.99,19.99,20.000000000000004,100.05002501250628,36,40,2.0,39.00369863013699,4.0,0
2023-10-19,39.99,19.99,20.000000000000004,100.05002501250628,37,41,2.0,39.00369863013699,4.0,0
2023-10-20,39.99,19.99,20.000000000000004,100.05002501250628,38,42,2.0,39.00369863013699,4.0,0
2023-10-21,39.99,19.99,20.000000000000004,100.05002501250628,39,43,2.0,39.00369863013699,4.0,0
2023-10-22,39.99,19.99,20.000000000000004,100.05002501250628,40,44,2.0,39.00369863013699,4.0,0
2023-10-23,39.99,19.99,20.000000000000004,100.05002501250628,41,45,2.0,39.00369863013699,4.0,1
2023-10-24,39.99,19.99,20.000000000000004,100.05002501250628,42,46,2.0,39.00369863013699,4.0,1
2023-10-25,39.99,19.99,20.000000000000004,100.05002501250628,43,47,2.0,39.003698630136995,4.0,1
2023-10-26,39.99,19.99,20.000000000000004,100.05002501250628,44,48,2.0,39.00369863013699,4.0,1
2023-10-27,39.99,19.99,20.000000000000004,100.05002501250628,45,49,2.0,39.00369863013699,4.0,1
2023-10-28,39.99,19.99,20.000000000000004,100.05002501250628,46,50,2.0,39.00369863013699,4.0,1
2023-10-29,39.99,19.99,20.000000000000004,100.05002501250628,47,51,2.0,39.00369863013699,4.0,1
2023-10-30,39.99,19.99,20.000000000000004,100.05002501250628,48,52,2.0,39.00369863013699,4.0,1
2023-10-31,39.99,19.99,20.000000000000004,100.05002501250628,49,53,2.0,39.00369863013699,4.0,1
2023-11-01,39.99,19.99,20.000000000000004,100.05002501250628,50,54,2.0,39.00369863013699,4.0,1
2023-11-02,39.99,19.99,20.000000000000004,100.05002501250628,51,55,2.0,39.003698630136995,4.0,1
2023-11-03,39.99,19.99,20.000000000000004,100.05002501250628,52,56,2.0,39.003698630136995,4.0,1
2023-11-04,39.99,19.99,20.000000000000004,100.05002501250628,53,57,2.0,39.00369863013699,4.0,1
2023-11-05,39.99,19.99,20.000000000000004,100.05002501250628,54,58,2.0,39.00369863013699,4.0,1
2023-11-06,39.99,19.99,20.000000000000004,100.05002501250628,55,59,2.0,39.00369863013699,4.0,1
2023-11-07,39.99,19.99,20.000000000000004,100.05002501250628,56,60,2.0,39.00369863013699,4.0,1
2023-11-08,39.99,19.99,20.000000000000004,100.05002501250628,57,61,2.0,39.00369863013699,4.0,1
2023-11-09,39.99,19.99,20.000000000000004,100.05002501250628,58,62,2.0,39.00369863013699,4.0,1
2023-11-10,39.99,19.99,20.000000000000004,100.05002501250628,59,63,2.0,39.00369863013699,4.0,1
2023-11-11,39.99,19.99,20.000000000000004,100.05002501250628,60,64,2.0,39.003698630136995,4.0,1
2023-11-12,39.99,19.99,20.000000000000004,100.05002501250628,61,65,2.0,39.00369863013699,4.0,1
2023-11-13,39.99,19.99,20.000000000000004,100.05002501250628,62,66,2.0,39.00369863013699,4.0,1
2023-11-14,39.99,19.99,20.000000000000004,100.05002501250628,63,67,2.0,39.00369863013699,4.0,1
2023-11-15,39.99,19.99,20.000000000000004,100.05002501250628,64,68,2.0,39.00369863013699,4.0,1
2023-11-16,39.99,19.99,20.000000000000004,100.05002501250628,65,69,2.0,39.00369863013699,4.0,1
2023-11-17,39.99,19.99,20.000000000000004,100.05002501250628,66,70,2.0,39.00369863013699,4.0,1
2023-11-18,39.99,19.99,20.000000000000004,100.05002501250628,67,71,2.0,39.00369863013699,4.0,1
2023-11-19,39.99,19.99,20.000000000000004,100.05002501250628,68,72,2.0,39.003698630136995,4.0,1
2023-11-20,39.99,19.99,20.000000000000004,100.05002501250628,69,73,2.0,39.00369863013699,4.0,1
2023-11-21,39.99,19.99,20.000000000000004,100.05002501250628,70,74,2.0,39.00369863013699,4.0,1
2023-11-22,19.99,19.99,0.0,0.0,0,0,2.0,39.00369863013699,4.0,0
2023-11-23,19.99,19.99,0.0,0.0,1,1,3.0,38.948904109589044,5.0,0
2023-11-24,19.99,19.99,0.0,0.0,2,2,3.0,38.89410958904109,5.0,0
2023-11-25,19.99,19.99,0.0,0.0,3,3,3.0,38.83931506849315,5.0,0
2023-11-26,19.99,19.99,0.0,0.0,4,4,3.0,38.784520547945206,5.0,0
2023-11-27,19.99,19.99,0.0,0.0,5,5,3.0,38.72972602739727,5.0,0
2023-11-28,19.99,19.99,0.0,0.0,6,6,3.0,38.67493150684932,5.0,0
2023-11-29,39.99,19.99,20.000000000000004,100.05002501250628,0,7,3.0,38.62013698630137,5.0,0
2023-11-30,39.99,19.99,20.000000000000004,100.05002501250628,1,8,3.0,38.62013698630137,6.0,0
2023-12-01,39.99,19.99,20.000000000000004,100.05002501250628,2,9,3.0,38.62013698630137,6.0,0
2023-12-02,39.99,19.99,20.000000000000004,100.05002501250628,3,10,3.0,38.62013698630137,6.0,0
2023-12-03,39.99,19.99,20.000000000000004,100.05002501250628,4,11,3.0,38.62013698630137,6.0,0
2023-12-04,39.99,19.99,20.000000000000004,100.05002501250628,5,12,3.0,38.62013698630137,6.0,0
2023-12-05,39.99,19.99,20.000000000000004,100.05002501250628,6,13,3.0,38.620136986301375,6.0,0
2023-12-06,39.99,19.99,20.000000000000004,100.05002501250628,7,14,3.0,38.620136986301375,6.0,0
2023-12-07,39.99,19.99,20.000000000000004,100.05002501250628,8,15,3.0,38.62013698630137,6.0,0
2023-12-08,39.99,19.99,20.000000000000004,100.05002501250628,9,16,3.0,38.62013698630137,6.0,0
2023-12-09,39.99,19.99,20.000000000000004,100.05002501250628,10,17,3.0,38.62013698630137,6.0,0
2023-12-10,39.99,19.99,20.000000000000004,100.05002501250628,11,18,3.0,38.62013698630137,6.0,0
2023-12-11,39.99,19.99,20.000000000000004,100.05002501250628,12,19,3.0,38.62013698630137,6.0,0
2023-12-12,39.99,19.99,20.000000000000004,100.05002501250628,13,20,3.0,38.62013698630137,6.0,0
2023-12-13,39.99,19.99,20.000000000000004,100.05002501250628,14,21,3.0,38.62013698630137,6.0,0
2023-12-14,39.99,19.99,20.000000000000004,100.05002501250628,15,22,3.0,38.620136986301375,6.0,0
2023-12-15,39.99,19.99,20.000000000000004,100.05002501250628,16,23,3.0,38.62013698630137,6.0,0
2023-12-16,39.99,19.99,20.000000000000004,100.05002501250628,17,24,3.0,38.62013698630137,6.0,0
2023-12-17,39.99,19.99,20.000000000000004,100.05002501250628,18,25,3.0,38.62013698630137,6.0,0
2023-12-18,39.99,19.99,20.000000000000004,100.05002501250628,19,26,3.0,38.62013698630137,6.0,0
2023-12-19,39.99,19.99,20.000000000000004,100.05002501250628,20,27,3.0,38.62013698630137,6.0,0
2023-12-20,39.99,19.99,20.000000000000004,100.05002501250628,21,28,3.0,38.62013698630137,6.0,0
2023-12-21,39.99,19.99,20.000000000000004,100.05002501250628,22,29,3.0,38.62013698630137,6.0,0
2023-12-22,39.99,19.99,20.000000000000004,100.05002501250628,23,30,3.0,38.620136986301375,6.0,0
2023-12-23,39.99,19.99,20.000000000000004,100.05002501250628,24,31,3.0,38.62013698630137,6.0,0
2023-12-24,39.99,19.99,20.000000000000004,100.05002501250628,25,32,3.0,38.62013698630137,6.0,0
2023-12-25,39.99,19.99,20.000000000000004,100.05002501250628,26,33,3.0,38.62013698630137,6.0,0
2023-12-26,39.99,19.99,20.000000000000004,100.05002501250628,27,34,3.0,38.62013698630137,6.0,0
2023-12-27,39.99,19.99,20.000000000000004,100.05002501250628,28,35,3.0,38.62013698630137,6.0,0
2023-12-28,39.99,19.99,20.000000000000004,100.05002501250628,29,36,3.0,38.62013698630137,6.0,0
2023-12-29,39.99,19.99,20.000000000000004,100.05002501250628,30,37,3.0,38.62013698630137,6.0,0
2023-12-30,39.99,19.99,20.000000000000004,100.05002501250628,31,38,3.0,38.620136986301375,6.0,0
2023-12-31,39.99,19.99,20.000000000000004,100.05002501250628,32,39,3.0,38.62013698630137,6.0,0
2024-01-01,39.99,19.99,20.000000000000004,100.05002501250628,33,40,3.0,38.62013698630137,6.0,0
2024-01-02,39.99,19.99,20.000000000000004,100.05002501250628,34,41,3.0,38.62013698630137,6.0,0
2024-01-03,39.99,19.99,20.000000000000004,100.05002501250628,35,42,3.0,38.62013698630137,6.0,0
2024-01-04,39.99,19.99,20.000000000000004,100.05002501250628,36,43,3.0,38.62013698630137,6.0,0
2024-01-05,39.99,19.99,20.000000000000004,100.05002501250628,37,44,3.0,38.62013698630137,6.0,0
2024-01-06,39.99,19.99,20.000000000000004,100.05002501250628,38,45,3.0,38.62013698630137,6.0,0
2024-01-07,39.99,19.99,20.000000000000004,100.05002501250628,39,46,3.0,38.620136986301375,6.0,0
2024-01-08,39.99,19.99,20.000000000000004,100.05002501250628,40,47,3.0,38.620136986301375,6.0,0
2024-01-09,39.99,19.99,20.000000000000004,100.05002501250628,41,48,3.0,38.62013698630137,6.0,0
2024-01-10,39.99,19.99,20.000000000000004,100.05002501250628,42,49,3.0,38.62013698630137,6.0,1
2024-01-11,39.99,19.99,20.000000000000004,100.05002501250628,43,50,3.0,38.62013698630137,6.0,1
2024-01-12,39.99,19.99,20.000000000000004,100.05002501250628,44,51,3.0,38.62013698630137,6.0,1
2024-01-13,39.99,19.99,20.000000000000004,100.05002501250628,45,52,3.0,38.62013698630137,6.0,1
2024-01-14,39.99,19.99,20.000000000000004,100.05002501250628,46,53,3.0,38.62013698630137,6.0,1
2024-01-15,39.99,19.99,20.000000000000004,100.05002501250628,47,54,3.0,38.62013698630137,6.0,1
2024-01-16,39.99,19.99,20.000000000000004,100.05002501250628,48,55,3.0,38.620136986301375,6.0,1
2024-01-17,39.99,19.99,20.000000000000004,100.05002501250628,49,56,3.0,38.62013698630137,6.0,1
2024-01-18,39.99,19.99,20.000000000000004,100.05002501250628,50,57,3.0,38.62013698630137,6.0,1
2024-01-19,39.99,19.99,20.000000000000004,100.05002501250628,51,58,3.0,38.62013698630137,6.0,1
2024-01-20,39.99,19.99,20.000000000000004,100.05002501250628,52,59,3.0,38.62013698630137,6.0,1
2024-01-21,39.99,19.99,20.000000000000004,100.05002501250628,53,60,3.0,38.62013698630137,6.0,1
2024-01-22,39.99,19.99,20.000000000000004,100.05002501250628,54,61,3.0,38.62013698630137,6.0,1
2024-01-23,39.99,19.99,20.000000000000004,100.05002501250628,55,62,3.0,38.62013698630137,6.0,1
2024-01-24,39.99,19.99,20.000000000000004,100.05002501250628,56,63,3.0,38.620136986301375,6.0,1
2024-01-25,39.99,19.99,20.000000000000004,100.05002501250628,57,64,3.0,38.62013698630137,6.0,1
2024-01-26,39.99,19.99,20.000000000000004,100.05002501250628,58,65,3.0,38.62013698630137,6.0,1
2024-01-27,39.99,19.99,20.000000000000004,100.05002501250628,59,66,3.0,38.62013698630137,6.0,1
2024-01-28,39.99,19.99,20.000000000000004,100.05002501250628,60,67,3.0,38.62013698630137,6.0,1
2024-01-29,39.99,19.99,20.000000000000004,100.05002501250628,61,68,3.0,38.62013698630137,6.0,1
2024-01-30,39.99,19.99,20.000000000000004,100.05002501250628,62,69,3.0,38.62013698630137,6.0,1
2024-01-31,39.99,19.99,20.000000000000004,100.05002501250628,63,70,3.0,38.62013698630137,6.0,1
2024-02-01,39.99,19.99,20.000000000000004,100.05002501250628,64,71,3.0,38.620136986301375,6.0,1
2024-02-02,39.99,19.99,20.000000000000004,100.05002501250628,65,72,3.0,38.62013698630137,6.0,1
2024-02-03,39.99,19.99,20.000000000000004,100.05002501250628,66,73,3.0,38.62013698630137,6.0,1
2024-02-04,39.99,19.99,20.000000000000004,100.05002501250628,67,74,3.0,38.62013698630137,6.0,1
2024-02-05,39.99,19.99,20.000000000000004,100.05002501250628,68,75,3.0,38.62013698630137,6.0,1
2024-02-06,39.99,19.99,20.000000000000004,100.05002501250628,69,76,3.0,38.62013698630137,6.0,1
2024-02-07,39.99,19.99,20.000000000000004,100.05002501250628,70,77,3.0,38.62013698630137,6.0,1
2024-02-08,39.99,19.99,20.000000000000004,100.05002501250628,71,78,3.0,38.62013698630137,6.0,1
2024-02-09,19.99,19.99,0.0,0.0,0,0,3.0,38.620136986301375,6.0,0
2024-02-10,19.99,19.99,0.0,0.0,1,1,4.0,38.56534246575343,7.0,0
2024-02-11,19.99,19.99,0.0,0.0,2,2,4.0,38.51054794520548,7.0,0
2024-02-12,19.99,19.99,0.0,0.0,3,3,4.0,38.45575342465754,7.0,0
2024-02-13,19.99,19.99,0.0,0.0,4,4,4.0,38.400958904109594,7.0,0
2024-02-14,19.99,19.99,0.0,0.0,5,5,4.0,38.34616438356164,7.0,0
2024-02-15,19.99,19.99,0.0,0.0,6,6,4.0,38.2913698630137,7.0,0
2024-02-16,19.99,19.99,0.0,0.0,7,7,4.0,38.236575342465756,7.0,0
2024-02-17,19.99,19.99,0.0,0.0,8,8,4.0,38.18178082191781,7.0,0
2024-02-18,19.99,19.99,0.0,0.0,9,9,4.0,38.12698630136987,7.0,0
2024-02-19,19.99,19.99,0.0,0.0,10,10,4.0,38.07219178082192,7.0,0
2024-02-20,19.99,19.99,0.0,0.0,11,11,4.0,38.017397260273974,7.0,0
2024-02-21,19.99,19.99,0.0,0.0,12,12,4.0,37.96260273972603,7.0,0
2024-02-22,19.99,19.99,0.0,0.0,13,13,4.0,37.90780821917809,7.0,0
2024-02-23,39.99,19.99,20.000000000000004,100.05002501250628,0,14,4.0,37.853013698630136,7.0,0
2024-02-24,39.99,19.99,20.000000000000004,100.05002501250628,1,15,4.0,37.853013698630136,8.0,0
2024-02-25,39.99,19.99,20.000000000000004,100.05002501250628,2,16,4.0,37.853013698630136,8.0,0
2024-02-26,39.99,19.99,20.000000000000004,100.05002501250628,3,17,4.0,37.85301369863014,8.0,0
2024-02-27,39.99,19.99,20.000000000000004,100.05002501250628,4,18,4.0,37.853013698630136,8.0,0
2024-02-28,39.99,19.99,20.000000000000004,100.05002501250628,5,19,4.0,37.853013698630136,8.0,0
2024-02-29,39.99,19.99,20.000000000000004,100.05002501250628,6,20,4.0,37.853013698630136,8.0,0
2024-03-01,39.99,19.99,20.000000000000004,100.05002501250628,7,21,4.0,37.853013698630136,8.0,0
2024-03-02,39.99,19.99,20.000000000000004,100.05002501250628,8,22,4.0,37.853013698630136,8.0,0
2024-03-03,39.99,19.99,20.000000000000004,100.05002501250628,9,23,4.0,37.853013698630136,8.0,0
2024-03-04,39.99,19.99,20.000000000000004,100.05002501250628,10,24,4.0,37.853013698630136,8.0,0
2024-03-05,39.99,19.99,20.000000000000004,100.05002501250628,11,25,4.0,37.85301369863014,8.0,0
2024-03-06,39.99,19.99,20.000000000000004,100.05002501250628,12,26,4.0,37.853013698630136,8.0,0
2024-03-07,39.99,19.99,20.000000000000004,100.05002501250628,13,27,4.0,37.853013698630136,8.0,0
2024-03-08,39.99,19.99,20.000000000000004,100.05002501250628,14,28,4.0,37.853013698630136,8.0,0
2024-03-09,39.99,19.99,20.000000000000004,100.05002501250628,15,29,4.0,37.853013698630136,8.0,0
2024-03-10,39.99,19.99,20.000000000000004,100.05002501250628,16,30,4.0,37.853013698630136,8.0,0
2024-03-11,39.99,19.99,20.000000000000004,100.05002501250628,17,31,4.0,37.853013698630136,8.0,0
2024-03-12,39.99,19.99,20.000000000000004,100.05002501250628,18,32,4.0,37.853013698630136,8.0,0
2024-03-13,39.99,19.99,20.000000000000004,100.05002501250628,19,33,4.0,37.853013698630136,8.0,0
2024-03-14,39.99,19.99,20.000000000000004,100.05002501250628,20,34,4.0,37.85301369863014,8.0,0
2024-03-15,39.99,19.99,20.000000000000004,100.05002501250628,21,35,4.0,37.853013698630136,8.0,0
2024-03-16,39.99,19.99,20.000000000000004,100.05002501250628,22,36,4.0,37.853013698630136,8.0,0
2024-03-17,39.99,19.99,20.000000000000004,100.05002501250628,23,37,4.0,37.853013698630136,8.0,0
2024-03-18,39.99,19.99,20.000000000000004,100.05002501250628,24,38,4.0,37.853013698630136,8.0,0
2024-03-19,39.99,19.99,20.000000000000004,100.05002501250628,25,39,4.0,37.853013698630136,8.0,0
2024-03-20,39.99,19.99,20.000000000000004,100.05002501250628,26,40,4.0,37.853013698630136,8.0,0
2024-03-21,39.99,19.99,20.000000000000004,100.05002501250628,27,41,4.0,37.853013698630136,8.0,0
2024-03-22,39.99,19.99,20.000000000000004,100.05002501250628,28,42,4.0,37.85301369863014,8.0,0
2024-03-23,39.99,19.99,20.000000000000004,100.05002501250628,29,43,4.0,37.853013698630136,8.0,0
2024-03-24,39.99,19.99,20.000000000000004,100.05002501250628,30,44,4.0,37.853013698630136,8.0,0
2024-03-25,39.99,19.99,20.000000000000004,100.05002501250628,31,45,4.0,37.853013698630136,8.0,0
2024-03-26,39.99,19.99,20.000000000000004,100.05002501250628,32,46,4.0,37.853013698630136,8.0,0
2024-03-27,39.99,19.99,20.000000000000004,100.05002501250628,33,47,4.0,37.853013698630136,8.0,0
2024-03-28,39.99,19.99,20.000000000000004,100.05002501250628,34,48,4.0,37.853013698630136,8.0,0
2024-03-29,39.99,19.99,20.000000000000004,100.05002501250628,35,49,4.0,37.853013698630136,8.0,0
2024-03-30,39.99,19.99,20.000000000000004,100.05002501250628,36,50,4.0,37.85301369863014,8.0,0
2024-03-31,39.99,19.99,20.000000000000004,100.05002501250628,37,51,4.0,37.853013698630136,8.0,0
2024-04-01,39.99,19.99,20.000000000000004,100.05002501250628,38,52,4.0,37.853013698630136,8.0,0
2024-04-02,39.99,19.99,20.000000000000004,100.05002501250628,39,53,4.0,37.853013698630136,8.0,0
2024-04-03,39.99,19.99,20.000000000000004,100.05002501250628,40,54,4.0,37.853013698630136,8.0,0
2024-04-04,39.99,19.99,20.000000000000004,100.05002501250628,41,55,4.0,37.853013698630136,8.0,0
2024-04-05,39.99,19.99,20.000000000000004,100.05002501250628,42,56,4.0,37.853013698630136,8.0,0
2024-04-06,39.99,19.99,20.000000000000004,100.05002501250628,43,57,4.0,37.853013698630136,8.0,0
2024-04-07,39.99,19.99,20.000000000000004,100.05002501250628,44,58,4.0,37.85301369863014,8.0,0
2024-04-08,39.99,19.99,20.000000000000004,100.05002501250628,45,59,4.0,37.85301369863014,8.0,0
2024-04-09,39.99,19.99,20.000000000000004,100.05002501250628,46,60,4.0,37.853013698630136,8.0,0
2024-04-10,39.99,19.99,20.000000000000004,100.05002501250628,47,61,4.0,37.853013698630136,8.0,1
2024-04-11,39.99,19.99,20.000000000000004,100.05002501250628,48,62,4.0,37.853013698630136,8.0,1
2024-04-12,39.99,19.99,20.000000000000004,100.05002501250628,49,63,4.0,37.853013698630136,8.0,1
2024-04-13,39.99,19.99,20.000000000000004,100.05002501250628,50,64,4.0,37.853013698630136,8.0,1
2024-04-14,39.99,19.99,20.000000000000004,100.05002501250628,51,65,4.0,37.853013698630136,8.0,1
2024-04-15,39.99,19.99,20.000000000000004,100.05002501250628,52,66,4.0,37.853013698630136,8.0,1
2024-04-16,39.99,19.99,20.000000000000004,100.05002501250628,53,67,4.0,37.85301369863014,8.0,1
2024-04-17,39.99,19.99,20.000000000000004,100.05002501250628,54,68,4.0,37.853013698630136,8.0,1
2024-04-18,39.99,19.99,20.000000000000004,100.05002501250628,55,69,4.0,37.853013698630136,8.0,1
2024-04-19,39.99,19.99,20.000000000000004,100.05002501250628,56,70,4.0,37.853013698630136,8.0,1
2024-04-20,39.99,19.99,20.000000000000004,100.05002501250628,57,71,4.0,37.853013698630136,8.0,1
2024-04-21,39.99,19.99,20.000000000000004,100.05002501250628,58,72,4.0,37.853013698630136,8.0,1
2024-04-22,39.99,19.99,20.000000000000004,100.05002501250628,59,73,4.0,37.853013698630136,8.0,1
2024-04-23,39.99,19.99,20.000000000000004,100.05002501250628,60,74,4.0,37.853013698630136,8.0,1
2024-04-24,39.99,19.99,20.000000000000004,100.05002501250628,61,75,4.0,37.85301369863014,8.0,1
2024-04-25,39.99,19.99,20.000000000000004,100.05002501250628,62,76,4.0,37.853013698630136,8.0,1
2024-04-26,39.99,19.99,20.000000000000004,100.05002501250628,63,77,4.0,37.853013698630136,8.0,1
2024-04-27,39.99,19.99,20.000000000000004,100.05002501250628,64,78,4.0,37.853013698630136,8.0,1
2024-04-28,39.99,19.99,20.000000000000004,100.05002501250628,65,79,4.0,37.853013698630136,8.0,1
2024-04-29,39.99,19.99,20.000000000000004,100.05002501250628,66,80,4.0,37.853013698630136,8.0,1
2024-04-30,39.99,19.99,20.000000000000004,100.05002501250628,67,81,4.0,37.853013698630136,8.0,1
2024-05-01,39.99,19.99,20.000000000000004,100.05002501250628,68,82,4.0,37.853013698630136,8.0,1
2024-05-02,39.99,19.99,20.000000000000004,100.05002501250628,69,83,4.0,37.85301369863014,8.0,1
2024-05-03,39.99,19.99,20.000000000000004,100.05002501250628,70,84,4.0,37.853013698630136,8.0,1
2024-05-04,39.99,19.99,20.000000000000004,100.05002501250628,71,85,4.0,37.853013698630136,8.0,1
2024-05-05,39.99,19.99,20.000000000000004,100.05002501250628,72,86,4.0,37.853013698630136,8.0,1
2024-05-06,39.99,19.99,20.000000000000004,100.05002501250628,73,87,4.0,37.853013698630136,8.0,1
2024-05-07,39.99,19.99,20.000000000000004,100.05002501250628,74,88,4.0,37.853013698630136,8.0,1
2024-05-08,39.99,19.99,20.000000000000004,100.05002501250628,75,89,4.0,37.853013698630136,8.0,1
2024-05-09,39.99,19.99,20.000000000000004,100.05002501250628,76,90,4.0,37.853013698630136,8.0,1
2024-05-10,19.99,19.99,0.0,0.0,0,0,4.0,37.853013698630136,8.0,0
2024-05-11,19.99,19.99,0.0,0.0,1,1,5.0,37.7982191780822,9.0,0
2024-05-12,19.99,19.99,0.0,0.0,2,2,5.0,37.74342465753425,9.0,0
2024-05-13,19.99,19.99,0.0,0.0,3,3,5.0,37.688630136986305,9.0,0
2024-05-14,19.99,19.99,0.0,0.0,4,4,5.0,37.633835616438354,9.0,0
2024-05-15,19.99,19.99,0.0,0.0,5,5,5.0,37.57904109589041,9.0,0
2024-05-16,19.99,19.99,0.0,0.0,6,6,5.0,37.52424657534247,9.0,0
2024-05-17,39.99,19.99,20.000000000000004,100.05002501250628,0,7,5.0,37.46945205479452,9.0,0
2024-05-18,39.99,19.99,20.000000000000004,100.05002501250628,1,8,5.0,37.46945205479452,10.0,0
2024-05-19,39.99,19.99,20.000000000000004,100.05002501250628,2,9,5.0,37.46945205479452,10.0,0
2024-05-20,39.99,19.99,20.000000000000004,100.05002501250628,3,10,5.0,37.46945205479452,10.0,0
2024-05-21,39.99,19.99,20.000000000000004,100.05002501250628,4,11,5.0,37.46945205479452,10.0,0
2024-05-22,39.99,19.99,20.000000000000004,100.05002501250628,5,12,5.0,37.46945205479452,10.0,0
2024-05-23,39.99,19.99,20.000000000000004,100.05002501250628,6,13,5.0,37.46945205479452,10.0,0
2024-05-24,39.99,19.99,20.000000000000004,100.05002501250628,7,14,5.0,37.46945205479452,10.0,0
2024-05-25,39.99,19.99,20.000000000000004,100.05002501250628,8,15,5.0,37.46945205479452,10.0,0
2024-05-26,39.99,19.99,20.000000000000004,100.05002501250628,9,16,5.0,37.46945205479452,10.0,0
2024-05-27,39.99,19.99,20.000000000000004,100.05002501250628,10,17,5.0,37.46945205479452,10.0,0
2024-05-28,39.99,19.99,20.000000000000004,100.05002501250628,11,18,5.0,37.46945205479452,10.0,0
2024-05-29,39.99,19.99,20.000000000000004,100.05002501250628,12,19,5.0,37.46945205479452,10.0,0
2024-05-30,39.99,19.99,20.000000000000004,100.05002501250628,13,20,5.0,37.46945205479452,10.0,0
2024-05-31,39.99,19.99,20.000000000000004,100.05002501250628,14,21,5.0,37.46945205479452,10.0,0
2024-06-01,39.99,19.99,20.000000000000004,100.05002501250628,15,22,5.0,37.46945205479452,10.0,0
2024-06-02,39.99,19.99,20.000000000000004,100.05002501250628,16,23,5.0,37.46945205479452,10.0,0
2024-06-03,39.99,19.99,20.000000000000004,100.05002501250628,17,24,5.0,37.46945205479452,10.0,0
2024-06-04,39.99,19.99,20.000000000000004,100.05002501250628,18,25,5.0,37.46945205479452,10.0,0
2024-06-05,39.99,19.99,20.000000000000004,100.05002501250628,19,26,5.0,37.46945205479452,10.0,0
2024-06-06,39.99,19.99,20.000000000000004,100.05002501250628,20,27,5.0,37.46945205479452,10.0,0
2024-06-07,39.99,19.99,20.000000000000004,100.05002501250628,21,28,5.0,37.46945205479452,10.0,0
2024-06-08,39.99,19.99,20.000000000000004,100.05002501250628,22,29,5.0,37.46945205479452,10.0,0
2024-06-09,39.99,19.99,20.000000000000004,100.05002501250628,23,30,5.0,37.46945205479452,10.0,0
2024-06-10,39.99,19.99,20.000000000000004,100.05002501250628,24,31,5.0,37.46945205479452,10.0,0
2024-06-11,39.99,19.99,20.000000000000004,100.05002501250628,25,32,5.0,37.46945205479452,10.0,0
2024-06-12,39.99,19.99,20.000000000000004,100.05002501250628,26,33,5.0,37.46945205479452,10.0,0
2024-06-13,39.99,19.99,20.000000000000004,100.05002501250628,27,34,5.0,37.46945205479452,10.0,0
2024-06-14,39.99,19.99,20.000000000000004,100.05002501250628,28,35,5.0,37.46945205479452,10.0,0
2024-06-15,39.99,19.99,20.000000000000004,100.05002501250628,29,36,5.0,37.46945205479452,10.0,0
2024-06-16,39.99,19.99,20.000000000000004,100.05002501250628,30,37,5.0,37.46945205479452,10.0,0
2024-06-17,39.99,19.99,20.000000000000004,100.05002501250628,31,38,5.0,37.46945205479452,10.0,0
2024-06-18,39.99,19.99,20.000000000000004,100.05002501250628,32,39,5.0,37.46945205479452,10.0,0
2024-06-19,39.99,19.99,20.000000000000004,100.05002501250628,33,40,5.0,37.46945205479452,10.0,0
2024-06-20,39.99,19.99,20.000000000000004,100.05002501250628,34,41,5.0,37.46945205479452,10.0,0
2024-06-21,39.99,19.99,20.000000000000004,100.05002501250628,35,42,5.0,37.46945205479452,10.0,0
2024-06-22,39.99,19.99,20.000000000000004,100.05002501250628,36,43,5.0,37.46945205479452,10.0,0
2024-06-23,39.99,19.99,20.000000000000004,100.05002501250628,37,44,5.0,37.46945205479452,10.0,0
2024-06-24,39.99,19.99,20.000000000000004,100.05002501250628,38,45,5.0,37.46945205479452,10.0,0
2024-06-25,39.99,19.99,20.000000000000004,100.05002501250628,39,46,5.0,37.46945205479452,10.0,0
2024-06-26,39.99,19.99,20.000000000000004,100.05002501250628,40,47,5.0,37.46945205479452,10.0,0
2024-06-27,39.99,19.99,20.000000000000004,100.05002501250628,41,48,5.0,37.46945205479452,10.0,0
2024-06-28,39.99,19.99,20.000000000000004,100.05002501250628,42,49,5.0,37.46945205479452,10.0,0
2024-06-29,39.99,19.99,20.000000000000004,100.05002501250628,43,50,5.0,37.46945205479452,10.0,0
2024-06-30,39.99,19.99,20.000000000000004,100.05002501250628,44,51,4.0,37.52424657534247,9.0,0
2024-07-01,39.99,19.99,20.000000000000004,100.05002501250628,45,52,4.0,37.57904109589041,9.0,0
2024-07-02,39.99,19.99,20.000000000000004,100.05002501250628,46,53,4.0,37.633835616438354,9.0,0
2024-07-03,39.99,19.99,20.000000000000004,100.05002501250628,47,54,4.0,37.688630136986305,9.0,0
2024-07-04,39.99,19.99,20.000000000000004,100.05002501250628,48,55,4.0,37.74342465753425,9.0,0
2024-07-05,39.99,19.99,20.000000000000004,100.05002501250628,49,56,4.0,37.79821917808219,9.0,0
2024-07-06,39.99,19.99,20.000000000000004,100.05002501250628,50,57,4.0,37.853013698630136,9.0,0
2024-07-07,39.99,19.99,20.000000000000004,100.05002501250628,51,58,4.0,37.90780821917809,9.0,0
2024-07-08,39.99,19.99,20.000000000000004,100.05002501250628,52,59,4.0,37.96260273972603,9.0,0
2024-07-09,39.99,19.99,20.000000000000004,100.05002501250628,53,60,4.0,38.017397260273974,9.0,0
2024-07-10,39.99,19.99,20.000000000000004,100.05002501250628,54,61,4.0,38.07219178082192,9.0,0
2024-07-11,39.99,19.99,20.000000000000004,100.05002501250628,55,62,4.0,38.12698630136986,9.0,0
2024-07-12,39.99,19.99,20.000000000000004,100.05002501250628,56,63,4.0,38.18178082191781,9.0,0
2024-07-13,39.99,19.99,20.000000000000004,100.05002501250628,57,64,4.0,38.236575342465756,9.0,0
2024-07-14,39.99,19.99,20.000000000000004,100.05002501250628,58,65,4.0,38.236575342465756,8.0,0
2024-07-15,39.99,19.99,20.000000000000004,100.05002501250628,59,66,4.0,38.236575342465756,8.0,0
2024-07-16,39.99,19.99,20.000000000000004,100.05002501250628,60,67,4.0,38.23657534246576,8.0,0
2024-07-17,39.99,19.99,20.000000000000004,100.05002501250628,61,68,4.0,38.236575342465756,8.0,0
2024-07-18,39.99,19.99,20.000000000000004,100.05002501250628,62,69,4.0,38.236575342465756,8.0,0
2024-07-19,39.99,19.99,20.000000000000004,100.05002501250628,63,70,4.0,38.236575342465756,8.0,0
2024-07-20,39.99,19.99,20.000000000000004,100.05002501250628,64,71,4.0,38.236575342465756,8.0,0
2024-07-21,39.99,19.99,20.000000000000004,100.05002501250628,65,72,4.0,38.236575342465756,8.0,0
2024-07-22,39.99,19.99,20.000000000000004,100.05002501250628,66,73,4.0,38.236575342465756,8.0,0
2024-07-23,39.99,19.99,20.000000000000004,100.05002501250628,67,74,4.0,38.236575342465756,8.0,0
2024-07-24,39.99,19.99,20.000000000000004,100.05002501250628,68,75,4.0,38.23657534246576,8.0,0
2024-07-25,39.99,19.99,20.000000000000004,100.05002501250628,69,76,4.0,38.236575342465756,8.0,0
2024-07-26,39.99,19.99,20.000000000000004,100.05002501250628,70,77,4.0,38.236575342465756,8.0,0
2024-07-27,39.99,19.99,20.000000000000004,100.05002501250628,71,78,4.0,38.236575342465756,8.0,0
2024-07-28,39.99,19.99,20.000000000000004,100.05002501250628,72,79,4.0,38.236575342465756,8.0,0
2024-07-29,39.99,19.99,20.000000000000004,100.05002501250628,73,80,4.0,38.236575342465756,8.0,0
2024-07-30,39.99,19.99,20.000000000000004,100.05002501250628,74,81,4.0,38.236575342465756,8.0,0
2024-07-31,39.99,19.99,20.000000000000004,100.05002501250628,75,82,4.0,38.236575342465756,8.0,0
2024-08-01,39.99,19.99,20.000000000000004,100.05002501250628,76,83,4.0,38.23657534246576,8.0,0
2024-08-02,39.99,19.99,20.000000000000004,100.05002501250628,77,84,4.0,38.236575342465756,8.0,0
2024-08-03,39.99,19.99,20.000000000000004,100.05002501250628,78,85,4.0,38.236575342465756,8.0,0
2024-08-04,39.99,19.99,20.000000000000004,100.05002501250628,79,86,4.0,38.236575342465756,8.0,0
2024-08-05,39.99,19.99,20.000000000000004,100.05002501250628,80,87,4.0,38.236575342465756,8.0,0
2024-08-06,39.99,19.99,20.000000000000004,100.05002501250628,81,88,4.0,38.236575342465756,8.0,0
2024-08-07,39.99,19.99,20.000000000000004,100.05002501250628,82,89,4.0,38.236575342465756,8.0,0
2024-08-08,39.99,19.99,20.000000000000004,100.05002501250628,83,90,4.0,38.236575342465756,8.0,0
2024-08-09,39.99,19.99,20.000000000000004,100.05002501250628,84,91,4.0,38.23657534246576,8.0,0
2024-08-10,39.99,19.99,20.000000000000004,100.05002501250628,85,92,4.0,38.23657534246576,8.0,0
2024-08-11,39.99,19.99,20.000000000000004,100.05002501250628,86,93,4.0,38.236575342465756,8.0,0
2024-08-12,39.99,19.99,20.000000000000004,100.05002501250628,87,94,4.0,38.236575342465756,8.0,0
2024-08-13,39.99,19.99,20.000000000000004,100.05002501250628,88,95,4.0,38.236575342465756,8.0,0
2024-08-14,39.99,19.99,20.000000000000004,100.05002501250628,89,96,4.0,38.236575342465756,8.0,0
2024-08-15,39.99,19.99,20.000000000000004,100.05002501250628,90,97,4.0,38.236575342465756,8.0,0
2024-08-16,39.99,19.99,20.000000000000004,100.05002501250628,91,98,4.0,38.236575342465756,8.0,0
2024-08-17,39.99,19.99,20.000000000000004,100.05002501250628,92,99,4.0,38.236575342465756,8.0,0
2024-08-18,39.99,19.99,20.000000000000004,100.05002501250628,93,100,4.0,38.23657534246576,8.0,0
2024-08-19,39.99,19.99,20.000000000000004,100.05002501250628,94,101,4.0,38.236575342465756,8.0,0
2024-08-20,39.99,19.99,20.000000000000004,100.05002501250628,95,102,4.0,38.236575342465756,8.0,0
2024-08-21,39.99,19.99,20.000000000000004,100.05002501250628,96,103,4.0,38.236575342465756,8.0,0
2024-08-22,39.99,19.99,20.000000000000004,100.05002501250628,97,104,4.0,38.236575342465756,8.0,0
2024-08-23,39.99,19.99,20.000000000000004,100.05002501250628,98,105,4.0,38.236575342465756,8.0,0
2024-08-24,39.99,19.99,20.000000000000004,100.05002501250628,99,106,4.0,38.236575342465756,8.0,0
2024-08-25,39.99,19.99,20.000000000000004,100.05002501250628,100,107,4.0,38.236575342465756,8.0,0
2024-08-26,39.99,19.99,20.000000000000004,100.05002501250628,101,108,4.0,38.23657534246576,8.0,0
2024-08-27,39.99,19.99,20.000000000000004,100.05002501250628,102,109,4.0,38.236575342465756,8.0,0
2024-08-28,39.99,19.99,20.000000000000004,100.05002501250628,103,110,4.0,38.236575342465756,8.0,1
2024-08-29,39.99,19.99,20.000000000000004,100.05002501250628,104,111,4.0,38.236575342465756,8.0,1
2024-08-30,39.99,19.99,20.000000000000004,100.05002501250628,105,112,4.0,38.236575342465756,8.0,1
2024-08-31,39.99,19.99,20.000000000000004,100.05002501250628,106,113,4.0,38.236575342465756,8.0,1
2024-09-01,39.99,19.99,20.000000000000004,100.05002501250628,107,114,4.0,38.236575342465756,8.0,1
2024-09-02,39.99,19.99,20.000000000000004,100.05002501250628,108,115,4.0,38.236575342465756,8.0,1
2024-09-03,39.99,19.99,20.000000000000004,100.05002501250628,109,116,4.0,38.23657534246576,8.0,1
2024-09-04,39.99,19.99,20.000000000000004,100.05002501250628,110,117,4.0,38.236575342465756,8.0,1
2024-09-05,39.99,19.99,20.000000000000004,100.05002501250628,111,118,4.0,38.236575342465756,8.0,1
2024-09-06,39.99,19.99,20.000000000000004,100.05002501250628,112,119,4.0,38.236575342465756,8.0,1
2024-09-07,39.99,19.99,20.000000000000004,100.05002501250628,113,120,4.0,38.236575342465756,8.0,1
2024-09-08,39.99,19.99,20.000000000000004,100.05002501250628,114,121,3.0,38.2913698630137,7.0,1
2024-09-09,39.99,19.99,20.000000000000004,100.05002501250628,115,122,3.0,38.34616438356164,7.0,1
2024-09-10,39.99,19.99,20.000000000000004,100.05002501250628,116,123,3.0,38.400958904109594,7.0,1
2024-09-11,39.99,19.99,20.000000000000004,100.05002501250628,117,124,3.0,38.45575342465754,7.0,1
2024-09-12,39.99,19.99,20.000000000000004,100.05002501250628,118,125,3.0,38.45575342465754,6.0,1
2024-09-13,39.99,19.99,20.000000000000004,100.05002501250628,119,126,3.0,38.45575342465754,6.0,1
2024-09-14,39.99,19.99,20.000000000000004,100.05002501250628,120,127,3.0,38.45575342465754,6.0,1
2024-09-15,39.99,19.99,20.000000000000004,100.05002501250628,121,128,3.0,38.45575342465754,6.0,1
2024-09-16,39.99,19.99,20.000000000000004,100.05002501250628,122,129,3.0,38.45575342465754,6.0,1
2024-09-17,39.99,19.99,20.000000000000004,100.05002501250628,123,130,3.0,38.45575342465754,6.0,1
2024-09-18,39.99,19.99,20.000000000000004,100.05002501250628,124,131,3.0,38.45575342465754,6.0,1
2024-09-19,39.99,19.99,20.000000000000004,100.05002501250628,125,132,3.0,38.45575342465754,6.0,1
2024-09-20,39.99,19.99,20.000000000000004,100.05002501250628,126,133,3.0,38.45575342465754,6.0,1
2024-09-21,39.99,19.99,20.000000000000004,100.05002501250628,127,134,3.0,38.45575342465754,6.0,1
2024-09-22,39.99,19.99,20.000000000000004,100.05002501250628,128,135,3.0,38.45575342465754,6.0,1
2024-09-23,39.99,19.99,20.000000000000004,100.05002501250628,129,136,3.0,38.45575342465754,6.0,1
2024-09-24,39.99,19.99,20.000000000000004,100.05002501250628,130,137,3.0,38.45575342465754,6.0,1
2024-09-25,39.99,19.99,20.000000000000004,100.05002501250628,131,138,3.0,38.45575342465754,6.0,1
2024-09-26,39.99,19.99,20.000000000000004,100.05002501250628,132,139,3.0,38.45575342465754,6.0,1
2024-09-27,19.99,19.99,0.0,0.0,0,0,3.0,38.45575342465754,6.0,0
2024-09-28,19.99,19.99,0.0,0.0,1,1,4.0,38.400958904109594,7.0,0
2024-09-29,19.99,19.99,0.0,0.0,2,2,4.0,38.34616438356164,7.0,0
2024-09-30,19.99,19.99,0.0,0.0,3,3,4.0,38.2913698630137,7.0,0
2024-10-01,19.99,19.99,0.0,0.0,4,4,4.0,38.236575342465756,7.0,0
2024-10-02,19.99,19.99,0.0,0.0,5,5,4.0,38.18178082191781,7.0,0
2024-10-03,19.99,19.99,0.0,0.0,6,6,4.0,38.12698630136986,7.0,0
2024-10-04,19.99,19.99,0.0,0.0,7,7,4.0,38.07219178082192,7.0,0
2024-10-05,19.99,19.99,0.0,0.0,8,8,4.0,38.017397260273974,7.0,0
2024-10-06,19.99,19.99,0.0,0.0,9,9,4.0,37.96260273972603,7.0,0
2024-10-07,19.99,19.99,0.0,0.0,10,10,4.0,37.90780821917809,7.0,0
2024-10-08,19.99,19.99,0.0,0.0,11,11,4.0,37.853013698630136,7.0,0
2024-10-09,19.99,19.99,0.0,0.0,12,12,4.0,37.79821917808219,7.0,0
2024-10-10,19.99,19.99,0.0,0.0,13,13,4.0,37.74342465753425,7.0,0
2024-10-11,39.99,19.99,20.000000000000004,100.05002501250628,0,14,4.0,37.688630136986305,7.0,0
2024-10-12,39.99,19.99,20.000000000000004,100.05002501250628,1,15,4.0,37.688630136986305,8.0,0
2024-10-13,39.99,19.99,20.000000000000004,100.05002501250628,2,16,4.0,37.688630136986305,8.0,0
2024-10-14,39.99,19.99,20.000000000000004,100.05002501250628,3,17,4.0,37.688630136986305,8.0,0
2024-10-15,39.99,19.99,20.000000000000004,100.05002501250628,4,18,4.0,37.688630136986305,8.0,0
2024-10-16,39.99,19.99,20.000000000000004,100.05002501250628,5,19,4.0,37.688630136986305,8.0,0
2024-10-17,39.99,19.99,20.000000000000004,100.05002501250628,6,20,4.0,37.688630136986305,8.0,0
2024-10-18,39.99,19.99,20.000000000000004,100.05002501250628,7,21,4.0,37.688630136986305,8.0,0
2024-10-19,39.99,19.99,20.000000000000004,100.05002501250628,8,22,4.0,37.688630136986305,8.0,0
2024-10-20,39.99,19.99,20.000000000000004,100.05002501250628,9,23,4.0,37.688630136986305,8.0,0
2024-10-21,39.99,19.99,20.000000000000004,100.05002501250628,10,24,4.0,37.688630136986305,8.0,0
2024-10-22,39.99,19.99,20.000000000000004,100.05002501250628,11,25,4.0,37.688630136986305,8.0,0
2024-10-23,39.99,19.99,20.000000000000004,100.05002501250628,12,26,4.0,37.688630136986305,8.0,0
2024-10-24,39.99,19.99,20.000000000000004,100.05002501250628,13,27,4.0,37.688630136986305,8.0,0
2024-10-25,39.99,19.99,20.000000000000004,100.05002501250628,14,28,4.0,37.688630136986305,8.0,0
2024-10-26,39.99,19.99,20.000000000000004,100.05002501250628,15,29,4.0,37.688630136986305,8.0,0
2024-10-27,39.99,19.99,20.000000000000004,100.05002501250628,16,30,4.0,37.688630136986305,8.0,0
2024-10-28,39.99,19.99,20.000000000000004,100.05002501250628,17,31,4.0,37.688630136986305,8.0,0
2024-10-29,39.99,19.99,20.000000000000004,100.05002501250628,18,32,4.0,37.688630136986305,8.0,1
2024-10-30,39.99,19.99,20.000000000000004,100.05002501250628,19,33,4.0,37.688630136986305,8.0,1
2024-10-31,39.99,19.99,20.000000000000004,100.05002501250628,20,34,4.0,37.688630136986305,8.0,1
2024-11-01,39.99,19.99,20.000000000000004,100.05002501250628,21,35,4.0,37.688630136986305,8.0,1
2024-11-02,39.99,19.99,20.000000000000004,100.05002501250628,22,36,4.0,37.688630136986305,8.0,1
2024-11-03,39.99,19.99,20.000000000000004,100.05002501250628,23,37,4.0,37.688630136986305,8.0,1
2024-11-04,39.99,19.99,20.000000000000004,100.05002501250628,24,38,4.0,37.688630136986305,8.0,1
2024-11-05,39.99,19.99,20.000000000000004,100.05002501250628,25,39,4.0,37.688630136986305,8.0,1
2024-11-06,39.99,19.99,20.000000000000004,100.05002501250628,26,40,4.0,37.688630136986305,8.0,1
2024-11-07,39.99,19.99,20.000000000000004,100.05002501250628,27,41,4.0,37.688630136986305,8.0,1
2024-11-08,39.99,19.99,20.000000000000004,100.05002501250628,28,42,4.0,37.688630136986305,8.0,1
2024-11-09,39.99,19.99,20.000000000000004,100.05002501250628,29,43,4.0,37.688630136986305,8.0,1
2024-11-10,39.99,19.99,20.000000000000004,100.05002501250628,30,44,4.0,37.688630136986305,8.0,1
2024-11-11,39.99,19.99,20.000000000000004,100.05002501250628,31,45,4.0,37.688630136986305,8.0,1
2024-11-12,39.99,19.99,20.000000000000004,100.05002501250628,32,46,4.0,37.688630136986305,8.0,1
2024-11-13,39.99,19.99,20.000000000000004,100.05002501250628,33,47,4.0,37.688630136986305,8.0,1
2024-11-14,39.99,19.99,20.000000000000004,100.05002501250628,34,48,4.0,37.688630136986305,8.0,1
2024-11-15,39.99,19.99,20.000000000000004,100.05002501250628,35,49,4.0,37.688630136986305,8.0,1
2024-11-16,39.99,19.99,20.000000000000004,100.05002501250628,36,50,4.0,37.688630136986305,8.0,1
2024-11-17,39.99,19.99,20.000000000000004,100.05002501250628,37,51,4.0,37.688630136986305,8.0,1
2024-11-18,39.99,19.99,20.000000000000004,100.05002501250628,38,52,4.0,37.688630136986305,8.0,1
2024-11-19,39.99,19.99,20.000000000000004,100.05002501250628,39,53,4.0,37.688630136986305,8.0,1
2024-11-20,39.99,19.99,20.000000000000004,100.05002501250628,40,54,4.0,37.688630136986305,8.0,1
2024-11-21,39.99,19.99,20.000000000000004,100.05002501250628,41,55,4.0,37.688630136986305,8.0,1
2024-11-22,39.99,19.99,20.000000000000004,100.05002501250628,42,56,3.0,37.74342465753425,7.0,1
2024-11-23,39.99,19.99,20.000000000000004,100.05002501250628,43,57,3.0,37.79821917808219,7.0,1
2024-11-24,39.99,19.99,20.000000000000004,100.05002501250628,44,58,3.0,37.853013698630136,7.0,1
2024-11-25,39.99,19.99,20.000000000000004,100.05002501250628,45,59,3.0,37.90780821917809,7.0,1
2024-11-26,39.99,19.99,20.000000000000004,100.05002501250628,46,60,3.0,37.96260273972603,7.0,1
2024-11-27,39.99,19.99,20.000000000000004,100.05002501250628,47,61,3.0,38.017397260273974,7.0,1
2024-11-28,19.99,19.99,0.0,0.0,0,0,3.0,38.07219178082192,7.0,0
2024-11-29,19.99,19.99,0.0,0.0,1,1,4.0,38.017397260273974,7.0,0
2024-11-30,19.99,19.99,0.0,0.0,2,2,4.0,37.96260273972603,7.0,0
2024-12-01,19.99,19.99,0.0,0.0,3,3,4.0,37.90780821917809,7.0,0
2024-12-02,19.99,19.99,0.0,0.0,4,4,4.0,37.853013698630136,7.0,0
2024-12-03,19.99,19.99,0.0,0.0,5,5,4.0,37.7982191780822,7.0,0
2024-12-04,19.99,19.99,0.0,0.0,6,6,4.0,37.74342465753425,7.0,0
2024-12-05,39.99,19.99,20.000000000000004,100.05002501250628,0,7,4.0,37.688630136986305,7.0,0
2024-12-06,39.99,19.99,20.000000000000004,100.05002501250628,1,8,4.0,37.688630136986305,8.0,0
2024-12-07,39.99,19.99,20.000000000000004,100.05002501250628,2,9,4.0,37.688630136986305,8.0,0
2024-12-08,39.99,19.99,20.000000000000004,100.05002501250628,3,10,4.0,37.688630136986305,8.0,0
2024-12-09,39.99,19.99,20.000000000000004,100.05002501250628,4,11,4.0,37.688630136986305,8.0,0
2024-12-10,39.99,19.99,20.000000000000004,100.05002501250628,5,12,4.0,37.688630136986305,8.0,0
2024-12-11,39.99,19.99,20.000000000000004,100.05002501250628,6,13,4.0,37.688630136986305,8.0,0
2024-12-12,39.99,19.99,20.000000000000004,100.05002501250628,7,14,4.0,37.688630136986305,8.0,0
2024-12-13,39.99,19.99,20.000000000000004,100.05002501250628,8,15,4.0,37.688630136986305,8.0,0
2024-12-14,39.99,19.99,20.000000000000004,100.05002501250628,9,16,4.0,37.688630136986305,8.0,0
2024-12-15,39.99,19.99,20.000000000000004,100.05002501250628,10,17,4.0,37.688630136986305,8.0,0
2024-12-16,39.99,19.99,20.000000000000004,100.05002501250628,11,18,4.0,37.688630136986305,8.0,0
2024-12-17,39.99,19.99,20.000000000000004,100.05002501250628,12,19,4.0,37.688630136986305,8.0,0
2024-12-18,39.99,19.99,20.000000000000004,100.05002501250628,13,20,4.0,37.688630136986305,8.0,0
2024-12-19,39.99,19.99,20.000000000000004,100.05002501250628,14,21,4.0,37.688630136986305,8.0,0
2024-12-20,39.99,19.99,20.000000000000004,100.05002501250628,15,22,4.0,37.688630136986305,8.0,0
2024-12-21,39.99,19.99,20.000000000000004,100.05002501250628,16,23,4.0,37.688630136986305,8.0,0
2024-12-22,39.99,19.99,20.000000000000004,100.05002501250628,17,24,4.0,37.688630136986305,8.0,0
2024-12-23,39.99,19.99,20.000000000000004,100.05002501250628,18,25,4.0,37.688630136986305,8.0,0
2024-12-24,39.99,19.99,20.000000000000004,100.05002501250628,19,26,4.0,37.688630136986305,8.0,0
2024-12-25,39.99,19.99,20.000000000000004,100.05002501250628,20,27,4.0,37.688630136986305,8.0,0
2024-12-26,39.99,19.99,20.000000000000004,100.05002501250628,21,28,4.0,37.688630136986305,8.0,0
2024-12-27,39.99,19.99,20.000000000000004,100.05002501250628,22,29,4.0,37.688630136986305,8.0,0
2024-12-28,39.99,19.99,20.000000000000004,100.05002501250628,23,30,4.0,37.688630136986305,8.0,0
2024-12-29,39.99,19.99,20.000000000000004,100.05002501250628,24,31,4.0,37.688630136986305,8.0,1
2024-12-30,39.99,19.99,20.000000000000004,100.05002501250628,25,32,4.0,37.688630136986305,8.0,1
2024-12-31,39.99,19.99,20.000000000000004,100.05002501250628,26,33,4.0,37.688630136986305,8.0,1
2025-01-01,39.99,19.99,20.000000000000004,100.05002501250628,27,34,4.0,37.688630136986305,8.0,1
2025-01-02,39.99,19.99,20.000000000000004,100.05002501250628,28,35,4.0,37.688630136986305,8.0,1
2025-01-03,39.99,19.99,20.000000000000004,100.05002501250628,29,36,4.0,37.688630136986305,8.0,1
2025-01-04,39.99,19.99,20.000000000000004,100.05002501250628,30,37,4.0,37.688630136986305,8.0,1
2025-01-05,39.99,19.99,20.000000000000004,100.05002501250628,31,38,4.0,37.688630136986305,8.0,1
2025-01-06,39.99,19.99,20.000000000000004,100.05002501250628,32,39,4.0,37.688630136986305,8.0,1
2025-01-07,39.99,19.99,20.000000000000004,100.05002501250628,33,40,4.0,37.688630136986305,8.0,1
2025-01-08,39.99,19.99,20.000000000000004,100.05002501250628,34,41,4.0,37.688630136986305,8.0,1
2025-01-09,39.99,19.99,20.000000000000004,100.05002501250628,35,42,4.0,37.688630136986305,8.0,1
2025-01-10,39.99,19.99,20.000000000000004,100.05002501250628,36,43,4.0,37.688630136986305,8.0,1
2025-01-11,39.99,19.99,20.000000000000004,100.05002501250628,37,44,4.0,37.688630136986305,8.0,1
2025-01-12,39.99,19.99,20.000000000000004,100.05002501250628,38,45,4.0,37.688630136986305,8.0,1
2025-01-13,39.99,19.99,20.000000000000004,100.05002501250628,39,46,4.0,37.688630136986305,8.0,1
2025-01-14,39.99,19.99,20.000000000000004,100.05002501250628,40,47,4.0,37.688630136986305,8.0,1
2025-01-15,39.99,19.99,20.000000000000004,100.05002501250628,41,48,4.0,37.688630136986305,8.0,1
2025-01-16,39.99,19.99,20.000000000000004,100.05002501250628,42,49,4.0,37.688630136986305,8.0,1
2025-01-17,39.99,19.99,20.000000000000004,100.05002501250628,43,50,4.0,37.688630136986305,8.0,1
2025-01-18,39.99,19.99,20.000000000000004,100.05002501250628,44,51,4.0,37.688630136986305,8.0,1
2025-01-19,39.99,19.99,20.000000000000004,100.05002501250628,45,52,4.0,37.688630136986305,8.0,1
2025-01-20,39.99,19.99,20.000000000000004,100.05002501250628,46,53,4.0,37.688630136986305,8.0,1
2025-01-21,39.99,19.99,20.000000000000004,100.05002501250628,47,54,4.0,37.688630136986305,8.0,1
2025-01-22,39.99,19.99,20.000000000000004,100.05002501250628,48,55,4.0,37.688630136986305,8.0,1
2025-01-23,39.99,19.99,20.000000000000004,100.05002501250628,49,56,4.0,37.688630136986305,8.0,1
2025-01-24,39.99,19.99,20.000000000000004,100.05002501250628,50,57,4.0,37.688630136986305,8.0,1
2025-01-25,39.99,19.99,20.000000000000004,100.05002501250628,51,58,4.0,37.688630136986305,8.0,1
2025-01-26,39.99,19.99,20.000000000000004,100.05002501250628,52,59,4.0,37.688630136986305,8.0,1
2025-01-27,39.99,19.99,20.000000000000004,100.05002501250628,53,60,4.0,37.688630136986305,8.0,1
2025-01-28,19.99,19.99,0.0,0.0,0,0,4.0,37.688630136986305,8.0,0
2025-01-29,19.99,19.99,0.0,0.0,1,1,5.0,37.633835616438354,9.0,0
2025-01-30,19.99,19.99,0.0,0.0,2,2,5.0,37.57904109589042,9.0,0
2025-01-31,19.99,19.99,0.0,0.0,3,3,5.0,37.52424657534247,9.0,0
2025-02-01,19.99,19.99,0.0,0.0,4,4,5.0,37.46945205479452,9.0,0
2025-02-02,19.99,19.99,0.0,0.0,5,5,5.0,37.41465753424658,9.0,0
2025-02-03,19.99,19.99,0.0,0.0,6,6,5.0,37.35986301369863,9.0,0
2025-02-04,39.99,19.99,20.000000000000004,100.05002501250628,0,7,5.0,37.305068493150685,9.0,0
2025-02-05,39.99,19.99,20.000000000000004,100.05002501250628,1,8,5.0,37.305068493150685,10.0,0
2025-02-06,39.99,19.99,20.000000000000004,100.05002501250628,2,9,5.0,37.305068493150685,10.0,0
2025-02-07,39.99,19.99,20.000000000000004,100.05002501250628,3,10,5.0,37.305068493150685,10.0,0
2025-02-08,39.99,19.99,20.000000000000004,100.05002501250628,4,11,5.0,37.305068493150685,10.0,0
2025-02-09,39.99,19.99,20.000000000000004,100.05002501250628,5,12,4.0,37.35986301369863,9.0,0
2025-02-10,39.99,19.99,20.000000000000004,100.05002501250628,6,13,4.0,37.41465753424658,9.0,0
2025-02-11,39.99,19.99,20.000000000000004,100.05002501250628,7,14,4.0,37.46945205479452,9.0,0
2025-02-12,39.99,19.99,20.000000000000004,100.05002501250628,8,15,4.0,37.52424657534247,9.0,0
2025-02-13,39.99,19.99,20.000000000000004,100.05002501250628,9,16,4.0,37.57904109589041,9.0,0
2025-02-14,39.99,19.99,20.000000000000004,100.05002501250628,10,17,4.0,37.633835616438354,9.0,0
2025-02-15,39.99,19.99,20.000000000000004,100.05002501250628,11,18,4.0,37.688630136986305,9.0,0
2025-02-16,39.99,19.99,20.000000000000004,100.05002501250628,12,19,4.0,37.743424657534256,9.0,0
2025-02-17,39.99,19.99,20.000000000000004,100.05002501250628,13,20,4.0,37.79821917808219,9.0,0
2025-02-18,39.99,19.99,20.000000000000004,100.05002501250628,14,21,4.0,37.853013698630136,9.0,0
2025-02-19,39.99,19.99,20.000000000000004,100.05002501250628,15,22,4.0,37.90780821917809,9.0,0
2025-02-20,39.99,19.99,20.000000000000004,100.05002501250628,16,23,4.0,37.96260273972603,9.0,0
2025-02-21,39.99,19.99,20.000000000000004,100.05002501250628,17,24,4.0,38.017397260273974,9.0,0
2025-02-22,39.99,19.99,20.000000000000004,100.05002501250628,18,25,4.0,38.07219178082192,9.0,0
2025-02-23,39.99,19.99,20.000000000000004,100.05002501250628,19,26,4.0,38.07219178082192,8.0,0
2025-02-24,39.99,19.99,20.000000000000004,100.05002501250628,20,27,4.0,38.072191780821925,8.0,0
2025-02-25,39.99,19.99,20.000000000000004,100.05002501250628,21,28,4.0,38.07219178082192,8.0,0
2025-02-26,39.99,19.99,20.000000000000004,100.05002501250628,22,29,4.0,38.07219178082192,8.0,0
2025-02-27,39.99,19.99,20.000000000000004,100.05002501250628,23,30,4.0,38.07219178082192,8.0,0
2025-02-28,39.99,19.99,20.000000000000004,100.05002501250628,24,31,4.0,38.07219178082192,8.0,0
2025-03-01,39.99,19.99,20.000000000000004,100.05002501250628,25,32,4.0,38.07219178082192,8.0,0
2025-03-02,39.99,19.99,20.000000000000004,100.05002501250628,26,33,4.0,38.07219178082192,8.0,0
2025-03-03,39.99,19.99,20.000000000000004,100.05002501250628,27,34,4.0,38.07219178082192,8.0,0
2025-03-04,39.99,19.99,20.000000000000004,100.05002501250628,28,35,4.0,38.072191780821925,8.0,0
2025-03-05,39.99,19.99,20.000000000000004,100.05002501250628,29,36,4.0,38.07219178082192,8.0,0
2025-03-06,39.99,19.99,20.000000000000004,100.05002501250628,30,37,4.0,38.07219178082192,8.0,0
2025-03-07,39.99,19.99,20.000000000000004,100.05002501250628,31,38,4.0,38.07219178082192,8.0,0
2025-03-08,39.99,19.99,20.000000000000004,100.05002501250628,32,39,4.0,38.07219178082192,8.0,0
2025-03-09,39.99,19.99,20.000000000000004,100.05002501250628,33,40,4.0,38.07219178082192,8.0,0
2025-03-10,39.99,19.99,20.000000000000004,100.05002501250628,34,41,4.0,38.07219178082192,8.0,0
2025-03-11,39.99,19.99,20.000000000000004,100.05002501250628,35,42,4.0,38.07219178082192,8.0,0
2025-03-12,39.99,19.99,20.000000000000004,100.05002501250628,36,43,4.0,38.07219178082192,8.0,0
2025-03-13,39.99,19.99,20.000000000000004,100.05002501250628,37,44,4.0,38.072191780821925,8.0,0
2025-03-14,39.99,19.99,20.000000000000004,100.05002501250628,38,45,4.0,38.07219178082192,8.0,0
2025-03-15,39.99,19.99,20.000000000000004,100.05002501250628,39,46,4.0,38.07219178082192,8.0,0
2025-03-16,39.99,19.99,20.000000000000004,100.05002501250628,40,47,4.0,38.07219178082192,8.0,0
2025-03-17,39.99,19.99,20.000000000000004,100.05002501250628,41,48,4.0,38.07219178082192,8.0,0
2025-03-18,39.99,19.99,20.000000000000004,100.05002501250628,42,49,4.0,38.07219178082192,8.0,0
2025-03-19,39.99,19.99,20.000000000000004,100.05002501250628,43,50,4.0,38.07219178082192,8.0,0
2025-03-20,39.99,19.99,20.000000000000004,100.05002501250628,44,51,4.0,38.07219178082192,8.0,0
2025-03-21,39.99,19.99,20.000000000000004,100.05002501250628,45,52,4.0,38.072191780821925,8.0,0
2025-03-22,39.99,19.99,20.000000000000004,100.05002501250628,46,53,4.0,38.07219178082192,8.0,0
2025-03-23,39.99,19.99,20.000000000000004,100.05002501250628,47,54,4.0,38.07219178082192,8.0,0
2025-03-24,39.99,19.99,20.000000000000004,100.05002501250628,48,55,4.0,38.07219178082192,8.0,0
2025-03-25,39.99,19.99,20.000000000000004,100.05002501250628,49,56,4.0,38.07219178082192,8.0,0
2025-03-26,39.99,19.99,20.000000000000004,100.05002501250628,50,57,4.0,38.07219178082192,8.0,0
2025-03-27,39.99,19.99,20.000000000000004,100.05002501250628,51,58,4.0,38.07219178082192,8.0,0
2025-03-28,39.99,19.99,20.000000000000004,100.05002501250628,52,59,4.0,38.07219178082192,8.0,0
2025-03-29,39.99,19.99,20.000000000000004,100.05002501250628,53,60,4.0,38.072191780821925,8.0,0
2025-03-30,39.99,19.99,20.000000000000004,100.05002501250628,54,61,4.0,38.07219178082192,8.0,0
2025-03-31,39.99,19.99,20.000000000000004,100.05002501250628,55,62,4.0,38.07219178082192,8.0,0
2025-04-01,39.99,19.99,20.000000000000004,100.05002501250628,56,63,4.0,38.07219178082192,8.0,0
2025-04-02,39.99,19.99,20.000000000000004,100.05002501250628,57,64,4.0,38.07219178082192,8.0,1
2025-04-03,39.99,19.99,20.000000000000004,100.05002501250628,58,65,4.0,38.07219178082192,8.0,1
2025-04-04,39.99,19.99,20.000000000000004,100.05002501250628,59,66,4.0,38.07219178082192,8.0,1
2025-04-05,39.99,19.99,20.000000000000004,100.05002501250628,60,67,4.0,38.07219178082192,8.0,1
2025-04-06,39.99,19.99,20.000000000000004,100.05002501250628,61,68,4.0,38.072191780821925,8.0,1
2025-04-07,39.99,19.99,20.000000000000004,100.05002501250628,62,69,4.0,38.07219178082192,8.0,1
2025-04-08,39.99,19.99,20.000000000000004,100.05002501250628,63,70,4.0,38.07219178082192,8.0,1
2025-04-09,39.99,19.99,20.000000000000004,100.05002501250628,64,71,4.0,38.07219178082192,8.0,1
2025-04-10,39.99,19.99,20.000000000000004,100.05002501250628,65,72,4.0,38.07219178082192,8.0,1
2025-04-11,39.99,19.99,20.000000000000004,100.05002501250628,66,73,4.0,38.07219178082192,8.0,1
2025-04-12,39.99,19.99,20.000000000000004,100.05002501250628,67,74,4.0,38.07219178082192,8.0,1
2025-04-13,39.99,19.99,20.000000000000004,100.05002501250628,68,75,4.0,38.07219178082192,8.0,1
2025-04-14,39.99,19.99,20.000000000000004,100.05002501250628,69,76,4.0,38.07219178082192,8.0,1
2025-04-15,39.99,19.99,20.000000000000004,100.05002501250628,70,77,4.0,38.072191780821925,8.0,1
2025-04-16,39.99,19.99,20.000000000000004,100.05002501250628,71,78,4.0,38.07219178082192,8.0,1
2025-04-17,39.99,19.99,20.000000000000004,100.05002501250628,72,79,4.0,38.07219178082192,8.0,1
2025-04-18,39.99,19.99,20.000000000000004,100.05002501250628,73,80,4.0,38.07219178082192,8.0,1
2025-04-19,39.99,19.99,20.000000000000004,100.05002501250628,74,81,4.0,38.07219178082192,8.0,1
2025-04-20,39.99,19.99,20.000000000000004,100.05002501250628,75,82,4.0,38.07219178082192,8.0,1
2025-04-21,39.99,19.99,20.000000000000004,100.05002501250628,76,83,4.0,38.07219178082192,8.0,1
2025-04-22,39.99,19.99,20.000000000000004,100.05002501250628,77,84,4.0,38.07219178082192,8.0,1
2025-04-23,39.99,19.99,20.000000000000004,100.05002501250628,78,85,4.0,38.072191780821925,8.0,1
2025-04-24,39.99,19.99,20.000000000000004,100.05002501250628,79,86,4.0,38.07219178082192,8.0,1
2025-04-25,39.99,19.99,20.000000000000004,100.05002501250628,80,87,4.0,38.07219178082192,8.0,1
2025-04-26,39.99,19.99,20.000000000000004,100.05002501250628,81,88,4.0,38.07219178082192,8.0,1
2025-04-27,39.99,19.99,20.000000000000004,100.05002501250628,82,89,4.0,38.07219178082192,8.0,1
2025-04-28,39.99,19.99,20.000000000000004,100.05002501250628,83,90,4.0,38.07219178082192,8.0,1
2025-04-29,39.99,19.99,20.000000000000004,100.05002501250628,84,91,4.0,38.07219178082192,8.0,1
2025-04-30,39.99,19.99,20.000000000000004,100.05002501250628,85,92,4.0,38.07219178082192,8.0,1
2025-05-01,39.99,19.99,20.000000000000004,100.05002501250628,86,93,4.0,38.072191780821925,8.0,1
2025-05-02,19.99,19.99,0.0,0.0,0,0,4.0,38.07219178082192,8.0,0
2025-05-03,19.99,19.99,0.0,0.0,1,1,5.0,38.017397260273974,9.0,0
2025-05-04,19.99,19.99,0.0,0.0,2,2,5.0,37.96260273972603,9.0,0
2025-05-05,19.99,19.99,0.0,0.0,3,3,5.0,37.90780821917809,9.0,0
2025-05-06,19.99,19.99,0.0,0.0,4,4,5.0,37.853013698630136,9.0,0
2025-05-07,19.99,19.99,0.0,0.0,5,5,5.0,37.79821917808219,9.0,0
2025-05-08,19.99,19.99,0.0,0.0,6,6,5.0,37.74342465753425,9.0,0
2025-05-09,19.99,19.99,0.0,0.0,7,7,5.0,37.688630136986305,9.0,0
2025-05-10,19.99,19.99,0.0,0.0,8,8,5.0,37.63383561643836,9.0,0
2025-05-11,19.99,19.99,0.0,0.0,9,9,4.0,37.633835616438354,8.0,0
2025-05-12,19.99,19.99,0.0,0.0,10,10,4.0,37.633835616438354,8.0,0
2025-05-13,19.99,19.99,0.0,0.0,11,11,4.0,37.633835616438354,8.0,0
2025-05-14,19.99,19.99,0.0,0.0,12,12,4.0,37.633835616438354,8.0,0
2025-05-15,19.99,19.99,0.0,0.0,13,13,4.0,37.633835616438354,8.0,0
2025-05-16,39.99,19.99,20.000000000000004,100.05002501250628,0,14,4.0,37.633835616438354,8.0,0
2025-05-17,39.99,19.99,20.000000000000004,100.05002501250628,1,15,4.0,37.688630136986305,9.0,0
2025-05-18,39.99,19.99,20.000000000000004,100.05002501250628,2,16,4.0,37.688630136986305,8.0,0
2025-05-19,39.99,19.99,20.000000000000004,100.05002501250628,3,17,4.0,37.688630136986305,8.0,0
2025-05-20,39.99,19.99,20.000000000000004,100.05002501250628,4,18,4.0,37.688630136986305,8.0,0
2025-05-21,39.99,19.99,20.000000000000004,100.05002501250628,5,19,4.0,37.688630136986305,8.0,0
2025-05-22,39.99,19.99,20.000000000000004,100.05002501250628,6,20,4.0,37.688630136986305,8.0,0
2025-05-23,39.99,19.99,20.000000000000004,100.05002501250628,7,21,4.0,37.688630136986305,8.0,0
2025-05-24,39.99,19.99,20.000000000000004,100.05002501250628,8,22,4.0,37.688630136986305,8.0,0
2025-05-25,39.99,19.99,20.000000000000004,100.05002501250628,9,23,4.0,37.688630136986305,8.0,0
2025-05-26,39.99,19.99,20.000000000000004,100.05002501250628,10,24,4.0,37.688630136986305,8.0,0
2025-05-27,39.99,19.99,20.000000000000004,100.05002501250628,11,25,4.0,37.688630136986305,8.0,0
2025-05-28,39.99,19.99,20.000000000000004,100.05002501250628,12,26,4.0,37.688630136986305,8.0,0
2025-05-29,39.99,19.99,20.000000000000004,100.05002501250628,13,27,4.0,37.688630136986305,8.0,0
2025-05-30,39.99,19.99,20.000000000000004,100.05002501250628,14,28,4.0,37.688630136986305,8.0,0
2025-05-31,39.99,19.99,20.000000000000004,100.05002501250628,15,29,4.0,37.688630136986305,8.0,0
2025-06-01,39.99,19.99,20.000000000000004,100.05002501250628,16,30,4.0,37.688630136986305,8.0,0
2025-06-02,39.99,19.99,20.000000000000004,100.05002501250628,17,31,4.0,37.688630136986305,8.0,0
2025-06-03,39.99,19.99,20.000000000000004,100.05002501250628,18,32,4.0,37.688630136986305,8.0,0
2025-06-04,39.99,19.99,20.000000000000004,100.05002501250628,19,33,4.0,37.688630136986305,8.0,0
2025-06-05,39.99,19.99,20.000000000000004,100.05002501250628,20,34,4.0,37.688630136986305,8.0,0
2025-06-06,39.99,19.99,20.000000000000004,100.05002501250628,21,35,4.0,37.688630136986305,8.0,0
2025-06-07,39.99,19.99,20.000000000000004,100.05002501250628,22,36,4.0,37.688630136986305,8.0,0
2025-06-08,39.99,19.99,20.000000000000004,100.05002501250628,23,37,4.0,37.688630136986305,8.0,0
2025-06-09,39.99,19.99,20.000000000000004,100.05002501250628,24,38,4.0,37.688630136986305,8.0,0
2025-06-10,39.99,19.99,20.000000000000004,100.05002501250628,25,39,4.0,37.688630136986305,8.0,0
2025-06-11,39.99,19.99,20.000000000000004,100.05002501250628,26,40,4.0,37.688630136986305,8.0,0
2025-06-12,39.99,19.99,20.000000000000004,100.05002501250628,27,41,4.0,37.688630136986305,8.0,0
2025-06-13,39.99,19.99,20.000000000000004,100.05002501250628,28,42,4.0,37.688630136986305,8.0,0
2025-06-14,39.99,19.99,20.000000000000004,100.05002501250628,29,43,4.0,37.688630136986305,8.0,0
2025-06-15,39.99,19.99,20.000000000000004,100.05002501250628,30,44,4.0,37.688630136986305,8.0,0
2025-06-16,39.99,19.99,20.000000000000004,100.05002501250628,31,45,4.0,37.688630136986305,8.0,0
2025-06-17,39.99,19.99,20.000000000000004,100.05002501250628,32,46,4.0,37.688630136986305,8.0,0
2025-06-18,39.99,19.99,20.000000000000004,100.05002501250628,33,47,4.0,37.688630136986305,8.0,0
2025-06-19,39.99,19.99,20.000000000000004,100.05002501250628,34,48,4.0,37.688630136986305,8.0,0
2025-06-20,39.99,19.99,20.000000000000004,100.05002501250628,35,49,4.0,37.688630136986305,8.0,0
2025-06-21,39.99,19.99,20.000000000000004,100.05002501250628,36,50,4.0,37.688630136986305,8.0,0
2025-06-22,39.99,19.99,20.000000000000004,100.05002501250628,37,51,4.0,37.688630136986305,8.0,0
2025-06-23,39.99,19.99,20.000000000000004,100.05002501250628,38,52,4.0,37.688630136986305,8.0,0
2025-06-24,39.99,19.99,20.000000000000004,100.05002501250628,39,53,4.0,37.688630136986305,8.0,0
2025-06-25,39.99,19.99,20.000000000000004,100.05002501250628,40,54,4.0,37.688630136986305,8.0,0
2025-06-26,39.99,19.99,20.000000000000004,100.05002501250628,41,55,4.0,37.688630136986305,8.0,0
2025-06-27,39.99,19.99,20.000000000000004,100.05002501250628,42,56,4.0,37.688630136986305,8.0,0
2025-06-28,39.99,19.99,20.000000000000004,100.05002501250628,43,57,4.0,37.688630136986305,8.0,0
2025-06-29,39.99,19.99,20.000000000000004,100.05002501250628,44,58,4.0,37.688630136986305,8.0,0
2025-06-30,39.99,19.99,20.000000000000004,100.05002501250628,45,59,4.0,37.688630136986305,8.0,0
2025-07-01,39.99,19.99,20.000000000000004,100.05002501250628,46,60,4.0,37.688630136986305,8.0,0
2025-07-02,39.99,19.99,20.000000000000004,100.05002501250628,47,61,4.0,37.688630136986305,8.0,0
2025-07-03,39.99,19.99,20.000000000000004,100.05002501250628,48,62,4.0,37.688630136986305,8.0,0
2025-07-04,39.99,19.99,20.000000000000004,100.05002501250628,49,63,4.0,37.688630136986305,8.0,0
2025-07-05,39.99,19.99,20.000000000000004,100.05002501250628,50,64,4.0,37.688630136986305,8.0,0
2025-07-06,39.99,19.99,20.000000000000004,100.05002501250628,51,65,4.0,37.688630136986305,8.0,0
2025-07-07,39.99,19.99,20.000000000000004,100.05002501250628,52,66,4.0,37.688630136986305,8.0,0
2025-07-08,39.99,19.99,20.000000000000004,100.05002501250628,53,67,4.0,37.688630136986305,8.0,0
2025-07-09,39.99,19.99,20.000000000000004,100.05002501250628,54,68,4.0,37.688630136986305,8.0,0
2025-07-10,39.99,19.99,20.000000000000004,100.05002501250628,55,69,4.0,37.688630136986305,8.0,0
2025-07-11,39.99,19.99,20.000000000000004,100.05002501250628,56,70,4.0,37.688630136986305,8.0,0
2025-07-12,39.99,19.99,20.000000000000004,100.05002501250628,57,71,4.0,37.688630136986305,8.0,0
2025-07-13,39.99,19.99,20.000000000000004,100.05002501250628,58,72,4.0,37.688630136986305,8.0,0
2025-07-14,39.99,19.99,20.000000000000004,100.05002501250628,59,73,4.0,37.688630136986305,8.0,0
2025-07-15,39.99,19.99,20.000000000000004,100.05002501250628,60,74,4.0,37.688630136986305,8.0,0
2025-07-16,39.99,19.99,20.000000000000004,100.05002501250628,61,75,4.0,37.688630136986305,8.0,0
2025-07-17,39.99,19.99,20.000000000000004,100.05002501250628,62,76,4.0,37.688630136986305,8.0,0
2025-07-18,39.99,19.99,20.000000000000004,100.05002501250628,63,77,4.0,37.688630136986305,8.0,0
2025-07-19,39.99,19.99,20.000000000000004,100.05002501250628,64,78,4.0,37.688630136986305,8.0,0
2025-07-20,39.99,19.99,20.000000000000004,100.05002501250628,65,79,4.0,37.688630136986305,8.0,0
2025-07-21,39.99,19.99,20.000000000000004,100.05002501250628,66,80,4.0,37.688630136986305,8.0,0
2025-07-22,39.99,19.99,20.000000000000004,100.05002501250628,67,81,4.0,37.688630136986305,8.0,0
2025-07-23,39.99,19.99,20.000000000000004,100.05002501250628,68,82,4.0,37.688630136986305,8.0,0
2025-07-24,39.99,19.99,20.000000000000004,100.05002501250628,69,83,4.0,37.688630136986305,8.0,0
2025-07-25,39.99,19.99,20.000000000000004,100.05002501250628,70,84,4.0,37.688630136986305,8.0,0
2025-07-26,39.99,19.99,20.000000000000004,100.05002501250628,71,85,4.0,37.688630136986305,8.0,0
2025-07-27,39.99,19.99,20.000000000000004,100.05002501250628,72,86,4.0,37.688630136986305,8.0,0
2025-07-28,39.99,19.99,20.000000000000004,100.05002501250628,73,87,4.0,37.688630136986305,8.0,0
2025-07-29,39.99,19.99,20.000000000000004,100.05002501250628,74,88,4.0,37.688630136986305,8.0,0
2025-07-30,39.99,19.99,20.000000000000004,100.05002501250628,75,89,4.0,37.688630136986305,8.0,0
2025-07-31,39.99,19.99,20.000000000000004,100.05002501250628,76,90,4.0,37.688630136986305,8.0,0
2025-08-01,39.99,19.99,20.000000000000004,100.05002501250628,77,91,4.0,37.688630136986305,8.0,0
2025-08-02,39.99,19.99,20.000000000000004,100.05002501250628,78,92,4.0,37.688630136986305,8.0,0
2025-08-03,39.99,19.99,20.000000000000004,100.05002501250628,79,93,4.0,37.688630136986305,8.0,0
2025-08-04,39.99,19.99,20.000000000000004,100.05002501250628,80,94,4.0,37.688630136986305,8.0,0
2025-08-05,39.99,19.99,20.000000000000004,100.05002501250628,81,95,4.0,37.688630136986305,8.0,0
2025-08-06,39.99,19.99,20.000000000000004,100.05002501250628,82,96,4.0,37.688630136986305,8.0,0
2025-08-07,39.99,19.99,20.000000000000004,100.05002501250628,83,97,4.0,37.688630136986305,8.0,0
2025-08-08,39.99,19.99,20.000000000000004,100.05002501250628,84,98,4.0,37.688630136986305,8.0,0
2025-08-09,39.99,19.99,20.000000000000004,100.05002501250628,85,99,4.0,37.688630136986305,8.0,0
2025-08-10,39.99,19.99,20.000000000000004,100.05002501250628,86,100,4.0,37.688630136986305,8.0,0
2025-08-11,39.99,19.99,20.000000000000004,100.05002501250628,87,101,4.0,37.688630136986305,8.0,0
2025-08-12,39.99,19.99,20.000000000000004,100.05002501250628,88,102,4.0,37.688630136986305,8.0,0
2025-08-13,39.99,19.99,20.000000000000004,100.05002501250628,89,103,4.0,37.688630136986305,8.0,0
2025-08-14,39.99,19.99,20.000000000000004,100.05002501250628,90,104,4.0,37.688630136986305,8.0,0
2025-08-15,39.99,19.99,20.000000000000004,100.05002501250628,91,105,4.0,37.688630136986305,8.0,0
2025-08-16,39.99,19.99,20.000000000000004,100.05002501250628,92,106,4.0,37.688630136986305,8.0,0
2025-08-17,39.99,19.99,20.000000000000004,100.05002501250628,93,107,4.0,37.688630136986305,8.0,0
2025-08-18,39.99,19.99,20.000000000000004,100.05002501250628,94,108,4.0,37.688630136986305,8.0,0
2025-08-19,39.99,19.99,20.000000000000004,100.05002501250628,95,109,4.0,37.688630136986305,8.0,0
2025-08-20,39.99,19.99,20.000000000000004,100.05002501250628,96,110,4.0,37.688630136986305,8.0,0
2025-08-21,39.99,19.99,20.000000000000004,100.05002501250628,97,111,4.0,37.688630136986305,8.0,0
2025-08-22,39.99,19.99,20.000000000000004,100.05002501250628,98,112,4.0,37.688630136986305,8.0,0
2025-08-23,39.99,19.99,20.000000000000004,100.05002501250628,99,113,4.0,37.688630136986305,8.0,0
2025-08-24,39.99,19.99,20.000000000000004,100.05002501250628,100,114,4.0,37.688630136986305,8.0,0
2025-08-25,39.99,19.99,20.000000000000004,100.05002501250628,101,115,4.0,37.688630136986305,8.0,0
2025-08-26,39.99,19.99,20.000000000000004,100.05002501250628,102,116,4.0,37.688630136986305,8.0,0
2025-08-27,39.99,19.99,20.000000000000004,100.05002501250628,103,117,4.0,37.688630136986305,8.0,0
2025-08-28,39.99,19.99,20.000000000000004,100.05002501250628,104,118,4.0,37.688630136986305,8.0,0
2025-08-29,39.99,19.99,20.000000000000004,100.05002501250628,105,119,4.0,37.688630136986305,8.0,0
2025-08-30,39.99,19.99,20.000000000000004,100.05002501250628,106,120,4.0,37.688630136986305,8.0,0
2025-08-31,39.99,19.99,20.000000000000004,100.05002501250628,107,121,4.0,37.688630136986305,8.0,1
2025-09-01,39.99,19.99,20.000000000000004,100.05002501250628,108,122,4.0,37.688630136986305,8.0,1
2025-09-02,39.99,19.99,20.000000000000004,100.05002501250628,109,123,4.0,37.688630136986305,8.0,1
2025-09-03,39.99,19.99,20.000000000000004,100.05002501250628,110,124,4.0,37.688630136986305,8.0,1
2025-09-04,39.99,19.99,20.000000000000004,100.05002501250628,111,125,4.0,37.688630136986305,8.0,1
2025-09-05,39.99,19.99,20.000000000000004,100.05002501250628,112,126,4.0,37.688630136986305,8.0,1
2025-09-06,39.99,19.99,20.000000000000004,100.05002501250628,113,127,4.0,37.688630136986305,8.0,1
2025-09-07,39.99,19.99,20.000000000000004,100.05002501250628,114,128,4.0,37.688630136986305,8.0,1
2025-09-08,39.99,19.99,20.000000000000004,100.05002501250628,115,129,4.0,37.688630136986305,8.0,1
2025-09-09,39.99,19.99,20.000000000000004,100.05002501250628,116,130,4.0,37.688630136986305,8.0,1
2025-09-10,39.99,19.99,20.000000000000004,100.05002501250628,117,131,4.0,37.688630136986305,8.0,1
2025-09-11,39.99,19.99,20.000000000000004,100.05002501250628,118,132,4.0,37.688630136986305,8.0,1
2025-09-12,39.99,19.99,20.000000000000004,100.05002501250628,119,133,4.0,37.688630136986305,8.0,1
2025-09-13,39.99,19.99,20.000000000000004,100.05002501250628,120,134,4.0,37.688630136986305,8.0,1
2025-09-14,39.99,19.99,20.000000000000004,100.05002501250628,121,135,4.0,37.688630136986305,8.0,1
2025-09-15,39.99,19.99,20.000000000000004,100.05002501250628,122,136,4.0,37.688630136986305,8.0,1
2025-09-16,39.99,19.99,20.000000000000004,100.05002501250628,123,137,4.0,37.688630136986305,8.0,1
2025-09-17,39.99,19.99,20.000000000000004,100.05002501250628,124,138,4.0,37.688630136986305,8.0,1
2025-09-18,39.99,19.99,20.000000000000004,100.05002501250628,125,139,4.0,37.688630136986305,8.0,1
2025-09-19,39.99,19.99,20.000000000000004,100.05002501250628,126,140,4.0,37.688630136986305,8.0,1
2025-09-20,39.99,19.99,20.000000000000004,100.05002501250628,127,141,4.0,37.688630136986305,8.0,1
2025-09-21,39.99,19.99,20.000000000000004,100.05002501250628,128,142,4.0,37.688630136986305,8.0,1
2025-09-22,39.99,19.99,20.000000000000004,100.05002501250628,129,143,4.0,37.688630136986305,8.0,1
2025-09-23,39.99,19.99,20.000000000000004,100.05002501250628,130,144,4.0,37.688630136986305,8.0,1
2025-09-24,39.99,19.99,20.000000000000004,100.05002501250628,131,145,4.0,37.688630136986305,8.0,1
2025-09-25,39.99,19.99,20.000000000000004,100.05002501250628,132,146,4.0,37.688630136986305,8.0,1
2025-09-26,39.99,19.99,20.000000000000004,100.05002501250628,133,147,4.0,37.688630136986305,8.0,1
2025-09-27,39.99,19.99,20.000000000000004,100.05002501250628,134,148,4.0,37.688630136986305,8.0,1
2025-09-28,39.99,19.99,20.000000000000004,100.05002501250628,135,149,3.0,37.74342465753425,7.0,1
2025-09-29,39.99,19.99,20.000000000000004,100.05002501250628,136,150,3.0,37.79821917808219,7.0,1
2025-09-30,19.99,19.99,0.0,0.0,0,0,3.0,37.853013698630136,7.0,0
2025-10-01,19.99,19.99,0.0,0.0,1,1,4.0,37.853013698630136,8.0,0
2025-10-02,19.99,19.99,0.0,0.0,2,2,4.0,37.853013698630136,8.0,0
2025-10-03,19.99,19.99,0.0,0.0,3,3,4.0,37.853013698630136,8.0,0
2025-10-04,19.99,19.99,0.0,0.0,4,4,4.0,37.853013698630136,8.0,0
2025-10-05,19.99,19.99,0.0,0.0,5,5,4.0,37.85301369863014,8.0,0
2025-10-06,19.99,19.99,0.0,0.0,6,6,4.0,37.853013698630136,8.0,0
2025-10-07,39.99,19.99,20.000000000000004,100.05002501250628,0,7,4.0,37.853013698630136,8.0,0
2025-10-08,39.99,19.99,20.000000000000004,100.05002501250628,1,8,4.0,37.90780821917809,9.0,0
2025-10-09,39.99,19.99,20.000000000000004,100.05002501250628,2,9,4.0,37.96260273972603,9.0,0
2025-10-10,39.99,19.99,20.000000000000004,100.05002501250628,3,10,4.0,38.017397260273974,9.0,0
2025-10-11,39.99,19.99,20.000000000000004,100.05002501250628,4,11,4.0,38.07219178082192,9.0,0
2025-10-12,39.99,19.99,20.000000000000004,100.05002501250628,5,12,4.0,38.07219178082192,8.0,0
2025-10-13,39.99,19.99,20.000000000000004,100.05002501250628,6,13,4.0,38.07219178082192,8.0,0
2025-10-14,39.99,19.99,20.000000000000004,100.05002501250628,7,14,4.0,38.072191780821925,8.0,0
2025-10-15,39.99,19.99,20.000000000000004,100.05002501250628,8,15,4.0,38.07219178082192,8.0,0
2025-10-16,39.99,19.99,20.000000000000004,100.05002501250628,9,16,4.0,38.07219178082192,8.0,0
2025-10-17,39.99,19.99,20.000000000000004,100.05002501250628,10,17,4.0,38.07219178082192,8.0,0
2025-10-18,39.99,19.99,20.000000000000004,100.05002501250628,11,18,4.0,38.07219178082192,8.0,0
2025-10-19,39.99,19.99,20.000000000000004,100.05002501250628,12,19,4.0,38.07219178082192,8.0,0
2025-10-20,39.99,19.99,20.000000000000004,100.05002501250628,13,20,4.0,38.07219178082192,8.0,0
2025-10-21,39.99,19.99,20.000000000000004,100.05002501250628,14,21,4.0,38.07219178082192,8.0,0
2025-10-22,39.99,19.99,20.000000000000004,100.05002501250628,15,22,4.0,38.072191780821925,8.0,1
2025-10-23,39.99,19.99,20.000000000000004,100.05002501250628,16,23,4.0,38.07219178082192,8.0,1
2025-10-24,39.99,19.99,20.000000000000004,100.05002501250628,17,24,4.0,38.07219178082192,8.0,1
2025-10-25,39.99,19.99,20.000000000000004,100.05002501250628,18,25,4.0,38.07219178082192,8.0,1
2025-10-26,39.99,19.99,20.000000000000004,100.05002501250628,19,26,4.0,38.07219178082192,8.0,1
2025-10-27,39.99,19.99,20.000000000000004,100.05002501250628,20,27,4.0,38.07219178082192,8.0,1
2025-10-28,39.99,19.99,20.000000000000004,100.05002501250628,21,28,4.0,38.07219178082192,8.0,1
2025-10-29,39.99,19.99,20.000000000000004,100.05002501250628,22,29,4.0,38.07219178082192,8.0,1
2025-10-30,39.99,19.99,20.000000000000004,100.05002501250628,23,30,4.0,38.072191780821925,8.0,1
2025-10-31,39.99,19.99,20.000000000000004,100.05002501250628,24,31,4.0,38.07219178082192,8.0,1
2025-11-01,39.99,19.99,20.000000000000004,100.05002501250628,25,32,4.0,38.07219178082192,8.0,1
2025-11-02,39.99,19.99,20.000000000000004,100.05002501250628,26,33,4.0,38.07219178082192,8.0,1
2025-11-03,39.99,19.99,20.000000000000004,100.05002501250628,27,34,4.0,38.07219178082192,8.0,1
2025-11-04,39.99,19.99,20.000000000000004,100.05002501250628,28,35,4.0,38.07219178082192,8.0,1
2025-11-05,39.99,19.99,20.000000000000004,100.05002501250628,29,36,4.0,38.07219178082192,8.0,1
2025-11-06,39.99,19.99,20.000000000000004,100.05002501250628,30,37,4.0,38.07219178082192,8.0,1
2025-11-07,39.99,19.99,20.000000000000004,100.05002501250628,31,38,4.0,38.072191780821925,8.0,1
2025-11-08,39.99,19.99,20.000000000000004,100.05002501250628,32,39,4.0,38.072191780821925,8.0,1
2025-11-09,39.99,19.99,20.000000000000004,100.05002501250628,33,40,4.0,38.07219178082192,8.0,1
2025-11-10,39.99,19.99,20.000000000000004,100.05002501250628,34,41,4.0,38.07219178082192,8.0,1
2025-11-11,39.99,19.99,20.000000000000004,100.05002501250628,35,42,4.0,38.07219178082192,8.0,1
2025-11-12,39.99,19.99,20.000000000000004,100.05002501250628,36,43,4.0,38.07219178082192,8.0,1
2025-11-13,39.99,19.99,20.000000000000004,100.05002501250628,37,44,4.0,38.07219178082192,8.0,1
2025-11-14,39.99,19.99,20.000000000000004,100.05002501250628,38,45,4.0,38.07219178082192,8.0,1
2025-11-15,39.99,19.99,20.000000000000004,100.05002501250628,39,46,4.0,38.07219178082192,8.0,1
2025-11-16,39.99,19.99,20.000000000000004,100.05002501250628,40,47,4.0,38.072191780821925,8.0,1
2025-11-17,39.99,19.99,20.000000000000004,100.05002501250628,41,48,4.0,38.07219178082192,8.0,1
2025-11-18,39.99,19.99,20.000000000000004,100.05002501250628,42,49,4.0,38.07219178082192,8.0,1
2025-11-19,39.99,19.99,20.000000000000004,100.05002501250628,43,50,4.0,38.07219178082192,8.0,1
2025-11-20,39.99,19.99,20.000000000000004,100.05002501250628,44,51,4.0,38.07219178082192,8.0,1
2025-11-21,19.99,19.99,0.0,0.0,0,0,4.0,38.07219178082192,8.0,0
2025-11-22,19.99,19.99,0.0,0.0,1,1,5.0,38.017397260273974,9.0,0
2025-11-23,19.99,19.99,0.0,0.0,2,2,5.0,37.96260273972603,9.0,0
2025-11-24,19.99,19.99,0.0,0.0,3,3,5.0,37.90780821917809,9.0,0
2025-11-25,19.99,19.99,0.0,0.0,4,4,5.0,37.853013698630136,9.0,0
2025-11-26,19.99,19.99,0.0,0.0,5,5,5.0,37.79821917808219,9.0,0
2025-11-27,19.99,19.99,0.0,0.0,6,6,5.0,37.74342465753425,9.0,0
2025-11-28,19.99,19.99,0.0,0.0,7,7,5.0,37.688630136986305,9.0,0
2025-11-29,19.99,19.99,0.0,0.0,8,8,4.0,37.688630136986305,8.0,0
2025-11-30,19.99,19.99,0.0,0.0,9,9,4.0,37.688630136986305,8.0,0
2025-12-01,19.99,19.99,0.0,0.0,10,10,4.0,37.688630136986305,8.0,0
2025-12-02,19.99,19.99,0.0,0.0,11,11,4.0,37.688630136986305,8.0,0
2025-12-03,19.99,19.99,0.0,0.0,12,12,4.0,37.688630136986305,8.0,0
2025-12-04,19.99,19.99,0.0,0.0,13,13,4.0,37.688630136986305,8.0,0
2025-12-05,39.99,19.99,20.000000000000004,100.05002501250628,0,14,4.0,37.688630136986305,8.0,0
2025-12-06,39.99,19.99,20.000000000000004,100.05002501250628,1,15,4.0,37.688630136986305,8.0,0
2025-12-07,39.99,19.99,20.000000000000004,100.05002501250628,2,16,4.0,37.688630136986305,8.0,0
2025-12-08,39.99,19.99,20.000000000000004,100.05002501250628,3,17,4.0,37.688630136986305,8.0,0
2025-12-09,39.99,19.99,20.000000000000004,100.05002501250628,4,18,4.0,37.688630136986305,8.0,0
2025-12-10,39.99,19.99,20.000000000000004,100.05002501250628,5,19,4.0,37.688630136986305,8.0,0
2025-12-11,39.99,19.99,20.000000000000004,100.05002501250628,6,20,4.0,37.688630136986305,8.0,0
2025-12-12,39.99,19.99,20.000000000000004,100.05002501250628,7,21,4.0,37.688630136986305,8.0,0
2025-12-13,39.99,19.99,20.000000000000004,100.05002501250628,8,22,4.0,37.688630136986305,8.0,0
2025-12-14,39.99,19.99,20.000000000000004,100.05002501250628,9,23,4.0,37.688630136986305,8.0,0
2025-12-15,39.99,19.99,20.000000000000004,100.05002501250628,10,24,4.0,37.688630136986305,8.0,0
2025-12-16,39.99,19.99,20.000000000000004,100.05002501250628,11,25,4.0,37.688630136986305,8.0,0
2025-12-17,39.99,19.99,20.000000000000004,100.05002501250628,12,26,4.0,37.688630136986305,8.0,0
2025-12-18,39.99,19.99,20.000000000000004,100.05002501250628,13,27,4.0,37.688630136986305,8.0,0
2025-12-19,39.99,19.99,20.000000000000004,100.05002501250628,14,28,4.0,37.688630136986305,8.0,0
2025-12-20,39.99,19.99,20.000000000000004,100.05002501250628,15,29,4.0,37.688630136986305,8.0,0
2025-12-21,39.99,19.99,20.000000000000004,100.05002501250628,16,30,4.0,37.688630136986305,8.0,0
2025-12-22,39.99,19.99,20.000000000000004,100.05002501250628,17,31,4.0,37.688630136986305,8.0,0
2025-12-23,39.99,19.99,20.000000000000004,100.05002501250628,18,32,4.0,37.688630136986305,8.0,0
2025-12-24,39.99,19.99,20.000000000000004,100.05002501250628,19,33,4.0,37.688630136986305,8.0,0
2025-12-25,39.99,19.99,20.000000000000004,100.05002501250628,20,34,4.0,37.688630136986305,8.0,0
2025-12-26,39.99,19.99,20.000000000000004,100.05002501250628,21,35,4.0,37.688630136986305,8.0,0
2025-12-27,39.99,19.99,20.000000000000004,100.05002501250628,22,36,4.0,37.688630136986305,8.0,0
2025-12-28,39.99,19.99,20.000000000000004,100.05002501250628,23,37,4.0,37.688630136986305,8.0,0
2025-12-29,39.99,19.99,20.000000000000004,100.05002501250628,24,38,4.0,37.688630136986305,8.0,0
2025-12-30,39.99,19.99,20.000000000000004,100.05002501250628,25,39,4.0,37.688630136986305,8.0,0
2025-12-31,39.99,19.99,20.000000000000004,100.05002501250628,26,40,4.0,37.688630136986305,8.0,0
2026-01-01,39.99,19.99,20.000000000000004,100.05002501250628,27,41,4.0,37.688630136986305,8.0,0
2026-01-02,39.99,19.99,20.000000000000004,100.05002501250628,28,42,4.0,37.688630136986305,8.0,0
2026-01-03,39.99,19.99,20.000000000000004,100.05002501250628,29,43,4.0,37.688630136986305,8.0,0
2026-01-04,39.99,19.99,20.000000000000004,100.05002501250628,30,44,4.0,37.688630136986305,8.0,0
2026-01-05,39.99,19.99,20.000000000000004,100.05002501250628,31,45,4.0,37.688630136986305,8.0,0
2026-01-06,39.99,19.99,20.000000000000004,100.05002501250628,32,46,4.0,37.688630136986305,8.0,0
2026-01-07,39.99,19.99,20.000000000000004,100.05002501250628,33,47,4.0,37.688630136986305,8.0,0
2026-01-08,39.99,19.99,20.000000000000004,100.05002501250628,34,48,4.0,37.688630136986305,8.0,0
2026-01-09,39.99,19.99,20.000000000000004,100.05002501250628,35,49,4.0,37.688630136986305,8.0,0
2026-01-10,39.99,19.99,20.000000000000004,100.05002501250628,36,50,4.0,37.688630136986305,8.0,0
2026-01-11,39.99,19.99,20.000000000000004,100.05002501250628,37,51,4.0,37.688630136986305,8.0,0
2026-01-12,39.99,19.99,20.000000000000004,100.05002501250628,38,52,4.0,37.688630136986305,8.0,0
2026-01-13,39.99,19.99,20.000000000000004,100.05002501250628,39,53,4.0,37.688630136986305,8.0,0
2026-01-14,39.99,19.99,20.000000000000004,100.05002501250628,40,54,4.0,37.688630136986305,8.0,1
2026-01-15,39.99,19.99,20.000000000000004,100.05002501250628,41,55,4.0,37.688630136986305,8.0,1
2026-01-16,39.99,19.99,20.000000000000004,100.05002501250628,42,56,4.0,37.688630136986305,8.0,1
2026-01-17,39.99,19.99,20.000000000000004,100.05002501250628,43,57,4.0,37.688630136986305,8.0,1
2026-01-18,39.99,19.99,20.000000000000004,100.05002501250628,44,58,4.0,37.688630136986305,8.0,1
2026-01-19,39.99,19.99,20.000000000000004,100.05002501250628,45,59,4.0,37.688630136986305,8.0,1
2026-01-20,39.99,19.99,20.000000000000004,100.05002501250628,46,60,4.0,37.688630136986305,8.0,1
2026-01-21,39.99,19.99,20.000000000000004,100.05002501250628,47,61,4.0,37.688630136986305,8.0,1
2026-01-22,39.99,19.99,20.000000000000004,100.05002501250628,48,62,4.0,37.688630136986305,8.0,1
2026-01-23,39.99,19.99,20.000000000000004,100.05002501250628,49,63,4.0,37.688630136986305,8.0,1
2026-01-24,39.99,19.99,20.000000000000004,100.05002501250628,50,64,4.0,37.688630136986305,8.0,1
2026-01-25,39.99,19.99,20.000000000000004,100.05002501250628,51,65,4.0,37.688630136986305,8.0,1
2026-01-26,39.99,19.99,20.000000000000004,100.05002501250628,52,66,4.0,37.688630136986305,8.0,1
2026-01-27,39.99,19.99,20.000000000000004,100.05002501250628,53,67,4.0,37.688630136986305,8.0,1
2026-01-28,39.99,19.99,20.000000000000004,100.05002501250628,54,68,4.0,37.688630136986305,8.0,1
2026-01-29,39.99,19.99,20.000000000000004,100.05002501250628,55,69,3.0,37.743424657534256,7.0,1
2026-01-30,39.99,19.99,20.000000000000004,100.05002501250628,56,70,3.0,37.79821917808219,7.0,1
2026-01-31,39.99,19.99,20.000000000000004,100.05002501250628,57,71,3.0,37.853013698630136,7.0,1
2026-02-01,39.99,19.99,20.000000000000004,100.05002501250628,58,72,3.0,37.90780821917809,7.0,1
2026-02-02,39.99,19.99,20.000000000000004,100.05002501250628,59,73,3.0,37.96260273972603,7.0,1
2026-02-03,39.99,19.99,20.000000000000004,100.05002501250628,60,74,3.0,38.017397260273974,7.0,1
2026-02-04,39.99,19.99,20.000000000000004,100.05002501250628,61,75,3.0,38.07219178082192,7.0,1
2026-02-05,39.99,19.99,20.000000000000004,100.05002501250628,62,76,3.0,38.07219178082192,6.0,1
2026-02-06,39.99,19.99,20.000000000000004,100.05002501250628,63,77,3.0,38.072191780821925,6.0,1
2026-02-07,39.99,19.99,20.000000000000004,100.05002501250628,64,78,3.0,38.072191780821925,6.0,1
2026-02-08,39.99,19.99,20.000000000000004,100.05002501250628,65,79,3.0,38.07219178082192,6.0,1
2026-02-09,39.99,19.99,20.000000000000004,100.05002501250628,66,80,3.0,38.07219178082192,6.0,1
2026-02-10,39.99,19.99,20.000000000000004,100.05002501250628,67,81,3.0,38.07219178082192,6.0,1
2026-02-11,39.99,19.99,20.000000000000004,100.05002501250628,68,82,3.0,38.07219178082192,6.0,1
2026-02-12,39.99,19.99,20.000000000000004,100.05002501250628,69,83,3.0,38.07219178082192,6.0,1
2026-02-13,19.99,19.99,0.0,0.0,0,0,3.0,38.07219178082192,6.0,0
2026-02-14,19.99,19.99,0.0,0.0,1,1,4.0,38.017397260273974,7.0,0
2026-02-15,19.99,19.99,0.0,0.0,2,2,4.0,37.96260273972603,7.0,0
2026-02-16,19.99,19.99,0.0,0.0,3,3,4.0,37.90780821917809,7.0,0
2026-02-17,19.99,19.99,0.0,0.0,4,4,4.0,37.853013698630136,7.0,0
2026-02-18,19.99,19.99,0.0,0.0,5,5,4.0,37.79821917808219,7.0,0
2026-02-19,19.99,19.99,0.0,0.0,6,6,4.0,37.74342465753425,7.0,0
2026-02-20,19.99,19.99,0.0,0.0,7,7,4.0,37.688630136986305,7.0,0
2026-02-21,19.99,19.99,0.0,0.0,8,8,4.0,37.633835616438354,7.0,0
2026-02-22,19.99,19.99,0.0,0.0,9,9,4.0,37.57904109589041,7.0,0
2026-02-23,19.99,19.99,0.0,0.0,10,10,4.0,37.524246575342474,7.0,0
2026-02-24,19.99,19.99,0.0,0.0,11,11,4.0,37.46945205479452,7.0,0
2026-02-25,19.99,19.99,0.0,0.0,12,12,4.0,37.41465753424658,7.0,0
2026-02-26,19.99,19.99,0.0,0.0,13,13,4.0,37.35986301369863,7.0,0
2026-02-27,39.99,19.99,20.000000000000004,100.05002501250628,0,14,4.0,37.305068493150685,7.0,0
2026-02-28,39.99,19.99,20.000000000000004,100.05002501250628,1,15,4.0,37.305068493150685,8.0,0
2026-03-01,39.99,19.99,20.000000000000004,100.05002501250628,2,16,4.0,37.305068493150685,8.0,0
2026-03-02,39.99,19.99,20.000000000000004,100.05002501250628,3,17,4.0,37.305068493150685,8.0,0
2026-03-03,39.99,19.99,20.000000000000004,100.05002501250628,4,18,4.0,37.30506849315069,8.0,0
2026-03-04,39.99,19.99,20.000000000000004,100.05002501250628,5,19,4.0,37.305068493150685,8.0,0
2026-03-05,39.99,19.99,20.000000000000004,100.05002501250628,6,20,4.0,37.305068493150685,8.0,0
2026-03-06,39.99,19.99,20.000000000000004,100.05002501250628,7,21,4.0,37.305068493150685,8.0,0
2026-03-07,39.99,19.99,20.000000000000004,100.05002501250628,8,22,4.0,37.305068493150685,8.0,0
2026-03-08,39.99,19.99,20.000000000000004,100.05002501250628,9,23,4.0,37.305068493150685,8.0,0
2026-03-09,39.99,19.99,20.000000000000004,100.05002501250628,10,24,4.0,37.305068493150685,8.0,0
2026-03-10,39.99,19.99,20.000000000000004,100.05002501250628,11,25,4.0,37.305068493150685,8.0,0
2026-03-11,39.99,19.99,20.000000000000004,100.05002501250628,12,26,4.0,37.305068493150685,8.0,0
2026-03-12,39.99,19.99,20.000000000000004,100.05002501250628,13,27,4.0,37.30506849315069,8.0,0
2026-03-13,39.99,19.99,20.000000000000004,100.05002501250628,14,28,4.0,37.305068493150685,8.0,0
2026-03-14,39.99,19.99,20.000000000000004,100.05002501250628,15,29,4.0,37.305068493150685,8.0,0
2026-03-15,39.99,19.99,20.000000000000004,100.05002501250628,16,30,4.0,37.305068493150685,8.0,0
2026-03-16,39.99,19.99,20.000000000000004,100.05002501250628,17,31,4.0,37.305068493150685,8.0,0
2026-03-17,39.99,19.99,20.000000000000004,100.05002501250628,18,32,4.0,37.305068493150685,8.0,0
2026-03-18,39.99,19.99,20.000000000000004,100.05002501250628,19,33,4.0,37.305068493150685,8.0,0
2026-03-19,39.99,19.99,20.000000000000004,100.05002501250628,20,34,4.0,37.305068493150685,8.0,0
2026-03-20,39.99,19.99,20.000000000000004,100.05002501250628,21,35,4.0,37.30506849315069,8.0,0
2026-03-21,39.99,19.99,20.000000000000004,100.05002501250628,22,36,4.0,37.305068493150685,8.0,0
2026-03-22,39.99,19.99,20.000000000000004,100.05002501250628,23,37,4.0,37.305068493150685,8.0,1
2026-03-23,39.99,19.99,20.000000000000004,100.05002501250628,24,38,4.0,37.305068493150685,8.0,1
2026-03-24,39.99,19.99,20.000000000000004,100.05002501250628,25,39,4.0,37.305068493150685,8.0,1
2026-03-25,39.99,19.99,20.000000000000004,100.05002501250628,26,40,4.0,37.305068493150685,8.0,1
2026-03-26,39.99,19.99,20.000000000000004,100.05002501250628,27,41,4.0,37.305068493150685,8.0,1
2026-03-27,39.99,19.99,20.000000000000004,100.05002501250628,28,42,4.0,37.305068493150685,8.0,1
2026-03-28,39.99,19.99,20.000000000000004,100.05002501250628,29,43,4.0,37.30506849315069,8.0,1
2026-03-29,39.99,19.99,20.000000000000004,100.05002501250628,30,44,4.0,37.305068493150685,8.0,1
2026-03-30,39.99,19.99,20.000000000000004,100.05002501250628,31,45,4.0,37.305068493150685,8.0,1
2026-03-31,39.99,19.99,20.000000000000004,100.05002501250628,32,46,4.0,37.305068493150685,8.0,1
2026-04-01,39.99,19.99,20.000000000000004,100.05002501250628,33,47,4.0,37.305068493150685,8.0,1
2026-04-02,39.99,19.99,20.000000000000004,100.05002501250628,34,48,4.0,37.305068493150685,8.0,1
2026-04-03,39.99,19.99,20.000000000000004,100.05002501250628,35,49,4.0,37.305068493150685,8.0,1
2026-04-04,39.99,19.99,20.000000000000004,100.05002501250628,36,50,4.0,37.305068493150685,8.0,1
2026-04-05,39.99,19.99,20.000000000000004,100.05002501250628,37,51,4.0,37.305068493150685,8.0,1
2026-04-06,39.99,19.99,20.000000000000004,100.05002501250628,38,52,4.0,37.305068493150685,8.0,1
2026-04-07,39.99,19.99,20.000000000000004,100.05002501250628,39,53,4.0,37.305068493150685,8.0,1
2026-04-08,39.99,19.99,20.000000000000004,100.05002501250628,40,54,4.0,37.305068493150685,8.0,1
2026-04-09,39.99,19.99,20.000000000000004,100.05002501250628,41,55,4.0,37.305068493150685,8.0,1
2026-04-10,39.99,19.99,20.000000000000004,100.05002501250628,42,56,4.0,37.305068493150685,8.0,1
2026-04-11,39.99,19.99,20.000000000000004,100.05002501250628,43,57,4.0,37.305068493150685,8.0,1
2026-04-12,39.99,19.99,20.000000000000004,100.05002501250628,44,58,4.0,37.305068493150685,8.0,1
2026-04-13,39.99,19.99,20.000000000000004,100.05002501250628,45,59,4.0,37.305068493150685,8.0,1
2026-04-14,39.99,19.99,20.000000000000004,100.05002501250628,46,60,4.0,37.30506849315069,8.0,1
2026-04-15,39.99,19.99,20.000000000000004,100.05002501250628,47,61,4.0,37.305068493150685,8.0,1
2026-04-16,39.99,19.99,20.000000000000004,100.05002501250628,48,62,4.0,37.305068493150685,8.0,1
2026-04-17,39.99,19.99,20.000000000000004,100.05002501250628,49,63,4.0,37.305068493150685,8.0,1
2026-04-18,39.99,19.99,20.000000000000004,100.05002501250628,50,64,4.0,37.305068493150685,8.0,1
2026-04-19,39.99,19.99,20.000000000000004,100.05002501250628,51,65,4.0,37.305068493150685,8.0,1
2026-04-20,39.99,19.99,20.000000000000004,100.05002501250628,52,66,4.0,37.305068493150685,8.0,1
2026-04-21,19.99,19.99,0.0,0.0,0,0,4.0,37.305068493150685,8.0,0
2026-04-22,19.99,19.99,0.0,0.0,1,1,5.0,37.25027397260275,9.0,0
2026-04-23,19.99,19.99,0.0,0.0,2,2,5.0,37.1954794520548,9.0,0
2026-04-24,19.99,19.99,0.0,0.0,3,3,5.0,37.14068493150685,9.0,0
2026-04-25,19.99,19.99,0.0,0.0,4,4,5.0,37.0858904109589,9.0,0
2026-04-26,19.99,19.99,0.0,0.0,5,5,5.0,37.03109589041096,9.0,0
2026-04-27,19.99,19.99,0.0,0.0,6,6,5.0,36.976301369863016,9.0,0
2026-04-28,39.99,19.99,20.000000000000004,100.05002501250628,0,7,5.0,36.92150684931507,9.0,0
2026-04-29,39.99,19.99,20.000000000000004,100.05002501250628,1,8,5.0,36.92150684931507,10.0,0
2026-04-30,39.99,19.99,20.000000000000004,100.05002501250628,2,9,5.0,36.92150684931507,10.0,0
2026-05-01,39.99,19.99,20.000000000000004,100.05002501250628,3,10,5.0,36.92150684931507,10.0,0
2026-05-02,39.99,19.99,20.000000000000004,100.05002501250628,4,11,5.0,36.92150684931507,10.0,0
2026-05-03,39.99,19.99,20.000000000000004,100.05002501250628,5,12,4.0,36.976301369863016,9.0,0
2026-05-04,39.99,19.99,20.000000000000004,100.05002501250628,6,13,4.0,37.03109589041096,9.0,0
2026-05-05,39.99,19.99,20.000000000000004,100.05002501250628,7,14,4.0,37.0858904109589,9.0,0
2026-05-06,39.99,19.99,20.000000000000004,100.05002501250628,8,15,4.0,37.14068493150685,9.0,0
2026-05-07,39.99,19.99,20.000000000000004,100.05002501250628,9,16,4.0,37.1954794520548,9.0,0
2026-05-08,39.99,19.99,20.000000000000004,100.05002501250628,10,17,4.0,37.25027397260274,9.0,0
2026-05-09,39.99,19.99,20.000000000000004,100.05002501250628,11,18,4.0,37.30506849315069,9.0,0
2026-05-10,39.99,19.99,20.000000000000004,100.05002501250628,12,19,4.0,37.35986301369863,9.0,0
2026-05-11,39.99,19.99,20.000000000000004,100.05002501250628,13,20,4.0,37.41465753424658,9.0,0
2026-05-12,39.99,19.99,20.000000000000004,100.05002501250628,14,21,4.0,37.46945205479452,9.0,0
2026-05-13,39.99,19.99,20.000000000000004,100.05002501250628,15,22,4.0,37.52424657534247,9.0,0
2026-05-14,39.99,19.99,20.000000000000004,100.05002501250628,16,23,4.0,37.57904109589041,9.0,0
2026-05-15,39.99,19.99,20.000000000000004,100.05002501250628,17,24,4.0,37.633835616438354,9.0,0
2026-05-16,39.99,19.99,20.000000000000004,100.05002501250628,18,25,4.0,37.688630136986305,9.0,0
2026-05-17,39.99,19.99,20.000000000000004,100.05002501250628,19,26,4.0,37.688630136986305,8.0,0
2026-05-18,39.99,19.99,20.000000000000004,100.05002501250628,20,27,4.0,37.688630136986305,8.0,0
2026-05-19,39.99,19.99,20.000000000000004,100.05002501250628,21,28,4.0,37.688630136986305,8.0,0
2026-05-20,39.99,19.99,20.000000000000004,100.05002501250628,22,29,4.0,37.688630136986305,8.0,0
2026-05-21,39.99,19.99,20.000000000000004,100.05002501250628,23,30,4.0,37.688630136986305,8.0,0
2026-05-22,39.99,19.99,20.000000000000004,100.05002501250628,24,31,4.0,37.688630136986305,8.0,0
2026-05-23,39.99,19.99,20.000000000000004,100.05002501250628,25,32,4.0,37.688630136986305,8.0,0
2026-05-24,39.99,19.99,20.000000000000004,100.05002501250628,26,33,4.0,37.688630136986305,8.0,0
2026-05-25,39.99,19.99,20.000000000000004,100.05002501250628,27,34,4.0,37.688630136986305,8.0,0
2026-05-26,39.99,19.99,20.000000000000004,100.05002501250628,28,35,4.0,37.688630136986305,8.0,0
2026-05-27,39.99,19.99,20.000000000000004,100.05002501250628,29,36,4.0,37.688630136986305,8.0,0
2026-05-28,39.99,19.99,20.000000000000004,100.05002501250628,30,37,4.0,37.688630136986305,8.0,0
2026-05-29,39.99,19.99,20.000000000000004,100.05002501250628,31,38,4.0,37.688630136986305,8.0,0
2026-05-30,39.99,19.99,20.000000000000004,100.05002501250628,32,39,4.0,37.688630136986305,8.0,0
2026-05-31,39.99,19.99,20.000000000000004,100.05002501250628,33,40,4.0,37.688630136986305,8.0,0
2026-06-01,39.99,19.99,20.000000000000004,100.05002501250628,34,41,4.0,37.688630136986305,8.0,0
2026-06-02,39.99,19.99,20.000000000000004,100.05002501250628,35,42,4.0,37.688630136986305,8.0,0
2026-06-03,39.99,19.99,20.000000000000004,100.05002501250628,36,43,4.0,37.688630136986305,8.0,0
2026-06-04,39.99,19.99,20.000000000000004,100.05002501250628,37,44,4.0,37.688630136986305,8.0,0
2026-06-05,39.99,19.99,20.000000000000004,100.05002501250628,38,45,4.0,37.688630136986305,8.0,0
2026-06-06,39.99,19.99,20.000000000000004,100.05002501250628,39,46,4.0,37.688630136986305,8.0,0
2026-06-07,39.99,19.99,20.000000000000004,100.05002501250628,40,47,4.0,37.688630136986305,8.0,0
2026-06-08,39.99,19.99,20.000000000000004,100.05002501250628,41,48,4.0,37.688630136986305,8.0,0
2026-06-09,39.99,19.99,20.000000000000004,100.05002501250628,42,49,4.0,37.688630136986305,8.0,0
2026-06-10,39.99,19.99,20.000000000000004,100.05002501250628,43,50,4.0,37.688630136986305,8.0,0
2026-06-11,39.99,19.99,20.000000000000004,100.05002501250628,44,51,4.0,37.688630136986305,8.0,0
2026-06-12,39.99,19.99,20.000000000000004,100.05002501250628,45,52,4.0,37.688630136986305,8.0,0
2026-06-13,39.99,19.99,20.000000000000004,100.05002501250628,46,53,4.0,37.688630136986305,8.0,0
2026-06-14,39.99,19.99,20.000000000000004,100.05002501250628,47,54,4.0,37.688630136986305,8.0,0
2026-06-15,39.99,19.99,20.000000000000004,100.05002501250628,48,55,4.0,37.688630136986305,8.0,0
2026-06-16,39.99,19.99,20.000000000000004,100.05002501250628,49,56,4.0,37.688630136986305,8.0,0
2026-06-17,39.99,19.99,20.000000000000004,100.05002501250628,50,57,4.0,37.688630136986305,8.0,0
2026-06-18,39.99,19.99,20.000000000000004,100.05002501250628,51,58,4.0,37.688630136986305,8.0,0
2026-06-19,39.99,19.99,20.000000000000004,100.05002501250628,52,59,4.0,37.688630136986305,8.0,0
2026-06-20,39.99,19.99,20.000000000000004,100.05002501250628,53,60,4.0,37.688630136986305,8.0,0
2026-06-21,39.99,19.99,20.000000000000004,100.05002501250628,54,61,4.0,37.688630136986305,8.0,0
2026-06-22,39.99,19.99,20.000000000000004,100.05002501250628,55,62,4.0,37.688630136986305,8.0,0
2026-06-23,39.99,19.99,20.000000000000004,100.05002501250628,56,63,4.0,37.688630136986305,8.0,0
2026-06-24,39.99,19.99,20.000000000000004,100.05002501250628,57,64,4.0,37.688630136986305,8.0,0
2026-06-25,39.99,19.99,20.000000000000004,100.05002501250628,58,65,4.0,37.688630136986305,8.0,0
2026-06-26,39.99,19.99,20.000000000000004,100.05002501250628,59,66,4.0,37.688630136986305,8.0,0
2026-06-27,39.99,19.99,20.000000000000004,100.05002501250628,60,67,4.0,37.688630136986305,8.0,0
2026-06-28,39.99,19.99,20.000000000000004,100.05002501250628,61,68,4.0,37.688630136986305,8.0,0
2026-06-29,39.99,19.99,20.000000000000004,100.05002501250628,62,69,4.0,37.688630136986305,8.0,0
2026-06-30,39.99,19.99,20.000000000000004,100.05002501250628,63,70,4.0,37.688630136986305,8.0,0
2026-07-01,39.99,19.99,20.000000000000004,100.05002501250628,64,71,4.0,37.688630136986305,8.0,0
2026-07-02,39.99,19.99,20.000000000000004,100.05002501250628,65,72,4.0,37.688630136986305,8.0,0
2026-07-03,39.99,19.99,20.000000000000004,100.05002501250628,66,73,4.0,37.688630136986305,8.0,0
2026-07-04,39.99,19.99,20.000000000000004,100.05002501250628,67,74,4.0,37.688630136986305,8.0,0
2026-07-05,39.99,19.99,20.000000000000004,100.05002501250628,68,75,4.0,37.688630136986305,8.0,0
2026-07-06,39.99,19.99,20.000000000000004,100.05002501250628,69,76,4.0,37.688630136986305,8.0,0
2026-07-07,39.99,19.99,20.000000000000004,100.05002501250628,70,77,4.0,37.688630136986305,8.0,0
2026-07-08,39.99,19.99,20.000000000000004,100.05002501250628,71,78,4.0,37.688630136986305,8.0,0
2026-07-09,39.99,19.99,20.000000000000004,100.05002501250628,72,79,4.0,37.688630136986305,8.0,0
2026-07-10,39.99,19.99,20.000000000000004,100.05002501250628,73,80,4.0,37.688630136986305,8.0,0
2026-07-11,39.99,19.99,20.000000000000004,100.05002501250628,74,81,4.0,37.688630136986305,8.0,0
2026-07-12,39.99,19.99,20.000000000000004,100.05002501250628,75,82,4.0,37.688630136986305,8.0,0
2026-07-13,39.99,19.99,20.000000000000004,100.05002501250628,76,83,4.0,37.688630136986305,8.0,0
2026-07-14,39.99,19.99,20.000000000000004,100.05002501250628,77,84,4.0,37.688630136986305,8.0,0
2026-07-15,39.99,19.99,20.000000000000004,100.05002501250628,78,85,4.0,37.688630136986305,8.0,0
2026-07-16,39.99,19.99,20.000000000000004,100.05002501250628,79,86,4.0,37.688630136986305,8.0,0
2026-07-17,39.99,19.99,20.000000000000004,100.05002501250628,80,87,4.0,37.688630136986305,8.0,0
2026-07-18,39.99,19.99,20.000000000000004,100.05002501250628,81,88,4.0,37.688630136986305,8.0,0
2026-07-19,39.99,19.99,20.000000000000004,100.05002501250628,82,89,4.0,37.688630136986305,8.0,0
2026-07-20,39.99,19.99,20.000000000000004,100.05002501250628,83,90,4.0,37.688630136986305,8.0,0
2026-07-21,39.99,19.99,20.000000000000004,100.05002501250628,84,91,4.0,37.688630136986305,8.0,0
2026-07-22,39.99,19.99,20.000000000000004,100.05002501250628,85,92,4.0,37.688630136986305,8.0,0
2026-07-23,39.99,19.99,20.000000000000004,100.05002501250628,86,93,4.0,37.688630136986305,8.0,0
2026-07-24,39.99,19.99,20.000000000000004,100.05002501250628,87,94,4.0,37.688630136986305,8.0,0
2026-07-25,39.99,19.99,20.000000000000004,100.05002501250628,88,95,4.0,37.688630136986305,8.0,0
2026-07-26,39.99,19.99,20.000000000000004,100.05002501250628,89,96,4.0,37.688630136986305,8.0,0
2026-07-27,39.99,19.99,20.000000000000004,100.05002501250628,90,97,4.0,37.688630136986305,8.0,0
2026-07-28,39.99,19.99,20.000000000000004,100.05002501250628,91,98,4.0,37.688630136986305,8.0,0
2026-07-29,39.99,19.99,20.000000000000004,100.05002501250628,92,99,4.0,37.688630136986305,8.0,0
2026-07-30,39.99,19.99,20.000000000000004,100.05002501250628,93,100,4.0,37.688630136986305,8.0,0
2026-07-31,39.99,19.99,20.000000000000004,100.05002501250628,94,101,4.0,37.688630136986305,8.0,0
2026-08-01,39.99,19.99,20.000000000000004,100.05002501250628,95,102,4.0,37.688630136986305,8.0,0
2026-08-02,39.99,19.99,20.000000000000004,100.05002501250628,96,103,4.0,37.688630136986305,8.0,0
2026-08-03,39.99,19.99,20.000000000000004,100.05002501250628,97,104,4.0,37.688630136986305,8.0,0
2026-08-04,39.99,19.99,20.000000000000004,100.05002501250628,98,105,4.0,37.688630136986305,8.0,0
2026-08-05,39.99,19.99,20.000000000000004,100.05002501250628,99,106,4.0,37.688630136986305,8.0,0
2026-08-06,39.99,19.99,20.000000000000004,100.05002501250628,100,107,4.0,37.688630136986305,8.0,0
2026-08-07,39.99,19.99,20.000000000000004,100.05002501250628,101,108,4.0,37.688630136986305,8.0,0
2026-08-08,39.99,19.99,20.000000000000004,100.05002501250628,102,109,4.0,37.688630136986305,8.0,0
2026-08-09,39.99,19.99,20.000000000000004,100.05002501250628,103,110,4.0,37.688630136986305,8.0,0
2026-08-10,39.99,19.99,20.000000000000004,100.05002501250628,104,111,4.0,37.688630136986305,8.0,0
2026-08-11,39.99,19.99,20.000000000000004,100.05002501250628,105,112,4.0,37.688630136986305,8.0,0
2026-08-12,39.99,19.99,20.000000000000004,100.05002501250628,106,113,4.0,37.688630136986305,8.0,0
2026-08-13,39.99,19.99,20.000000000000004,100.05002501250628,107,114,4.0,37.688630136986305,8.0,0
2026-08-14,39.99,19.99,20.000000000000004,100.05002501250628,108,115,4.0,37.688630136986305,8.0,0
2026-08-15,39.99,19.99,20.000000000000004,100.05002501250628,109,116,4.0,37.688630136986305,8.0,0
2026-08-16,39.99,19.99,20.000000000000004,100.05002501250628,110,117,4.0,37.688630136986305,8.0,0
2026-08-17,39.99,19.99,20.000000000000004,100.05002501250628,111,118,4.0,37.688630136986305,8.0,0
2026-08-18,39.99,19.99,20.000000000000004,100.05002501250628,112,119,4.0,37.688630136986305,8.0,0
2026-08-19,39.99,19.99,20.000000000000004,100.05002501250628,113,120,4.0,37.688630136986305,8.0,0
2026-08-20,39.99,19.99,20.000000000000004,100.05002501250628,114,121,4.0,37.688630136986305,8.0,0
2026-08-21,39.99,19.99,20.000000000000004,100.05002501250628,115,122,4.0,37.688630136986305,8.0,0
2026-08-22,39.99,19.99,20.000000000000004,100.05002501250628,116,123,4.0,37.688630136986305,8.0,0
2026-08-23,39.99,19.99,20.000000000000004,100.05002501250628,117,124,4.0,37.688630136986305,8.0,0
2026-08-24,39.99,19.99,20.000000000000004,100.05002501250628,118,125,4.0,37.688630136986305,8.0,0
2026-08-25,39.99,19.99,20.000000000000004,100.05002501250628,119,126,4.0,37.688630136986305,8.0,0
2026-08-26,39.99,19.99,20.000000000000004,100.05002501250628,120,127,4.0,37.688630136986305,8.0,1
2026-08-27,39.99,19.99,20.000000000000004,100.05002501250628,121,128,4.0,37.688630136986305,8.0,1
2026-08-28,39.99,19.99,20.000000000000004,100.05002501250628,122,129,4.0,37.688630136986305,8.0,1
2026-08-29,39.99,19.99,20.000000000000004,100.05002501250628,123,130,4.0,37.688630136986305,8.0,1
2026-08-30,39.99,19.99,20.000000000000004,100.05002501250628,124,131,4.0,37.688630136986305,8.0,1
2026-08-31,39.99,19.99,20.000000000000004,100.05002501250628,125,132,4.0,37.688630136986305,8.0,1
2026-09-01,39.99,19.99,20.000000000000004,100.05002501250628,126,133,4.0,37.688630136986305,8.0,0
