Date,Price,historical_low,price_above_low,percent_above_low,days_since_price_change,days_since_sale,sales_last_365_days,avg_price_last_365_days,price_changes_last_365_days,cheaper_within_30_days
2014-03-08,49.99,49.99,0.0,0.0,0,0,0.0,49.99,0.0,0
2014-03-09,49.99,49.99,0.0,0.0,1,1,0.0,49.99,0.0,0
2014-03-10,49.99,49.99,0.0,0.0,2,2,0.0,49.99,0.0,0
2014-03-11,49.99,49.99,0.0,0.0,3,3,0.0,49.99,0.0,0
2014-03-12,49.99,49.99,0.0,0.0,4,4,0.0,49.99,0.0,0
2014-03-13,49.99,49.99,0.0,0.0,5,5,0.0,49.99,0.0,0
2014-03-14,49.99,49.99,0.0,0.0,6,6,0.0,49.99,0.0,0
2014-03-15,49.99,49.99,0.0,0.0,7,7,0.0,49.99,0.0,0
2014-03-16,49.99,49.99,0.0,0.0,8,8,0.0,49.99,0.0,0
2014-03-17,49.99,49.99,0.0,0.0,9,9,0.0,49.99,0.0,0
2014-03-18,49.99,49.99,0.0,0.0,10,10,0.0,49.99,0.0,0
2014-03-19,49.99,49.99,0.0,0.0,11,11,0.0,49.99,0.0,0
2014-03-20,49.99,49.99,0.0,0.0,12,12,0.0,49.99,0.0,0
2014-03-21,49.99,49.99,0.0,0.0,13,13,0.0,49.99,0.0,0
2014-03-22,49.99,49.99,0.0,0.0,14,14,0.0,49.99,0.0,0
2014-03-23,49.99,49.99,0.0,0.0,15,15,0.0,49.99,0.0,0
2014-03-24,49.99,49.99,0.0,0.0,16,16,0.0,49.99,0.0,0
2014-03-25,49.99,49.99,0.0,0.0,17,17,0.0,49.99,0.0,0
2014-03-26,49.99,49.99,0.0,0.0,18,18,0.0,49.99,0.0,0
2014-03-27,49.99,49.99,0.0,0.0,19,19,0.0,49.99,0.0,0
2014-03-28,49.99,49.99,0.0,0.0,20,20,0.0,49.99,0.0,0
2014-03-29,49.99,49.99,0.0,0.0,21,21,0.0,49.99,0.0,0
2014-03-30,49.99,49.99,0.0,0.0,22,22,0.0,49.99,0.0,0
2014-03-31,49.99,49.99,0.0,0.0,23,23,0.0,49.99,0.0,0
2014-04-01,49.99,49.99,0.0,0.0,24,24,0.0,49.99,0.0,0
2014-04-02,49.99,49.99,0.0,0.0,25,25,0.0,49.99,0.0,0
2014-04-03,49.99,49.99,0.0,0.0,26,26,0.0,49.99,0.0,0
2014-04-04,49.99,49.99,0.0,0.0,27,27,0.0,49.99,0.0,0
2014-04-05,49.99,49.99,0.0,0.0,28,28,0.0,49.99,0.0,0
2014-04-06,49.99,49.99,0.0,0.0,29,29,0.0,49.99,0.0,0
2014-04-07,49.99,49.99,0.0,0.0,30,30,0.0,49.99,0.0,0
2014-04-08,49.99,49.99,0.0,0.0,31,31,0.0,49.99,0.0,0
2014-04-09,49.99,49.99,0.0,0.0,32,32,0.0,49.99,0.0,0
2014-04-10,49.99,49.99,0.0,0.0,33,33,0.0,49.99,0.0,0
2014-04-11,49.99,49.99,0.0,0.0,34,34,0.0,49.99,0.0,0
2014-04-12,49.99,49.99,0.0,0.0,35,35,0.0,49.99,0.0,0
2014-04-13,49.99,49.99,0.0,0.0,36,36,0.0,49.99,0.0,0
2014-04-14,49.99,49.99,0.0,0.0,37,37,0.0,49.99,0.0,0
2014-04-15,49.99,49.99,0.0,0.0,38,38,0.0,49.99,0.0,0
2014-04-16,49.99,49.99,0.0,0.0,39,39,0.0,49.99,0.0,0
2014-04-17,49.99,49.99,0.0,0.0,40,40,0.0,49.99,0.0,0
2014-04-18,49.99,49.99,0.0,0.0,41,41,0.0,49.99,0.0,0
2014-04-19,49.99,49.99,0.0,0.0,42,42,0.0,49.99,0.0,0
2014-04-20,49.99,49.99,0.0,0.0,43,43,0.0,49.99,0.0,0
2014-04-21,49.99,49.99,0.0,0.0,44,44,0.0,49.99,0.0,0
2014-04-22,49.99,49.99,0.0,0.0,45,45,0.0,49.99,0.0,0
2014-04-23,49.99,49.99,0.0,0.0,46,46,0.0,49.99,0.0,0
2014-04-24,49.99,49.99,0.0,0.0,47,47,0.0,49.99,0.0,0
2014-04-25,49.99,49.99,0.0,0.0,48,48,0.0,49.99,0.0,0
2014-04-26,49.99,49.99,0.0,0.0,49,49,0.0,49.99,0.0,0
2014-04-27,49.99,49.99,0.0,0.0,50,50,0.0,49.99,0.0,0
2014-04-28,49.99,49.99,0.0,0.0,51,51,0.0,49.99,0.0,0
2014-04-29,49.99,49.99,0.0,0.0,52,52,0.0,49.99,0.0,0
2014-04-30,49.99,49.99,0.0,0.0,53,53,0.0,49.99,0.0,0
2014-05-01,49.99,49.99,0.0,0.0,54,54,0.0,49.99,0.0,0
2014-05-02,49.99,49.99,0.0,0.0,55,55,0.0,49.99,0.0,0
2014-05-03,49.99,49.99,0.0,0.0,56,56,0.0,49.99,0.0,0
2014-05-04,49.99,49.99,0.0,0.0,57,57,0.0,49.99,0.0,0
2014-05-05,49.99,49.99,0.0,0.0,58,58,0.0,49.99,0.0,0
2014-05-06,49.99,49.99,0.0,0.0,59,59,0.0,49.99,0.0,0
2014-05-07,49.99,49.99,0.0,0.0,60,60,0.0,49.99,0.0,0
2014-05-08,49.99,49.99,0.0,0.0,61,61,0.0,49.99,0.0,0
2014-05-09,49.99,49.99,0.0,0.0,62,62,0.0,49.99,0.0,0
2014-05-10,49.99,49.99,0.0,0.0,63,63,0.0,49.99,0.0,0
2014-05-11,49.99,49.99,0.0,0.0,64,64,0.0,49.99,0.0,0
2014-05-12,49.99,49.99,0.0,0.0,65,65,0.0,49.99,0.0,0
2014-05-13,49.99,49.99,0.0,0.0,66,66,0.0,49.99,0.0,0
2014-05-14,49.99,49.99,0.0,0.0,67,67,0.0,49.99,0.0,0
2014-05-15,49.99,49.99,0.0,0.0,68,68,0.0,49.99,0.0,0
2014-05-16,49.99,49.99,0.0,0.0,69,69,0.0,49.99,0.0,0
2014-05-17,49.99,49.99,0.0,0.0,70,70,0.0,49.99,0.0,0
2014-05-18,49.99,49.99,0.0,0.0,71,71,0.0,49.99,0.0,0
2014-05-19,49.99,49.99,0.0,0.0,72,72,0.0,49.99,0.0,0
2014-05-20,49.99,49.99,0.0,0.0,73,73,0.0,49.99,0.0,0
2014-05-21,49.99,49.99,0.0,0.0,74,74,0.0,49.99,0.0,1
2014-05-22,49.99,49.99,0.0,0.0,75,75,0.0,49.99,0.0,1
2014-05-23,49.99,49.99,0.0,0.0,76,76,0.0,49.99,0.0,1
2014-05-24,49.99,49.99,0.0,0.0,77,77,0.0,49.99,0.0,1
2014-05-25,49.99,49.99,0.0,0.0,78,78,0.0,49.99,0.0,1
2014-05-26,49.99,49.99,0.0,0.0,79,79,0.0,49.99,0.0,1
2014-05-27,49.99,49.99,0.0,0.0,80,80,0.0,49.99,0.0,1
2014-05-28,49.99,49.99,0.0,0.0,81,81,0.0,49.99,0.0,1
2014-05-29,49.99,49.99,0.0,0.0,82,82,0.0,49.99,0.0,1
2014-05-30,49.99,49.99,0.0,0.0,83,83,0.0,49.99,0.0,1
2014-05-31,49.99,49.99,0.0,0.0,84,84,0.0,49.99,0.0,1
2014-06-01,49.99,49.99,0.0,0.0,85,85,0.0,49.99,0.0,1
2014-06-02,49.99,49.99,0.0,0.0,86,86,0.0,49.99,0.0,1
2014-06-03,49.99,49.99,0.0,0.0,87,87,0.0,49.99,0.0,1
2014-06-04,49.99,49.99,0.0,0.0,88,88,0.0,49.99,0.0,1
2014-06-05,49.99,49.99,0.0,0.0,89,89,0.0,49.99,0.0,1
2014-06-06,49.99,49.99,0.0,0.0,90,90,0.0,49.99,0.0,1
2014-06-07,49.99,49.99,0.0,0.0,91,91,0.0,49.99,0.0,1
2014-06-08,49.99,49.99,0.0,0.0,92,92,0.0,49.99,0.0,1
2014-06-09,49.99,49.99,0.0,0.0,93,93,0.0,49.99,0.0,1
2014-06-10,49.99,49.99,0.0,0.0,94,94,0.0,49.99,0.0,1
2014-06-11,49.99,49.99,0.0,0.0,95,95,0.0,49.99,0.0,1
2014-06-12,49.99,49.99,0.0,0.0,96,96,0.0,49.99,0.0,1
2014-06-13,49.99,49.99,0.0,0.0,97,97,0.0,49.99,0.0,1
2014-06-14,49.99,49.99,0.0,0.0,98,98,0.0,49.99,0.0,1
2014-06-15,49.99,49.99,0.0,0.0,99,99,0.0,49.99,0.0,1
2014-06-16,49.99,49.99,0.0,0.0,100,100,0.0,49.99,0.0,1
2014-06-17,49.99,49.99,0.0,0.0,101,101,0.0,49.99,0.0,1
2014-06-18,49.99,49.99,0.0,0.0,102,102,0.0,49.99,0.0,1
2014-06-19,49.99,49.99,0.0,0.0,103,103,0.0,49.99,0.0,1
2014-06-20,33.49,33.49,0.0,0.0,0,0,0.0,49.99,0.0,0
2014-06-21,33.49,33.49,0.0,0.0,1,1,1.0,49.832857142857144,1.0,0
2014-06-22,49.99,33.49,16.5,49.26843833980292,0,2,1.0,49.67867924528302,1.0,0
2014-06-23,49.99,33.49,16.5,49.26843833980292,1,3,1.0,49.681588785046735,2.0,0
2014-06-24,49.99,33.49,16.5,49.26843833980292,2,4,1.0,49.684444444444445,2.0,0
2014-06-25,49.99,33.49,16.5,49.26843833980292,3,5,1.0,49.68724770642201,2.0,0
2014-06-26,49.99,33.49,16.5,49.26843833980292,4,6,1.0,49.690000000000005,2.0,0
2014-06-27,49.99,33.49,16.5,49.26843833980292,5,7,1.0,49.692702702702704,2.0,0
2014-06-28,49.99,33.49,16.5,49.26843833980292,6,8,1.0,49.69535714285714,2.0,0
2014-06-29,49.99,33.49,16.5,49.26843833980292,7,9,1.0,49.69796460176991,2.0,0
2014-06-30,49.99,33.49,16.5,49.26843833980292,8,10,1.0,49.70052631578948,2.0,0
2014-07-01,49.99,33.49,16.5,49.26843833980292,9,11,1.0,49.703043478260874,2.0,0
2014-07-02,49.99,33.49,16.5,49.26843833980292,10,12,1.0,49.70551724137931,2.0,0
2014-07-03,49.99,33.49,16.5,49.26843833980292,11,13,1.0,49.70794871794872,2.0,0
2014-07-04,49.99,33.49,16.5,49.26843833980292,12,14,1.0,49.71033898305085,2.0,0
2014-07-05,49.99,33.49,16.5,49.26843833980292,13,15,1.0,49.71268907563026,2.0,0
2014-07-06,49.99,33.49,16.5,49.26843833980292,14,16,1.0,49.715,2.0,0
2014-07-07,49.99,33.49,16.5,49.26843833980292,15,17,1.0,49.71727272727273,2.0,0
2014-07-08,49.99,33.49,16.5,49.26843833980292,16,18,1.0,49.719508196721314,2.0,0
2014-07-09,49.99,33.49,16.5,49.26843833980292,17,19,1.0,49.721707317073175,2.0,0
2014-07-10,49.99,33.49,16.5,49.26843833980292,18,20,1.0,49.72387096774194,2.0,0
2014-07-11,49.99,33.49,16.5,49.26843833980292,19,21,1.0,49.726,2.0,0
2014-07-12,49.99,33.49,16.5,49.26843833980292,20,22,1.0,49.72809523809524,2.0,0
2014-07-13,49.99,33.49,16.5,49.26843833980292,21,23,1.0,49.730157480314965,2.0,0
2014-07-14,49.99,33.49,16.5,49.26843833980292,22,24,1.0,49.7321875,2.0,0
2014-07-15,49.99,33.49,16.5,49.26843833980292,23,25,1.0,49.73418604651163,2.0,0
2014-07-16,49.99,33.49,16.5,49.26843833980292,24,26,1.0,49.73615384615385,2.0,0
2014-07-17,49.99,33.49,16.5,49.26843833980292,25,27,1.0,49.73809160305344,2.0,0
2014-07-18,49.99,33.49,16.5,49.26843833980292,26,28,1.0,49.74,2.0,0
2014-07-19,49.99,33.49,16.5,49.26843833980292,27,29,1.0,49.74187969924812,2.0,0
2014-07-20,49.99,33.49,16.5,49.26843833980292,28,30,1.0,49.74373134328358,2.0,0
2014-07-21,49.99,33.49,16.5,49.26843833980292,29,31,1.0,49.74555555555556,2.0,0
2014-07-22,49.99,33.49,16.5,49.26843833980292,30,32,1.0,49.74735294117647,2.0,0
2014-07-23,49.99,33.49,16.5,49.26843833980292,31,33,1.0,49.74912408759124,2.0,0
2014-07-24,49.99,33.49,16.5,49.26843833980292,32,34,1.0,49.75086956521739,2.0,0
2014-07-25,49.99,33.49,16.5,49.26843833980292,33,35,1.0,49.75258992805756,2.0,0
2014-07-26,49.99,33.49,16.5,49.26843833980292,34,36,1.0,49.754285714285714,2.0,0
2014-07-27,49.99,33.49,16.5,49.26843833980292,35,37,1.0,49.75595744680851,2.0,0
2014-07-28,49.99,33.49,16.5,49.26843833980292,36,38,1.0,49.75760563380282,2.0,1
2014-07-29,49.99,33.49,16.5,49.26843833980292,37,39,1.0,49.759230769230776,2.0,1
2014-07-30,49.99,33.49,16.5,49.26843833980292,38,40,1.0,49.76083333333334,2.0,1
2014-07-31,49.99,33.49,16.5,49.26843833980292,39,41,1.0,49.76241379310345,2.0,1
2014-08-01,49.99,33.49,16.5,49.26843833980292,40,42,1.0,49.76397260273973,2.0,1
2014-08-02,49.99,33.49,16.5,49.26843833980292,41,43,1.0,49.765510204081636,2.0,1
2014-08-03,49.99,33.49,16.5,49.26843833980292,42,44,1.0,49.76702702702703,2.0,1
2014-08-04,49.99,33.49,16.5,49.26843833980292,43,45,1.0,49.76852348993289,2.0,1
2014-08-05,49.99,33.49,16.5,49.26843833980292,44,46,1.0,49.77,2.0,1
2014-08-06,49.99,33.49,16.5,49.26843833980292,45,47,1.0,49.771456953642385,2.0,1
2014-08-07,49.99,33.49,16.5,49.26843833980292,46,48,1.0,49.77289473684211,2.0,1
2014-08-08,49.99,33.49,16.5,49.26843833980292,47,49,1.0,49.774313725490195,2.0,1
2014-08-09,49.99,33.49,16.5,49.26843833980292,48,50,1.0,49.77571428571429,2.0,1
2014-08-10,49.99,33.49,16.5,49.26843833980292,49,51,1.0,49.77709677419355,2.0,1
2014-08-11,49.99,33.49,16.5,49.26843833980292,50,52,1.0,49.77846153846154,2.0,1
2014-08-12,49.99,33.49,16.5,49.26843833980292,51,53,1.0,49.77980891719746,2.0,1
2014-08-13,49.99,33.49,16.5,49.26843833980292,52,54,1.0,49.78113924050633,2.0,1
2014-08-14,49.99,33.49,16.5,49.26843833980292,53,55,1.0,49.78245283018868,2.0,1
2014-08-15,49.99,33.49,16.5,49.26843833980292,54,56,1.0,49.783750000000005,2.0,1
2014-08-16,49.99,33.49,16.5,49.26843833980292,55,57,1.0,49.785031055900625,2.0,1
2014-08-17,49.99,33.49,16.5,49.26843833980292,56,58,1.0,49.7862962962963,2.0,1
2014-08-18,49.99,33.49,16.5,49.26843833980292,57,59,1.0,49.787546012269935,2.0,1
2014-08-19,49.99,33.49,16.5,49.26843833980292,58,60,1.0,49.78878048780488,2.0,1
2014-08-20,49.99,33.49,16.5,49.26843833980292,59,61,1.0,49.79,2.0,1
2014-08-21,49.99,33.49,16.5,49.26843833980292,60,62,1.0,49.79120481927711,2.0,1
2014-08-22,49.99,33.49,16.5,49.26843833980292,61,63,1.0,49.79239520958084,2.0,1
2014-08-23,49.99,33.49,16.5,49.26843833980292,62,64,1.0,49.793571428571425,2.0,1
2014-08-24,49.99,33.49,16.5,49.26843833980292,63,65,1.0,49.794733727810645,2.0,1
2014-08-25,49.99,33.49,16.5,49.26843833980292,64,66,1.0,49.795882352941184,2.0,1
2014-08-26,49.99,33.49,16.5,49.26843833980292,65,67,1.0,49.79701754385965,2.0,1
2014-08-27,39.99,33.49,6.5,19.408778739922365,0,0,1.0,49.798139534883724,2.0,0
2014-08-28,39.99,33.49,6.5,19.408778739922365,1,1,2.0,49.741445086705205,3.0,0
2014-08-29,39.99,33.49,6.5,19.408778739922365,2,2,2.0,49.685402298850576,3.0,0
2014-08-30,39.99,33.49,6.5,19.408778739922365,3,3,2.0,49.63,3.0,0
2014-08-31,39.99,33.49,6.5,19.408778739922365,4,4,2.0,49.57522727272727,3.0,0
2014-09-01,39.99,33.49,6.5,19.408778739922365,5,5,2.0,49.521073446327684,3.0,0
2014-09-02,39.99,33.49,6.5,19.408778739922365,6,6,2.0,49.467528089887644,3.0,0
2014-09-03,39.99,33.49,6.5,19.408778739922365,7,7,2.0,49.4145810055866,3.0,0
2014-09-04,39.99,33.49,6.5,19.408778739922365,8,8,2.0,49.36222222222223,3.0,0
2014-09-05,39.99,33.49,6.5,19.408778739922365,9,9,2.0,49.31044198895028,3.0,0
2014-09-06,39.99,33.49,6.5,19.408778739922365,10,10,2.0,49.25923076923077,3.0,0
2014-09-07,39.99,33.49,6.5,19.408778739922365,11,11,2.0,49.208579234972674,3.0,0
2014-09-08,39.99,33.49,6.5,19.408778739922365,12,12,2.0,49.158478260869565,3.0,0
2014-09-09,39.99,33.49,6.5,19.408778739922365,13,13,2.0,49.10891891891892,3.0,0
2014-09-10,39.99,33.49,6.5,19.408778739922365,14,14,2.0,49.05989247311829,3.0,0
2014-09-11,39.99,33.49,6.5,19.408778739922365,15,15,2.0,49.011390374331555,3.0,0
2014-09-12,39.99,33.49,6.5,19.408778739922365,16,16,2.0,48.963404255319155,3.0,0
2014-09-13,39.99,33.49,6.5,19.408778739922365,17,17,2.0,48.915925925925926,3.0,0
2014-09-14,39.99,33.49,6.5,19.408778739922365,18,18,2.0,48.868947368421054,3.0,0
2014-09-15,39.99,33.49,6.5,19.408778739922365,19,19,2.0,48.8224607329843,3.0,0
2014-09-16,39.99,33.49,6.5,19.408778739922365,20,20,2.0,48.77645833333333,3.0,0
2014-09-17,39.99,33.49,6.5,19.408778739922365,21,21,2.0,48.73093264248705,3.0,0
2014-09-18,39.99,33.49,6.5,19.408778739922365,22,22,2.0,48.68587628865979,3.0,0
2014-09-19,39.99,33.49,6.5,19.408778739922365,23,23,2.0,48.641282051282055,3.0,0
2014-09-20,39.99,33.49,6.5,19.408778739922365,24,24,2.0,48.59714285714286,3.0,0
2014-09-21,39.99,33.49,6.5,19.408778739922365,25,25,2.0,48.55345177664975,3.0,0
2014-09-22,39.99,33.49,6.5,19.408778739922365,26,26,2.0,48.51020202020202,3.0,0
2014-09-23,39.99,33.49,6.5,19.408778739922365,27,27,2.0,48.46738693467337,3.0,0
2014-09-24,39.99,33.49,6.5,19.408778739922365,28,28,2.0,48.425,3.0,0
2014-09-25,39.99,33.49,6.5,19.408778739922365,29,29,2.0,48.383034825870645,3.0,0
2014-09-26,39.99,33.49,6.5,19.408778739922365,30,30,2.0,48.34148514851485,3.0,0
2014-09-27,39.99,33.49,6.5,19.408778739922365,31,31,2.0,48.300344827586216,3.0,0
2014-09-28,39.99,33.49,6.5,19.408778739922365,32,32,2.0,48.25960784313726,3.0,0
2014-09-29,39.99,33.49,6.5,19.408778739922365,33,33,2.0,48.21926829268293,3.0,0
2014-09-30,39.99,33.49,6.5,19.408778739922365,34,34,2.0,48.17932038834952,3.0,0
2014-10-01,39.99,33.49,6.5,19.408778739922365,35,35,2.0,48.13975845410628,3.0,0
2014-10-02,39.99,33.49,6.5,19.408778739922365,36,36,2.0,48.10057692307692,3.0,0
2014-10-03,39.99,33.49,6.5,19.408778739922365,37,37,2.0,48.06177033492823,3.0,0
2014-10-04,39.99,33.49,6.5,19.408778739922365,38,38,2.0,48.02333333333333,3.0,0
2014-10-05,39.99,33.49,6.5,19.408778739922365,39,39,2.0,47.98526066350711,3.0,0
2014-10-06,39.99,33.49,6.5,19.408778739922365,40,40,2.0,47.94754716981132,3.0,0
2014-10-07,39.99,33.49,6.5,19.408778739922365,41,41,2.0,47.910187793427234,3.0,0
2014-10-08,39.99,33.49,6.5,19.408778739922365,42,42,2.0,47.87317757009346,3.0,0
2014-10-09,39.99,33.49,6.5,19.408778739922365,43,43,2.0,47.83651162790698,3.0,0
2014-10-10,39.99,33.49,6.5,19.408778739922365,44,44,2.0,47.800185185185185,3.0,0
2014-10-11,39.99,33.49,6.5,19.408778739922365,45,45,2.0,47.7641935483871,3.0,0
2014-10-12,39.99,33.49,6.5,19.408778739922365,46,46,2.0,47.72853211009174,3.0,0
2014-10-13,39.99,33.49,6.5,19.408778739922365,47,47,2.0,47.69319634703197,3.0,0
2014-10-14,39.99,33.49,6.5,19.408778739922365,48,48,2.0,47.65818181818182,3.0,0
2014-10-15,39.99,33.49,6.5,19.408778739922365,49,49,2.0,47.623484162895934,3.0,0
2014-10-16,39.99,33.49,6.5,19.408778739922365,50,50,2.0,47.5890990990991,3.0,0
2014-10-17,39.99,33.49,6.5,19.408778739922365,51,51,2.0,47.55502242152467,3.0,0
2014-10-18,39.99,33.49,6.5,19.408778739922365,52,52,2.0,47.52125,3.0,0
2014-10-19,39.99,33.49,6.5,19.408778739922365,53,53,2.0,47.48777777777778,3.0,0
2014-10-20,39.99,33.49,6.5,19.408778739922365,54,54,2.0,47.454601769911505,3.0,0
2014-10-21,39.99,33.49,6.5,19.408778739922365,55,55,2.0,47.42171806167401,3.0,0
2014-10-22,39.99,33.49,6.5,19.408778739922365,56,56,2.0,47.38912280701755,3.0,0
2014-10-23,39.99,33.49,6.5,19.408778739922365,57,57,2.0,47.356812227074236,3.0,0
2014-10-24,39.99,33.49,6.5,19.408778739922365,58,58,2.0,47.32478260869566,3.0,0
2014-10-25,39.99,33.49,6.5,19.408778739922365,59,59,2.0,47.29303030303031,3.0,0
2014-10-26,39.99,33.49,6.5,19.408778739922365,60,60,2.0,47.26155172413793,3.0,0
2014-10-27,39.99,33.49,6.5,19.408778739922365,61,61,2.0,47.23034334763948,3.0,0
2014-10-28,39.99,33.49,6.5,19.408778739922365,62,62,2.0,47.199401709401705,3.0,0
2014-10-29,39.99,33.49,6.5,19.408778739922365,63,63,2.0,47.16872340425532,3.0,0
2014-10-30,39.99,33.49,6.5,19.408778739922365,64,64,2.0,47.13830508474577,3.0,0
2014-10-31,39.99,33.49,6.5,19.408778739922365,65,65,2.0,47.10814345991562,3.0,0
2014-11-01,39.99,33.49,6.5,19.408778739922365,66,66,2.0,47.07823529411765,3.0,0
2014-11-02,39.99,33.49,6.5,19.408778739922365,67,67,2.0,47.04857740585774,3.0,0
2014-11-03,39.99,33.49,6.5,19.408778739922365,68,68,2.0,47.01916666666667,3.0,0
2014-11-04,39.99,33.49,6.5,19.408778739922365,69,69,2.0,46.99,3.0,0
2014-11-05,39.99,33.49,6.5,19.408778739922365,70,70,2.0,46.961074380165286,3.0,0
2014-11-06,39.99,33.49,6.5,19.408778739922365,71,71,2.0,46.93238683127572,3.0,0
2014-11-07,39.99,33.49,6.5,19.408778739922365,72,72,2.0,46.90393442622951,3.0,0
2014-11-08,39.99,33.49,6.5,19.408778739922365,73,73,2.0,46.87571428571429,3.0,0
2014-11-09,39.99,33.49,6.5,19.408778739922365,74,74,2.0,46.847723577235776,3.0,0
2014-11-10,39.99,33.49,6.5,19.408778739922365,75,75,2.0,46.819959514170044,3.0,0
2014-11-11,39.99,33.49,6.5,19.408778739922365,76,76,2.0,46.792419354838714,3.0,0
2014-11-12,39.99,33.49,6.5,19.408778739922365,77,77,2.0,46.765100401606425,3.0,0
2014-11-13,39.99,33.49,6.5,19.408778739922365,78,78,2.0,46.738,3.0,0
2014-11-14,39.99,33.49,6.5,19.408778739922365,79,79,2.0,46.711115537848606,3.0,0
2014-11-15,39.99,33.49,6.5,19.408778739922365,80,80,2.0,46.68444444444445,3.0,0
2014-11-16,39.99,33.49,6.5,19.408778739922365,81,81,2.0,46.65798418972332,3.0,0
2014-11-17,39.99,33.49,6.5,19.408778739922365,82,82,2.0,46.63173228346457,3.0,0
2014-11-18,39.99,33.49,6.5,19.408778739922365,83,83,2.0,46.60568627450981,3.0,0
2014-11-19,39.99,33.49,6.5,19.408778739922365,84,84,2.0,46.57984375,3.0,1
2014-11-20,39.99,33.49,6.5,19.408778739922365,85,85,2.0,46.554202334630354,3.0,1
2014-11-21,39.99,33.49,6.5,19.408778739922365,86,86,2.0,46.52875968992248,3.0,1
2014-11-22,39.99,33.49,6.5,19.408778739922365,87,87,2.0,46.50351351351351,3.0,1
2014-11-23,39.99,33.49,6.5,19.408778739922365,88,88,2.0,46.47846153846154,3.0,1
2014-11-24,39.99,33.49,6.5,19.408778739922365,89,89,2.0,46.453601532567056,3.0,1
2014-11-25,39.99,33.49,6.5,19.408778739922365,90,90,2.0,46.42893129770993,3.0,1
2014-11-26,39.99,33.49,6.5,19.408778739922365,91,91,2.0,46.40444866920152,3.0,1
2014-11-27,39.99,33.49,6.5,19.408778739922365,92,92,2.0,46.38015151515152,3.0,1
2014-11-28,39.99,33.49,6.5,19.408778739922365,93,93,2.0,46.35603773584906,3.0,1
2014-11-29,39.99,33.49,6.5,19.408778739922365,94,94,2.0,46.33210526315789,3.0,1
2014-11-30,39.99,33.49,6.5,19.408778739922365,95,95,2.0,46.30835205992509,3.0,1
2014-12-01,39.99,33.49,6.5,19.408778739922365,96,96,2.0,46.284776119402984,3.0,1
2014-12-02,39.99,33.49,6.5,19.408778739922365,97,97,2.0,46.26137546468402,3.0,1
2014-12-03,39.99,33.49,6.5,19.408778739922365,98,98,2.0,46.23814814814815,3.0,1
2014-12-04,39.99,33.49,6.5,19.408778739922365,99,99,2.0,46.21509225092251,3.0,1
2014-12-05,39.99,33.49,6.5,19.408778739922365,100,100,2.0,46.192205882352944,3.0,1
2014-12-06,39.99,33.49,6.5,19.408778739922365,101,101,2.0,46.169487179487184,3.0,1
2014-12-07,39.99,33.49,6.5,19.408778739922365,102,102,2.0,46.14693430656934,3.0,1
2014-12-08,39.99,33.49,6.5,19.408778739922365,103,103,2.0,46.124545454545455,3.0,1
2014-12-09,39.99,33.49,6.5,19.408778739922365,104,104,2.0,46.10231884057971,3.0,1
2014-12-10,39.99,33.49,6.5,19.408778739922365,105,105,2.0,46.08025270758123,3.0,1
2014-12-11,39.99,33.49,6.5,19.408778739922365,106,106,2.0,46.05834532374101,3.0,1
2014-12-12,39.99,33.49,6.5,19.408778739922365,107,107,2.0,46.03659498207885,3.0,1
2014-12-13,39.99,33.49,6.5,19.408778739922365,108,108,2.0,46.015,3.0,1
2014-12-14,39.99,33.49,6.5,19.408778739922365,109,109,2.0,45.99355871886121,3.0,1
2014-12-15,39.99,33.49,6.5,19.408778739922365,110,110,2.0,45.9722695035461,3.0,1
2014-12-16,39.99,33.49,6.5,19.408778739922365,111,111,2.0,45.95113074204947,3.0,1
2014-12-17,39.99,33.49,6.5,19.408778739922365,112,112,2.0,45.93014084507042,3.0,1
2014-12-18,39.99,33.49,6.5,19.408778739922365,113,113,2.0,45.90929824561404,3.0,1
2014-12-19,14.79,14.79,0.0,0.0,0,0,2.0,45.8886013986014,3.0,0
2014-12-20,14.79,14.79,0.0,0.0,1,1,3.0,45.780243902439025,4.0,0
2014-12-21,19.99,14.79,5.199999999999999,35.15889114266396,0,2,3.0,45.67263888888889,4.0,1
2014-12-22,19.99,14.79,5.199999999999999,35.15889114266396,1,3,3.0,45.58377162629758,5.0,1
2014-12-23,19.99,14.79,5.199999999999999,35.15889114266396,2,4,3.0,45.49551724137931,5.0,1
2014-12-24,19.99,14.79,5.199999999999999,35.15889114266396,3,5,3.0,45.40786941580756,5.0,1
2014-12-25,19.99,14.79,5.199999999999999,35.15889114266396,4,6,3.0,45.32082191780822,5.0,1
2014-12-26,19.99,14.79,5.199999999999999,35.15889114266396,5,7,3.0,45.23436860068259,5.0,1
2014-12-27,19.99,14.79,5.199999999999999,35.15889114266396,6,8,3.0,45.14850340136054,5.0,1
2014-12-28,19.99,14.79,5.199999999999999,35.15889114266396,7,9,3.0,45.06322033898306,5.0,1
2014-12-29,19.99,14.79,5.199999999999999,35.15889114266396,8,10,3.0,44.97851351351352,5.0,1
2014-12-30,19.99,14.79,5.199999999999999,35.15889114266396,9,11,3.0,44.89437710437711,5.0,1
2014-12-31,19.99,14.79,5.199999999999999,35.15889114266396,10,12,3.0,44.81080536912752,5.0,1
2015-01-01,14.79,14.79,0.0,0.0,0,0,3.0,44.72779264214047,5.0,0
2015-01-02,14.79,14.79,0.0,0.0,1,1,4.0,44.62800000000001,6.0,0
2015-01-03,39.99,14.79,25.200000000000003,170.3853955375254,0,2,4.0,44.52887043189369,6.0,0
2015-01-04,39.99,14.79,25.200000000000003,170.3853955375254,1,3,4.0,44.51384105960265,7.0,0
2015-01-05,39.99,14.79,25.200000000000003,170.3853955375254,2,4,4.0,44.49891089108911,7.0,0
2015-01-06,39.99,14.79,25.200000000000003,170.3853955375254,3,5,4.0,44.484078947368424,7.0,0
2015-01-07,39.99,14.79,25.200000000000003,170.3853955375254,4,6,4.0,44.46934426229509,7.0,0
2015-01-08,39.99,14.79,25.200000000000003,170.3853955375254,5,7,4.0,44.45470588235295,7.0,0
2015-01-09,39.99,14.79,25.200000000000003,170.3853955375254,6,8,4.0,44.44016286644951,7.0,0
2015-01-10,39.99,14.79,25.200000000000003,170.3853955375254,7,9,4.0,44.425714285714285,7.0,0
2015-01-11,39.99,14.79,25.200000000000003,170.3853955375254,8,10,4.0,44.41135922330097,7.0,0
2015-01-12,39.99,14.79,25.200000000000003,170.3853955375254,9,11,4.0,44.39709677419355,7.0,0
2015-01-13,39.99,14.79,25.200000000000003,170.3853955375254,10,12,4.0,44.38292604501608,7.0,0
2015-01-14,39.99,14.79,25.200000000000003,170.3853955375254,11,13,4.0,44.36884615384616,7.0,0
2015-01-15,39.99,14.79,25.200000000000003,170.3853955375254,12,14,4.0,44.35485623003195,7.0,0
2015-01-16,39.99,14.79,25.200000000000003,170.3853955375254,13,15,4.0,44.34095541401274,7.0,0
2015-01-17,39.99,14.79,25.200000000000003,170.3853955375254,14,16,4.0,44.32714285714286,7.0,0
2015-01-18,39.99,14.79,25.200000000000003,170.3853955375254,15,17,4.0,44.31341772151899,7.0,0
2015-01-19,39.99,14.79,25.200000000000003,170.3853955375254,16,18,4.0,44.29977917981073,7.0,0
2015-01-20,39.99,14.79,25.200000000000003,170.3853955375254,17,19,4.0,44.28622641509434,7.0,0
2015-01-21,39.99,14.79,25.200000000000003,170.3853955375254,18,20,4.0,44.27275862068966,7.0,0
2015-01-22,39.99,14.79,25.200000000000003,170.3853955375254,19,21,4.0,44.259375,7.0,0
2015-01-23,39.99,14.79,25.200000000000003,170.3853955375254,20,22,4.0,44.24607476635514,7.0,0
2015-01-24,39.99,14.79,25.200000000000003,170.3853955375254,21,23,4.0,44.23285714285715,7.0,0
2015-01-25,39.99,14.79,25.200000000000003,170.3853955375254,22,24,4.0,44.21972136222911,7.0,0
2015-01-26,39.99,14.79,25.200000000000003,170.3853955375254,23,25,4.0,44.20666666666667,7.0,0
2015-01-27,39.99,14.79,25.200000000000003,170.3853955375254,24,26,4.0,44.19369230769231,7.0,0
2015-01-28,39.99,14.79,25.200000000000003,170.3853955375254,25,27,4.0,44.18079754601227,7.0,0
2015-01-29,39.99,14.79,25.200000000000003,170.3853955375254,26,28,4.0,44.167981651376145,7.0,0
2015-01-30,39.99,14.79,25.200000000000003,170.3853955375254,27,29,4.0,44.155243902439025,7.0,0
2015-01-31,39.99,14.79,25.200000000000003,170.3853955375254,28,30,4.0,44.14258358662614,7.0,0
2015-02-01,39.99,14.79,25.200000000000003,170.3853955375254,29,31,4.0,44.13,7.0,0
2015-02-02,39.99,14.79,25.200000000000003,170.3853955375254,30,32,4.0,44.11749244712991,7.0,0
2015-02-03,39.99,14.79,25.200000000000003,170.3853955375254,31,33,4.0,44.10506024096386,7.0,0
2015-02-04,39.99,14.79,25.200000000000003,170.3853955375254,32,34,4.0,44.0927027027027,7.0,0
2015-02-05,39.99,14.79,25.200000000000003,170.3853955375254,33,35,4.0,44.08041916167665,7.0,0
2015-02-06,39.99,14.79,25.200000000000003,170.3853955375254,34,36,4.0,44.06820895522388,7.0,0
2015-02-07,39.99,14.79,25.200000000000003,170.3853955375254,35,37,4.0,44.05607142857143,7.0,0
2015-02-08,39.99,14.79,25.200000000000003,170.3853955375254,36,38,4.0,44.0440059347181,7.0,0
2015-02-09,39.99,14.79,25.200000000000003,170.3853955375254,37,39,4.0,44.032011834319526,7.0,0
2015-02-10,39.99,14.79,25.200000000000003,170.3853955375254,38,40,4.0,44.02008849557522,7.0,0
2015-02-11,39.99,14.79,25.200000000000003,170.3853955375254,39,41,4.0,44.008235294117654,7.0,0
2015-02-12,39.99,14.79,25.200000000000003,170.3853955375254,40,42,4.0,43.99645161290323,7.0,0
2015-02-13,39.99,14.79,25.200000000000003,170.3853955375254,41,43,4.0,43.984736842105264,7.0,0
2015-02-14,39.99,14.79,25.200000000000003,170.3853955375254,42,44,4.0,43.973090379008745,7.0,0
2015-02-15,39.99,14.79,25.200000000000003,170.3853955375254,43,45,4.0,43.96151162790698,7.0,0
2015-02-16,39.99,14.79,25.200000000000003,170.3853955375254,44,46,4.0,43.95,7.0,0
2015-02-17,39.99,14.79,25.200000000000003,170.3853955375254,45,47,4.0,43.938554913294794,7.0,0
2015-02-18,39.99,14.79,25.200000000000003,170.3853955375254,46,48,4.0,43.92717579250721,7.0,0
2015-02-19,39.99,14.79,25.200000000000003,170.3853955375254,47,49,4.0,43.915862068965524,7.0,0
2015-02-20,39.99,14.79,25.200000000000003,170.3853955375254,48,50,4.0,43.90461318051576,7.0,0
2015-02-21,39.99,14.79,25.200000000000003,170.3853955375254,49,51,4.0,43.89342857142857,7.0,0
2015-02-22,39.99,14.79,25.200000000000003,170.3853955375254,50,52,4.0,43.88230769230769,7.0,0
2015-02-23,39.99,14.79,25.200000000000003,170.3853955375254,51,53,4.0,43.87125,7.0,0
2015-02-24,39.99,14.79,25.200000000000003,170.3853955375254,52,54,4.0,43.86025495750708,7.0,0
2015-02-25,39.99,14.79,25.200000000000003,170.3853955375254,53,55,4.0,43.849322033898304,7.0,0
2015-02-26,39.99,14.79,25.200000000000003,170.3853955375254,54,56,4.0,43.83845070422536,7.0,0
2015-02-27,39.99,14.79,25.200000000000003,170.3853955375254,55,57,4.0,43.827640449438206,7.0,0
2015-02-28,39.99,14.79,25.200000000000003,170.3853955375254,56,58,4.0,43.81689075630253,7.0,0
2015-03-01,39.99,14.79,25.200000000000003,170.3853955375254,57,59,4.0,43.80620111731844,7.0,0
2015-03-02,39.99,14.79,25.200000000000003,170.3853955375254,58,60,4.0,43.79557103064067,7.0,0
2015-03-03,39.99,14.79,25.200000000000003,170.3853955375254,59,61,4.0,43.785000000000004,7.0,0
2015-03-04,39.99,14.79,25.200000000000003,170.3853955375254,60,62,4.0,43.77448753462604,7.0,0
2015-03-05,39.99,14.79,25.200000000000003,170.3853955375254,61,63,4.0,43.76403314917127,7.0,0
2015-03-06,39.99,14.79,25.200000000000003,170.3853955375254,62,64,4.0,43.75363636363637,7.0,0
2015-03-07,39.99,14.79,25.200000000000003,170.3853955375254,63,65,4.0,43.74329670329671,7.0,0
2015-03-08,39.99,14.79,25.200000000000003,170.3853955375254,64,66,4.0,43.73301369863014,7.0,0
2015-03-09,39.99,14.79,25.200000000000003,170.3853955375254,65,67,4.0,43.70561643835617,7.0,0
2015-03-10,39.99,14.79,25.200000000000003,170.3853955375254,66,68,4.0,43.678219178082195,7.0,0
2015-03-11,39.99,14.79,25.200000000000003,170.3853955375254,67,69,4.0,43.65082191780822,7.0,0
2015-03-12,39.99,14.79,25.200000000000003,170.3853955375254,68,70,4.0,43.62342465753425,7.0,0
2015-03-13,39.99,14.79,25.200000000000003,170.3853955375254,69,71,4.0,43.59602739726027,7.0,0
2015-03-14,39.99,14.79,25.200000000000003,170.3853955375254,70,72,4.0,43.5686301369863,7.0,0
2015-03-15,39.99,14.79,25.200000000000003,170.3853955375254,71,73,4.0,43.54123287671233,7.0,0
2015-03-16,39.99,14.79,25.200000000000003,170.3853955375254,72,74,4.0,43.51383561643836,7.0,0
2015-03-17,39.99,14.79,25.200000000000003,170.3853955375254,73,75,4.0,43.486438356164385,7.0,0
2015-03-18,39.99,14.79,25.200000000000003,170.3853955375254,74,76,4.0,43.45904109589041,7.0,0
2015-03-19,39.99,14.79,25.200000000000003,170.3853955375254,75,77,4.0,43.43164383561644,7.0,0
2015-03-20,39.99,14.79,25.200000000000003,170.3853955375254,76,78,4.0,43.40424657534247,7.0,0
2015-03-21,39.99,14.79,25.200000000000003,170.3853955375254,77,79,4.0,43.37684931506849,7.0,0
2015-03-22,39.99,14.79,25.200000000000003,170.3853955375254,78,80,4.0,43.34945205479452,7.0,0
2015-03-23,39.99,14.79,25.200000000000003,170.3853955375254,79,81,4.0,43.322054794520554,7.0,0
2015-03-24,39.99,14.79,25.200000000000003,170.3853955375254,80,82,4.0,43.294657534246575,7.0,0
2015-03-25,39.99,14.79,25.200000000000003,170.3853955375254,81,83,4.0,43.2672602739726,7.0,0
2015-03-26,39.99,14.79,25.200000000000003,170.3853955375254,82,84,4.0,43.23986301369863,7.0,0
2015-03-27,39.99,14.79,25.200000000000003,170.3853955375254,83,85,4.0,43.21246575342466,7.0,0
2015-03-28,39.99,14.79,25.200000000000003,170.3853955375254,84,86,4.0,43.18506849315069,7.0,0
2015-03-29,39.99,14.79,25.200000000000003,170.3853955375254,85,87,4.0,43.15767123287671,7.0,0
2015-03-30,39.99,14.79,25.200000000000003,170.3853955375254,86,88,4.0,43.13027397260274,7.0,0
2015-03-31,39.99,14.79,25.200000000000003,170.3853955375254,87,89,4.0,43.10287671232877,7.0,0
2015-04-01,39.99,14.79,25.200000000000003,170.3853955375254,88,90,4.0,43.0754794520548,7.0,0
2015-04-02,39.99,14.79,25.200000000000003,170.3853955375254,89,91,4.0,43.04808219178082,7.0,0
2015-04-03,39.99,14.79,25.200000000000003,170.3853955375254,90,92,4.0,43.02068493150685,7.0,0
2015-04-04,39.99,14.79,25.200000000000003,170.3853955375254,91,93,4.0,42.99328767123288,7.0,0
2015-04-05,39.99,14.79,25.200000000000003,170.3853955375254,92,94,4.0,42.965890410958906,7.0,0
2015-04-06,39.99,14.79,25.200000000000003,170.3853955375254,93,95,4.0,42.93849315068493,7.0,0
2015-04-07,39.99,14.79,25.200000000000003,170.3853955375254,94,96,4.0,42.911095890410955,7.0,0
2015-04-08,39.99,14.79,25.200000000000003,170.3853955375254,95,97,4.0,42.88369863013699,7.0,0
2015-04-09,39.99,14.79,25.200000000000003,170.3853955375254,96,98,4.0,42.85630136986302,7.0,0
2015-04-10,39.99,14.79,25.200000000000003,170.3853955375254,97,99,4.0,42.82890410958905,7.0,0
2015-04-11,39.99,14.79,25.200000000000003,170.3853955375254,98,100,4.0,42.801506849315075,7.0,0
2015-04-12,39.99,14.79,25.200000000000003,170.3853955375254,99,101,4.0,42.774109589041096,7.0,0
2015-04-13,39.99,14.79,25.200000000000003,170.3853955375254,100,102,4.0,42.746712328767124,7.0,0
2015-04-14,39.99,14.79,25.200000000000003,170.3853955375254,101,103,4.0,42.71931506849315,7.0,0
2015-04-15,39.99,14.79,25.200000000000003,170.3853955375254,102,104,4.0,42.69191780821917,7.0,0
2015-04-16,39.99,14.79,25.200000000000003,170.3853955375254,103,105,4.0,42.6645205479452,7.0,0
2015-04-17,39.99,14.79,25.200000000000003,170.3853955375254,104,106,4.0,42.63712328767124,7.0,0
2015-04-18,39.99,14.79,25.200000000000003,170.3853955375254,105,107,4.0,42.609726027397265,7.0,0
2015-04-19,39.99,14.79,25.200000000000003,170.3853955375254,106,108,4.0,42.58232876712329,7.0,0
2015-04-20,39.99,14.79,25.200000000000003,170.3853955375254,107,109,4.0,42.55493150684932,7.0,0
2015-04-21,39.99,14.79,25.200000000000003,170.3853955375254,108,110,4.0,42.52753424657534,7.0,0
2015-04-22,39.99,14.79,25.200000000000003,170.3853955375254,109,111,4.0,42.50013698630137,7.0,0
2015-04-23,39.99,14.79,25.200000000000003,170.3853955375254,110,112,4.0,42.47273972602739,7.0,0
2015-04-24,39.99,14.79,25.200000000000003,170.3853955375254,111,113,4.0,42.44534246575342,7.0,0
2015-04-25,39.99,14.79,25.200000000000003,170.3853955375254,112,114,4.0,42.417945205479455,7.0,0
2015-04-26,39.99,14.79,25.200000000000003,170.3853955375254,113,115,4.0,42.39054794520548,7.0,0
2015-04-27,39.99,14.79,25.200000000000003,170.3853955375254,114,116,4.0,42.36315068493151,7.0,0
2015-04-28,39.99,14.79,25.200000000000003,170.3853955375254,115,117,4.0,42.33575342465754,7.0,0
2015-04-29,39.99,14.79,25.200000000000003,170.3853955375254,116,118,4.0,42.30835616438357,7.0,0
2015-04-30,39.99,14.79,25.200000000000003,170.3853955375254,117,119,4.0,42.28095890410959,7.0,0
2015-05-01,39.99,14.79,25.200000000000003,170.3853955375254,118,120,4.0,42.25356164383562,7.0,0
2015-05-02,39.99,14.79,25.200000000000003,170.3853955375254,119,121,4.0,42.226164383561645,7.0,0
2015-05-03,39.99,14.79,25.200000000000003,170.3853955375254,120,122,4.0,42.19876712328767,7.0,0
2015-05-04,39.99,14.79,25.200000000000003,170.3853955375254,121,123,4.0,42.1713698630137,7.0,0
2015-05-05,39.99,14.79,25.200000000000003,170.3853955375254,122,124,4.0,42.14397260273973,7.0,0
2015-05-06,39.99,14.79,25.200000000000003,170.3853955375254,123,125,4.0,42.11657534246576,7.0,0
2015-05-07,39.99,14.79,25.200000000000003,170.3853955375254,124,126,4.0,42.089178082191786,7.0,0
2015-05-08,39.99,14.79,25.200000000000003,170.3853955375254,125,127,4.0,42.061780821917814,7.0,0
2015-05-09,39.99,14.79,25.200000000000003,170.3853955375254,126,128,4.0,42.034383561643835,7.0,0
2015-05-10,39.99,14.79,25.200000000000003,170.3853955375254,127,129,4.0,42.006986301369864,7.0,0
2015-05-11,39.99,14.79,25.200000000000003,170.3853955375254,128,130,4.0,41.97958904109589,7.0,0
2015-05-12,39.99,14.79,25.200000000000003,170.3853955375254,129,131,4.0,41.95219178082192,7.0,0
2015-05-13,39.99,14.79,25.200000000000003,170.3853955375254,130,132,4.0,41.92479452054795,7.0,0
2015-05-14,39.99,14.79,25.200000000000003,170.3853955375254,131,133,4.0,41.897397260273976,7.0,0
2015-05-15,39.99,14.79,25.200000000000003,170.3853955375254,132,134,4.0,41.870000000000005,7.0,0
2015-05-16,39.99,14.79,25.200000000000003,170.3853955375254,133,135,4.0,41.84260273972603,7.0,0
2015-05-17,39.99,14.79,25.200000000000003,170.3853955375254,134,136,4.0,41.81520547945206,7.0,0
2015-05-18,39.99,14.79,25.200000000000003,170.3853955375254,135,137,4.0,41.78780821917808,7.0,0
2015-05-19,39.99,14.79,25.200000000000003,170.3853955375254,136,138,4.0,41.76041095890411,7.0,0
2015-05-20,39.99,14.79,25.200000000000003,170.3853955375254,137,139,4.0,41.73301369863014,7.0,0
2015-05-21,39.99,14.79,25.200000000000003,170.3853955375254,138,140,4.0,41.70561643835617,7.0,0
2015-05-22,39.99,14.79,25.200000000000003,170.3853955375254,139,141,4.0,41.678219178082195,7.0,0
2015-05-23,39.99,14.79,25.200000000000003,170.3853955375254,140,142,4.0,41.65082191780822,7.0,0
2015-05-24,39.99,14.79,25.200000000000003,170.3853955375254,141,143,4.0,41.62342465753425,7.0,0
2015-05-25,39.99,14.79,25.200000000000003,170.3853955375254,142,144,4.0,41.59602739726028,7.0,0
2015-05-26,39.99,14.79,25.200000000000003,170.3853955375254,143,145,4.0,41.5686301369863,7.0,0
2015-05-27,39.99,14.79,25.200000000000003,170.3853955375254,144,146,4.0,41.54123287671233,7.0,0
2015-05-28,39.99,14.79,25.200000000000003,170.3853955375254,145,147,4.0,41.51383561643836,7.0,0
2015-05-29,39.99,14.79,25.200000000000003,170.3853955375254,146,148,4.0,41.486438356164385,7.0,0
2015-05-30,39.99,14.79,25.200000000000003,170.3853955375254,147,149,4.0,41.45904109589041,7.0,0
2015-05-31,39.99,14.79,25.200000000000003,170.3853955375254,148,150,4.0,41.43164383561644,7.0,0
2015-06-01,39.99,14.79,25.200000000000003,170.3853955375254,149,151,4.0,41.40424657534247,7.0,0
2015-06-02,39.99,14.79,25.200000000000003,170.3853955375254,150,152,4.0,41.3768493150685,7.0,0
2015-06-03,39.99,14.79,25.200000000000003,170.3853955375254,151,153,4.0,41.34945205479452,7.0,0
2015-06-04,39.99,14.79,25.200000000000003,170.3853955375254,152,154,4.0,41.32205479452055,7.0,0
2015-06-05,39.99,14.79,25.200000000000003,170.3853955375254,153,155,4.0,41.294657534246575,7.0,0
2015-06-06,39.99,14.79,25.200000000000003,170.3853955375254,154,156,4.0,41.2672602739726,7.0,0
2015-06-07,39.99,14.79,25.200000000000003,170.3853955375254,155,157,4.0,41.23986301369863,7.0,0
2015-06-08,39.99,14.79,25.200000000000003,170.3853955375254,156,158,4.0,41.21246575342466,7.0,0
2015-06-09,39.99,14.79,25.200000000000003,170.3853955375254,157,159,4.0,41.18506849315069,7.0,0
2015-06-10,39.99,14.79,25.200000000000003,170.3853955375254,158,160,4.0,41.157671232876716,7.0,0
2015-06-11,39.99,14.79,25.200000000000003,170.3853955375254,159,161,4.0,41.13027397260274,7.0,0
2015-06-12,39.99,14.79,25.200000000000003,170.3853955375254,160,162,4.0,41.102876712328765,7.0,0
2015-06-13,39.99,14.79,25.200000000000003,170.3853955375254,161,163,4.0,41.0754794520548,7.0,0
2015-06-14,39.99,14.79,25.200000000000003,170.3853955375254,162,164,4.0,41.04808219178082,7.0,0
2015-06-15,39.99,14.79,25.200000000000003,170.3853955375254,163,165,4.0,41.02068493150685,7.0,0
2015-06-16,39.99,14.79,25.200000000000003,170.3853955375254,164,166,4.0,40.99328767123288,7.0,0
2015-06-17,39.99,14.79,25.200000000000003,170.3853955375254,165,167,4.0,40.965890410958906,7.0,0
2015-06-18,39.99,14.79,25.200000000000003,170.3853955375254,166,168,4.0,40.938493150684934,7.0,0
2015-06-19,39.99,14.79,25.200000000000003,170.3853955375254,167,169,4.0,40.91109589041096,7.0,0
2015-06-20,39.99,14.79,25.200000000000003,170.3853955375254,168,170,4.0,40.88369863013698,7.0,0
2015-06-21,39.99,14.79,25.200000000000003,170.3853955375254,169,171,3.0,40.90150684931507,6.0,0
2015-06-22,39.99,14.79,25.200000000000003,170.3853955375254,170,172,3.0,40.919315068493155,6.0,0
2015-06-23,39.99,14.79,25.200000000000003,170.3853955375254,171,173,3.0,40.89191780821918,5.0,0
2015-06-24,39.99,14.79,25.200000000000003,170.3853955375254,172,174,3.0,40.86452054794521,5.0,0
2015-06-25,39.99,14.79,25.200000000000003,170.3853955375254,173,175,3.0,40.83712328767123,5.0,0
2015-06-26,39.99,14.79,25.200000000000003,170.3853955375254,174,176,3.0,40.80972602739726,5.0,0
2015-06-27,39.99,14.79,25.200000000000003,170.3853955375254,175,177,3.0,40.78232876712329,5.0,0
2015-06-28,39.99,14.79,25.200000000000003,170.3853955375254,176,178,3.0,40.75493150684931,5.0,0
2015-06-29,39.99,14.79,25.200000000000003,170.3853955375254,177,179,3.0,40.72753424657534,5.0,0
2015-06-30,39.99,14.79,25.200000000000003,170.3853955375254,178,180,3.0,40.700136986301374,5.0,0
2015-07-01,39.99,14.79,25.200000000000003,170.3853955375254,179,181,3.0,40.6727397260274,5.0,0
2015-07-02,39.99,14.79,25.200000000000003,170.3853955375254,180,182,3.0,40.64534246575343,5.0,0
2015-07-03,39.99,14.79,25.200000000000003,170.3853955375254,181,183,3.0,40.61794520547946,5.0,0
2015-07-04,39.99,14.79,25.200000000000003,170.3853955375254,182,184,3.0,40.59054794520548,5.0,0
2015-07-05,39.99,14.79,25.200000000000003,170.3853955375254,183,185,3.0,40.56315068493151,5.0,0
2015-07-06,39.99,14.79,25.200000000000003,170.3853955375254,184,186,3.0,40.535753424657536,5.0,0
2015-07-07,39.99,14.79,25.200000000000003,170.3853955375254,185,187,3.0,40.50835616438356,5.0,0
2015-07-08,39.99,14.79,25.200000000000003,170.3853955375254,186,188,3.0,40.48095890410959,5.0,0
2015-07-09,39.99,14.79,25.200000000000003,170.3853955375254,187,189,3.0,40.45356164383562,5.0,0
2015-07-10,39.99,14.79,25.200000000000003,170.3853955375254,188,190,3.0,40.42616438356165,5.0,0
2015-07-11,39.99,14.79,25.200000000000003,170.3853955375254,189,191,3.0,40.398767123287676,5.0,0
2015-07-12,39.99,14.79,25.200000000000003,170.3853955375254,190,192,3.0,40.371369863013705,5.0,0
2015-07-13,39.99,14.79,25.200000000000003,170.3853955375254,191,193,3.0,40.343972602739726,5.0,0
2015-07-14,39.99,14.79,25.200000000000003,170.3853955375254,192,194,3.0,40.316575342465754,5.0,0
2015-07-15,39.99,14.79,25.200000000000003,170.3853955375254,193,195,3.0,40.28917808219178,5.0,0
2015-07-16,39.99,14.79,25.200000000000003,170.3853955375254,194,196,3.0,40.26178082191781,5.0,0
2015-07-17,39.99,14.79,25.200000000000003,170.3853955375254,195,197,3.0,40.23438356164384,5.0,0
2015-07-18,39.99,14.79,25.200000000000003,170.3853955375254,196,198,3.0,40.20698630136987,5.0,0
2015-07-19,39.99,14.79,25.200000000000003,170.3853955375254,197,199,3.0,40.179589041095895,5.0,0
2015-07-20,39.99,14.79,25.200000000000003,170.3853955375254,198,200,3.0,40.15219178082192,5.0,0
2015-07-21,39.99,14.79,25.200000000000003,170.3853955375254,199,201,3.0,40.12479452054795,5.0,0
2015-07-22,39.99,14.79,25.200000000000003,170.3853955375254,200,202,3.0,40.09739726027397,5.0,0
2015-07-23,39.99,14.79,25.200000000000003,170.3853955375254,201,203,3.0,40.07,5.0,0
2015-07-24,39.99,14.79,25.200000000000003,170.3853955375254,202,204,3.0,40.04260273972603,5.0,0
2015-07-25,39.99,14.79,25.200000000000003,170.3853955375254,203,205,3.0,40.01520547945206,5.0,0
2015-07-26,39.99,14.79,25.200000000000003,170.3853955375254,204,206,3.0,39.987808219178085,5.0,0
2015-07-27,39.99,14.79,25.200000000000003,170.3853955375254,205,207,3.0,39.96041095890411,5.0,0
2015-07-28,39.99,14.79,25.200000000000003,170.3853955375254,206,208,3.0,39.93301369863014,5.0,0
2015-07-29,39.99,14.79,25.200000000000003,170.3853955375254,207,209,3.0,39.90561643835617,5.0,0
2015-07-30,39.99,14.79,25.200000000000003,170.3853955375254,208,210,3.0,39.8782191780822,5.0,0
2015-07-31,39.99,14.79,25.200000000000003,170.3853955375254,209,211,3.0,39.85082191780822,5.0,0
2015-08-01,39.99,14.79,25.200000000000003,170.3853955375254,210,212,3.0,39.82342465753425,5.0,0
2015-08-02,39.99,14.79,25.200000000000003,170.3853955375254,211,213,3.0,39.796027397260275,5.0,0
2015-08-03,39.99,14.79,25.200000000000003,170.3853955375254,212,214,3.0,39.7686301369863,5.0,0
2015-08-04,39.99,14.79,25.200000000000003,170.3853955375254,213,215,3.0,39.74123287671233,5.0,0
2015-08-05,39.99,14.79,25.200000000000003,170.3853955375254,214,216,3.0,39.71383561643836,5.0,0
2015-08-06,39.99,14.79,25.200000000000003,170.3853955375254,215,217,3.0,39.68643835616439,5.0,0
2015-08-07,39.99,14.79,25.200000000000003,170.3853955375254,216,218,3.0,39.659041095890416,5.0,0
2015-08-08,39.99,14.79,25.200000000000003,170.3853955375254,217,219,3.0,39.63164383561644,5.0,0
2015-08-09,39.99,14.79,25.200000000000003,170.3853955375254,218,220,3.0,39.604246575342465,5.0,0
2015-08-10,39.99,14.79,25.200000000000003,170.3853955375254,219,221,3.0,39.57684931506849,5.0,0
2015-08-11,39.99,14.79,25.200000000000003,170.3853955375254,220,222,3.0,39.54945205479452,5.0,0
2015-08-12,39.99,14.79,25.200000000000003,170.3853955375254,221,223,3.0,39.52205479452055,5.0,1
2015-08-13,39.99,14.79,25.200000000000003,170.3853955375254,222,224,3.0,39.49465753424658,5.0,1
2015-08-14,39.99,14.79,25.200000000000003,170.3853955375254,223,225,3.0,39.467260273972606,5.0,1
2015-08-15,39.99,14.79,25.200000000000003,170.3853955375254,224,226,3.0,39.439863013698634,5.0,1
2015-08-16,39.99,14.79,25.200000000000003,170.3853955375254,225,227,3.0,39.41246575342466,5.0,1
2015-08-17,39.99,14.79,25.200000000000003,170.3853955375254,226,228,3.0,39.38506849315068,5.0,1
2015-08-18,39.99,14.79,25.200000000000003,170.3853955375254,227,229,3.0,39.35767123287672,5.0,1
2015-08-19,39.99,14.79,25.200000000000003,170.3853955375254,228,230,3.0,39.33027397260274,5.0,1
2015-08-20,39.99,14.79,25.200000000000003,170.3853955375254,229,231,3.0,39.30287671232877,5.0,1
2015-08-21,39.99,14.79,25.200000000000003,170.3853955375254,230,232,3.0,39.275479452054796,5.0,1
2015-08-22,39.99,14.79,25.200000000000003,170.3853955375254,231,233,3.0,39.248082191780824,5.0,1
2015-08-23,39.99,14.79,25.200000000000003,170.3853955375254,232,234,3.0,39.22068493150685,5.0,1
2015-08-24,39.99,14.79,25.200000000000003,170.3853955375254,233,235,3.0,39.19328767123288,5.0,1
2015-08-25,39.99,14.79,25.200000000000003,170.3853955375254,234,236,3.0,39.1658904109589,5.0,1
2015-08-26,39.99,14.79,25.200000000000003,170.3853955375254,235,237,3.0,39.13849315068493,5.0,1
2015-08-27,39.99,14.79,25.200000000000003,170.3853955375254,236,238,3.0,39.111095890410965,5.0,1
2015-08-28,39.99,14.79,25.200000000000003,170.3853955375254,237,239,2.0,39.111095890410965,4.0,1
2015-08-29,39.99,14.79,25.200000000000003,170.3853955375254,238,240,2.0,39.111095890410965,4.0,1
2015-08-30,39.99,14.79,25.200000000000003,170.3853955375254,239,241,2.0,39.111095890410965,4.0,1
2015-08-31,39.99,14.79,25.200000000000003,170.3853955375254,240,242,2.0,39.111095890410965,4.0,1
2015-09-01,39.99,14.79,25.200000000000003,170.3853955375254,241,243,2.0,39.111095890410965,4.0,1
2015-09-02,39.99,14.79,25.200000000000003,170.3853955375254,242,244,2.0,39.11109589041096,4.0,1
2015-09-03,39.99,14.79,25.200000000000003,170.3853955375254,243,245,2.0,39.11109589041096,4.0,1
2015-09-04,39.99,14.79,25.200000000000003,170.3853955375254,244,246,2.0,39.111095890410965,4.0,1
2015-09-05,39.99,14.79,25.200000000000003,170.3853955375254,245,247,2.0,39.111095890410965,4.0,1
2015-09-06,39.99,14.79,25.200000000000003,170.3853955375254,246,248,2.0,39.111095890410965,4.0,1
2015-09-07,39.99,14.79,25.200000000000003,170.3853955375254,247,249,2.0,39.111095890410965,4.0,1
2015-09-08,39.99,14.79,25.200000000000003,170.3853955375254,248,250,2.0,39.111095890410965,4.0,1
2015-09-09,39.99,14.79,25.200000000000003,170.3853955375254,249,251,2.0,39.111095890410965,4.0,1
2015-09-10,39.99,14.79,25.200000000000003,170.3853955375254,250,252,2.0,39.11109589041096,4.0,1
2015-09-11,19.99,14.79,5.199999999999999,35.15889114266396,0,0,2.0,39.11109589041096,4.0,0
2015-09-12,19.99,14.79,5.199999999999999,35.15889114266396,1,1,3.0,39.056301369863014,5.0,0
2015-09-13,19.99,14.79,5.199999999999999,35.15889114266396,2,2,3.0,39.00150684931507,5.0,0
2015-09-14,19.99,14.79,5.199999999999999,35.15889114266396,3,3,3.0,38.94671232876713,5.0,0
2015-09-15,39.99,14.79,25.200000000000003,170.3853955375254,0,4,3.0,38.89191780821918,5.0,0
2015-09-16,39.99,14.79,25.200000000000003,170.3853955375254,1,5,3.0,38.89191780821918,6.0,0
2015-09-17,39.99,14.79,25.200000000000003,170.3853955375254,2,6,3.0,38.89191780821918,6.0,0
2015-09-18,39.99,14.79,25.200000000000003,170.3853955375254,3,7,3.0,38.89191780821918,6.0,0
2015-09-19,39.99,14.79,25.200000000000003,170.3853955375254,4,8,3.0,38.891917808219176,6.0,0
2015-09-20,39.99,14.79,25.200000000000003,170.3853955375254,5,9,3.0,38.891917808219176,6.0,0
2015-09-21,39.99,14.79,25.200000000000003,170.3853955375254,6,10,3.0,38.89191780821918,6.0,0
2015-09-22,39.99,14.79,25.200000000000003,170.3853955375254,7,11,3.0,38.89191780821918,6.0,0
2015-09-23,39.99,14.79,25.200000000000003,170.3853955375254,8,12,3.0,38.89191780821918,6.0,0
2015-09-24,39.99,14.79,25.200000000000003,170.3853955375254,9,13,3.0,38.89191780821918,6.0,0
2015-09-25,39.99,14.79,25.200000000000003,170.3853955375254,10,14,3.0,38.89191780821918,6.0,0
2015-09-26,39.99,14.79,25.200000000000003,170.3853955375254,11,15,3.0,38.89191780821918,6.0,0
2015-09-27,39.99,14.79,25.200000000000003,170.3853955375254,12,16,3.0,38.891917808219176,6.0,0
2015-09-28,39.99,14.79,25.200000000000003,170.3853955375254,13,17,3.0,38.891917808219176,6.0,0
2015-09-29,39.99,14.79,25.200000000000003,170.3853955375254,14,18,3.0,38.89191780821918,6.0,0
2015-09-30,39.99,14.79,25.200000000000003,170.3853955375254,15,19,3.0,38.89191780821918,6.0,0
2015-10-01,39.99,14.79,25.200000000000003,170.3853955375254,16,20,3.0,38.89191780821918,6.0,0
2015-10-02,39.99,14.79,25.200000000000003,170.3853955375254,17,21,3.0,38.89191780821918,6.0,0
2015-10-03,39.99,14.79,25.200000000000003,170.3853955375254,18,22,3.0,38.89191780821918,6.0,0
2015-10-04,39.99,14.79,25.200000000000003,170.3853955375254,19,23,3.0,38.89191780821918,6.0,0
2015-10-05,39.99,14.79,25.200000000000003,170.3853955375254,20,24,3.0,38.891917808219176,6.0,0
2015-10-06,39.99,14.79,25.200000000000003,170.3853955375254,21,25,3.0,38.891917808219176,6.0,0
2015-10-07,39.99,14.79,25.200000000000003,170.3853955375254,22,26,3.0,38.89191780821918,6.0,0
2015-10-08,39.99,14.79,25.200000000000003,170.3853955375254,23,27,3.0,38.89191780821918,6.0,0
2015-10-09,39.99,14.79,25.200000000000003,170.3853955375254,24,28,3.0,38.89191780821918,6.0,0
2015-10-10,39.99,14.79,25.200000000000003,170.3853955375254,25,29,3.0,38.89191780821918,6.0,0
2015-10-11,39.99,14.79,25.200000000000003,170.3853955375254,26,30,3.0,38.89191780821918,6.0,0
2015-10-12,39.99,14.79,25.200000000000003,170.3853955375254,27,31,3.0,38.89191780821918,6.0,0
2015-10-13,39.99,14.79,25.200000000000003,170.3853955375254,28,32,3.0,38.891917808219176,6.0,0
2015-10-14,39.99,14.79,25.200000000000003,170.3853955375254,29,33,3.0,38.891917808219176,6.0,0
2015-10-15,39.99,14.79,25.200000000000003,170.3853955375254,30,34,3.0,38.89191780821918,6.0,0
2015-10-16,39.99,14.79,25.200000000000003,170.3853955375254,31,35,3.0,38.89191780821918,6.0,0
2015-10-17,39.99,14.79,25.200000000000003,170.3853955375254,32,36,3.0,38.89191780821918,6.0,0
2015-10-18,39.99,14.79,25.200000000000003,170.3853955375254,33,37,3.0,38.89191780821918,6.0,0
2015-10-19,39.99,14.79,25.200000000000003,170.3853955375254,34,38,3.0,38.89191780821918,6.0,0
2015-10-20,39.99,14.79,25.200000000000003,170.3853955375254,35,39,3.0,38.89191780821918,6.0,0
2015-10-21,39.99,14.79,25.200000000000003,170.3853955375254,36,40,3.0,38.89191780821918,6.0,0
2015-10-22,39.99,14.79,25.200000000000003,170.3853955375254,37,41,3.0,38.891917808219176,6.0,0
2015-10-23,39.99,14.79,25.200000000000003,170.3853955375254,38,42,3.0,38.891917808219176,6.0,0
2015-10-24,39.99,14.79,25.200000000000003,170.3853955375254,39,43,3.0,38.89191780821918,6.0,0
2015-10-25,39.99,14.79,25.200000000000003,170.3853955375254,40,44,3.0,38.89191780821918,6.0,0
2015-10-26,39.99,14.79,25.200000000000003,170.3853955375254,41,45,3.0,38.89191780821918,6.0,0
2015-10-27,39.99,14.79,25.200000000000003,170.3853955375254,42,46,3.0,38.89191780821918,6.0,1
2015-10-28,39.99,14.79,25.200000000000003,170.3853955375254,43,47,3.0,38.89191780821918,6.0,1
2015-10-29,39.99,14.79,25.200000000000003,170.3853955375254,44,48,3.0,38.89191780821918,6.0,1
2015-10-30,39.99,14.79,25.200000000000003,170.3853955375254,45,49,3.0,38.891917808219176,6.0,1
2015-10-31,39.99,14.79,25.200000000000003,170.3853955375254,46,50,3.0,38.891917808219176,6.0,1
2015-11-01,39.99,14.79,25.200000000000003,170.3853955375254,47,51,3.0,38.89191780821918,6.0,1
2015-11-02,39.99,14.79,25.200000000000003,170.3853955375254,48,52,3.0,38.89191780821918,6.0,1
2015-11-03,39.99,14.79,25.200000000000003,170.3853955375254,49,53,3.0,38.89191780821918,6.0,1
2015-11-04,39.99,14.79,25.200000000000003,170.3853955375254,50,54,3.0,38.89191780821918,6.0,1
2015-11-05,39.99,14.79,25.200000000000003,170.3853955375254,51,55,3.0,38.89191780821918,6.0,1
2015-11-06,39.99,14.79,25.200000000000003,170.3853955375254,52,56,3.0,38.89191780821918,6.0,1
2015-11-07,39.99,14.79,25.200000000000003,170.3853955375254,53,57,3.0,38.891917808219176,6.0,1
2015-11-08,39.99,14.79,25.200000000000003,170.3853955375254,54,58,3.0,38.891917808219176,6.0,1
2015-11-09,39.99,14.79,25.200000000000003,170.3853955375254,55,59,3.0,38.89191780821918,6.0,1
2015-11-10,39.99,14.79,25.200000000000003,170.3853955375254,56,60,3.0,38.89191780821918,6.0,1
2015-11-11,39.99,14.79,25.200000000000003,170.3853955375254,57,61,3.0,38.89191780821918,6.0,1
2015-11-12,39.99,14.79,25.200000000000003,170.3853955375254,58,62,3.0,38.89191780821918,6.0,1
2015-11-13,39.99,14.79,25.200000000000003,170.3853955375254,59,63,3.0,38.89191780821918,6.0,1
2015-11-14,39.99,14.79,25.200000000000003,170.3853955375254,60,64,3.0,38.89191780821918,6.0,1
2015-11-15,39.99,14.79,25.200000000000003,170.3853955375254,61,65,3.0,38.891917808219176,6.0,1
2015-11-16,39.99,14.79,25.200000000000003,170.3853955375254,62,66,3.0,38.891917808219176,6.0,1
2015-11-17,39.99,14.79,25.200000000000003,170.3853955375254,63,67,3.0,38.89191780821918,6.0,1
2015-11-18,39.99,14.79,25.200000000000003,170.3853955375254,64,68,3.0,38.89191780821918,6.0,1
2015-11-19,39.99,14.79,25.200000000000003,170.3853955375254,65,69,3.0,38.89191780821918,6.0,1
2015-11-20,39.99,14.79,25.200000000000003,170.3853955375254,66,70,3.0,38.89191780821918,6.0,1
2015-11-21,39.99,14.79,25.200000000000003,170.3853955375254,67,71,3.0,38.89191780821918,6.0,1
2015-11-22,39.99,14.79,25.200000000000003,170.3853955375254,68,72,3.0,38.89191780821918,6.0,1
2015-11-23,39.99,14.79,25.200000000000003,170.3853955375254,69,73,3.0,38.89191780821918,6.0,1
2015-11-24,39.99,14.79,25.200000000000003,170.3853955375254,70,74,3.0,38.891917808219176,6.0,1
2015-11-25,39.99,14.79,25.200000000000003,170.3853955375254,71,75,3.0,38.891917808219176,6.0,1
2015-11-26,19.99,14.79,5.199999999999999,35.15889114266396,0,0,3.0,38.89191780821918,6.0,1
2015-11-27,19.99,14.79,5.199999999999999,35.15889114266396,1,1,4.0,38.83712328767123,7.0,1
2015-11-28,19.99,14.79,5.199999999999999,35.15889114266396,2,2,4.0,38.78232876712329,7.0,1
2015-11-29,19.99,14.79,5.199999999999999,35.15889114266396,3,3,4.0,38.727534246575345,7.0,1
2015-11-30,19.99,14.79,5.199999999999999,35.15889114266396,4,4,4.0,38.6727397260274,7.0,1
2015-12-01,19.99,14.79,5.199999999999999,35.15889114266396,5,5,4.0,38.61794520547946,7.0,1
2015-12-02,39.99,14.79,25.200000000000003,170.3853955375254,0,6,4.0,38.56315068493151,7.0,1
2015-12-03,39.99,14.79,25.200000000000003,170.3853955375254,1,7,4.0,38.56315068493151,8.0,1
2015-12-04,39.99,14.79,25.200000000000003,170.3853955375254,2,8,4.0,38.56315068493151,8.0,1
2015-12-05,39.99,14.79,25.200000000000003,170.3853955375254,3,9,4.0,38.56315068493151,8.0,1
2015-12-06,39.99,14.79,25.200000000000003,170.3853955375254,4,10,4.0,38.56315068493151,8.0,1
2015-12-07,39.99,14.79,25.200000000000003,170.3853955375254,5,11,4.0,38.56315068493151,8.0,1
2015-12-08,39.99,14.79,25.200000000000003,170.3853955375254,6,12,4.0,38.56315068493151,8.0,1
2015-12-09,39.99,14.79,25.200000000000003,170.3853955375254,7,13,4.0,38.56315068493151,8.0,1
2015-12-10,39.99,14.79,25.200000000000003,170.3853955375254,8,14,4.0,38.56315068493151,8.0,1
2015-12-11,39.99,14.79,25.200000000000003,170.3853955375254,9,15,4.0,38.56315068493151,8.0,1
2015-12-12,39.99,14.79,25.200000000000003,170.3853955375254,10,16,4.0,38.56315068493151,8.0,1
2015-12-13,39.99,14.79,25.200000000000003,170.3853955375254,11,17,4.0,38.56315068493151,8.0,1
2015-12-14,39.99,14.79,25.200000000000003,170.3853955375254,12,18,4.0,38.56315068493151,8.0,1
2015-12-15,39.99,14.79,25.200000000000003,170.3853955375254,13,19,4.0,38.56315068493151,8.0,1
2015-12-16,39.99,14.79,25.200000000000003,170.3853955375254,14,20,4.0,38.56315068493151,8.0,1
2015-12-17,39.99,14.79,25.200000000000003,170.3853955375254,15,21,4.0,38.56315068493151,8.0,1
2015-12-18,39.99,14.79,25.200000000000003,170.3853955375254,16,22,4.0,38.56315068493151,8.0,1
2015-12-19,39.99,14.79,25.200000000000003,170.3853955375254,17,23,4.0,38.56315068493151,8.0,1
2015-12-20,39.99,14.79,25.200000000000003,170.3853955375254,18,24,3.0,38.63219178082192,7.0,1
2015-12-21,39.99,14.79,25.200000000000003,170.3853955375254,19,25,3.0,38.70123287671233,7.0,1
2015-12-22,39.99,14.79,25.200000000000003,170.3853955375254,20,26,3.0,38.756027397260276,6.0,1
2015-12-23,15.19,14.79,0.40000000000000036,2.70453008789723,0,0,3.0,38.81082191780822,6.0,0
2015-12-24,15.19,14.79,0.40000000000000036,2.70453008789723,1,1,4.0,38.797671232876716,7.0,0
2015-12-25,15.19,14.79,0.40000000000000036,2.70453008789723,2,2,4.0,38.784520547945206,7.0,0
2015-12-26,15.19,14.79,0.40000000000000036,2.70453008789723,3,3,4.0,38.7713698630137,7.0,0
2015-12-27,15.19,14.79,0.40000000000000036,2.70453008789723,4,4,4.0,38.7582191780822,7.0,0
2015-12-28,15.19,14.79,0.40000000000000036,2.70453008789723,5,5,4.0,38.74506849315068,7.0,0
2015-12-29,15.19,14.79,0.40000000000000036,2.70453008789723,6,6,4.0,38.73191780821918,7.0,0
2015-12-30,15.19,14.79,0.40000000000000036,2.70453008789723,7,7,4.0,38.71876712328767,7.0,0
2015-12-31,15.19,14.79,0.40000000000000036,2.70453008789723,8,8,4.0,38.70561643835617,7.0,0
2016-01-01,15.19,14.79,0.40000000000000036,2.70453008789723,9,9,4.0,38.692465753424656,7.0,0
2016-01-02,15.19,14.79,0.40000000000000036,2.70453008789723,10,10,3.0,38.693561643835615,6.0,0
2016-01-03,15.19,14.79,0.40000000000000036,2.70453008789723,11,11,3.0,38.69465753424658,6.0,0
2016-01-04,15.19,14.79,0.40000000000000036,2.70453008789723,12,12,3.0,38.62671232876713,5.0,0
2016-01-05,39.99,14.79,25.200000000000003,170.3853955375254,0,13,3.0,38.55876712328767,5.0,0
2016-01-06,39.99,14.79,25.200000000000003,170.3853955375254,1,14,3.0,38.55876712328767,6.0,0
2016-01-07,39.99,14.79,25.200000000000003,170.3853955375254,2,15,3.0,38.558767123287666,6.0,1
2016-01-08,39.99,14.79,25.200000000000003,170.3853955375254,3,16,3.0,38.55876712328767,6.0,1
2016-01-09,39.99,14.79,25.200000000000003,170.3853955375254,4,17,3.0,38.55876712328767,6.0,1
2016-01-10,39.99,14.79,25.200000000000003,170.3853955375254,5,18,3.0,38.55876712328767,6.0,1
2016-01-11,39.99,14.79,25.200000000000003,170.3853955375254,6,19,3.0,38.55876712328767,6.0,1
2016-01-12,39.99,14.79,25.200000000000003,170.3853955375254,7,20,3.0,38.55876712328767,6.0,1
2016-01-13,39.99,14.79,25.200000000000003,170.3853955375254,8,21,3.0,38.55876712328767,6.0,1
2016-01-14,39.99,14.79,25.200000000000003,170.3853955375254,9,22,3.0,38.55876712328767,6.0,1
2016-01-15,39.99,14.79,25.200000000000003,170.3853955375254,10,23,3.0,38.55876712328767,6.0,1
2016-01-16,39.99,14.79,25.200000000000003,170.3853955375254,11,24,3.0,38.55876712328767,6.0,1
2016-01-17,39.99,14.79,25.200000000000003,170.3853955375254,12,25,3.0,38.55876712328767,6.0,1
2016-01-18,39.99,14.79,25.200000000000003,170.3853955375254,13,26,3.0,38.55876712328767,6.0,1
2016-01-19,39.99,14.79,25.200000000000003,170.3853955375254,14,27,3.0,38.55876712328767,6.0,1
2016-01-20,39.99,14.79,25.200000000000003,170.3853955375254,15,28,3.0,38.55876712328767,6.0,1
2016-01-21,39.99,14.79,25.200000000000003,170.3853955375254,16,29,3.0,38.55876712328767,6.0,1
2016-01-22,39.99,14.79,25.200000000000003,170.3853955375254,17,30,3.0,38.55876712328767,6.0,1
2016-01-23,39.99,14.79,25.200000000000003,170.3853955375254,18,31,3.0,38.55876712328767,6.0,1
2016-01-24,39.99,14.79,25.200000000000003,170.3853955375254,19,32,3.0,38.55876712328767,6.0,1
2016-01-25,39.99,14.79,25.200000000000003,170.3853955375254,20,33,3.0,38.55876712328767,6.0,1
2016-01-26,39.99,14.79,25.200000000000003,170.3853955375254,21,34,3.0,38.55876712328767,6.0,1
2016-01-27,39.99,14.79,25.200000000000003,170.3853955375254,22,35,3.0,38.55876712328767,6.0,1
2016-01-28,39.99,14.79,25.200000000000003,170.3853955375254,23,36,3.0,38.55876712328767,6.0,1
2016-01-29,39.99,14.79,25.200000000000003,170.3853955375254,24,37,3.0,38.55876712328767,6.0,1
2016-01-30,39.99,14.79,25.200000000000003,170.3853955375254,25,38,3.0,38.55876712328767,6.0,1
2016-01-31,39.99,14.79,25.200000000000003,170.3853955375254,26,39,3.0,38.55876712328767,6.0,1
2016-02-01,39.99,14.79,25.200000000000003,170.3853955375254,27,40,3.0,38.558767123287666,6.0,1
2016-02-02,39.99,14.79,25.200000000000003,170.3853955375254,28,41,3.0,38.55876712328767,6.0,1
2016-02-03,39.99,14.79,25.200000000000003,170.3853955375254,29,42,3.0,38.55876712328767,6.0,1
2016-02-04,39.99,14.79,25.200000000000003,170.3853955375254,30,43,3.0,38.55876712328767,6.0,1
2016-02-05,39.99,14.79,25.200000000000003,170.3853955375254,31,44,3.0,38.55876712328767,6.0,1
2016-02-06,18.79,14.79,4.0,27.045300878972277,0,0,3.0,38.55876712328767,6.0,0
2016-02-07,18.79,14.79,4.0,27.045300878972277,1,1,4.0,38.500684931506854,7.0,0
2016-02-08,18.79,14.79,4.0,27.045300878972277,2,2,4.0,38.44260273972603,7.0,0
2016-02-09,18.79,14.79,4.0,27.045300878972277,3,3,4.0,38.384520547945215,7.0,0
2016-02-10,18.79,14.79,4.0,27.045300878972277,4,4,4.0,38.32643835616438,7.0,0
2016-02-11,18.79,14.79,4.0,27.045300878972277,5,5,4.0,38.26835616438356,7.0,0
2016-02-12,18.79,14.79,4.0,27.045300878972277,6,6,4.0,38.21027397260274,7.0,0
2016-02-13,39.99,14.79,25.200000000000003,170.3853955375254,0,7,4.0,38.15219178082192,7.0,0
2016-02-14,39.99,14.79,25.200000000000003,170.3853955375254,1,8,4.0,38.15219178082192,8.0,0
2016-02-15,39.99,14.79,25.200000000000003,170.3853955375254,2,9,4.0,38.15219178082192,8.0,0
2016-02-16,39.99,14.79,25.200000000000003,170.3853955375254,3,10,4.0,38.15219178082192,8.0,0
2016-02-17,39.99,14.79,25.200000000000003,170.3853955375254,4,11,4.0,38.15219178082192,8.0,0
2016-02-18,39.99,14.79,25.200000000000003,170.3853955375254,5,12,4.0,38.152191780821916,8.0,0
2016-02-19,39.99,14.79,25.200000000000003,170.3853955375254,6,13,4.0,38.152191780821916,8.0,0
2016-02-20,39.99,14.79,25.200000000000003,170.3853955375254,7,14,4.0,38.15219178082192,8.0,0
2016-02-21,39.99,14.79,25.200000000000003,170.3853955375254,8,15,4.0,38.15219178082192,8.0,0
2016-02-22,39.99,14.79,25.200000000000003,170.3853955375254,9,16,4.0,38.15219178082192,8.0,0
2016-02-23,39.99,14.79,25.200000000000003,170.3853955375254,10,17,4.0,38.15219178082192,8.0,0
2016-02-24,39.99,14.79,25.200000000000003,170.3853955375254,11,18,4.0,38.15219178082192,8.0,0
2016-02-25,39.99,14.79,25.200000000000003,170.3853955375254,12,19,4.0,38.15219178082192,8.0,0
2016-02-26,39.99,14.79,25.200000000000003,170.3853955375254,13,20,4.0,38.152191780821916,8.0,0
2016-02-27,39.99,14.79,25.200000000000003,170.3853955375254,14,21,4.0,38.152191780821916,8.0,0
2016-02-28,39.99,14.79,25.200000000000003,170.3853955375254,15,22,4.0,38.15219178082192,8.0,0
2016-02-29,39.99,14.79,25.200000000000003,170.3853955375254,16,23,4.0,38.15219178082192,8.0,0
2016-03-01,39.99,14.79,25.200000000000003,170.3853955375254,17,24,4.0,38.15219178082192,8.0,0
2016-03-02,39.99,14.79,25.200000000000003,170.3853955375254,18,25,4.0,38.15219178082192,8.0,0
2016-03-03,39.99,14.79,25.200000000000003,170.3853955375254,19,26,4.0,38.15219178082192,8.0,0
2016-03-04,39.99,14.79,25.200000000000003,170.3853955375254,20,27,4.0,38.15219178082192,8.0,0
2016-03-05,39.99,14.79,25.200000000000003,170.3853955375254,21,28,4.0,38.152191780821916,8.0,0
2016-03-06,39.99,14.79,25.200000000000003,170.3853955375254,22,29,4.0,38.152191780821916,8.0,0
2016-03-07,39.99,14.79,25.200000000000003,170.3853955375254,23,30,4.0,38.15219178082192,8.0,0
2016-03-08,39.99,14.79,25.200000000000003,170.3853955375254,24,31,4.0,38.15219178082192,8.0,0
2016-03-09,39.99,14.79,25.200000000000003,170.3853955375254,25,32,4.0,38.15219178082192,8.0,0
2016-03-10,39.99,14.79,25.200000000000003,170.3853955375254,26,33,4.0,38.15219178082192,8.0,0
2016-03-11,39.99,14.79,25.200000000000003,170.3853955375254,27,34,4.0,38.15219178082192,8.0,0
2016-03-12,39.99,14.79,25.200000000000003,170.3853955375254,28,35,4.0,38.15219178082192,8.0,0
2016-03-13,39.99,14.79,25.200000000000003,170.3853955375254,29,36,4.0,38.15219178082192,8.0,0
2016-03-14,39.99,14.79,25.200000000000003,170.3853955375254,30,37,4.0,38.152191780821916,8.0,0
2016-03-15,39.99,14.79,25.200000000000003,170.3853955375254,31,38,4.0,38.152191780821916,8.0,0
2016-03-16,39.99,14.79,25.200000000000003,170.3853955375254,32,39,4.0,38.15219178082192,8.0,0
2016-03-17,39.99,14.79,25.200000000000003,170.3853955375254,33,40,4.0,38.15219178082192,8.0,0
2016-03-18,39.99,14.79,25.200000000000003,170.3853955375254,34,41,4.0,38.15219178082192,8.0,0
2016-03-19,39.99,14.79,25.200000000000003,170.3853955375254,35,42,4.0,38.15219178082192,8.0,0
2016-03-20,39.99,14.79,25.200000000000003,170.3853955375254,36,43,4.0,38.15219178082192,8.0,0
2016-03-21,39.99,14.79,25.200000000000003,170.3853955375254,37,44,4.0,38.15219178082192,8.0,0
2016-03-22,39.99,14.79,25.200000000000003,170.3853955375254,38,45,4.0,38.152191780821916,8.0,0
2016-03-23,39.99,14.79,25.200000000000003,170.3853955375254,39,46,4.0,38.152191780821916,8.0,0
2016-03-24,39.99,14.79,25.200000000000003,170.3853955375254,40,47,4.0,38.15219178082192,8.0,0
2016-03-25,39.99,14.79,25.200000000000003,170.3853955375254,41,48,4.0,38.15219178082192,8.0,0
2016-03-26,39.99,14.79,25.200000000000003,170.3853955375254,42,49,4.0,38.15219178082192,8.0,0
2016-03-27,39.99,14.79,25.200000000000003,170.3853955375254,43,50,4.0,38.15219178082192,8.0,0
2016-03-28,39.99,14.79,25.200000000000003,170.3853955375254,44,51,4.0,38.15219178082192,8.0,0
2016-03-29,39.99,14.79,25.200000000000003,170.3853955375254,45,52,4.0,38.15219178082192,8.0,0
2016-03-30,39.99,14.79,25.200000000000003,170.3853955375254,46,53,4.0,38.152191780821916,8.0,0
2016-03-31,39.99,14.79,25.200000000000003,170.3853955375254,47,54,4.0,38.152191780821916,8.0,0
2016-04-01,39.99,14.79,25.200000000000003,170.3853955375254,48,55,4.0,38.15219178082192,8.0,0
2016-04-02,39.99,14.79,25.200000000000003,170.3853955375254,49,56,4.0,38.15219178082192,8.0,0
2016-04-03,39.99,14.79,25.200000000000003,170.3853955375254,50,57,4.0,38.15219178082192,8.0,0
2016-04-04,39.99,14.79,25.200000000000003,170.3853955375254,51,58,4.0,38.15219178082192,8.0,0
2016-04-05,39.99,14.79,25.200000000000003,170.3853955375254,52,59,4.0,38.15219178082192,8.0,0
2016-04-06,39.99,14.79,25.200000000000003,170.3853955375254,53,60,4.0,38.15219178082192,8.0,0
2016-04-07,39.99,14.79,25.200000000000003,170.3853955375254,54,61,4.0,38.152191780821916,8.0,0
2016-04-08,39.99,14.79,25.200000000000003,170.3853955375254,55,62,4.0,38.152191780821916,8.0,0
2016-04-09,39.99,14.79,25.200000000000003,170.3853955375254,56,63,4.0,38.15219178082192,8.0,0
2016-04-10,39.99,14.79,25.200000000000003,170.3853955375254,57,64,4.0,38.15219178082192,8.0,0
2016-04-11,39.99,14.79,25.200000000000003,170.3853955375254,58,65,4.0,38.15219178082192,8.0,0
2016-04-12,39.99,14.79,25.200000000000003,170.3853955375254,59,66,4.0,38.15219178082192,8.0,0
2016-04-13,39.99,14.79,25.200000000000003,170.3853955375254,60,67,4.0,38.15219178082192,8.0,0
2016-04-14,39.99,14.79,25.200000000000003,170.3853955375254,61,68,4.0,38.15219178082192,8.0,0
2016-04-15,39.99,14.79,25.200000000000003,170.3853955375254,62,69,4.0,38.15219178082192,8.0,0
2016-04-16,39.99,14.79,25.200000000000003,170.3853955375254,63,70,4.0,38.152191780821916,8.0,0
2016-04-17,39.99,14.79,25.200000000000003,170.3853955375254,64,71,4.0,38.152191780821916,8.0,0
2016-04-18,39.99,14.79,25.200000000000003,170.3853955375254,65,72,4.0,38.15219178082192,8.0,0
2016-04-19,39.99,14.79,25.200000000000003,170.3853955375254,66,73,4.0,38.15219178082192,8.0,0
2016-04-20,39.99,14.79,25.200000000000003,170.3853955375254,67,74,4.0,38.15219178082192,8.0,0
2016-04-21,39.99,14.79,25.200000000000003,170.3853955375254,68,75,4.0,38.15219178082192,8.0,0
2016-04-22,39.99,14.79,25.200000000000003,170.3853955375254,69,76,4.0,38.15219178082192,8.0,0
2016-04-23,39.99,14.79,25.200000000000003,170.3853955375254,70,77,4.0,38.15219178082192,8.0,0
2016-04-24,39.99,14.79,25.200000000000003,170.3853955375254,71,78,4.0,38.152191780821916,8.0,0
2016-04-25,39.99,14.79,25.200000000000003,170.3853955375254,72,79,4.0,38.152191780821916,8.0,0
2016-04-26,39.99,14.79,25.200000000000003,170.3853955375254,73,80,4.0,38.15219178082192,8.0,0
2016-04-27,39.99,14.79,25.200000000000003,170.3853955375254,74,81,4.0,38.15219178082192,8.0,0
2016-04-28,39.99,14.79,25.200000000000003,170.3853955375254,75,82,4.0,38.15219178082192,8.0,0
2016-04-29,39.99,14.79,25.200000000000003,170.3853955375254,76,83,4.0,38.15219178082192,8.0,0
2016-04-30,39.99,14.79,25.200000000000003,170.3853955375254,77,84,4.0,38.15219178082192,8.0,0
2016-05-01,39.99,14.79,25.200000000000003,170.3853955375254,78,85,4.0,38.15219178082192,8.0,0
2016-05-02,39.99,14.79,25.200000000000003,170.3853955375254,79,86,4.0,38.152191780821916,8.0,0
2016-05-03,39.99,14.79,25.200000000000003,170.3853955375254,80,87,4.0,38.152191780821916,8.0,0
2016-05-04,39.99,14.79,25.200000000000003,170.3853955375254,81,88,4.0,38.15219178082192,8.0,0
2016-05-05,39.99,14.79,25.200000000000003,170.3853955375254,82,89,4.0,38.15219178082192,8.0,0
2016-05-06,39.99,14.79,25.200000000000003,170.3853955375254,83,90,4.0,38.15219178082192,8.0,0
2016-05-07,39.99,14.79,25.200000000000003,170.3853955375254,84,91,4.0,38.15219178082192,8.0,0
2016-05-08,39.99,14.79,25.200000000000003,170.3853955375254,85,92,4.0,38.15219178082192,8.0,0
2016-05-09,39.99,14.79,25.200000000000003,170.3853955375254,86,93,4.0,38.15219178082192,8.0,0
2016-05-10,39.99,14.79,25.200000000000003,170.3853955375254,87,94,4.0,38.152191780821916,8.0,0
2016-05-11,39.99,14.79,25.200000000000003,170.3853955375254,88,95,4.0,38.152191780821916,8.0,0
2016-05-12,39.99,14.79,25.200000000000003,170.3853955375254,89,96,4.0,38.15219178082192,8.0,0
2016-05-13,39.99,14.79,25.200000000000003,170.3853955375254,90,97,4.0,38.15219178082192,8.0,0
2016-05-14,39.99,14.79,25.200000000000003,170.3853955375254,91,98,4.0,38.15219178082192,8.0,0
2016-05-15,39.99,14.79,25.200000000000003,170.3853955375254,92,99,4.0,38.15219178082192,8.0,0
2016-05-16,39.99,14.79,25.200000000000003,170.3853955375254,93,100,4.0,38.15219178082192,8.0,0
2016-05-17,39.99,14.79,25.200000000000003,170.3853955375254,94,101,4.0,38.15219178082192,8.0,0
2016-05-18,39.99,14.79,25.200000000000003,170.3853955375254,95,102,4.0,38.15219178082192,8.0,0
2016-05-19,39.99,14.79,25.200000000000003,170.3853955375254,96,103,4.0,38.152191780821916,8.0,0
2016-05-20,39.99,14.79,25.200000000000003,170.3853955375254,97,104,4.0,38.152191780821916,8.0,0
2016-05-21,39.99,14.79,25.200000000000003,170.3853955375254,98,105,4.0,38.15219178082192,8.0,0
2016-05-22,39.99,14.79,25.200000000000003,170.3853955375254,99,106,4.0,38.15219178082192,8.0,0
2016-05-23,39.99,14.79,25.200000000000003,170.3853955375254,100,107,4.0,38.15219178082192,8.0,0
2016-05-24,39.99,14.79,25.200000000000003,170.3853955375254,101,108,4.0,38.15219178082192,8.0,0
2016-05-25,39.99,14.79,25.200000000000003,170.3853955375254,102,109,4.0,38.15219178082192,8.0,0
2016-05-26,39.99,14.79,25.200000000000003,170.3853955375254,103,110,4.0,38.15219178082192,8.0,0
2016-05-27,39.99,14.79,25.200000000000003,170.3853955375254,104,111,4.0,38.152191780821916,8.0,0
2016-05-28,39.99,14.79,25.200000000000003,170.3853955375254,105,112,4.0,38.152191780821916,8.0,0
2016-05-29,39.99,14.79,25.200000000000003,170.3853955375254,106,113,4.0,38.15219178082192,8.0,0
2016-05-30,39.99,14.79,25.200000000000003,170.3853955375254,107,114,4.0,38.15219178082192,8.0,0
2016-05-31,39.99,14.79,25.200000000000003,170.3853955375254,108,115,4.0,38.15219178082192,8.0,0
2016-06-01,39.99,14.79,25.200000000000003,170.3853955375254,109,116,4.0,38.15219178082192,8.0,0
2016-06-02,39.99,14.79,25.200000000000003,170.3853955375254,110,117,4.0,38.15219178082192,8.0,0
2016-06-03,39.99,14.79,25.200000000000003,170.3853955375254,111,118,4.0,38.15219178082192,8.0,0
2016-06-04,39.99,14.79,25.200000000000003,170.3853955375254,112,119,4.0,38.152191780821916,8.0,0
2016-06-05,39.99,14.79,25.200000000000003,170.3853955375254,113,120,4.0,38.152191780821916,8.0,0
2016-06-06,39.99,14.79,25.200000000000003,170.3853955375254,114,121,4.0,38.15219178082192,8.0,0
2016-06-07,39.99,14.79,25.200000000000003,170.3853955375254,115,122,4.0,38.15219178082192,8.0,0
2016-06-08,39.99,14.79,25.200000000000003,170.3853955375254,116,123,4.0,38.15219178082192,8.0,0
2016-06-09,39.99,14.79,25.200000000000003,170.3853955375254,117,124,4.0,38.15219178082192,8.0,0
2016-06-10,39.99,14.79,25.200000000000003,170.3853955375254,118,125,4.0,38.15219178082192,8.0,0
2016-06-11,39.99,14.79,25.200000000000003,170.3853955375254,119,126,4.0,38.15219178082192,8.0,0
2016-06-12,39.99,14.79,25.200000000000003,170.3853955375254,120,127,4.0,38.152191780821916,8.0,0
2016-06-13,39.99,14.79,25.200000000000003,170.3853955375254,121,128,4.0,38.152191780821916,8.0,0
2016-06-14,39.99,14.79,25.200000000000003,170.3853955375254,122,129,4.0,38.15219178082192,8.0,0
2016-06-15,39.99,14.79,25.200000000000003,170.3853955375254,123,130,4.0,38.15219178082192,8.0,0
2016-06-16,39.99,14.79,25.200000000000003,170.3853955375254,124,131,4.0,38.15219178082192,8.0,0
2016-06-17,39.99,14.79,25.200000000000003,170.3853955375254,125,132,4.0,38.15219178082192,8.0,0
2016-06-18,39.99,14.79,25.200000000000003,170.3853955375254,126,133,4.0,38.15219178082192,8.0,0
2016-06-19,39.99,14.79,25.200000000000003,170.3853955375254,127,134,4.0,38.15219178082192,8.0,0
2016-06-20,39.99,14.79,25.200000000000003,170.3853955375254,128,135,4.0,38.15219178082192,8.0,0
2016-06-21,39.99,14.79,25.200000000000003,170.3853955375254,129,136,4.0,38.152191780821916,8.0,0
2016-06-22,39.99,14.79,25.200000000000003,170.3853955375254,130,137,4.0,38.152191780821916,8.0,0
2016-06-23,39.99,14.79,25.200000000000003,170.3853955375254,131,138,4.0,38.15219178082192,8.0,0
2016-06-24,39.99,14.79,25.200000000000003,170.3853955375254,132,139,4.0,38.15219178082192,8.0,0
2016-06-25,39.99,14.79,25.200000000000003,170.3853955375254,133,140,4.0,38.15219178082192,8.0,0
2016-06-26,39.99,14.79,25.200000000000003,170.3853955375254,134,141,4.0,38.15219178082192,8.0,0
2016-06-27,39.99,14.79,25.200000000000003,170.3853955375254,135,142,4.0,38.15219178082192,8.0,0
2016-06-28,39.99,14.79,25.200000000000003,170.3853955375254,136,143,4.0,38.15219178082192,8.0,0
2016-06-29,39.99,14.79,25.200000000000003,170.3853955375254,137,144,4.0,38.152191780821916,8.0,0
2016-06-30,39.99,14.79,25.200000000000003,170.3853955375254,138,145,4.0,38.152191780821916,8.0,0
2016-07-01,39.99,14.79,25.200000000000003,170.3853955375254,139,146,4.0,38.15219178082192,8.0,0
2016-07-02,39.99,14.79,25.200000000000003,170.3853955375254,140,147,4.0,38.15219178082192,8.0,0
2016-07-03,39.99,14.79,25.200000000000003,170.3853955375254,141,148,4.0,38.15219178082192,8.0,0
2016-07-04,39.99,14.79,25.200000000000003,170.3853955375254,142,149,4.0,38.15219178082192,8.0,0
2016-07-05,39.99,14.79,25.200000000000003,170.3853955375254,143,150,4.0,38.15219178082192,8.0,0
2016-07-06,39.99,14.79,25.200000000000003,170.3853955375254,144,151,4.0,38.15219178082192,8.0,0
2016-07-07,39.99,14.79,25.200000000000003,170.3853955375254,145,152,4.0,38.152191780821916,8.0,0
2016-07-08,39.99,14.79,25.200000000000003,170.3853955375254,146,153,4.0,38.152191780821916,8.0,0
2016-07-09,39.99,14.79,25.200000000000003,170.3853955375254,147,154,4.0,38.15219178082192,8.0,0
2016-07-10,39.99,14.79,25.200000000000003,170.3853955375254,148,155,4.0,38.15219178082192,8.0,0
2016-07-11,39.99,14.79,25.200000000000003,170.3853955375254,149,156,4.0,38.15219178082192,8.0,0
2016-07-12,39.99,14.79,25.200000000000003,170.3853955375254,150,157,4.0,38.15219178082192,8.0,0
2016-07-13,39.99,14.79,25.200000000000003,170.3853955375254,151,158,4.0,38.15219178082192,8.0,0
2016-07-14,39.99,14.79,25.200000000000003,170.3853955375254,152,159,4.0,38.15219178082192,8.0,0
2016-07-15,39.99,14.79,25.200000000000003,170.3853955375254,153,160,4.0,38.152191780821916,8.0,0
2016-07-16,39.99,14.79,25.200000000000003,170.3853955375254,154,161,4.0,38.152191780821916,8.0,0
2016-07-17,39.99,14.79,25.200000000000003,170.3853955375254,155,162,4.0,38.15219178082192,8.0,0
2016-07-18,39.99,14.79,25.200000000000003,170.3853955375254,156,163,4.0,38.15219178082192,8.0,0
2016-07-19,39.99,14.79,25.200000000000003,170.3853955375254,157,164,4.0,38.15219178082192,8.0,0
2016-07-20,39.99,14.79,25.200000000000003,170.3853955375254,158,165,4.0,38.15219178082192,8.0,0
2016-07-21,39.99,14.79,25.200000000000003,170.3853955375254,159,166,4.0,38.15219178082192,8.0,0
2016-07-22,39.99,14.79,25.200000000000003,170.3853955375254,160,167,4.0,38.15219178082192,8.0,0
2016-07-23,39.99,14.79,25.200000000000003,170.3853955375254,161,168,4.0,38.15219178082192,8.0,0
2016-07-24,39.99,14.79,25.200000000000003,170.3853955375254,162,169,4.0,38.152191780821916,8.0,0
2016-07-25,39.99,14.79,25.200000000000003,170.3853955375254,163,170,4.0,38.152191780821916,8.0,0
2016-07-26,39.99,14.79,25.200000000000003,170.3853955375254,164,171,4.0,38.15219178082192,8.0,0
2016-07-27,39.99,14.79,25.200000000000003,170.3853955375254,165,172,4.0,38.15219178082192,8.0,0
2016-07-28,39.99,14.79,25.200000000000003,170.3853955375254,166,173,4.0,38.15219178082192,8.0,0
2016-07-29,39.99,14.79,25.200000000000003,170.3853955375254,167,174,4.0,38.15219178082192,8.0,0
2016-07-30,39.99,14.79,25.200000000000003,170.3853955375254,168,175,4.0,38.15219178082192,8.0,0
2016-07-31,39.99,14.79,25.200000000000003,170.3853955375254,169,176,4.0,38.15219178082192,8.0,0
2016-08-01,39.99,14.79,25.200000000000003,170.3853955375254,170,177,4.0,38.152191780821916,8.0,0
2016-08-02,39.99,14.79,25.200000000000003,170.3853955375254,171,178,4.0,38.152191780821916,8.0,0
2016-08-03,39.99,14.79,25.200000000000003,170.3853955375254,172,179,4.0,38.15219178082192,8.0,0
2016-08-04,39.99,14.79,25.200000000000003,170.3853955375254,173,180,4.0,38.15219178082192,8.0,0
2016-08-05,39.99,14.79,25.200000000000003,170.3853955375254,174,181,4.0,38.15219178082192,8.0,0
2016-08-06,39.99,14.79,25.200000000000003,170.3853955375254,175,182,4.0,38.15219178082192,8.0,0
2016-08-07,39.99,14.79,25.200000000000003,170.3853955375254,176,183,4.0,38.15219178082192,8.0,0
2016-08-08,39.99,14.79,25.200000000000003,170.3853955375254,177,184,4.0,38.15219178082192,8.0,0
2016-08-09,39.99,14.79,25.200000000000003,170.3853955375254,178,185,4.0,38.152191780821916,8.0,0
2016-08-10,39.99,14.79,25.200000000000003,170.3853955375254,179,186,4.0,38.152191780821916,8.0,0
2016-08-11,39.99,14.79,25.200000000000003,170.3853955375254,180,187,4.0,38.15219178082192,8.0,0
2016-08-12,39.99,14.79,25.200000000000003,170.3853955375254,181,188,4.0,38.15219178082192,8.0,0
2016-08-13,39.99,14.79,25.200000000000003,170.3853955375254,182,189,4.0,38.15219178082192,8.0,0
2016-08-14,39.99,14.79,25.200000000000003,170.3853955375254,183,190,4.0,38.15219178082192,8.0,0
2016-08-15,39.99,14.79,25.200000000000003,170.3853955375254,184,191,4.0,38.15219178082192,8.0,0
2016-08-16,39.99,14.79,25.200000000000003,170.3853955375254,185,192,4.0,38.15219178082192,8.0,0
2016-08-17,39.99,14.79,25.200000000000003,170.3853955375254,186,193,4.0,38.152191780821916,8.0,0
2016-08-18,39.99,14.79,25.200000000000003,170.3853955375254,187,194,4.0,38.152191780821916,8.0,0
2016-08-19,39.99,14.79,25.200000000000003,170.3853955375254,188,195,4.0,38.152191780821916,8.0,0
2016-08-20,39.99,14.79,25.200000000000003,170.3853955375254,189,196,4.0,38.15219178082192,8.0,0
2016-08-21,39.99,14.79,25.200000000000003,170.3853955375254,190,197,4.0,38.15219178082192,8.0,0
2016-08-22,39.99,14.79,25.200000000000003,170.3853955375254,191,198,4.0,38.15219178082192,8.0,0
2016-08-23,39.99,14.79,25.200000000000003,170.3853955375254,192,199,4.0,38.15219178082192,8.0,0
2016-08-24,39.99,14.79,25.200000000000003,170.3853955375254,193,200,4.0,38.15219178082192,8.0,0
2016-08-25,39.99,14.79,25.200000000000003,170.3853955375254,194,201,4.0,38.15219178082192,8.0,0
2016-08-26,39.99,14.79,25.200000000000003,170.3853955375254,195,202,4.0,38.152191780821916,8.0,0
2016-08-27,39.99,14.79,25.200000000000003,170.3853955375254,196,203,4.0,38.152191780821916,8.0,0
2016-08-28,39.99,14.79,25.200000000000003,170.3853955375254,197,204,4.0,38.15219178082192,8.0,0
2016-08-29,39.99,14.79,25.200000000000003,170.3853955375254,198,205,4.0,38.15219178082192,8.0,0
2016-08-30,39.99,14.79,25.200000000000003,170.3853955375254,199,206,4.0,38.15219178082192,8.0,0
2016-08-31,39.99,14.79,25.200000000000003,170.3853955375254,200,207,4.0,38.15219178082192,8.0,0
2016-09-01,39.99,14.79,25.200000000000003,170.3853955375254,201,208,4.0,38.15219178082192,8.0,0
2016-09-02,39.99,14.79,25.200000000000003,170.3853955375254,202,209,4.0,38.15219178082192,8.0,0
2016-09-03,39.99,14.79,25.200000000000003,170.3853955375254,203,210,4.0,38.152191780821916,8.0,0
2016-09-04,39.99,14.79,25.200000000000003,170.3853955375254,204,211,4.0,38.152191780821916,8.0,0
2016-09-05,39.99,14.79,25.200000000000003,170.3853955375254,205,212,4.0,38.15219178082192,8.0,0
2016-09-06,39.99,14.79,25.200000000000003,170.3853955375254,206,213,4.0,38.15219178082192,8.0,0
2016-09-07,39.99,14.79,25.200000000000003,170.3853955375254,207,214,4.0,38.15219178082192,8.0,0
2016-09-08,39.99,14.79,25.200000000000003,170.3853955375254,208,215,4.0,38.15219178082192,8.0,0
2016-09-09,39.99,14.79,25.200000000000003,170.3853955375254,209,216,4.0,38.15219178082192,8.0,0
2016-09-10,39.99,14.79,25.200000000000003,170.3853955375254,210,217,4.0,38.15219178082192,8.0,0
2016-09-11,39.99,14.79,25.200000000000003,170.3853955375254,211,218,3.0,38.20698630136986,7.0,0
2016-09-12,39.99,14.79,25.200000000000003,170.3853955375254,212,219,3.0,38.2617808219178,7.0,0
2016-09-13,39.99,14.79,25.200000000000003,170.3853955375254,213,220,3.0,38.316575342465754,7.0,0
2016-09-14,39.99,14.79,25.200000000000003,170.3853955375254,214,221,3.0,38.371369863013705,7.0,0
2016-09-15,39.99,14.79,25.200000000000003,170.3853955375254,215,222,3.0,38.371369863013705,6.0,0
2016-09-16,39.99,14.79,25.200000000000003,170.3853955375254,216,223,3.0,38.371369863013705,6.0,0
2016-09-17,39.99,14.79,25.200000000000003,170.3853955375254,217,224,3.0,38.371369863013705,6.0,0
2016-09-18,39.99,14.79,25.200000000000003,170.3853955375254,218,225,3.0,38.371369863013705,6.0,0
2016-09-19,39.99,14.79,25.200000000000003,170.3853955375254,219,226,3.0,38.371369863013705,6.0,0
2016-09-20,39.99,14.79,25.200000000000003,170.3853955375254,220,227,3.0,38.3713698630137,6.0,0
2016-09-21,39.99,14.79,25.200000000000003,170.3853955375254,221,228,3.0,38.3713698630137,6.0,0
2016-09-22,39.99,14.79,25.200000000000003,170.3853955375254,222,229,3.0,38.371369863013705,6.0,0
2016-09-23,39.99,14.79,25.200000000000003,170.3853955375254,223,230,3.0,38.371369863013705,6.0,0
2016-09-24,39.99,14.79,25.200000000000003,170.3853955375254,224,231,3.0,38.371369863013705,6.0,0
2016-09-25,39.99,14.79,25.200000000000003,170.3853955375254,225,232,3.0,38.371369863013705,6.0,0
2016-09-26,39.99,14.79,25.200000000000003,170.3853955375254,226,233,3.0,38.371369863013705,6.0,0
2016-09-27,39.99,14.79,25.200000000000003,170.3853955375254,227,234,3.0,38.371369863013705,6.0,0
2016-09-28,39.99,14.79,25.200000000000003,170.3853955375254,228,235,3.0,38.3713698630137,6.0,0
2016-09-29,39.99,14.79,25.200000000000003,170.3853955375254,229,236,3.0,38.3713698630137,6.0,0
2016-09-30,39.99,14.79,25.200000000000003,170.3853955375254,230,237,3.0,38.371369863013705,6.0,0
2016-10-01,39.99,14.79,25.200000000000003,170.3853955375254,231,238,3.0,38.371369863013705,6.0,0
2016-10-02,39.99,14.79,25.200000000000003,170.3853955375254,232,239,3.0,38.371369863013705,6.0,0
2016-10-03,39.99,14.79,25.200000000000003,170.3853955375254,233,240,3.0,38.371369863013705,6.0,0
2016-10-04,39.99,14.79,25.200000000000003,170.3853955375254,234,241,3.0,38.371369863013705,6.0,0
2016-10-05,39.99,14.79,25.200000000000003,170.3853955375254,235,242,3.0,38.371369863013705,6.0,0
2016-10-06,39.99,14.79,25.200000000000003,170.3853955375254,236,243,3.0,38.3713698630137,6.0,0
2016-10-07,39.99,14.79,25.200000000000003,170.3853955375254,237,244,3.0,38.3713698630137,6.0,0
2016-10-08,39.99,14.79,25.200000000000003,170.3853955375254,238,245,3.0,38.371369863013705,6.0,0
2016-10-09,39.99,14.79,25.200000000000003,170.3853955375254,239,246,3.0,38.371369863013705,6.0,0
2016-10-10,39.99,14.79,25.200000000000003,170.3853955375254,240,247,3.0,38.371369863013705,6.0,0
2016-10-11,39.99,14.79,25.200000000000003,170.3853955375254,241,248,3.0,38.371369863013705,6.0,0
2016-10-12,39.99,14.79,25.200000000000003,170.3853955375254,242,249,3.0,38.371369863013705,6.0,0
2016-10-13,39.99,14.79,25.200000000000003,170.3853955375254,243,250,3.0,38.371369863013705,6.0,0
2016-10-14,39.99,14.79,25.200000000000003,170.3853955375254,244,251,3.0,38.3713698630137,6.0,0
2016-10-15,39.99,14.79,25.200000000000003,170.3853955375254,245,252,3.0,38.3713698630137,6.0,0
2016-10-16,39.99,14.79,25.200000000000003,170.3853955375254,246,253,3.0,38.371369863013705,6.0,0
2016-10-17,39.99,14.79,25.200000000000003,170.3853955375254,247,254,3.0,38.371369863013705,6.0,0
2016-10-18,39.99,14.79,25.200000000000003,170.3853955375254,248,255,3.0,38.371369863013705,6.0,0
2016-10-19,39.99,14.79,25.200000000000003,170.3853955375254,249,256,3.0,38.371369863013705,6.0,0
2016-10-20,39.99,14.79,25.200000000000003,170.3853955375254,250,257,3.0,38.371369863013705,6.0,0
2016-10-21,39.99,14.79,25.200000000000003,170.3853955375254,251,258,3.0,38.371369863013705,6.0,0
2016-10-22,39.99,14.79,25.200000000000003,170.3853955375254,252,259,3.0,38.371369863013705,6.0,0
2016-10-23,39.99,14.79,25.200000000000003,170.3853955375254,253,260,3.0,38.3713698630137,6.0,0
2016-10-24,39.99,14.79,25.200000000000003,170.3853955375254,254,261,3.0,38.3713698630137,6.0,0
2016-10-25,39.99,14.79,25.200000000000003,170.3853955375254,255,262,3.0,38.371369863013705,6.0,1
2016-10-26,39.99,14.79,25.200000000000003,170.3853955375254,256,263,3.0,38.371369863013705,6.0,1
2016-10-27,39.99,14.79,25.200000000000003,170.3853955375254,257,264,3.0,38.371369863013705,6.0,1
2016-10-28,39.99,14.79,25.200000000000003,170.3853955375254,258,265,3.0,38.371369863013705,6.0,1
2016-10-29,39.99,14.79,25.200000000000003,170.3853955375254,259,266,3.0,38.371369863013705,6.0,1
2016-10-30,39.99,14.79,25.200000000000003,170.3853955375254,260,267,3.0,38.371369863013705,6.0,1
2016-10-31,39.99,14.79,25.200000000000003,170.3853955375254,261,268,3.0,38.3713698630137,6.0,1
2016-11-01,39.99,14.79,25.200000000000003,170.3853955375254,262,269,3.0,38.3713698630137,6.0,1
2016-11-02,39.99,14.79,25.200000000000003,170.3853955375254,263,270,3.0,38.371369863013705,6.0,1
2016-11-03,39.99,14.79,25.200000000000003,170.3853955375254,264,271,3.0,38.371369863013705,6.0,1
2016-11-04,39.99,14.79,25.200000000000003,170.3853955375254,265,272,3.0,38.371369863013705,6.0,1
2016-11-05,39.99,14.79,25.200000000000003,170.3853955375254,266,273,3.0,38.371369863013705,6.0,1
2016-11-06,39.99,14.79,25.200000000000003,170.3853955375254,267,274,3.0,38.371369863013705,6.0,1
2016-11-07,39.99,14.79,25.200000000000003,170.3853955375254,268,275,3.0,38.371369863013705,6.0,1
2016-11-08,39.99,14.79,25.200000000000003,170.3853955375254,269,276,3.0,38.3713698630137,6.0,1
2016-11-09,39.99,14.79,25.200000000000003,170.3853955375254,270,277,3.0,38.3713698630137,6.0,1
2016-11-10,39.99,14.79,25.200000000000003,170.3853955375254,271,278,3.0,38.371369863013705,6.0,1
2016-11-11,39.99,14.79,25.200000000000003,170.3853955375254,272,279,3.0,38.371369863013705,6.0,1
2016-11-12,39.99,14.79,25.200000000000003,170.3853955375254,273,280,3.0,38.371369863013705,6.0,1
2016-11-13,39.99,14.79,25.200000000000003,170.3853955375254,274,281,3.0,38.371369863013705,6.0,1
2016-11-14,39.99,14.79,25.200000000000003,170.3853955375254,275,282,3.0,38.371369863013705,6.0,1
2016-11-15,39.99,14.79,25.200000000000003,170.3853955375254,276,283,3.0,38.371369863013705,6.0,1
2016-11-16,39.99,14.79,25.200000000000003,170.3853955375254,277,284,3.0,38.3713698630137,6.0,1
2016-11-17,39.99,14.79,25.200000000000003,170.3853955375254,278,285,3.0,38.3713698630137,6.0,1
2016-11-18,39.99,14.79,25.200000000000003,170.3853955375254,279,286,3.0,38.371369863013705,6.0,1
2016-11-19,39.99,14.79,25.200000000000003,170.3853955375254,280,287,3.0,38.371369863013705,6.0,1
2016-11-20,39.99,14.79,25.200000000000003,170.3853955375254,281,288,3.0,38.371369863013705,6.0,1
2016-11-21,39.99,14.79,25.200000000000003,170.3853955375254,282,289,3.0,38.371369863013705,6.0,1
2016-11-22,39.99,14.79,25.200000000000003,170.3853955375254,283,290,3.0,38.371369863013705,6.0,1
2016-11-23,39.99,14.79,25.200000000000003,170.3853955375254,284,291,3.0,38.371369863013705,6.0,1
2016-11-24,9.99,9.99,0.0,0.0,0,0,3.0,38.371369863013705,6.0,0
2016-11-25,9.99,9.99,0.0,0.0,1,1,4.0,38.28917808219178,7.0,0
2016-11-26,9.99,9.99,0.0,0.0,2,2,3.0,38.2617808219178,6.0,0
2016-11-27,9.99,9.99,0.0,0.0,3,3,3.0,38.23438356164384,6.0,0
2016-11-28,9.99,9.99,0.0,0.0,4,4,3.0,38.20698630136987,6.0,0
2016-11-29,9.99,9.99,0.0,0.0,5,5,3.0,38.179589041095895,6.0,0
2016-11-30,9.99,9.99,0.0,0.0,6,6,3.0,38.15219178082192,6.0,0
2016-12-01,39.99,9.99,30.0,300.3003003003003,0,7,3.0,38.12479452054795,6.0,1
2016-12-02,39.99,9.99,30.0,300.3003003003003,1,8,3.0,38.12479452054795,6.0,1
2016-12-03,39.99,9.99,30.0,300.3003003003003,2,9,3.0,38.124794520547944,6.0,1
2016-12-04,39.99,9.99,30.0,300.3003003003003,3,10,3.0,38.124794520547944,6.0,1
2016-12-05,39.99,9.99,30.0,300.3003003003003,4,11,3.0,38.12479452054795,6.0,1
2016-12-06,39.99,9.99,30.0,300.3003003003003,5,12,3.0,38.12479452054795,6.0,1
2016-12-07,39.99,9.99,30.0,300.3003003003003,6,13,3.0,38.12479452054795,6.0,1
2016-12-08,39.99,9.99,30.0,300.3003003003003,7,14,3.0,38.12479452054795,6.0,1
2016-12-09,39.99,9.99,30.0,300.3003003003003,8,15,3.0,38.12479452054795,6.0,1
2016-12-10,39.99,9.99,30.0,300.3003003003003,9,16,3.0,38.12479452054795,6.0,1
2016-12-11,39.99,9.99,30.0,300.3003003003003,10,17,3.0,38.124794520547944,6.0,1
2016-12-12,39.99,9.99,30.0,300.3003003003003,11,18,3.0,38.124794520547944,6.0,1
2016-12-13,39.99,9.99,30.0,300.3003003003003,12,19,3.0,38.12479452054795,6.0,1
2016-12-14,39.99,9.99,30.0,300.3003003003003,13,20,3.0,38.12479452054795,6.0,1
2016-12-15,39.99,9.99,30.0,300.3003003003003,14,21,3.0,38.12479452054795,6.0,1
2016-12-16,39.99,9.99,30.0,300.3003003003003,15,22,3.0,38.12479452054795,6.0,1
2016-12-17,39.99,9.99,30.0,300.3003003003003,16,23,3.0,38.12479452054795,6.0,1
2016-12-18,39.99,9.99,30.0,300.3003003003003,17,24,3.0,38.12479452054795,6.0,1
2016-12-19,39.99,9.99,30.0,300.3003003003003,18,25,3.0,38.124794520547944,6.0,1
2016-12-20,39.99,9.99,30.0,300.3003003003003,19,26,3.0,38.124794520547944,6.0,1
2016-12-21,39.99,9.99,30.0,300.3003003003003,20,27,3.0,38.12479452054795,6.0,1
2016-12-22,39.99,9.99,30.0,300.3003003003003,21,28,3.0,38.12479452054795,6.0,1
2016-12-23,11.99,9.99,2.0,20.02002002002002,0,0,2.0,38.1927397260274,5.0,0
2016-12-24,11.99,9.99,2.0,20.02002002002002,1,1,3.0,38.18397260273973,6.0,0
2016-12-25,11.99,9.99,2.0,20.02002002002002,2,2,3.0,38.17520547945206,6.0,0
2016-12-26,11.99,9.99,2.0,20.02002002002002,3,3,3.0,38.166438356164385,6.0,0
2016-12-27,11.99,9.99,2.0,20.02002002002002,4,4,3.0,38.157671232876716,6.0,0
2016-12-28,11.99,9.99,2.0,20.02002002002002,5,5,3.0,38.14890410958904,6.0,0
2016-12-29,11.99,9.99,2.0,20.02002002002002,6,6,3.0,38.14013698630137,6.0,0
2016-12-30,11.99,9.99,2.0,20.02002002002002,7,7,3.0,38.1313698630137,6.0,0
2016-12-31,11.99,9.99,2.0,20.02002002002002,8,8,3.0,38.122602739726034,6.0,0
2017-01-01,11.99,9.99,2.0,20.02002002002002,9,9,3.0,38.11383561643836,6.0,0
2017-01-02,11.99,9.99,2.0,20.02002002002002,10,10,3.0,38.10506849315069,6.0,0
2017-01-03,39.99,9.99,30.0,300.3003003003003,0,11,3.0,38.09630136986301,6.0,0
2017-01-04,39.99,9.99,30.0,300.3003003003003,1,12,3.0,38.16424657534247,7.0,0
2017-01-05,39.99,9.99,30.0,300.3003003003003,2,13,3.0,38.16424657534247,6.0,0
2017-01-06,39.99,9.99,30.0,300.3003003003003,3,14,3.0,38.16424657534247,6.0,0
2017-01-07,39.99,9.99,30.0,300.3003003003003,4,15,3.0,38.16424657534247,6.0,0
2017-01-08,39.99,9.99,30.0,300.3003003003003,5,16,3.0,38.16424657534247,6.0,0
2017-01-09,39.99,9.99,30.0,300.3003003003003,6,17,3.0,38.16424657534247,6.0,0
2017-01-10,39.99,9.99,30.0,300.3003003003003,7,18,3.0,38.16424657534247,6.0,0
2017-01-11,39.99,9.99,30.0,300.3003003003003,8,19,3.0,38.16424657534247,6.0,0
2017-01-12,39.99,9.99,30.0,300.3003003003003,9,20,3.0,38.16424657534247,6.0,0
2017-01-13,39.99,9.99,30.0,300.3003003003003,10,21,3.0,38.16424657534247,6.0,0
2017-01-14,39.99,9.99,30.0,300.3003003003003,11,22,3.0,38.16424657534247,6.0,0
2017-01-15,39.99,9.99,30.0,300.3003003003003,12,23,3.0,38.16424657534247,6.0,0
2017-01-16,39.99,9.99,30.0,300.3003003003003,13,24,3.0,38.16424657534247,6.0,0
2017-01-17,39.99,9.99,30.0,300.3003003003003,14,25,3.0,38.16424657534247,6.0,0
2017-01-18,39.99,9.99,30.0,300.3003003003003,15,26,3.0,38.16424657534247,6.0,0
2017-01-19,39.99,9.99,30.0,300.3003003003003,16,27,3.0,38.16424657534247,6.0,0
2017-01-20,39.99,9.99,30.0,300.3003003003003,17,28,3.0,38.16424657534247,6.0,0
2017-01-21,39.99,9.99,30.0,300.3003003003003,18,29,3.0,38.16424657534247,6.0,0
2017-01-22,39.99,9.99,30.0,300.3003003003003,19,30,3.0,38.16424657534247,6.0,0
2017-01-23,39.99,9.99,30.0,300.3003003003003,20,31,3.0,38.16424657534246,6.0,0
2017-01-24,39.99,9.99,30.0,300.3003003003003,21,32,3.0,38.16424657534247,6.0,0
2017-01-25,39.99,9.99,30.0,300.3003003003003,22,33,3.0,38.16424657534247,6.0,0
2017-01-26,39.99,9.99,30.0,300.3003003003003,23,34,3.0,38.16424657534247,6.0,0
2017-01-27,39.99,9.99,30.0,300.3003003003003,24,35,3.0,38.16424657534247,6.0,0
2017-01-28,39.99,9.99,30.0,300.3003003003003,25,36,3.0,38.16424657534247,6.0,0
2017-01-29,39.99,9.99,30.0,300.3003003003003,26,37,3.0,38.16424657534247,6.0,0
2017-01-30,39.99,9.99,30.0,300.3003003003003,27,38,3.0,38.16424657534247,6.0,0
2017-01-31,39.99,9.99,30.0,300.3003003003003,28,39,3.0,38.16424657534247,6.0,0
2017-02-01,39.99,9.99,30.0,300.3003003003003,29,40,3.0,38.16424657534247,6.0,0
2017-02-02,39.99,9.99,30.0,300.3003003003003,30,41,3.0,38.16424657534247,6.0,0
2017-02-03,39.99,9.99,30.0,300.3003003003003,31,42,3.0,38.16424657534247,6.0,0
2017-02-04,39.99,9.99,30.0,300.3003003003003,32,43,3.0,38.16424657534247,6.0,0
2017-02-05,39.99,9.99,30.0,300.3003003003003,33,44,3.0,38.16424657534247,6.0,0
2017-02-06,39.99,9.99,30.0,300.3003003003003,34,45,2.0,38.22232876712329,5.0,0
2017-02-07,39.99,9.99,30.0,300.3003003003003,35,46,2.0,38.28041095890411,5.0,0
2017-02-08,39.99,9.99,30.0,300.3003003003003,36,47,2.0,38.33849315068493,5.0,0
2017-02-09,39.99,9.99,30.0,300.3003003003003,37,48,2.0,38.39657534246576,5.0,0
2017-02-10,39.99,9.99,30.0,300.3003003003003,38,49,2.0,38.45465753424658,5.0,0
2017-02-11,39.99,9.99,30.0,300.3003003003003,39,50,2.0,38.5127397260274,5.0,0
2017-02-12,39.99,9.99,30.0,300.3003003003003,40,51,2.0,38.57082191780822,5.0,0
2017-02-13,39.99,9.99,30.0,300.3003003003003,41,52,2.0,38.57082191780822,4.0,0
2017-02-14,39.99,9.99,30.0,300.3003003003003,42,53,2.0,38.57082191780822,4.0,0
2017-02-15,39.99,9.99,30.0,300.3003003003003,43,54,2.0,38.57082191780822,4.0,0
2017-02-16,39.99,9.99,30.0,300.3003003003003,44,55,2.0,38.57082191780822,4.0,0
2017-02-17,39.99,9.99,30.0,300.3003003003003,45,56,2.0,38.570821917808225,4.0,0
2017-02-18,39.99,9.99,30.0,300.3003003003003,46,57,2.0,38.570821917808225,4.0,0
2017-02-19,39.99,9.99,30.0,300.3003003003003,47,58,2.0,38.57082191780822,4.0,0
2017-02-20,39.99,9.99,30.0,300.3003003003003,48,59,2.0,38.57082191780822,4.0,0
2017-02-21,39.99,9.99,30.0,300.3003003003003,49,60,2.0,38.57082191780822,4.0,0
2017-02-22,39.99,9.99,30.0,300.3003003003003,50,61,2.0,38.57082191780822,4.0,0
2017-02-23,39.99,9.99,30.0,300.3003003003003,51,62,2.0,38.57082191780822,4.0,0
2017-02-24,39.99,9.99,30.0,300.3003003003003,52,63,2.0,38.57082191780822,4.0,0
2017-02-25,39.99,9.99,30.0,300.3003003003003,53,64,2.0,38.57082191780822,4.0,0
2017-02-26,39.99,9.99,30.0,300.3003003003003,54,65,2.0,38.570821917808225,4.0,0
2017-02-27,39.99,9.99,30.0,300.3003003003003,55,66,2.0,38.57082191780822,4.0,0
2017-02-28,39.99,9.99,30.0,300.3003003003003,56,67,2.0,38.57082191780822,4.0,0
2017-03-01,39.99,9.99,30.0,300.3003003003003,57,68,2.0,38.57082191780822,4.0,0
2017-03-02,39.99,9.99,30.0,300.3003003003003,58,69,2.0,38.57082191780822,4.0,0
2017-03-03,39.99,9.99,30.0,300.3003003003003,59,70,2.0,38.57082191780822,4.0,0
2017-03-04,39.99,9.99,30.0,300.3003003003003,60,71,2.0,38.57082191780822,4.0,0
2017-03-05,39.99,9.99,30.0,300.3003003003003,61,72,2.0,38.57082191780822,4.0,0
2017-03-06,39.99,9.99,30.0,300.3003003003003,62,73,2.0,38.570821917808225,4.0,0
2017-03-07,39.99,9.99,30.0,300.3003003003003,63,74,2.0,38.57082191780822,4.0,0
2017-03-08,39.99,9.99,30.0,300.3003003003003,64,75,2.0,38.57082191780822,4.0,0
2017-03-09,39.99,9.99,30.0,300.3003003003003,65,76,2.0,38.57082191780822,4.0,0
2017-03-10,39.99,9.99,30.0,300.3003003003003,66,77,2.0,38.57082191780822,4.0,0
2017-03-11,39.99,9.99,30.0,300.3003003003003,67,78,2.0,38.57082191780822,4.0,0
2017-03-12,39.99,9.99,30.0,300.3003003003003,68,79,2.0,38.57082191780822,4.0,0
2017-03-13,39.99,9.99,30.0,300.3003003003003,69,80,2.0,38.57082191780822,4.0,0
2017-03-14,39.99,9.99,30.0,300.3003003003003,70,81,2.0,38.570821917808225,4.0,0
2017-03-15,39.99,9.99,30.0,300.3003003003003,71,82,2.0,38.570821917808225,4.0,0
2017-03-16,39.99,9.99,30.0,300.3003003003003,72,83,2.0,38.57082191780822,4.0,0
2017-03-17,39.99,9.99,30.0,300.3003003003003,73,84,2.0,38.57082191780822,4.0,0
2017-03-18,39.99,9.99,30.0,300.3003003003003,74,85,2.0,38.57082191780822,4.0,0
2017-03-19,39.99,9.99,30.0,300.3003003003003,75,86,2.0,38.57082191780822,4.0,0
2017-03-20,39.99,9.99,30.0,300.3003003003003,76,87,2.0,38.57082191780822,4.0,0
2017-03-21,39.99,9.99,30.0,300.3003003003003,77,88,2.0,38.57082191780822,4.0,0
2017-03-22,39.99,9.99,30.0,300.3003003003003,78,89,2.0,38.570821917808225,4.0,0
2017-03-23,39.99,9.99,30.0,300.3003003003003,79,90,2.0,38.570821917808225,4.0,0
2017-03-24,39.99,9.99,30.0,300.3003003003003,80,91,2.0,38.57082191780822,4.0,0
2017-03-25,39.99,9.99,30.0,300.3003003003003,81,92,2.0,38.57082191780822,4.0,0
2017-03-26,39.99,9.99,30.0,300.3003003003003,82,93,2.0,38.57082191780822,4.0,0
2017-03-27,39.99,9.99,30.0,300.3003003003003,83,94,2.0,38.57082191780822,4.0,0
2017-03-28,39.99,9.99,30.0,300.3003003003003,84,95,2.0,38.57082191780822,4.0,0
2017-03-29,39.99,9.99,30.0,300.3003003003003,85,96,2.0,38.57082191780822,4.0,0
2017-03-30,39.99,9.99,30.0,300.3003003003003,86,97,2.0,38.57082191780822,4.0,0
2017-03-31,39.99,9.99,30.0,300.3003003003003,87,98,2.0,38.570821917808225,4.0,0
2017-04-01,39.99,9.99,30.0,300.3003003003003,88,99,2.0,38.57082191780822,4.0,0
2017-04-02,39.99,9.99,30.0,300.3003003003003,89,100,2.0,38.57082191780822,4.0,0
2017-04-03,39.99,9.99,30.0,300.3003003003003,90,101,2.0,38.57082191780822,4.0,0
2017-04-04,39.99,9.99,30.0,300.3003003003003,91,102,2.0,38.57082191780822,4.0,0
2017-04-05,39.99,9.99,30.0,300.3003003003003,92,103,2.0,38.57082191780822,4.0,0
2017-04-06,39.99,9.99,30.0,300.3003003003003,93,104,2.0,38.57082191780822,4.0,0
2017-04-07,39.99,9.99,30.0,300.3003003003003,94,105,2.0,38.57082191780822,4.0,0
2017-04-08,39.99,9.99,30.0,300.3003003003003,95,106,2.0,38.570821917808225,4.0,0
2017-04-09,39.99,9.99,30.0,300.3003003003003,96,107,2.0,38.57082191780822,4.0,0
2017-04-10,39.99,9.99,30.0,300.3003003003003,97,108,2.0,38.57082191780822,4.0,0
2017-04-11,39.99,9.99,30.0,300.3003003003003,98,109,2.0,38.57082191780822,4.0,0
2017-04-12,39.99,9.99,30.0,300.3003003003003,99,110,2.0,38.57082191780822,4.0,0
2017-04-13,39.99,9.99,30.0,300.3003003003003,100,111,2.0,38.57082191780822,4.0,0
2017-04-14,39.99,9.99,30.0,300.3003003003003,101,112,2.0,38.57082191780822,4.0,0
2017-04-15,39.99,9.99,30.0,300.3003003003003,102,113,2.0,38.57082191780822,4.0,0
2017-04-16,39.99,9.99,30.0,300.3003003003003,103,114,2.0,38.570821917808225,4.0,0
2017-04-17,39.99,9.99,30.0,300.3003003003003,104,115,2.0,38.570821917808225,4.0,0
2017-04-18,39.99,9.99,30.0,300.3003003003003,105,116,2.0,38.57082191780822,4.0,0
2017-04-19,39.99,9.99,30.0,300.3003003003003,106,117,2.0,38.57082191780822,4.0,0
2017-04-20,39.99,9.99,30.0,300.3003003003003,107,118,2.0,38.57082191780822,4.0,0
2017-04-21,39.99,9.99,30.0,300.3003003003003,108,119,2.0,38.57082191780822,4.0,0
2017-04-22,39.99,9.99,30.0,300.3003003003003,109,120,2.0,38.57082191780822,4.0,0
2017-04-23,39.99,9.99,30.0,300.3003003003003,110,121,2.0,38.57082191780822,4.0,0
2017-04-24,39.99,9.99,30.0,300.3003003003003,111,122,2.0,38.570821917808225,4.0,0
2017-04-25,39.99,9.99,30.0,300.3003003003003,112,123,2.0,38.570821917808225,4.0,0
2017-04-26,39.99,9.99,30.0,300.3003003003003,113,124,2.0,38.57082191780822,4.0,0
2017-04-27,39.99,9.99,30.0,300.3003003003003,114,125,2.0,38.57082191780822,4.0,0
2017-04-28,39.99,9.99,30.0,300.3003003003003,115,126,2.0,38.57082191780822,4.0,0
2017-04-29,39.99,9.99,30.0,300.3003003003003,116,127,2.0,38.57082191780822,4.0,0
2017-04-30,39.99,9.99,30.0,300.3003003003003,117,128,2.0,38.57082191780822,4.0,0
2017-05-01,39.99,9.99,30.0,300.3003003003003,118,129,2.0,38.57082191780822,4.0,0
2017-05-02,39.99,9.99,30.0,300.3003003003003,119,130,2.0,38.57082191780822,4.0,0
2017-05-03,39.99,9.99,30.0,300.3003003003003,120,131,2.0,38.570821917808225,4.0,0
2017-05-04,39.99,9.99,30.0,300.3003003003003,121,132,2.0,38.57082191780822,4.0,0
2017-05-05,39.99,9.99,30.0,300.3003003003003,122,133,2.0,38.57082191780822,4.0,0
2017-05-06,39.99,9.99,30.0,300.3003003003003,123,134,2.0,38.57082191780822,4.0,0
2017-05-07,39.99,9.99,30.0,300.3003003003003,124,135,2.0,38.57082191780822,4.0,0
2017-05-08,39.99,9.99,30.0,300.3003003003003,125,136,2.0,38.57082191780822,4.0,0
2017-05-09,39.99,9.99,30.0,300.3003003003003,126,137,2.0,38.57082191780822,4.0,0
2017-05-10,39.99,9.99,30.0,300.3003003003003,127,138,2.0,38.57082191780822,4.0,0
2017-05-11,39.99,9.99,30.0,300.3003003003003,128,139,2.0,38.570821917808225,4.0,0
2017-05-12,39.99,9.99,30.0,300.3003003003003,129,140,2.0,38.57082191780822,4.0,0
2017-05-13,39.99,9.99,30.0,300.3003003003003,130,141,2.0,38.57082191780822,4.0,0
2017-05-14,39.99,9.99,30.0,300.3003003003003,131,142,2.0,38.57082191780822,4.0,0
2017-05-15,39.99,9.99,30.0,300.3003003003003,132,143,2.0,38.57082191780822,4.0,0
2017-05-16,39.99,9.99,30.0,300.3003003003003,133,144,2.0,38.57082191780822,4.0,0
2017-05-17,39.99,9.99,30.0,300.3003003003003,134,145,2.0,38.57082191780822,4.0,0
2017-05-18,39.99,9.99,30.0,300.3003003003003,135,146,2.0,38.57082191780822,4.0,0
2017-05-19,39.99,9.99,30.0,300.3003003003003,136,147,2.0,38.570821917808225,4.0,0
2017-05-20,39.99,9.99,30.0,300.3003003003003,137,148,2.0,38.570821917808225,4.0,0
2017-05-21,39.99,9.99,30.0,300.3003003003003,138,149,2.0,38.57082191780822,4.0,0
2017-05-22,39.99,9.99,30.0,300.3003003003003,139,150,2.0,38.57082191780822,4.0,0
2017-05-23,39.99,9.99,30.0,300.3003003003003,140,151,2.0,38.57082191780822,4.0,0
2017-05-24,39.99,9.99,30.0,300.3003003003003,141,152,2.0,38.57082191780822,4.0,1
2017-05-25,39.99,9.99,30.0,300.3003003003003,142,153,2.0,38.57082191780822,4.0,1
2017-05-26,39.99,9.99,30.0,300.3003003003003,143,154,2.0,38.57082191780822,4.0,1
2017-05-27,39.99,9.99,30.0,300.3003003003003,144,155,2.0,38.570821917808225,4.0,1
2017-05-28,39.99,9.99,30.0,300.3003003003003,145,156,2.0,38.570821917808225,4.0,1
2017-05-29,39.99,9.99,30.0,300.3003003003003,146,157,2.0,38.57082191780822,4.0,1
2017-05-30,39.99,9.99,30.0,300.3003003003003,147,158,2.0,38.57082191780822,4.0,1
2017-05-31,39.99,9.99,30.0,300.3003003003003,148,159,2.0,38.57082191780822,4.0,1
2017-06-01,39.99,9.99,30.0,300.3003003003003,149,160,2.0,38.57082191780822,4.0,1
2017-06-02,39.99,9.99,30.0,300.3003003003003,150,161,2.0,38.57082191780822,4.0,1
2017-06-03,39.99,9.99,30.0,300.3003003003003,151,162,2.0,38.57082191780822,4.0,1
2017-06-04,39.99,9.99,30.0,300.3003003003003,152,163,2.0,38.57082191780822,4.0,1
2017-06-05,39.99,9.99,30.0,300.3003003003003,153,164,2.0,38.570821917808225,4.0,1
2017-06-06,39.99,9.99,30.0,300.3003003003003,154,165,2.0,38.57082191780822,4.0,1
2017-06-07,39.99,9.99,30.0,300.3003003003003,155,166,2.0,38.57082191780822,4.0,1
2017-06-08,39.99,9.99,30.0,300.3003003003003,156,167,2.0,38.57082191780822,4.0,1
2017-06-09,39.99,9.99,30.0,300.3003003003003,157,168,2.0,38.57082191780822,4.0,1
2017-06-10,39.99,9.99,30.0,300.3003003003003,158,169,2.0,38.57082191780822,4.0,1
2017-06-11,39.99,9.99,30.0,300.3003003003003,159,170,2.0,38.57082191780822,4.0,1
2017-06-12,39.99,9.99,30.0,300.3003003003003,160,171,2.0,38.57082191780822,4.0,1
2017-06-13,39.99,9.99,30.0,300.3003003003003,161,172,2.0,38.570821917808225,4.0,1
2017-06-14,39.99,9.99,30.0,300.3003003003003,162,173,2.0,38.57082191780822,4.0,1
2017-06-15,39.99,9.99,30.0,300.3003003003003,163,174,2.0,38.57082191780822,4.0,1
2017-06-16,39.99,9.99,30.0,300.3003003003003,164,175,2.0,38.57082191780822,4.0,1
2017-06-17,39.99,9.99,30.0,300.3003003003003,165,176,2.0,38.57082191780822,4.0,1
2017-06-18,39.99,9.99,30.0,300.3003003003003,166,177,2.0,38.57082191780822,4.0,1
2017-06-19,39.99,9.99,30.0,300.3003003003003,167,178,2.0,38.57082191780822,4.0,1
2017-06-20,39.99,9.99,30.0,300.3003003003003,168,179,2.0,38.57082191780822,4.0,1
2017-06-21,39.99,9.99,30.0,300.3003003003003,169,180,2.0,38.570821917808225,4.0,1
2017-06-22,39.99,9.99,30.0,300.3003003003003,170,181,2.0,38.570821917808225,4.0,1
2017-06-23,11.99,9.99,2.0,20.02002002002002,0,0,2.0,38.57082191780822,4.0,0
2017-06-24,11.99,9.99,2.0,20.02002002002002,1,1,3.0,38.494109589041095,5.0,0
2017-06-25,11.99,9.99,2.0,20.02002002002002,2,2,3.0,38.41739726027397,5.0,0
2017-06-26,11.99,9.99,2.0,20.02002002002002,3,3,3.0,38.34068493150685,5.0,0
2017-06-27,11.99,9.99,2.0,20.02002002002002,4,4,3.0,38.26397260273973,5.0,0
2017-06-28,11.99,9.99,2.0,20.02002002002002,5,5,3.0,38.187260273972605,5.0,0
2017-06-29,11.99,9.99,2.0,20.02002002002002,6,6,3.0,38.11054794520548,5.0,0
2017-06-30,11.99,9.99,2.0,20.02002002002002,7,7,3.0,38.03383561643836,5.0,0
2017-07-01,11.99,9.99,2.0,20.02002002002002,8,8,3.0,37.95712328767124,5.0,0
2017-07-02,11.99,9.99,2.0,20.02002002002002,9,9,3.0,37.88041095890411,5.0,0
2017-07-03,11.99,9.99,2.0,20.02002002002002,10,10,3.0,37.803698630136985,5.0,0
2017-07-04,11.99,9.99,2.0,20.02002002002002,11,11,3.0,37.72698630136986,5.0,0
2017-07-05,11.99,9.99,2.0,20.02002002002002,12,12,3.0,37.65027397260274,5.0,0
2017-07-06,39.99,9.99,30.0,300.3003003003003,0,13,3.0,37.57356164383562,5.0,0
2017-07-07,39.99,9.99,30.0,300.3003003003003,1,14,3.0,37.57356164383562,6.0,0
2017-07-08,39.99,9.99,30.0,300.3003003003003,2,15,3.0,37.573561643835625,6.0,0
2017-07-09,39.99,9.99,30.0,300.3003003003003,3,16,3.0,37.57356164383562,6.0,0
2017-07-10,39.99,9.99,30.0,300.3003003003003,4,17,3.0,37.57356164383562,6.0,0
2017-07-11,39.99,9.99,30.0,300.3003003003003,5,18,3.0,37.57356164383562,6.0,0
2017-07-12,39.99,9.99,30.0,300.3003003003003,6,19,3.0,37.57356164383562,6.0,0
2017-07-13,39.99,9.99,30.0,300.3003003003003,7,20,3.0,37.57356164383562,6.0,0
2017-07-14,39.99,9.99,30.0,300.3003003003003,8,21,3.0,37.57356164383562,6.0,0
2017-07-15,39.99,9.99,30.0,300.3003003003003,9,22,3.0,37.57356164383562,6.0,0
2017-07-16,39.99,9.99,30.0,300.3003003003003,10,23,3.0,37.573561643835625,6.0,0
2017-07-17,39.99,9.99,30.0,300.3003003003003,11,24,3.0,37.57356164383562,6.0,0
2017-07-18,39.99,9.99,30.0,300.3003003003003,12,25,3.0,37.57356164383562,6.0,0
2017-07-19,39.99,9.99,30.0,300.3003003003003,13,26,3.0,37.57356164383562,6.0,0
2017-07-20,39.99,9.99,30.0,300.3003003003003,14,27,3.0,37.57356164383562,6.0,0
2017-07-21,39.99,9.99,30.0,300.3003003003003,15,28,3.0,37.57356164383562,6.0,0
2017-07-22,39.99,9.99,30.0,300.3003003003003,16,29,3.0,37.57356164383562,6.0,0
2017-07-23,39.99,9.99,30.0,300.3003003003003,17,30,3.0,37.57356164383562,6.0,0
2017-07-24,39.99,9.99,30.0,300.3003003003003,18,31,3.0,37.573561643835625,6.0,0
2017-07-25,39.99,9.99,30.0,300.3003003003003,19,32,3.0,37.573561643835625,6.0,0
2017-07-26,39.99,9.99,30.0,300.3003003003003,20,33,3.0,37.57356164383562,6.0,0
2017-07-27,39.99,9.99,30.0,300.3003003003003,21,34,3.0,37.57356164383562,6.0,0
2017-07-28,39.99,9.99,30.0,300.3003003003003,22,35,3.0,37.57356164383562,6.0,0
2017-07-29,39.99,9.99,30.0,300.3003003003003,23,36,3.0,37.57356164383562,6.0,0
2017-07-30,39.99,9.99,30.0,300.3003003003003,24,37,3.0,37.57356164383562,6.0,0
2017-07-31,39.99,9.99,30.0,300.3003003003003,25,38,3.0,37.57356164383562,6.0,0
2017-08-01,39.99,9.99,30.0,300.3003003003003,26,39,3.0,37.57356164383562,6.0,0
2017-08-02,39.99,9.99,30.0,300.3003003003003,27,40,3.0,37.573561643835625,6.0,0
2017-08-03,39.99,9.99,30.0,300.3003003003003,28,41,3.0,37.57356164383562,6.0,0
2017-08-04,39.99,9.99,30.0,300.3003003003003,29,42,3.0,37.57356164383562,6.0,0
2017-08-05,39.99,9.99,30.0,300.3003003003003,30,43,3.0,37.57356164383562,6.0,0
2017-08-06,39.99,9.99,30.0,300.3003003003003,31,44,3.0,37.57356164383562,6.0,0
2017-08-07,39.99,9.99,30.0,300.3003003003003,32,45,3.0,37.57356164383562,6.0,0
2017-08-08,39.99,9.99,30.0,300.3003003003003,33,46,3.0,37.57356164383562,6.0,0
2017-08-09,39.99,9.99,30.0,300.3003003003003,34,47,3.0,37.57356164383562,6.0,0
2017-08-10,39.99,9.99,30.0,300.3003003003003,35,48,3.0,37.573561643835625,6.0,0
2017-08-11,39.99,9.99,30.0,300.3003003003003,36,49,3.0,37.57356164383562,6.0,0
2017-08-12,39.99,9.99,30.0,300.3003003003003,37,50,3.0,37.57356164383562,6.0,0
2017-08-13,39.99,9.99,30.0,300.3003003003003,38,51,3.0,37.57356164383562,6.0,0
2017-08-14,39.99,9.99,30.0,300.3003003003003,39,52,3.0,37.57356164383562,6.0,0
2017-08-15,39.99,9.99,30.0,300.3003003003003,40,53,3.0,37.57356164383562,6.0,0
2017-08-16,39.99,9.99,30.0,300.3003003003003,41,54,3.0,37.57356164383562,6.0,1
2017-08-17,39.99,9.99,30.0,300.3003003003003,42,55,3.0,37.57356164383562,6.0,1
2017-08-18,39.99,9.99,30.0,300.3003003003003,43,56,3.0,37.573561643835625,6.0,1
2017-08-19,39.99,9.99,30.0,300.3003003003003,44,57,3.0,37.57356164383562,6.0,1
2017-08-20,39.99,9.99,30.0,300.3003003003003,45,58,3.0,37.57356164383562,6.0,1
2017-08-21,39.99,9.99,30.0,300.3003003003003,46,59,3.0,37.57356164383562,6.0,1
2017-08-22,39.99,9.99,30.0,300.3003003003003,47,60,3.0,37.57356164383562,6.0,1
2017-08-23,39.99,9.99,30.0,300.3003003003003,48,61,3.0,37.57356164383562,6.0,1
2017-08-24,39.99,9.99,30.0,300.3003003003003,49,62,3.0,37.57356164383562,6.0,1
2017-08-25,39.99,9.99,30.0,300.3003003003003,50,63,3.0,37.57356164383562,6.0,1
2017-08-26,39.99,9.99,30.0,300.3003003003003,51,64,3.0,37.573561643835625,6.0,1
2017-08-27,39.99,9.99,30.0,300.3003003003003,52,65,3.0,37.573561643835625,6.0,1
2017-08-28,39.99,9.99,30.0,300.3003003003003,53,66,3.0,37.57356164383562,6.0,1
2017-08-29,39.99,9.99,30.0,300.3003003003003,54,67,3.0,37.57356164383562,6.0,1
2017-08-30,39.99,9.99,30.0,300.3003003003003,55,68,3.0,37.57356164383562,6.0,1
2017-08-31,39.99,9.99,30.0,300.3003003003003,56,69,3.0,37.57356164383562,6.0,1
2017-09-01,39.99,9.99,30.0,300.3003003003003,57,70,3.0,37.57356164383562,6.0,1
2017-09-02,39.99,9.99,30.0,300.3003003003003,58,71,3.0,37.57356164383562,6.0,1
2017-09-03,39.99,9.99,30.0,300.3003003003003,59,72,3.0,37.57356164383562,6.0,1
2017-09-04,39.99,9.99,30.0,300.3003003003003,60,73,3.0,37.573561643835625,6.0,1
2017-09-05,39.99,9.99,30.0,300.3003003003003,61,74,3.0,37.57356164383562,6.0,1
2017-09-06,39.99,9.99,30.0,300.3003003003003,62,75,3.0,37.57356164383562,6.0,1
2017-09-07,39.99,9.99,30.0,300.3003003003003,63,76,3.0,37.57356164383562,6.0,1
2017-09-08,39.99,9.99,30.0,300.3003003003003,64,77,3.0,37.57356164383562,6.0,1
2017-09-09,39.99,9.99,30.0,300.3003003003003,65,78,3.0,37.57356164383562,6.0,1
2017-09-10,39.99,9.99,30.0,300.3003003003003,66,79,3.0,37.57356164383562,6.0,1
2017-09-11,39.99,9.99,30.0,300.3003003003003,67,80,3.0,37.57356164383562,6.0,1
2017-09-12,39.99,9.99,30.0,300.3003003003003,68,81,3.0,37.573561643835625,6.0,1
2017-09-13,39.99,9.99,30.0,300.3003003003003,69,82,3.0,37.57356164383562,6.0,1
2017-09-14,39.99,9.99,30.0,300.3003003003003,70,83,3.0,37.57356164383562,6.0,1
2017-09-15,9.99,9.99,0.0,0.0,0,0,3.0,37.57356164383562,6.0,0
2017-09-16,9.99,9.99,0.0,0.0,1,1,4.0,37.4913698630137,7.0,0
2017-09-17,9.99,9.99,0.0,0.0,2,2,4.0,37.40917808219178,7.0,0
2017-09-18,9.99,9.99,0.0,0.0,3,3,4.0,37.326986301369864,7.0,0
2017-09-19,39.99,9.99,30.0,300.3003003003003,0,4,4.0,37.24479452054795,7.0,0
2017-09-20,39.99,9.99,30.0,300.3003003003003,1,5,4.0,37.24479452054795,8.0,0
2017-09-21,39.99,9.99,30.0,300.3003003003003,2,6,4.0,37.24479452054795,8.0,0
2017-09-22,39.99,9.99,30.0,300.3003003003003,3,7,4.0,37.24479452054795,8.0,0
2017-09-23,39.99,9.99,30.0,300.3003003003003,4,8,4.0,37.24479452054795,8.0,0
2017-09-24,39.99,9.99,30.0,300.3003003003003,5,9,4.0,37.24479452054795,8.0,0
2017-09-25,39.99,9.99,30.0,300.3003003003003,6,10,4.0,37.24479452054795,8.0,0
2017-09-26,39.99,9.99,30.0,300.3003003003003,7,11,4.0,37.24479452054795,8.0,0
2017-09-27,39.99,9.99,30.0,300.3003003003003,8,12,4.0,37.24479452054795,8.0,0
2017-09-28,39.99,9.99,30.0,300.3003003003003,9,13,4.0,37.24479452054795,8.0,0
2017-09-29,39.99,9.99,30.0,300.3003003003003,10,14,4.0,37.24479452054795,8.0,0
2017-09-30,39.99,9.99,30.0,300.3003003003003,11,15,4.0,37.24479452054795,8.0,0
2017-10-01,39.99,9.99,30.0,300.3003003003003,12,16,4.0,37.24479452054795,8.0,0
2017-10-02,39.99,9.99,30.0,300.3003003003003,13,17,4.0,37.24479452054795,8.0,0
2017-10-03,39.99,9.99,30.0,300.3003003003003,14,18,4.0,37.24479452054795,8.0,0
2017-10-04,39.99,9.99,30.0,300.3003003003003,15,19,4.0,37.24479452054795,8.0,0
2017-10-05,39.99,9.99,30.0,300.3003003003003,16,20,4.0,37.24479452054795,8.0,0
2017-10-06,39.99,9.99,30.0,300.3003003003003,17,21,4.0,37.24479452054795,8.0,0
2017-10-07,39.99,9.99,30.0,300.3003003003003,18,22,4.0,37.24479452054795,8.0,0
2017-10-08,39.99,9.99,30.0,300.3003003003003,19,23,4.0,37.24479452054795,8.0,0
2017-10-09,39.99,9.99,30.0,300.3003003003003,20,24,4.0,37.24479452054795,8.0,0
2017-10-10,39.99,9.99,30.0,300.3003003003003,21,25,4.0,37.24479452054795,8.0,0
2017-10-11,39.99,9.99,30.0,300.3003003003003,22,26,4.0,37.24479452054795,8.0,0
2017-10-12,39.99,9.99,30.0,300.3003003003003,23,27,4.0,37.24479452054795,8.0,0
2017-10-13,39.99,9.99,30.0,300.3003003003003,24,28,4.0,37.24479452054795,8.0,0
2017-10-14,39.99,9.99,30.0,300.3003003003003,25,29,4.0,37.24479452054795,8.0,0
2017-10-15,39.99,9.99,30.0,300.3003003003003,26,30,4.0,37.24479452054795,8.0,0
2017-10-16,39.99,9.99,30.0,300.3003003003003,27,31,4.0,37.24479452054795,8.0,0
2017-10-17,39.99,9.99,30.0,300.3003003003003,28,32,4.0,37.24479452054795,8.0,0
2017-10-18,39.99,9.99,30.0,300.3003003003003,29,33,4.0,37.24479452054795,8.0,0
2017-10-19,39.99,9.99,30.0,300.3003003003003,30,34,4.0,37.24479452054795,8.0,0
2017-10-20,39.99,9.99,30.0,300.3003003003003,31,35,4.0,37.24479452054795,8.0,0
2017-10-21,39.99,9.99,30.0,300.3003003003003,32,36,4.0,37.24479452054795,8.0,0
2017-10-22,39.99,9.99,30.0,300.3003003003003,33,37,4.0,37.24479452054795,8.0,0
2017-10-23,39.99,9.99,30.0,300.3003003003003,34,38,4.0,37.24479452054795,8.0,0
2017-10-24,39.99,9.99,30.0,300.3003003003003,35,39,4.0,37.24479452054795,8.0,1
2017-10-25,39.99,9.99,30.0,300.3003003003003,36,40,4.0,37.24479452054795,8.0,1
2017-10-26,39.99,9.99,30.0,300.3003003003003,37,41,4.0,37.24479452054795,8.0,1
2017-10-27,39.99,9.99,30.0,300.3003003003003,38,42,4.0,37.24479452054795,8.0,1
2017-10-28,39.99,9.99,30.0,300.3003003003003,39,43,4.0,37.24479452054795,8.0,1
2017-10-29,39.99,9.99,30.0,300.3003003003003,40,44,4.0,37.24479452054795,8.0,1
2017-10-30,39.99,9.99,30.0,300.3003003003003,41,45,4.0,37.24479452054795,8.0,1
2017-10-31,39.99,9.99,30.0,300.3003003003003,42,46,4.0,37.24479452054795,8.0,1
2017-11-01,39.99,9.99,30.0,300.3003003003003,43,47,4.0,37.24479452054795,8.0,1
2017-11-02,39.99,9.99,30.0,300.3003003003003,44,48,4.0,37.24479452054795,8.0,1
2017-11-03,39.99,9.99,30.0,300.3003003003003,45,49,4.0,37.24479452054795,8.0,1
2017-11-04,39.99,9.99,30.0,300.3003003003003,46,50,4.0,37.24479452054795,8.0,1
2017-11-05,39.99,9.99,30.0,300.3003003003003,47,51,4.0,37.24479452054795,8.0,1
2017-11-06,39.99,9.99,30.0,300.3003003003003,48,52,4.0,37.24479452054795,8.0,1
2017-11-07,39.99,9.99,30.0,300.3003003003003,49,53,4.0,37.24479452054795,8.0,1
2017-11-08,39.99,9.99,30.0,300.3003003003003,50,54,4.0,37.24479452054795,8.0,1
2017-11-09,39.99,9.99,30.0,300.3003003003003,51,55,4.0,37.24479452054795,8.0,1
2017-11-10,39.99,9.99,30.0,300.3003003003003,52,56,4.0,37.24479452054795,8.0,1
2017-11-11,39.99,9.99,30.0,300.3003003003003,53,57,4.0,37.24479452054795,8.0,1
2017-11-12,39.99,9.99,30.0,300.3003003003003,54,58,4.0,37.24479452054795,8.0,1
2017-11-13,39.99,9.99,30.0,300.3003003003003,55,59,4.0,37.24479452054795,8.0,1
2017-11-14,39.99,9.99,30.0,300.3003003003003,56,60,4.0,37.24479452054795,8.0,1
2017-11-15,39.99,9.99,30.0,300.3003003003003,57,61,4.0,37.24479452054795,8.0,1
2017-11-16,39.99,9.99,30.0,300.3003003003003,58,62,4.0,37.24479452054795,8.0,1
2017-11-17,39.99,9.99,30.0,300.3003003003003,59,63,4.0,37.24479452054795,8.0,1
2017-11-18,39.99,9.99,30.0,300.3003003003003,60,64,4.0,37.24479452054795,8.0,1
2017-11-19,39.99,9.99,30.0,300.3003003003003,61,65,4.0,37.24479452054795,8.0,1
2017-11-20,39.99,9.99,30.0,300.3003003003003,62,66,4.0,37.24479452054795,8.0,1
2017-11-21,39.99,9.99,30.0,300.3003003003003,63,67,4.0,37.24479452054795,8.0,1
2017-11-22,39.99,9.99,30.0,300.3003003003003,64,68,4.0,37.24479452054795,8.0,1
2017-11-23,9.99,9.99,0.0,0.0,0,0,4.0,37.24479452054795,8.0,0
2017-11-24,9.99,9.99,0.0,0.0,1,1,5.0,37.162602739726026,9.0,0
2017-11-25,9.99,9.99,0.0,0.0,2,2,4.0,37.16260273972603,8.0,0
2017-11-26,9.99,9.99,0.0,0.0,3,3,4.0,37.16260273972603,8.0,0
2017-11-27,9.99,9.99,0.0,0.0,4,4,4.0,37.162602739726026,8.0,0
2017-11-28,9.99,9.99,0.0,0.0,5,5,4.0,37.162602739726026,8.0,0
2017-11-29,39.99,9.99,30.0,300.3003003003003,0,6,4.0,37.162602739726026,8.0,1
2017-11-30,39.99,9.99,30.0,300.3003003003003,1,7,4.0,37.24479452054795,9.0,1
2017-12-01,39.99,9.99,30.0,300.3003003003003,2,8,4.0,37.326986301369864,9.0,1
2017-12-02,39.99,9.99,30.0,300.3003003003003,3,9,4.0,37.326986301369864,8.0,1
2017-12-03,39.99,9.99,30.0,300.3003003003003,4,10,4.0,37.326986301369864,8.0,1
2017-12-04,39.99,9.99,30.0,300.3003003003003,5,11,4.0,37.32698630136987,8.0,1
2017-12-05,39.99,9.99,30.0,300.3003003003003,6,12,4.0,37.326986301369864,8.0,1
2017-12-06,39.99,9.99,30.0,300.3003003003003,7,13,4.0,37.326986301369864,8.0,1
2017-12-07,39.99,9.99,30.0,300.3003003003003,8,14,4.0,37.326986301369864,8.0,1
2017-12-08,39.99,9.99,30.0,300.3003003003003,9,15,4.0,37.326986301369864,8.0,1
2017-12-09,39.99,9.99,30.0,300.3003003003003,10,16,4.0,37.326986301369864,8.0,1
2017-12-10,39.99,9.99,30.0,300.3003003003003,11,17,4.0,37.326986301369864,8.0,1
2017-12-11,39.99,9.99,30.0,300.3003003003003,12,18,4.0,37.326986301369864,8.0,1
2017-12-12,39.99,9.99,30.0,300.3003003003003,13,19,4.0,37.32698630136987,8.0,1
2017-12-13,39.99,9.99,30.0,300.3003003003003,14,20,4.0,37.326986301369864,8.0,1
2017-12-14,39.99,9.99,30.0,300.3003003003003,15,21,4.0,37.326986301369864,8.0,1
2017-12-15,39.99,9.99,30.0,300.3003003003003,16,22,4.0,37.326986301369864,8.0,1
2017-12-16,39.99,9.99,30.0,300.3003003003003,17,23,4.0,37.326986301369864,8.0,1
2017-12-17,39.99,9.99,30.0,300.3003003003003,18,24,4.0,37.326986301369864,8.0,1
2017-12-18,39.99,9.99,30.0,300.3003003003003,19,25,4.0,37.326986301369864,8.0,1
2017-12-19,39.99,9.99,30.0,300.3003003003003,20,26,4.0,37.326986301369864,8.0,1
2017-12-20,39.99,9.99,30.0,300.3003003003003,21,27,4.0,37.32698630136987,8.0,1
2017-12-21,39.99,9.99,30.0,300.3003003003003,22,28,4.0,37.326986301369864,8.0,1
2017-12-22,9.99,9.99,0.0,0.0,0,0,4.0,37.326986301369864,8.0,0
2017-12-23,9.99,9.99,0.0,0.0,1,1,5.0,37.24479452054795,9.0,0
2017-12-24,9.99,9.99,0.0,0.0,2,2,4.0,37.23931506849315,8.0,0
2017-12-25,9.99,9.99,0.0,0.0,3,3,4.0,37.233835616438355,8.0,0
2017-12-26,9.99,9.99,0.0,0.0,4,4,4.0,37.22835616438356,8.0,0
2017-12-27,9.99,9.99,0.0,0.0,5,5,4.0,37.22287671232877,8.0,0
2017-12-28,9.99,9.99,0.0,0.0,6,6,4.0,37.21739726027398,8.0,0
2017-12-29,9.99,9.99,0.0,0.0,7,7,4.0,37.211917808219184,8.0,0
2017-12-30,9.99,9.99,0.0,0.0,8,8,4.0,37.206438356164384,8.0,0
2017-12-31,9.99,9.99,0.0,0.0,9,9,4.0,37.20095890410959,8.0,0
2018-01-01,9.99,9.99,0.0,0.0,10,10,4.0,37.1954794520548,8.0,0
2018-01-02,9.99,9.99,0.0,0.0,11,11,4.0,37.19,8.0,0
2018-01-03,9.99,9.99,0.0,0.0,12,12,4.0,37.184520547945205,8.0,0
2018-01-04,9.99,9.99,0.0,0.0,13,13,4.0,37.10232876712329,7.0,0
2018-01-05,39.99,9.99,30.0,300.3003003003003,0,14,4.0,37.020136986301374,7.0,0
2018-01-06,39.99,9.99,30.0,300.3003003003003,1,15,4.0,37.020136986301374,8.0,0
2018-01-07,39.99,9.99,30.0,300.3003003003003,2,16,4.0,37.020136986301374,8.0,0
2018-01-08,39.99,9.99,30.0,300.3003003003003,3,17,4.0,37.020136986301374,8.0,0
2018-01-09,39.99,9.99,30.0,300.3003003003003,4,18,4.0,37.020136986301374,8.0,0
2018-01-10,39.99,9.99,30.0,300.3003003003003,5,19,4.0,37.020136986301374,8.0,0
2018-01-11,39.99,9.99,30.0,300.3003003003003,6,20,4.0,37.020136986301374,8.0,0
2018-01-12,39.99,9.99,30.0,300.3003003003003,7,21,4.0,37.020136986301374,8.0,0
2018-01-13,39.99,9.99,30.0,300.3003003003003,8,22,4.0,37.020136986301374,8.0,0
2018-01-14,39.99,9.99,30.0,300.3003003003003,9,23,4.0,37.020136986301374,8.0,0
2018-01-15,39.99,9.99,30.0,300.3003003003003,10,24,4.0,37.020136986301374,8.0,0
2018-01-16,39.99,9.99,30.0,300.3003003003003,11,25,4.0,37.020136986301374,8.0,0
2018-01-17,39.99,9.99,30.0,300.3003003003003,12,26,4.0,37.020136986301374,8.0,0
2018-01-18,39.99,9.99,30.0,300.3003003003003,13,27,4.0,37.020136986301374,8.0,0
2018-01-19,39.99,9.99,30.0,300.3003003003003,14,28,4.0,37.020136986301374,8.0,0
2018-01-20,39.99,9.99,30.0,300.3003003003003,15,29,4.0,37.020136986301374,8.0,0
2018-01-21,39.99,9.99,30.0,300.3003003003003,16,30,4.0,37.020136986301374,8.0,0
2018-01-22,39.99,9.99,30.0,300.3003003003003,17,31,4.0,37.020136986301374,8.0,0
2018-01-23,39.99,9.99,30.0,300.3003003003003,18,32,4.0,37.020136986301374,8.0,0
2018-01-24,39.99,9.99,30.0,300.3003003003003,19,33,4.0,37.020136986301374,8.0,0
2018-01-25,39.99,9.99,30.0,300.3003003003003,20,34,4.0,37.020136986301374,8.0,0
2018-01-26,39.99,9.99,30.0,300.3003003003003,21,35,4.0,37.020136986301374,8.0,0
2018-01-27,39.99,9.99,30.0,300.3003003003003,22,36,4.0,37.020136986301374,8.0,0
2018-01-28,39.99,9.99,30.0,300.3003003003003,23,37,4.0,37.020136986301374,8.0,0
2018-01-29,39.99,9.99,30.0,300.3003003003003,24,38,4.0,37.020136986301374,8.0,0
2018-01-30,39.99,9.99,30.0,300.3003003003003,25,39,4.0,37.020136986301374,8.0,0
2018-01-31,39.99,9.99,30.0,300.3003003003003,26,40,4.0,37.020136986301374,8.0,0
2018-02-01,39.99,9.99,30.0,300.3003003003003,27,41,4.0,37.020136986301374,8.0,0
2018-02-02,39.99,9.99,30.0,300.3003003003003,28,42,4.0,37.020136986301374,8.0,0
2018-02-03,39.99,9.99,30.0,300.3003003003003,29,43,4.0,37.020136986301374,8.0,0
2018-02-04,39.99,9.99,30.0,300.3003003003003,30,44,4.0,37.020136986301374,8.0,0
2018-02-05,39.99,9.99,30.0,300.3003003003003,31,45,4.0,37.020136986301374,8.0,0
2018-02-06,39.99,9.99,30.0,300.3003003003003,32,46,4.0,37.020136986301374,8.0,0
2018-02-07,39.99,9.99,30.0,300.3003003003003,33,47,4.0,37.020136986301374,8.0,0
2018-02-08,39.99,9.99,30.0,300.3003003003003,34,48,4.0,37.020136986301374,8.0,0
2018-02-09,39.99,9.99,30.0,300.3003003003003,35,49,4.0,37.020136986301374,8.0,0
2018-02-10,39.99,9.99,30.0,300.3003003003003,36,50,4.0,37.020136986301374,8.0,0
2018-02-11,39.99,9.99,30.0,300.3003003003003,37,51,4.0,37.020136986301374,8.0,0
2018-02-12,39.99,9.99,30.0,300.3003003003003,38,52,4.0,37.020136986301374,8.0,0
2018-02-13,39.99,9.99,30.0,300.3003003003003,39,53,4.0,37.020136986301374,8.0,0
2018-02-14,39.99,9.99,30.0,300.3003003003003,40,54,4.0,37.020136986301374,8.0,0
2018-02-15,39.99,9.99,30.0,300.3003003003003,41,55,4.0,37.020136986301374,8.0,0
2018-02-16,39.99,9.99,30.0,300.3003003003003,42,56,4.0,37.020136986301374,8.0,0
2018-02-17,39.99,9.99,30.0,300.3003003003003,43,57,4.0,37.020136986301374,8.0,0
2018-02-18,39.99,9.99,30.0,300.3003003003003,44,58,4.0,37.020136986301374,8.0,0
2018-02-19,39.99,9.99,30.0,300.3003003003003,45,59,4.0,37.020136986301374,8.0,0
2018-02-20,39.99,9.99,30.0,300.3003003003003,46,60,4.0,37.020136986301374,8.0,0
2018-02-21,39.99,9.99,30.0,300.3003003003003,47,61,4.0,37.020136986301374,8.0,0
2018-02-22,39.99,9.99,30.0,300.3003003003003,48,62,4.0,37.020136986301374,8.0,0
2018-02-23,39.99,9.99,30.0,300.3003003003003,49,63,4.0,37.020136986301374,8.0,0
2018-02-24,39.99,9.99,30.0,300.3003003003003,50,64,4.0,37.020136986301374,8.0,0
2018-02-25,39.99,9.99,30.0,300.3003003003003,51,65,4.0,37.020136986301374,8.0,0
2018-02-26,39.99,9.99,30.0,300.3003003003003,52,66,4.0,37.020136986301374,8.0,0
2018-02-27,39.99,9.99,30.0,300.3003003003003,53,67,4.0,37.020136986301374,8.0,0
2018-02-28,39.99,9.99,30.0,300.3003003003003,54,68,4.0,37.020136986301374,8.0,0
2018-03-01,39.99,9.99,30.0,300.3003003003003,55,69,4.0,37.020136986301374,8.0,0
2018-03-02,39.99,9.99,30.0,300.3003003003003,56,70,4.0,37.020136986301374,8.0,0
2018-03-03,39.99,9.99,30.0,300.3003003003003,57,71,4.0,37.020136986301374,8.0,0
2018-03-04,39.99,9.99,30.0,300.3003003003003,58,72,4.0,37.020136986301374,8.0,0
2018-03-05,39.99,9.99,30.0,300.3003003003003,59,73,4.0,37.020136986301374,8.0,0
2018-03-06,39.99,9.99,30.0,300.3003003003003,60,74,4.0,37.020136986301374,8.0,0
2018-03-07,39.99,9.99,30.0,300.3003003003003,61,75,4.0,37.020136986301374,8.0,0
2018-03-08,39.99,9.99,30.0,300.3003003003003,62,76,4.0,37.020136986301374,8.0,0
2018-03-09,39.99,9.99,30.0,300.3003003003003,63,77,4.0,37.020136986301374,8.0,0
2018-03-10,39.99,9.99,30.0,300.3003003003003,64,78,4.0,37.020136986301374,8.0,0
2018-03-11,39.99,9.99,30.0,300.3003003003003,65,79,4.0,37.020136986301374,8.0,0
2018-03-12,39.99,9.99,30.0,300.3003003003003,66,80,4.0,37.020136986301374,8.0,0
2018-03-13,39.99,9.99,30.0,300.3003003003003,67,81,4.0,37.020136986301374,8.0,0
2018-03-14,39.99,9.99,30.0,300.3003003003003,68,82,4.0,37.020136986301374,8.0,0
2018-03-15,39.99,9.99,30.0,300.3003003003003,69,83,4.0,37.020136986301374,8.0,0
2018-03-16,39.99,9.99,30.0,300.3003003003003,70,84,4.0,37.020136986301374,8.0,0
2018-03-17,39.99,9.99,30.0,300.3003003003003,71,85,4.0,37.020136986301374,8.0,0
2018-03-18,39.99,9.99,30.0,300.3003003003003,72,86,4.0,37.020136986301374,8.0,0
2018-03-19,39.99,9.99,30.0,300.3003003003003,73,87,4.0,37.020136986301374,8.0,0
2018-03-20,39.99,9.99,30.0,300.3003003003003,74,88,4.0,37.020136986301374,8.0,0
2018-03-21,39.99,9.99,30.0,300.3003003003003,75,89,4.0,37.020136986301374,8.0,0
2018-03-22,39.99,9.99,30.0,300.3003003003003,76,90,4.0,37.020136986301374,8.0,0
2018-03-23,39.99,9.99,30.0,300.3003003003003,77,91,4.0,37.020136986301374,8.0,0
2018-03-24,39.99,9.99,30.0,300.3003003003003,78,92,4.0,37.020136986301374,8.0,0
2018-03-25,39.99,9.99,30.0,300.3003003003003,79,93,4.0,37.020136986301374,8.0,0
2018-03-26,39.99,9.99,30.0,300.3003003003003,80,94,4.0,37.020136986301374,8.0,0
2018-03-27,39.99,9.99,30.0,300.3003003003003,81,95,4.0,37.020136986301374,8.0,0
2018-03-28,39.99,9.99,30.0,300.3003003003003,82,96,4.0,37.020136986301374,8.0,0
2018-03-29,39.99,9.99,30.0,300.3003003003003,83,97,4.0,37.020136986301374,8.0,0
2018-03-30,39.99,9.99,30.0,300.3003003003003,84,98,4.0,37.020136986301374,8.0,0
2018-03-31,39.99,9.99,30.0,300.3003003003003,85,99,4.0,37.020136986301374,8.0,0
2018-04-01,39.99,9.99,30.0,300.3003003003003,86,100,4.0,37.020136986301374,8.0,0
2018-04-02,39.99,9.99,30.0,300.3003003003003,87,101,4.0,37.020136986301374,8.0,0
2018-04-03,39.99,9.99,30.0,300.3003003003003,88,102,4.0,37.020136986301374,8.0,0
2018-04-04,39.99,9.99,30.0,300.3003003003003,89,103,4.0,37.020136986301374,8.0,0
2018-04-05,39.99,9.99,30.0,300.3003003003003,90,104,4.0,37.020136986301374,8.0,0
2018-04-06,39.99,9.99,30.0,300.3003003003003,91,105,4.0,37.020136986301374,8.0,0
2018-04-07,39.99,9.99,30.0,300.3003003003003,92,106,4.0,37.020136986301374,8.0,0
2018-04-08,39.99,9.99,30.0,300.3003003003003,93,107,4.0,37.020136986301374,8.0,0
2018-04-09,39.99,9.99,30.0,300.3003003003003,94,108,4.0,37.020136986301374,8.0,0
2018-04-10,39.99,9.99,30.0,300.3003003003003,95,109,4.0,37.020136986301374,8.0,0
2018-04-11,39.99,9.99,30.0,300.3003003003003,96,110,4.0,37.020136986301374,8.0,0
2018-04-12,39.99,9.99,30.0,300.3003003003003,97,111,4.0,37.020136986301374,8.0,0
2018-04-13,39.99,9.99,30.0,300.3003003003003,98,112,4.0,37.020136986301374,8.0,0
2018-04-14,39.99,9.99,30.0,300.3003003003003,99,113,4.0,37.020136986301374,8.0,0
2018-04-15,39.99,9.99,30.0,300.3003003003003,100,114,4.0,37.020136986301374,8.0,0
2018-04-16,39.99,9.99,30.0,300.3003003003003,101,115,4.0,37.020136986301374,8.0,0
2018-04-17,39.99,9.99,30.0,300.3003003003003,102,116,4.0,37.020136986301374,8.0,0
2018-04-18,39.99,9.99,30.0,300.3003003003003,103,117,4.0,37.020136986301374,8.0,0
2018-04-19,39.99,9.99,30.0,300.3003003003003,104,118,4.0,37.020136986301374,8.0,0
2018-04-20,39.99,9.99,30.0,300.3003003003003,105,119,4.0,37.020136986301374,8.0,0
2018-04-21,39.99,9.99,30.0,300.3003003003003,106,120,4.0,37.020136986301374,8.0,0
2018-04-22,39.99,9.99,30.0,300.3003003003003,107,121,4.0,37.020136986301374,8.0,0
2018-04-23,39.99,9.99,30.0,300.3003003003003,108,122,4.0,37.020136986301374,8.0,0
2018-04-24,39.99,9.99,30.0,300.3003003003003,109,123,4.0,37.020136986301374,8.0,0
2018-04-25,39.99,9.99,30.0,300.3003003003003,110,124,4.0,37.020136986301374,8.0,0
2018-04-26,39.99,9.99,30.0,300.3003003003003,111,125,4.0,37.020136986301374,8.0,0
2018-04-27,39.99,9.99,30.0,300.3003003003003,112,126,4.0,37.020136986301374,8.0,0
2018-04-28,39.99,9.99,30.0,300.3003003003003,113,127,4.0,37.020136986301374,8.0,0
2018-04-29,39.99,9.99,30.0,300.3003003003003,114,128,4.0,37.020136986301374,8.0,0
2018-04-30,39.99,9.99,30.0,300.3003003003003,115,129,4.0,37.020136986301374,8.0,0
2018-05-01,39.99,9.99,30.0,300.3003003003003,116,130,4.0,37.020136986301374,8.0,0
2018-05-02,39.99,9.99,30.0,300.3003003003003,117,131,4.0,37.020136986301374,8.0,0
2018-05-03,39.99,9.99,30.0,300.3003003003003,118,132,4.0,37.020136986301374,8.0,0
2018-05-04,39.99,9.99,30.0,300.3003003003003,119,133,4.0,37.020136986301374,8.0,0
2018-05-05,39.99,9.99,30.0,300.3003003003003,120,134,4.0,37.020136986301374,8.0,0
2018-05-06,39.99,9.99,30.0,300.3003003003003,121,135,4.0,37.020136986301374,8.0,0
2018-05-07,39.99,9.99,30.0,300.3003003003003,122,136,4.0,37.020136986301374,8.0,0
2018-05-08,39.99,9.99,30.0,300.3003003003003,123,137,4.0,37.020136986301374,8.0,0
2018-05-09,39.99,9.99,30.0,300.3003003003003,124,138,4.0,37.020136986301374,8.0,0
2018-05-10,39.99,9.99,30.0,300.3003003003003,125,139,4.0,37.020136986301374,8.0,0
2018-05-11,39.99,9.99,30.0,300.3003003003003,126,140,4.0,37.020136986301374,8.0,0
2018-05-12,39.99,9.99,30.0,300.3003003003003,127,141,4.0,37.020136986301374,8.0,0
2018-05-13,39.99,9.99,30.0,300.3003003003003,128,142,4.0,37.020136986301374,8.0,0
2018-05-14,39.99,9.99,30.0,300.3003003003003,129,143,4.0,37.020136986301374,8.0,0
2018-05-15,39.99,9.99,30.0,300.3003003003003,130,144,4.0,37.020136986301374,8.0,0
2018-05-16,39.99,9.99,30.0,300.3003003003003,131,145,4.0,37.020136986301374,8.0,0
2018-05-17,39.99,9.99,30.0,300.3003003003003,132,146,4.0,37.020136986301374,8.0,0
2018-05-18,39.99,9.99,30.0,300.3003003003003,133,147,4.0,37.020136986301374,8.0,0
2018-05-19,39.99,9.99,30.0,300.3003003003003,134,148,4.0,37.020136986301374,8.0,0
2018-05-20,39.99,9.99,30.0,300.3003003003003,135,149,4.0,37.020136986301374,8.0,0
2018-05-21,39.99,9.99,30.0,300.3003003003003,136,150,4.0,37.020136986301374,8.0,0
2018-05-22,39.99,9.99,30.0,300.3003003003003,137,151,4.0,37.020136986301374,8.0,0
2018-05-23,39.99,9.99,30.0,300.3003003003003,138,152,4.0,37.020136986301374,8.0,1
2018-05-24,39.99,9.99,30.0,300.3003003003003,139,153,4.0,37.020136986301374,8.0,1
2018-05-25,39.99,9.99,30.0,300.3003003003003,140,154,4.0,37.020136986301374,8.0,1
2018-05-26,39.99,9.99,30.0,300.3003003003003,141,155,4.0,37.020136986301374,8.0,1
2018-05-27,39.99,9.99,30.0,300.3003003003003,142,156,4.0,37.020136986301374,8.0,1
2018-05-28,39.99,9.99,30.0,300.3003003003003,143,157,4.0,37.020136986301374,8.0,1
2018-05-29,39.99,9.99,30.0,300.3003003003003,144,158,4.0,37.020136986301374,8.0,1
2018-05-30,39.99,9.99,30.0,300.3003003003003,145,159,4.0,37.020136986301374,8.0,1
2018-05-31,39.99,9.99,30.0,300.3003003003003,146,160,4.0,37.020136986301374,8.0,1
2018-06-01,39.99,9.99,30.0,300.3003003003003,147,161,4.0,37.020136986301374,8.0,1
2018-06-02,39.99,9.99,30.0,300.3003003003003,148,162,4.0,37.020136986301374,8.0,1
2018-06-03,39.99,9.99,30.0,300.3003003003003,149,163,4.0,37.020136986301374,8.0,1
2018-06-04,39.99,9.99,30.0,300.3003003003003,150,164,4.0,37.020136986301374,8.0,1
2018-06-05,39.99,9.99,30.0,300.3003003003003,151,165,4.0,37.020136986301374,8.0,1
2018-06-06,39.99,9.99,30.0,300.3003003003003,152,166,4.0,37.020136986301374,8.0,1
2018-06-07,39.99,9.99,30.0,300.3003003003003,153,167,4.0,37.020136986301374,8.0,1
2018-06-08,39.99,9.99,30.0,300.3003003003003,154,168,4.0,37.020136986301374,8.0,1
2018-06-09,39.99,9.99,30.0,300.3003003003003,155,169,4.0,37.020136986301374,8.0,1
2018-06-10,39.99,9.99,30.0,300.3003003003003,156,170,4.0,37.020136986301374,8.0,1
2018-06-11,39.99,9.99,30.0,300.3003003003003,157,171,4.0,37.020136986301374,8.0,1
2018-06-12,39.99,9.99,30.0,300.3003003003003,158,172,4.0,37.020136986301374,8.0,1
2018-06-13,39.99,9.99,30.0,300.3003003003003,159,173,4.0,37.020136986301374,8.0,1
2018-06-14,39.99,9.99,30.0,300.3003003003003,160,174,4.0,37.020136986301374,8.0,1
2018-06-15,39.99,9.99,30.0,300.3003003003003,161,175,4.0,37.020136986301374,8.0,1
2018-06-16,39.99,9.99,30.0,300.3003003003003,162,176,4.0,37.020136986301374,8.0,1
2018-06-17,39.99,9.99,30.0,300.3003003003003,163,177,4.0,37.020136986301374,8.0,1
2018-06-18,39.99,9.99,30.0,300.3003003003003,164,178,4.0,37.020136986301374,8.0,1
2018-06-19,39.99,9.99,30.0,300.3003003003003,165,179,4.0,37.020136986301374,8.0,1
2018-06-20,39.99,9.99,30.0,300.3003003003003,166,180,4.0,37.020136986301374,8.0,1
2018-06-21,39.99,9.99,30.0,300.3003003003003,167,181,4.0,37.020136986301374,8.0,1
2018-06-22,9.99,9.99,0.0,0.0,0,0,4.0,37.020136986301374,8.0,0
2018-06-23,9.99,9.99,0.0,0.0,1,1,5.0,36.93794520547945,9.0,0
2018-06-24,9.99,9.99,0.0,0.0,2,2,4.0,36.93246575342466,8.0,0
2018-06-25,9.99,9.99,0.0,0.0,3,3,4.0,36.926986301369865,8.0,0
2018-06-26,9.99,9.99,0.0,0.0,4,4,4.0,36.92150684931507,8.0,0
2018-06-27,9.99,9.99,0.0,0.0,5,5,4.0,36.91602739726027,8.0,0
2018-06-28,9.99,9.99,0.0,0.0,6,6,4.0,36.91054794520549,8.0,0
2018-06-29,9.99,9.99,0.0,0.0,7,7,4.0,36.905068493150694,8.0,0
2018-06-30,9.99,9.99,0.0,0.0,8,8,4.0,36.89958904109589,8.0,0
2018-07-01,9.99,9.99,0.0,0.0,9,9,4.0,36.89410958904109,8.0,0
2018-07-02,9.99,9.99,0.0,0.0,10,10,4.0,36.8886301369863,8.0,0
2018-07-03,9.99,9.99,0.0,0.0,11,11,4.0,36.88315068493151,8.0,0
2018-07-04,9.99,9.99,0.0,0.0,12,12,4.0,36.877671232876715,8.0,0
2018-07-05,9.99,9.99,0.0,0.0,13,13,4.0,36.87219178082192,8.0,0
2018-07-06,39.99,9.99,30.0,300.3003003003003,0,14,4.0,36.86671232876713,8.0,0
2018-07-07,39.99,9.99,30.0,300.3003003003003,1,15,4.0,36.86671232876713,8.0,0
2018-07-08,39.99,9.99,30.0,300.3003003003003,2,16,4.0,36.86671232876712,8.0,0
2018-07-09,39.99,9.99,30.0,300.3003003003003,3,17,4.0,36.86671232876712,8.0,0
2018-07-10,39.99,9.99,30.0,300.3003003003003,4,18,4.0,36.86671232876712,8.0,0
2018-07-11,39.99,9.99,30.0,300.3003003003003,5,19,4.0,36.86671232876712,8.0,0
2018-07-12,39.99,9.99,30.0,300.3003003003003,6,20,4.0,36.86671232876712,8.0,0
2018-07-13,39.99,9.99,30.0,300.3003003003003,7,21,4.0,36.86671232876712,8.0,0
2018-07-14,39.99,9.99,30.0,300.3003003003003,8,22,4.0,36.86671232876712,8.0,0
2018-07-15,39.99,9.99,30.0,300.3003003003003,9,23,4.0,36.86671232876713,8.0,0
2018-07-16,39.99,9.99,30.0,300.3003003003003,10,24,4.0,36.86671232876712,8.0,0
2018-07-17,39.99,9.99,30.0,300.3003003003003,11,25,4.0,36.86671232876712,8.0,0
2018-07-18,39.99,9.99,30.0,300.3003003003003,12,26,4.0,36.86671232876712,8.0,0
2018-07-19,39.99,9.99,30.0,300.3003003003003,13,27,4.0,36.86671232876712,8.0,0
2018-07-20,39.99,9.99,30.0,300.3003003003003,14,28,4.0,36.86671232876712,8.0,0
2018-07-21,39.99,9.99,30.0,300.3003003003003,15,29,4.0,36.86671232876712,8.0,0
2018-07-22,39.99,9.99,30.0,300.3003003003003,16,30,4.0,36.86671232876712,8.0,0
2018-07-23,39.99,9.99,30.0,300.3003003003003,17,31,4.0,36.86671232876713,8.0,0
2018-07-24,39.99,9.99,30.0,300.3003003003003,18,32,4.0,36.86671232876712,8.0,0
2018-07-25,39.99,9.99,30.0,300.3003003003003,19,33,4.0,36.86671232876712,8.0,0
2018-07-26,39.99,9.99,30.0,300.3003003003003,20,34,4.0,36.86671232876712,8.0,0
2018-07-27,39.99,9.99,30.0,300.3003003003003,21,35,4.0,36.86671232876712,8.0,0
2018-07-28,39.99,9.99,30.0,300.3003003003003,22,36,4.0,36.86671232876712,8.0,0
2018-07-29,39.99,9.99,30.0,300.3003003003003,23,37,4.0,36.86671232876712,8.0,0
2018-07-30,39.99,9.99,30.0,300.3003003003003,24,38,4.0,36.86671232876712,8.0,0
2018-07-31,39.99,9.99,30.0,300.3003003003003,25,39,4.0,36.86671232876713,8.0,0
2018-08-01,39.99,9.99,30.0,300.3003003003003,26,40,4.0,36.86671232876713,8.0,0
2018-08-02,39.99,9.99,30.0,300.3003003003003,27,41,4.0,36.86671232876712,8.0,0
2018-08-03,39.99,9.99,30.0,300.3003003003003,28,42,4.0,36.86671232876712,8.0,0
2018-08-04,39.99,9.99,30.0,300.3003003003003,29,43,4.0,36.86671232876712,8.0,0
2018-08-05,39.99,9.99,30.0,300.3003003003003,30,44,4.0,36.86671232876712,8.0,0
2018-08-06,39.99,9.99,30.0,300.3003003003003,31,45,4.0,36.86671232876712,8.0,0
2018-08-07,39.99,9.99,30.0,300.3003003003003,32,46,4.0,36.86671232876712,8.0,0
2018-08-08,39.99,9.99,30.0,300.3003003003003,33,47,4.0,36.86671232876713,8.0,0
2018-08-09,39.99,9.99,30.0,300.3003003003003,34,48,4.0,36.86671232876713,8.0,0
2018-08-10,39.99,9.99,30.0,300.3003003003003,35,49,4.0,36.86671232876712,8.0,0
2018-08-11,39.99,9.99,30.0,300.3003003003003,36,50,4.0,36.86671232876712,8.0,0
2018-08-12,39.99,9.99,30.0,300.3003003003003,37,51,4.0,36.86671232876712,8.0,0
2018-08-13,39.99,9.99,30.0,300.3003003003003,38,52,4.0,36.86671232876712,8.0,0
2018-08-14,39.99,9.99,30.0,300.3003003003003,39,53,4.0,36.86671232876712,8.0,0
2018-08-15,39.99,9.99,30.0,300.3003003003003,40,54,4.0,36.86671232876712,8.0,0
2018-08-16,39.99,9.99,30.0,300.3003003003003,41,55,4.0,36.86671232876712,8.0,0
2018-08-17,39.99,9.99,30.0,300.3003003003003,42,56,4.0,36.86671232876713,8.0,0
2018-08-18,39.99,9.99,30.0,300.3003003003003,43,57,4.0,36.86671232876712,8.0,0
2018-08-19,39.99,9.99,30.0,300.3003003003003,44,58,4.0,36.86671232876712,8.0,0
2018-08-20,39.99,9.99,30.0,300.3003003003003,45,59,4.0,36.86671232876712,8.0,0
2018-08-21,39.99,9.99,30.0,300.3003003003003,46,60,4.0,36.86671232876712,8.0,0
2018-08-22,39.99,9.99,30.0,300.3003003003003,47,61,4.0,36.86671232876712,8.0,0
2018-08-23,39.99,9.99,30.0,300.3003003003003,48,62,4.0,36.86671232876712,8.0,0
2018-08-24,39.99,9.99,30.0,300.3003003003003,49,63,4.0,36.86671232876712,8.0,0
2018-08-25,39.99,9.99,30.0,300.3003003003003,50,64,4.0,36.86671232876713,8.0,0
2018-08-26,39.99,9.99,30.0,300.3003003003003,51,65,4.0,36.86671232876712,8.0,0
2018-08-27,39.99,9.99,30.0,300.3003003003003,52,66,4.0,36.86671232876712,8.0,0
2018-08-28,39.99,9.99,30.0,300.3003003003003,53,67,4.0,36.86671232876712,8.0,0
2018-08-29,39.99,9.99,30.0,300.3003003003003,54,68,4.0,36.86671232876712,8.0,0
2018-08-30,39.99,9.99,30.0,300.3003003003003,55,69,4.0,36.86671232876712,8.0,0
2018-08-31,39.99,9.99,30.0,300.3003003003003,56,70,4.0,36.86671232876712,8.0,0
2018-09-01,39.99,9.99,30.0,300.3003003003003,57,71,4.0,36.86671232876712,8.0,0
2018-09-02,39.99,9.99,30.0,300.3003003003003,58,72,4.0,36.86671232876713,8.0,0
2018-09-03,39.99,9.99,30.0,300.3003003003003,59,73,4.0,36.86671232876713,8.0,0
2018-09-04,39.99,9.99,30.0,300.3003003003003,60,74,4.0,36.86671232876712,8.0,0
2018-09-05,39.99,9.99,30.0,300.3003003003003,61,75,4.0,36.86671232876712,8.0,0
2018-09-06,39.99,9.99,30.0,300.3003003003003,62,76,4.0,36.86671232876712,8.0,0
2018-09-07,39.99,9.99,30.0,300.3003003003003,63,77,4.0,36.86671232876712,8.0,0
2018-09-08,39.99,9.99,30.0,300.3003003003003,64,78,4.0,36.86671232876712,8.0,0
2018-09-09,39.99,9.99,30.0,300.3003003003003,65,79,4.0,36.86671232876712,8.0,0
2018-09-10,39.99,9.99,30.0,300.3003003003003,66,80,4.0,36.86671232876712,8.0,0
2018-09-11,39.99,9.99,30.0,300.3003003003003,67,81,4.0,36.86671232876713,8.0,0
2018-09-12,39.99,9.99,30.0,300.3003003003003,68,82,4.0,36.86671232876712,8.0,0
2018-09-13,39.99,9.99,30.0,300.3003003003003,69,83,4.0,36.86671232876712,8.0,0
2018-09-14,39.99,9.99,30.0,300.3003003003003,70,84,4.0,36.86671232876712,8.0,0
2018-09-15,39.99,9.99,30.0,300.3003003003003,71,85,4.0,36.86671232876712,8.0,0
2018-09-16,39.99,9.99,30.0,300.3003003003003,72,86,3.0,36.948904109589044,7.0,0
2018-09-17,39.99,9.99,30.0,300.3003003003003,73,87,3.0,37.03109589041096,7.0,0
2018-09-18,39.99,9.99,30.0,300.3003003003003,74,88,3.0,37.113287671232875,7.0,0
2018-09-19,39.99,9.99,30.0,300.3003003003003,75,89,3.0,37.1954794520548,7.0,0
2018-09-20,39.99,9.99,30.0,300.3003003003003,76,90,3.0,37.1954794520548,6.0,0
2018-09-21,39.99,9.99,30.0,300.3003003003003,77,91,3.0,37.1954794520548,6.0,0
2018-09-22,39.99,9.99,30.0,300.3003003003003,78,92,3.0,37.1954794520548,6.0,0
2018-09-23,39.99,9.99,30.0,300.3003003003003,79,93,3.0,37.1954794520548,6.0,0
2018-09-24,39.99,9.99,30.0,300.3003003003003,80,94,3.0,37.1954794520548,6.0,0
2018-09-25,39.99,9.99,30.0,300.3003003003003,81,95,3.0,37.1954794520548,6.0,0
2018-09-26,39.99,9.99,30.0,300.3003003003003,82,96,3.0,37.1954794520548,6.0,0
2018-09-27,39.99,9.99,30.0,300.3003003003003,83,97,3.0,37.1954794520548,6.0,0
2018-09-28,39.99,9.99,30.0,300.3003003003003,84,98,3.0,37.1954794520548,6.0,0
2018-09-29,39.99,9.99,30.0,300.3003003003003,85,99,3.0,37.1954794520548,6.0,0
2018-09-30,39.99,9.99,30.0,300.3003003003003,86,100,3.0,37.1954794520548,6.0,1
2018-10-01,39.99,9.99,30.0,300.3003003003003,87,101,3.0,37.1954794520548,6.0,1
2018-10-02,39.99,9.99,30.0,300.3003003003003,88,102,3.0,37.1954794520548,6.0,1
2018-10-03,39.99,9.99,30.0,300.3003003003003,89,103,3.0,37.1954794520548,6.0,1
2018-10-04,39.99,9.99,30.0,300.3003003003003,90,104,3.0,37.1954794520548,6.0,1
2018-10-05,39.99,9.99,30.0,300.3003003003003,91,105,3.0,37.1954794520548,6.0,1
2018-10-06,39.99,9.99,30.0,300.3003003003003,92,106,3.0,37.1954794520548,6.0,1
2018-10-07,39.99,9.99,30.0,300.3003003003003,93,107,3.0,37.1954794520548,6.0,1
2018-10-08,39.99,9.99,30.0,300.3003003003003,94,108,3.0,37.1954794520548,6.0,1
2018-10-09,39.99,9.99,30.0,300.3003003003003,95,109,3.0,37.1954794520548,6.0,1
2018-10-10,39.99,9.99,30.0,300.3003003003003,96,110,3.0,37.1954794520548,6.0,1
2018-10-11,39.99,9.99,30.0,300.3003003003003,97,111,3.0,37.1954794520548,6.0,1
2018-10-12,39.99,9.99,30.0,300.3003003003003,98,112,3.0,37.1954794520548,6.0,1
2018-10-13,39.99,9.99,30.0,300.3003003003003,99,113,3.0,37.1954794520548,6.0,1
2018-10-14,39.99,9.99,30.0,300.3003003003003,100,114,3.0,37.1954794520548,6.0,1
2018-10-15,39.99,9.99,30.0,300.3003003003003,101,115,3.0,37.1954794520548,6.0,1
2018-10-16,39.99,9.99,30.0,300.3003003003003,102,116,3.0,37.1954794520548,6.0,1
2018-10-17,39.99,9.99,30.0,300.3003003003003,103,117,3.0,37.1954794520548,6.0,1
2018-10-18,39.99,9.99,30.0,300.3003003003003,104,118,3.0,37.1954794520548,6.0,1
2018-10-19,39.99,9.99,30.0,300.3003003003003,105,119,3.0,37.1954794520548,6.0,1
2018-10-20,39.99,9.99,30.0,300.3003003003003,106,120,3.0,37.1954794520548,6.0,1
2018-10-21,39.99,9.99,30.0,300.3003003003003,107,121,3.0,37.1954794520548,6.0,1
2018-10-22,39.99,9.99,30.0,300.3003003003003,108,122,3.0,37.1954794520548,6.0,1
2018-10-23,39.99,9.99,30.0,300.3003003003003,109,123,3.0,37.1954794520548,6.0,1
2018-10-24,39.99,9.99,30.0,300.3003003003003,110,124,3.0,37.1954794520548,6.0,1
2018-10-25,39.99,9.99,30.0,300.3003003003003,111,125,3.0,37.1954794520548,6.0,1
2018-10-26,39.99,9.99,30.0,300.3003003003003,112,126,3.0,37.1954794520548,6.0,1
2018-10-27,39.99,9.99,30.0,300.3003003003003,113,127,3.0,37.1954794520548,6.0,1
2018-10-28,39.99,9.99,30.0,300.3003003003003,114,128,3.0,37.1954794520548,6.0,1
2018-10-29,39.99,9.99,30.0,300.3003003003003,115,129,3.0,37.1954794520548,6.0,1
2018-10-30,9.99,9.99,0.0,0.0,0,0,3.0,37.1954794520548,6.0,0
2018-10-31,9.99,9.99,0.0,0.0,1,1,4.0,37.113287671232875,7.0,0
2018-11-01,9.99,9.99,0.0,0.0,2,2,4.0,37.03109589041096,7.0,0
2018-11-02,9.99,9.99,0.0,0.0,3,3,4.0,36.948904109589044,7.0,0
2018-11-03,9.99,9.99,0.0,0.0,4,4,4.0,36.86671232876712,7.0,0
2018-11-04,9.99,9.99,0.0,0.0,5,5,4.0,36.784520547945206,7.0,0
2018-11-05,9.99,9.99,0.0,0.0,6,6,4.0,36.70232876712329,7.0,0
2018-11-06,39.99,9.99,30.0,300.3003003003003,0,7,4.0,36.62013698630137,7.0,1
2018-11-07,39.99,9.99,30.0,300.3003003003003,1,8,4.0,36.620136986301375,8.0,1
2018-11-08,39.99,9.99,30.0,300.3003003003003,2,9,4.0,36.620136986301375,8.0,1
2018-11-09,39.99,9.99,30.0,300.3003003003003,3,10,4.0,36.62013698630137,8.0,1
2018-11-10,39.99,9.99,30.0,300.3003003003003,4,11,4.0,36.62013698630137,8.0,1
2018-11-11,39.99,9.99,30.0,300.3003003003003,5,12,4.0,36.62013698630137,8.0,1
2018-11-12,39.99,9.99,30.0,300.3003003003003,6,13,4.0,36.62013698630137,8.0,1
2018-11-13,39.99,9.99,30.0,300.3003003003003,7,14,4.0,36.62013698630137,8.0,1
2018-11-14,39.99,9.99,30.0,300.3003003003003,8,15,4.0,36.62013698630137,8.0,1
2018-11-15,39.99,9.99,30.0,300.3003003003003,9,16,4.0,36.62013698630137,8.0,1
2018-11-16,39.99,9.99,30.0,300.3003003003003,10,17,4.0,36.620136986301375,8.0,1
2018-11-17,39.99,9.99,30.0,300.3003003003003,11,18,4.0,36.62013698630137,8.0,1
2018-11-18,39.99,9.99,30.0,300.3003003003003,12,19,4.0,36.62013698630137,8.0,1
2018-11-19,39.99,9.99,30.0,300.3003003003003,13,20,4.0,36.62013698630137,8.0,1
2018-11-20,39.99,9.99,30.0,300.3003003003003,14,21,4.0,36.62013698630137,8.0,1
2018-11-21,39.99,9.99,30.0,300.3003003003003,15,22,4.0,36.62013698630137,8.0,1
2018-11-22,9.99,9.99,0.0,0.0,0,0,4.0,36.62013698630137,8.0,0
2018-11-23,9.99,9.99,0.0,0.0,1,1,5.0,36.53794520547945,9.0,0
2018-11-24,9.99,9.99,0.0,0.0,2,2,4.0,36.53794520547946,8.0,0
2018-11-25,9.99,9.99,0.0,0.0,3,3,4.0,36.53794520547945,8.0,0
2018-11-26,9.99,9.99,0.0,0.0,4,4,4.0,36.53794520547945,8.0,0
2018-11-27,9.99,9.99,0.0,0.0,5,5,4.0,36.53794520547945,8.0,0
2018-11-28,39.99,9.99,30.0,300.3003003003003,0,6,4.0,36.53794520547945,8.0,1
2018-11-29,39.99,9.99,30.0,300.3003003003003,1,7,4.0,36.62013698630137,9.0,1
2018-11-30,39.99,9.99,30.0,300.3003003003003,2,8,4.0,36.62013698630137,8.0,1
2018-12-01,39.99,9.99,30.0,300.3003003003003,3,9,4.0,36.62013698630137,8.0,1
2018-12-02,39.99,9.99,30.0,300.3003003003003,4,10,4.0,36.620136986301375,8.0,1
2018-12-03,39.99,9.99,30.0,300.3003003003003,5,11,4.0,36.620136986301375,8.0,1
2018-12-04,39.99,9.99,30.0,300.3003003003003,6,12,4.0,36.62013698630137,8.0,1
2018-12-05,39.99,9.99,30.0,300.3003003003003,7,13,4.0,36.62013698630137,8.0,1
2018-12-06,39.99,9.99,30.0,300.3003003003003,8,14,4.0,36.62013698630137,8.0,1
2018-12-07,39.99,9.99,30.0,300.3003003003003,9,15,4.0,36.62013698630137,8.0,1
2018-12-08,39.99,9.99,30.0,300.3003003003003,10,16,4.0,36.62013698630137,8.0,1
2018-12-09,39.99,9.99,30.0,300.3003003003003,11,17,4.0,36.62013698630137,8.0,1
2018-12-10,39.99,9.99,30.0,300.3003003003003,12,18,4.0,36.620136986301375,8.0,1
2018-12-11,39.99,9.99,30.0,300.3003003003003,13,19,4.0,36.620136986301375,8.0,1
2018-12-12,39.99,9.99,30.0,300.3003003003003,14,20,4.0,36.62013698630137,8.0,1
2018-12-13,39.99,9.99,30.0,300.3003003003003,15,21,4.0,36.62013698630137,8.0,1
2018-12-14,39.99,9.99,30.0,300.3003003003003,16,22,4.0,36.62013698630137,8.0,1
2018-12-15,39.99,9.99,30.0,300.3003003003003,17,23,4.0,36.62013698630137,8.0,1
2018-12-16,39.99,9.99,30.0,300.3003003003003,18,24,4.0,36.62013698630137,8.0,1
2018-12-17,39.99,9.99,30.0,300.3003003003003,19,25,4.0,36.62013698630137,8.0,1
2018-12-18,39.99,9.99,30.0,300.3003003003003,20,26,4.0,36.62013698630137,8.0,1
2018-12-19,39.99,9.99,30.0,300.3003003003003,21,27,4.0,36.620136986301375,8.0,1
2018-12-20,39.99,9.99,30.0,300.3003003003003,22,28,4.0,36.62013698630137,8.0,1
2018-12-21,9.99,9.99,0.0,0.0,0,0,4.0,36.62013698630137,8.0,0
2018-12-22,9.99,9.99,0.0,0.0,1,1,5.0,36.53794520547945,9.0,0
2018-12-23,9.99,9.99,0.0,0.0,2,2,4.0,36.53794520547945,8.0,0
2018-12-24,9.99,9.99,0.0,0.0,3,3,4.0,36.53794520547945,8.0,0
2018-12-25,9.99,9.99,0.0,0.0,4,4,4.0,36.53794520547945,8.0,0
2018-12-26,9.99,9.99,0.0,0.0,5,5,4.0,36.53794520547945,8.0,0
2018-12-27,9.99,9.99,0.0,0.0,6,6,4.0,36.53794520547946,8.0,0
2018-12-28,9.99,9.99,0.0,0.0,7,7,4.0,36.53794520547945,8.0,0
2018-12-29,9.99,9.99,0.0,0.0,8,8,4.0,36.53794520547945,8.0,0
2018-12-30,9.99,9.99,0.0,0.0,9,9,4.0,36.53794520547945,8.0,0
2018-12-31,9.99,9.99,0.0,0.0,10,10,4.0,36.53794520547945,8.0,0
2019-01-01,9.99,9.99,0.0,0.0,11,11,4.0,36.53794520547945,8.0,0
2019-01-02,9.99,9.99,0.0,0.0,12,12,4.0,36.53794520547945,8.0,0
2019-01-03,9.99,9.99,0.0,0.0,13,13,4.0,36.53794520547945,8.0,0
2019-01-04,39.99,9.99,30.0,300.3003003003003,0,14,4.0,36.53794520547946,8.0,0
2019-01-05,39.99,9.99,30.0,300.3003003003003,1,15,4.0,36.620136986301375,9.0,0
2019-01-06,39.99,9.99,30.0,300.3003003003003,2,16,4.0,36.62013698630137,8.0,1
2019-01-07,39.99,9.99,30.0,300.3003003003003,3,17,4.0,36.62013698630137,8.0,1
2019-01-08,39.99,9.99,30.0,300.3003003003003,4,18,4.0,36.62013698630137,8.0,1
2019-01-09,39.99,9.99,30.0,300.3003003003003,5,19,4.0,36.62013698630137,8.0,1
2019-01-10,39.99,9.99,30.0,300.3003003003003,6,20,4.0,36.62013698630137,8.0,1
2019-01-11,39.99,9.99,30.0,300.3003003003003,7,21,4.0,36.62013698630137,8.0,1
2019-01-12,39.99,9.99,30.0,300.3003003003003,8,22,4.0,36.62013698630137,8.0,1
2019-01-13,39.99,9.99,30.0,300.3003003003003,9,23,4.0,36.620136986301375,8.0,1
2019-01-14,39.99,9.99,30.0,300.3003003003003,10,24,4.0,36.62013698630137,8.0,1
2019-01-15,39.99,9.99,30.0,300.3003003003003,11,25,4.0,36.62013698630137,8.0,1
2019-01-16,39.99,9.99,30.0,300.3003003003003,12,26,4.0,36.62013698630137,8.0,1
2019-01-17,39.99,9.99,30.0,300.3003003003003,13,27,4.0,36.62013698630137,8.0,1
2019-01-18,39.99,9.99,30.0,300.3003003003003,14,28,4.0,36.62013698630137,8.0,1
2019-01-19,39.99,9.99,30.0,300.3003003003003,15,29,4.0,36.62013698630137,8.0,1
2019-01-20,39.99,9.99,30.0,300.3003003003003,16,30,4.0,36.62013698630137,8.0,1
2019-01-21,39.99,9.99,30.0,300.3003003003003,17,31,4.0,36.620136986301375,8.0,1
2019-01-22,39.99,9.99,30.0,300.3003003003003,18,32,4.0,36.62013698630137,8.0,1
2019-01-23,39.99,9.99,30.0,300.3003003003003,19,33,4.0,36.62013698630137,8.0,1
2019-01-24,39.99,9.99,30.0,300.3003003003003,20,34,4.0,36.62013698630137,8.0,1
2019-01-25,39.99,9.99,30.0,300.3003003003003,21,35,4.0,36.62013698630137,8.0,1
2019-01-26,39.99,9.99,30.0,300.3003003003003,22,36,4.0,36.62013698630137,8.0,1
2019-01-27,39.99,9.99,30.0,300.3003003003003,23,37,4.0,36.62013698630137,8.0,1
2019-01-28,39.99,9.99,30.0,300.3003003003003,24,38,4.0,36.62013698630137,8.0,1
2019-01-29,39.99,9.99,30.0,300.3003003003003,25,39,4.0,36.620136986301375,8.0,1
2019-01-30,39.99,9.99,30.0,300.3003003003003,26,40,4.0,36.62013698630137,8.0,1
2019-01-31,39.99,9.99,30.0,300.3003003003003,27,41,4.0,36.62013698630137,8.0,1
2019-02-01,39.99,9.99,30.0,300.3003003003003,28,42,4.0,36.62013698630137,8.0,1
2019-02-02,39.99,9.99,30.0,300.3003003003003,29,43,4.0,36.62013698630137,8.0,1
2019-02-03,39.99,9.99,30.0,300.3003003003003,30,44,4.0,36.62013698630137,8.0,1
2019-02-04,39.99,9.99,30.0,300.3003003003003,31,45,4.0,36.62013698630137,8.0,1
2019-02-05,9.99,9.99,0.0,0.0,0,0,4.0,36.62013698630137,8.0,0
2019-02-06,9.99,9.99,0.0,0.0,1,1,5.0,36.53794520547946,9.0,0
2019-02-07,9.99,9.99,0.0,0.0,2,2,5.0,36.45575342465754,9.0,0
2019-02-08,9.99,9.99,0.0,0.0,3,3,5.0,36.373561643835615,9.0,0
2019-02-09,9.99,9.99,0.0,0.0,4,4,5.0,36.2913698630137,9.0,0
2019-02-10,9.99,9.99,0.0,0.0,5,5,5.0,36.209178082191784,9.0,0
2019-02-11,9.99,9.99,0.0,0.0,6,6,5.0,36.12698630136986,9.0,0
2019-02-12,39.99,9.99,30.0,300.3003003003003,0,7,5.0,36.044794520547946,9.0,0
2019-02-13,39.99,9.99,30.0,300.3003003003003,1,8,5.0,36.044794520547946,10.0,0
2019-02-14,39.99,9.99,30.0,300.3003003003003,2,9,5.0,36.044794520547946,10.0,0
2019-02-15,39.99,9.99,30.0,300.3003003003003,3,10,5.0,36.04479452054795,10.0,0
2019-02-16,39.99,9.99,30.0,300.3003003003003,4,11,5.0,36.044794520547946,10.0,0
2019-02-17,39.99,9.99,30.0,300.3003003003003,5,12,5.0,36.044794520547946,10.0,0
2019-02-18,39.99,9.99,30.0,300.3003003003003,6,13,5.0,36.044794520547946,10.0,0
2019-02-19,39.99,9.99,30.0,300.3003003003003,7,14,5.0,36.044794520547946,10.0,0
2019-02-20,39.99,9.99,30.0,300.3003003003003,8,15,5.0,36.044794520547946,10.0,0
2019-02-21,39.99,9.99,30.0,300.3003003003003,9,16,5.0,36.044794520547946,10.0,0
2019-02-22,39.99,9.99,30.0,300.3003003003003,10,17,5.0,36.044794520547946,10.0,0
2019-02-23,39.99,9.99,30.0,300.3003003003003,11,18,5.0,36.04479452054795,10.0,0
2019-02-24,39.99,9.99,30.0,300.3003003003003,12,19,5.0,36.044794520547946,10.0,0
2019-02-25,39.99,9.99,30.0,300.3003003003003,13,20,5.0,36.044794520547946,10.0,0
2019-02-26,39.99,9.99,30.0,300.3003003003003,14,21,5.0,36.044794520547946,10.0,0
2019-02-27,39.99,9.99,30.0,300.3003003003003,15,22,5.0,36.044794520547946,10.0,0
2019-02-28,39.99,9.99,30.0,300.3003003003003,16,23,5.0,36.044794520547946,10.0,0
2019-03-01,39.99,9.99,30.0,300.3003003003003,17,24,5.0,36.044794520547946,10.0,0
2019-03-02,39.99,9.99,30.0,300.3003003003003,18,25,5.0,36.044794520547946,10.0,0
2019-03-03,39.99,9.99,30.0,300.3003003003003,19,26,5.0,36.04479452054795,10.0,0
2019-03-04,39.99,9.99,30.0,300.3003003003003,20,27,5.0,36.044794520547946,10.0,0
2019-03-05,39.99,9.99,30.0,300.3003003003003,21,28,5.0,36.044794520547946,10.0,0
2019-03-06,39.99,9.99,30.0,300.3003003003003,22,29,5.0,36.044794520547946,10.0,0
2019-03-07,39.99,9.99,30.0,300.3003003003003,23,30,5.0,36.044794520547946,10.0,0
2019-03-08,39.99,9.99,30.0,300.3003003003003,24,31,5.0,36.044794520547946,10.0,0
2019-03-09,39.99,9.99,30.0,300.3003003003003,25,32,5.0,36.044794520547946,10.0,0
2019-03-10,39.99,9.99,30.0,300.3003003003003,26,33,5.0,36.044794520547946,10.0,0
2019-03-11,39.99,9.99,30.0,300.3003003003003,27,34,5.0,36.04479452054795,10.0,0
2019-03-12,39.99,9.99,30.0,300.3003003003003,28,35,5.0,36.04479452054795,10.0,0
2019-03-13,39.99,9.99,30.0,300.3003003003003,29,36,5.0,36.044794520547946,10.0,0
2019-03-14,39.99,9.99,30.0,300.3003003003003,30,37,5.0,36.044794520547946,10.0,0
2019-03-15,39.99,9.99,30.0,300.3003003003003,31,38,5.0,36.044794520547946,10.0,0
2019-03-16,39.99,9.99,30.0,300.3003003003003,32,39,5.0,36.044794520547946,10.0,0
2019-03-17,39.99,9.99,30.0,300.3003003003003,33,40,5.0,36.044794520547946,10.0,0
2019-03-18,39.99,9.99,30.0,300.3003003003003,34,41,5.0,36.044794520547946,10.0,0
2019-03-19,39.99,9.99,30.0,300.3003003003003,35,42,5.0,36.044794520547946,10.0,0
2019-03-20,39.99,9.99,30.0,300.3003003003003,36,43,5.0,36.04479452054795,10.0,0
2019-03-21,39.99,9.99,30.0,300.3003003003003,37,44,5.0,36.044794520547946,10.0,0
2019-03-22,39.99,9.99,30.0,300.3003003003003,38,45,5.0,36.044794520547946,10.0,0
2019-03-23,39.99,9.99,30.0,300.3003003003003,39,46,5.0,36.044794520547946,10.0,0
2019-03-24,39.99,9.99,30.0,300.3003003003003,40,47,5.0,36.044794520547946,10.0,0
2019-03-25,39.99,9.99,30.0,300.3003003003003,41,48,5.0,36.044794520547946,10.0,0
2019-03-26,39.99,9.99,30.0,300.3003003003003,42,49,5.0,36.044794520547946,10.0,0
2019-03-27,39.99,9.99,30.0,300.3003003003003,43,50,5.0,36.044794520547946,10.0,0
2019-03-28,39.99,9.99,30.0,300.3003003003003,44,51,5.0,36.04479452054795,10.0,0
2019-03-29,39.99,9.99,30.0,300.3003003003003,45,52,5.0,36.044794520547946,10.0,0
2019-03-30,39.99,9.99,30.0,300.3003003003003,46,53,5.0,36.044794520547946,10.0,0
2019-03-31,39.99,9.99,30.0,300.3003003003003,47,54,5.0,36.044794520547946,10.0,0
2019-04-01,39.99,9.99,30.0,300.3003003003003,48,55,5.0,36.044794520547946,10.0,0
2019-04-02,39.99,9.99,30.0,300.3003003003003,49,56,5.0,36.044794520547946,10.0,0
2019-04-03,39.99,9.99,30.0,300.3003003003003,50,57,5.0,36.044794520547946,10.0,0
2019-04-04,39.99,9.99,30.0,300.3003003003003,51,58,5.0,36.044794520547946,10.0,0
2019-04-05,39.99,9.99,30.0,300.3003003003003,52,59,5.0,36.04479452054795,10.0,0
2019-04-06,39.99,9.99,30.0,300.3003003003003,53,60,5.0,36.044794520547946,10.0,0
2019-04-07,39.99,9.99,30.0,300.3003003003003,54,61,5.0,36.044794520547946,10.0,0
2019-04-08,39.99,9.99,30.0,300.3003003003003,55,62,5.0,36.044794520547946,10.0,0
2019-04-09,39.99,9.99,30.0,300.3003003003003,56,63,5.0,36.044794520547946,10.0,0
2019-04-10,39.99,9.99,30.0,300.3003003003003,57,64,5.0,36.044794520547946,10.0,0
2019-04-11,39.99,9.99,30.0,300.3003003003003,58,65,5.0,36.044794520547946,10.0,0
2019-04-12,39.99,9.99,30.0,300.3003003003003,59,66,5.0,36.044794520547946,10.0,0
2019-04-13,39.99,9.99,30.0,300.3003003003003,60,67,5.0,36.04479452054795,10.0,0
2019-04-14,39.99,9.99,30.0,300.3003003003003,61,68,5.0,36.04479452054795,10.0,0
2019-04-15,39.99,9.99,30.0,300.3003003003003,62,69,5.0,36.044794520547946,10.0,0
2019-04-16,39.99,9.99,30.0,300.3003003003003,63,70,5.0,36.044794520547946,10.0,0
2019-04-17,39.99,9.99,30.0,300.3003003003003,64,71,5.0,36.044794520547946,10.0,0
2019-04-18,39.99,9.99,30.0,300.3003003003003,65,72,5.0,36.044794520547946,10.0,0
2019-04-19,39.99,9.99,30.0,300.3003003003003,66,73,5.0,36.044794520547946,10.0,0
2019-04-20,39.99,9.99,30.0,300.3003003003003,67,74,5.0,36.044794520547946,10.0,0
2019-04-21,39.99,9.99,30.0,300.3003003003003,68,75,5.0,36.044794520547946,10.0,0
2019-04-22,39.99,9.99,30.0,300.3003003003003,69,76,5.0,36.04479452054795,10.0,0
2019-04-23,39.99,9.99,30.0,300.3003003003003,70,77,5.0,36.044794520547946,10.0,0
2019-04-24,39.99,9.99,30.0,300.3003003003003,71,78,5.0,36.044794520547946,10.0,0
2019-04-25,39.99,9.99,30.0,300.3003003003003,72,79,5.0,36.044794520547946,10.0,0
2019-04-26,39.99,9.99,30.0,300.3003003003003,73,80,5.0,36.044794520547946,10.0,0
2019-04-27,39.99,9.99,30.0,300.3003003003003,74,81,5.0,36.044794520547946,10.0,0
2019-04-28,39.99,9.99,30.0,300.3003003003003,75,82,5.0,36.044794520547946,10.0,0
2019-04-29,39.99,9.99,30.0,300.3003003003003,76,83,5.0,36.044794520547946,10.0,0
2019-04-30,39.99,9.99,30.0,300.3003003003003,77,84,5.0,36.04479452054795,10.0,0
2019-05-01,39.99,9.99,30.0,300.3003003003003,78,85,5.0,36.044794520547946,10.0,0
2019-05-02,39.99,9.99,30.0,300.3003003003003,79,86,5.0,36.044794520547946,10.0,0
2019-05-03,39.99,9.99,30.0,300.3003003003003,80,87,5.0,36.044794520547946,10.0,0
2019-05-04,39.99,9.99,30.0,300.3003003003003,81,88,5.0,36.044794520547946,10.0,0
2019-05-05,39.99,9.99,30.0,300.3003003003003,82,89,5.0,36.044794520547946,10.0,0
2019-05-06,39.99,9.99,30.0,300.3003003003003,83,90,5.0,36.044794520547946,10.0,0
2019-05-07,39.99,9.99,30.0,300.3003003003003,84,91,5.0,36.044794520547946,10.0,0
2019-05-08,39.99,9.99,30.0,300.3003003003003,85,92,5.0,36.04479452054795,10.0,0
2019-05-09,39.99,9.99,30.0,300.3003003003003,86,93,5.0,36.04479452054795,10.0,0
2019-05-10,39.99,9.99,30.0,300.3003003003003,87,94,5.0,36.044794520547946,10.0,0
2019-05-11,39.99,9.99,30.0,300.3003003003003,88,95,5.0,36.044794520547946,10.0,0
2019-05-12,39.99,9.99,30.0,300.3003003003003,89,96,5.0,36.044794520547946,10.0,0
2019-05-13,39.99,9.99,30.0,300.3003003003003,90,97,5.0,36.044794520547946,10.0,0
2019-05-14,39.99,9.99,30.0,300.3003003003003,91,98,5.0,36.044794520547946,10.0,0
2019-05-15,39.99,9.99,30.0,300.3003003003003,92,99,5.0,36.044794520547946,10.0,1
2019-05-16,39.99,9.99,30.0,300.3003003003003,93,100,5.0,36.044794520547946,10.0,1
2019-05-17,39.99,9.99,30.0,300.3003003003003,94,101,5.0,36.04479452054795,10.0,1
2019-05-18,39.99,9.99,30.0,300.3003003003003,95,102,5.0,36.044794520547946,10.0,1
2019-05-19,39.99,9.99,30.0,300.3003003003003,96,103,5.0,36.044794520547946,10.0,1
2019-05-20,39.99,9.99,30.0,300.3003003003003,97,104,5.0,36.044794520547946,10.0,1
2019-05-21,39.99,9.99,30.0,300.3003003003003,98,105,5.0,36.044794520547946,10.0,1
2019-05-22,39.99,9.99,30.0,300.3003003003003,99,106,5.0,36.044794520547946,10.0,1
2019-05-23,39.99,9.99,30.0,300.3003003003003,100,107,5.0,36.044794520547946,10.0,1
2019-05-24,39.99,9.99,30.0,300.3003003003003,101,108,5.0,36.044794520547946,10.0,1
2019-05-25,39.99,9.99,30.0,300.3003003003003,102,109,5.0,36.04479452054795,10.0,1
2019-05-26,39.99,9.99,30.0,300.3003003003003,103,110,5.0,36.044794520547946,10.0,1
2019-05-27,39.99,9.99,30.0,300.3003003003003,104,111,5.0,36.044794520547946,10.0,1
2019-05-28,39.99,9.99,30.0,300.3003003003003,105,112,5.0,36.044794520547946,10.0,1
2019-05-29,39.99,9.99,30.0,300.3003003003003,106,113,5.0,36.044794520547946,10.0,1
2019-05-30,39.99,9.99,30.0,300.3003003003003,107,114,5.0,36.044794520547946,10.0,1
2019-05-31,39.99,9.99,30.0,300.3003003003003,108,115,5.0,36.044794520547946,10.0,1
2019-06-01,39.99,9.99,30.0,300.3003003003003,109,116,5.0,36.044794520547946,10.0,1
2019-06-02,39.99,9.99,30.0,300.3003003003003,110,117,5.0,36.04479452054795,10.0,1
2019-06-03,39.99,9.99,30.0,300.3003003003003,111,118,5.0,36.044794520547946,10.0,1
2019-06-04,39.99,9.99,30.0,300.3003003003003,112,119,5.0,36.044794520547946,10.0,1
2019-06-05,39.99,9.99,30.0,300.3003003003003,113,120,5.0,36.044794520547946,10.0,1
2019-06-06,39.99,9.99,30.0,300.3003003003003,114,121,5.0,36.044794520547946,10.0,1
2019-06-07,39.99,9.99,30.0,300.3003003003003,115,122,5.0,36.044794520547946,10.0,1
2019-06-08,39.99,9.99,30.0,300.3003003003003,116,123,5.0,36.044794520547946,10.0,1
2019-06-09,39.99,9.99,30.0,300.3003003003003,117,124,5.0,36.044794520547946,10.0,1
2019-06-10,39.99,9.99,30.0,300.3003003003003,118,125,5.0,36.04479452054795,10.0,1
2019-06-11,39.99,9.99,30.0,300.3003003003003,119,126,5.0,36.04479452054795,10.0,1
2019-06-12,39.99,9.99,30.0,300.3003003003003,120,127,5.0,36.044794520547946,10.0,1
2019-06-13,39.99,9.99,30.0,300.3003003003003,121,128,5.0,36.044794520547946,10.0,1
2019-06-14,9.99,9.99,0.0,0.0,0,0,5.0,36.044794520547946,10.0,0
2019-06-15,9.99,9.99,0.0,0.0,1,1,6.0,35.96260273972603,11.0,0
2019-06-16,9.99,9.99,0.0,0.0,2,2,6.0,35.88041095890411,11.0,0
2019-06-17,9.99,9.99,0.0,0.0,3,3,6.0,35.79821917808219,11.0,0
2019-06-18,39.99,9.99,30.0,300.3003003003003,0,4,6.0,35.71602739726028,11.0,1
2019-06-19,39.99,9.99,30.0,300.3003003003003,1,5,6.0,35.71602739726028,12.0,1
2019-06-20,39.99,9.99,30.0,300.3003003003003,2,6,6.0,35.71602739726028,12.0,1
2019-06-21,39.99,9.99,30.0,300.3003003003003,3,7,6.0,35.71602739726028,12.0,1
2019-06-22,39.99,9.99,30.0,300.3003003003003,4,8,6.0,35.71602739726028,12.0,1
2019-06-23,39.99,9.99,30.0,300.3003003003003,5,9,5.0,35.79821917808219,11.0,1
2019-06-24,39.99,9.99,30.0,300.3003003003003,6,10,5.0,35.88041095890411,11.0,1
2019-06-25,39.99,9.99,30.0,300.3003003003003,7,11,5.0,35.96260273972603,11.0,1
2019-06-26,9.99,9.99,0.0,0.0,0,0,5.0,36.044794520547946,11.0,0
2019-06-27,9.99,9.99,0.0,0.0,1,1,6.0,36.04479452054795,12.0,0
2019-06-28,9.99,9.99,0.0,0.0,2,2,6.0,36.044794520547946,12.0,0
2019-06-29,9.99,9.99,0.0,0.0,3,3,6.0,36.044794520547946,12.0,0
2019-06-30,9.99,9.99,0.0,0.0,4,4,6.0,36.044794520547946,12.0,0
2019-07-01,9.99,9.99,0.0,0.0,5,5,6.0,36.044794520547946,12.0,0
2019-07-02,9.99,9.99,0.0,0.0,6,6,6.0,36.044794520547946,12.0,0
2019-07-03,9.99,9.99,0.0,0.0,7,7,6.0,36.044794520547946,12.0,0
2019-07-04,9.99,9.99,0.0,0.0,8,8,6.0,36.044794520547946,12.0,0
2019-07-05,9.99,9.99,0.0,0.0,9,9,6.0,36.04479452054795,12.0,0
2019-07-06,9.99,9.99,0.0,0.0,10,10,6.0,36.044794520547946,12.0,0
2019-07-07,9.99,9.99,0.0,0.0,11,11,6.0,35.96260273972603,11.0,0
2019-07-08,9.99,9.99,0.0,0.0,12,12,6.0,35.88041095890411,11.0,0
2019-07-09,9.99,9.99,0.0,0.0,13,13,6.0,35.79821917808219,11.0,0
2019-07-10,39.99,9.99,30.0,300.3003003003003,0,14,6.0,35.71602739726028,11.0,0
2019-07-11,39.99,9.99,30.0,300.3003003003003,1,15,6.0,35.71602739726028,12.0,0
2019-07-12,39.99,9.99,30.0,300.3003003003003,2,16,6.0,35.71602739726028,12.0,0
2019-07-13,39.99,9.99,30.0,300.3003003003003,3,17,6.0,35.71602739726028,12.0,0
2019-07-14,39.99,9.99,30.0,300.3003003003003,4,18,6.0,35.71602739726028,12.0,0
2019-07-15,39.99,9.99,30.0,300.3003003003003,5,19,6.0,35.71602739726028,12.0,0
2019-07-16,39.99,9.99,30.0,300.3003003003003,6,20,6.0,35.71602739726028,12.0,0
2019-07-17,39.99,9.99,30.0,300.3003003003003,7,21,6.0,35.71602739726028,12.0,0
2019-07-18,39.99,9.99,30.0,300.3003003003003,8,22,6.0,35.71602739726028,12.0,0
2019-07-19,39.99,9.99,30.0,300.3003003003003,9,23,6.0,35.71602739726028,12.0,0
2019-07-20,39.99,9.99,30.0,300.3003003003003,10,24,6.0,35.71602739726028,12.0,0
2019-07-21,39.99,9.99,30.0,300.3003003003003,11,25,6.0,35.71602739726028,12.0,0
2019-07-22,39.99,9.99,30.0,300.3003003003003,12,26,6.0,35.71602739726028,12.0,0
2019-07-23,39.99,9.99,30.0,300.3003003003003,13,27,6.0,35.71602739726028,12.0,0
2019-07-24,39.99,9.99,30.0,300.3003003003003,14,28,6.0,35.71602739726028,12.0,0
2019-07-25,39.99,9.99,30.0,300.3003003003003,15,29,6.0,35.71602739726028,12.0,0
2019-07-26,39.99,9.99,30.0,300.3003003003003,16,30,6.0,35.71602739726028,12.0,0
2019-07-27,39.99,9.99,30.0,300.3003003003003,17,31,6.0,35.71602739726028,12.0,0
2019-07-28,39.99,9.99,30.0,300.3003003003003,18,32,6.0,35.71602739726028,12.0,0
2019-07-29,39.99,9.99,30.0,300.3003003003003,19,33,6.0,35.71602739726028,12.0,0
2019-07-30,39.99,9.99,30.0,300.3003003003003,20,34,6.0,35.71602739726028,12.0,0
2019-07-31,39.99,9.99,30.0,300.3003003003003,21,35,6.0,35.71602739726028,12.0,0
2019-08-01,39.99,9.99,30.0,300.3003003003003,22,36,6.0,35.71602739726028,12.0,0
2019-08-02,39.99,9.99,30.0,300.3003003003003,23,37,6.0,35.71602739726028,12.0,0
2019-08-03,39.99,9.99,30.0,300.3003003003003,24,38,6.0,35.71602739726028,12.0,0
2019-08-04,39.99,9.99,30.0,300.3003003003003,25,39,6.0,35.71602739726028,12.0,0
2019-08-05,39.99,9.99,30.0,300.3003003003003,26,40,6.0,35.71602739726028,12.0,0
2019-08-06,39.99,9.99,30.0,300.3003003003003,27,41,6.0,35.71602739726028,12.0,0
2019-08-07,39.99,9.99,30.0,300.3003003003003,28,42,6.0,35.71602739726028,12.0,1
2019-08-08,39.99,9.99,30.0,300.3003003003003,29,43,6.0,35.71602739726028,12.0,1
2019-08-09,39.99,9.99,30.0,300.3003003003003,30,44,6.0,35.71602739726028,12.0,1
2019-08-10,39.99,9.99,30.0,300.3003003003003,31,45,6.0,35.71602739726028,12.0,1
2019-08-11,39.99,9.99,30.0,300.3003003003003,32,46,6.0,35.71602739726028,12.0,1
2019-08-12,39.99,9.99,30.0,300.3003003003003,33,47,6.0,35.71602739726028,12.0,1
2019-08-13,39.99,9.99,30.0,300.3003003003003,34,48,6.0,35.71602739726028,12.0,1
2019-08-14,39.99,9.99,30.0,300.3003003003003,35,49,6.0,35.71602739726028,12.0,1
2019-08-15,39.99,9.99,30.0,300.3003003003003,36,50,6.0,35.71602739726028,12.0,1
2019-08-16,39.99,9.99,30.0,300.3003003003003,37,51,6.0,35.71602739726028,12.0,1
2019-08-17,39.99,9.99,30.0,300.3003003003003,38,52,6.0,35.71602739726028,12.0,1
2019-08-18,39.99,9.99,30.0,300.3003003003003,39,53,6.0,35.71602739726028,12.0,1
2019-08-19,39.99,9.99,30.0,300.3003003003003,40,54,6.0,35.71602739726028,12.0,1
2019-08-20,39.99,9.99,30.0,300.3003003003003,41,55,6.0,35.71602739726028,12.0,1
2019-08-21,39.99,9.99,30.0,300.3003003003003,42,56,6.0,35.71602739726028,12.0,1
2019-08-22,39.99,9.99,30.0,300.3003003003003,43,57,6.0,35.71602739726028,12.0,1
2019-08-23,39.99,9.99,30.0,300.3003003003003,44,58,6.0,35.71602739726028,12.0,1
2019-08-24,39.99,9.99,30.0,300.3003003003003,45,59,6.0,35.71602739726028,12.0,1
2019-08-25,39.99,9.99,30.0,300.3003003003003,46,60,6.0,35.71602739726028,12.0,1
2019-08-26,39.99,9.99,30.0,300.3003003003003,47,61,6.0,35.71602739726028,12.0,1
2019-08-27,39.99,9.99,30.0,300.3003003003003,48,62,6.0,35.71602739726028,12.0,1
2019-08-28,39.99,9.99,30.0,300.3003003003003,49,63,6.0,35.71602739726028,12.0,1
2019-08-29,39.99,9.99,30.0,300.3003003003003,50,64,6.0,35.71602739726028,12.0,1
2019-08-30,39.99,9.99,30.0,300.3003003003003,51,65,6.0,35.71602739726028,12.0,1
2019-08-31,39.99,9.99,30.0,300.3003003003003,52,66,6.0,35.71602739726028,12.0,1
2019-09-01,39.99,9.99,30.0,300.3003003003003,53,67,6.0,35.71602739726028,12.0,1
2019-09-02,39.99,9.99,30.0,300.3003003003003,54,68,6.0,35.71602739726028,12.0,1
2019-09-03,39.99,9.99,30.0,300.3003003003003,55,69,6.0,35.71602739726028,12.0,1
2019-09-04,39.99,9.99,30.0,300.3003003003003,56,70,6.0,35.71602739726028,12.0,1
2019-09-05,39.99,9.99,30.0,300.3003003003003,57,71,6.0,35.71602739726028,12.0,1
2019-09-06,9.99,9.99,0.0,0.0,0,0,6.0,35.71602739726028,12.0,0
2019-09-07,9.99,9.99,0.0,0.0,1,1,7.0,35.633835616438354,13.0,0
2019-09-08,9.99,9.99,0.0,0.0,2,2,7.0,35.55164383561644,13.0,0
2019-09-09,9.99,9.99,0.0,0.0,3,3,7.0,35.46945205479452,13.0,0
2019-09-10,39.99,9.99,30.0,300.3003003003003,0,4,7.0,35.38726027397261,13.0,0
2019-09-11,39.99,9.99,30.0,300.3003003003003,1,5,7.0,35.3872602739726,14.0,0
2019-09-12,39.99,9.99,30.0,300.3003003003003,2,6,7.0,35.3872602739726,14.0,0
2019-09-13,39.99,9.99,30.0,300.3003003003003,3,7,7.0,35.3872602739726,14.0,0
2019-09-14,39.99,9.99,30.0,300.3003003003003,4,8,7.0,35.3872602739726,14.0,0
2019-09-15,39.99,9.99,30.0,300.3003003003003,5,9,7.0,35.3872602739726,14.0,0
2019-09-16,39.99,9.99,30.0,300.3003003003003,6,10,7.0,35.3872602739726,14.0,0
2019-09-17,39.99,9.99,30.0,300.3003003003003,7,11,7.0,35.3872602739726,14.0,0
2019-09-18,39.99,9.99,30.0,300.3003003003003,8,12,7.0,35.38726027397261,14.0,0
2019-09-19,39.99,9.99,30.0,300.3003003003003,9,13,7.0,35.3872602739726,14.0,0
2019-09-20,39.99,9.99,30.0,300.3003003003003,10,14,7.0,35.3872602739726,14.0,0
2019-09-21,39.99,9.99,30.0,300.3003003003003,11,15,7.0,35.3872602739726,14.0,0
2019-09-22,39.99,9.99,30.0,300.3003003003003,12,16,7.0,35.3872602739726,14.0,0
2019-09-23,39.99,9.99,30.0,300.3003003003003,13,17,7.0,35.3872602739726,14.0,0
2019-09-24,39.99,9.99,30.0,300.3003003003003,14,18,7.0,35.3872602739726,14.0,0
2019-09-25,39.99,9.99,30.0,300.3003003003003,15,19,7.0,35.3872602739726,14.0,0
2019-09-26,39.99,9.99,30.0,300.3003003003003,16,20,7.0,35.38726027397261,14.0,0
2019-09-27,39.99,9.99,30.0,300.3003003003003,17,21,7.0,35.3872602739726,14.0,0
2019-09-28,39.99,9.99,30.0,300.3003003003003,18,22,7.0,35.3872602739726,14.0,0
2019-09-29,39.99,9.99,30.0,300.3003003003003,19,23,7.0,35.3872602739726,14.0,1
2019-09-30,39.99,9.99,30.0,300.3003003003003,20,24,7.0,35.3872602739726,14.0,1
2019-10-01,39.99,9.99,30.0,300.3003003003003,21,25,7.0,35.3872602739726,14.0,1
2019-10-02,39.99,9.99,30.0,300.3003003003003,22,26,7.0,35.3872602739726,14.0,1
2019-10-03,39.99,9.99,30.0,300.3003003003003,23,27,7.0,35.3872602739726,14.0,1
2019-10-04,39.99,9.99,30.0,300.3003003003003,24,28,7.0,35.38726027397261,14.0,1
2019-10-05,39.99,9.99,30.0,300.3003003003003,25,29,7.0,35.3872602739726,14.0,1
2019-10-06,39.99,9.99,30.0,300.3003003003003,26,30,7.0,35.3872602739726,14.0,1
2019-10-07,39.99,9.99,30.0,300.3003003003003,27,31,7.0,35.3872602739726,14.0,1
2019-10-08,39.99,9.99,30.0,300.3003003003003,28,32,7.0,35.3872602739726,14.0,1
2019-10-09,39.99,9.99,30.0,300.3003003003003,29,33,7.0,35.3872602739726,14.0,1
2019-10-10,39.99,9.99,30.0,300.3003003003003,30,34,7.0,35.3872602739726,14.0,1
2019-10-11,39.99,9.99,30.0,300.3003003003003,31,35,7.0,35.3872602739726,14.0,1
2019-10-12,39.99,9.99,30.0,300.3003003003003,32,36,7.0,35.38726027397261,14.0,1
2019-10-13,39.99,9.99,30.0,300.3003003003003,33,37,7.0,35.38726027397261,14.0,1
2019-10-14,39.99,9.99,30.0,300.3003003003003,34,38,7.0,35.3872602739726,14.0,1
2019-10-15,39.99,9.99,30.0,300.3003003003003,35,39,7.0,35.3872602739726,14.0,1
2019-10-16,39.99,9.99,30.0,300.3003003003003,36,40,7.0,35.3872602739726,14.0,1
2019-10-17,39.99,9.99,30.0,300.3003003003003,37,41,7.0,35.3872602739726,14.0,1
2019-10-18,39.99,9.99,30.0,300.3003003003003,38,42,7.0,35.3872602739726,14.0,1
2019-10-19,39.99,9.99,30.0,300.3003003003003,39,43,7.0,35.3872602739726,14.0,1
2019-10-20,39.99,9.99,30.0,300.3003003003003,40,44,7.0,35.3872602739726,14.0,1
2019-10-21,39.99,9.99,30.0,300.3003003003003,41,45,7.0,35.38726027397261,14.0,1
2019-10-22,39.99,9.99,30.0,300.3003003003003,42,46,7.0,35.3872602739726,14.0,1
2019-10-23,39.99,9.99,30.0,300.3003003003003,43,47,7.0,35.3872602739726,14.0,1
2019-10-24,39.99,9.99,30.0,300.3003003003003,44,48,7.0,35.3872602739726,14.0,1
2019-10-25,39.99,9.99,30.0,300.3003003003003,45,49,7.0,35.3872602739726,14.0,1
2019-10-26,39.99,9.99,30.0,300.3003003003003,46,50,7.0,35.3872602739726,14.0,1
2019-10-27,39.99,9.99,30.0,300.3003003003003,47,51,7.0,35.3872602739726,14.0,1
2019-10-28,39.99,9.99,30.0,300.3003003003003,48,52,7.0,35.3872602739726,14.0,1
2019-10-29,9.99,9.99,0.0,0.0,0,0,7.0,35.38726027397261,14.0,0
2019-10-30,9.99,9.99,0.0,0.0,1,1,8.0,35.305068493150685,15.0,0
2019-10-31,9.99,9.99,0.0,0.0,2,2,7.0,35.305068493150685,14.0,0
2019-11-01,9.99,9.99,0.0,0.0,3,3,7.0,35.305068493150685,14.0,0
2019-11-02,39.99,9.99,30.0,300.3003003003003,0,4,7.0,35.305068493150685,14.0,1
2019-11-03,39.99,9.99,30.0,300.3003003003003,1,5,7.0,35.3872602739726,15.0,1
2019-11-04,39.99,9.99,30.0,300.3003003003003,2,6,7.0,35.46945205479452,15.0,1
2019-11-05,39.99,9.99,30.0,300.3003003003003,3,7,7.0,35.55164383561644,15.0,1
2019-11-06,39.99,9.99,30.0,300.3003003003003,4,8,7.0,35.63383561643836,15.0,1
2019-11-07,39.99,9.99,30.0,300.3003003003003,5,9,7.0,35.633835616438354,14.0,1
2019-11-08,39.99,9.99,30.0,300.3003003003003,6,10,7.0,35.633835616438354,14.0,1
2019-11-09,39.99,9.99,30.0,300.3003003003003,7,11,7.0,35.633835616438354,14.0,1
2019-11-10,39.99,9.99,30.0,300.3003003003003,8,12,7.0,35.633835616438354,14.0,1
2019-11-11,39.99,9.99,30.0,300.3003003003003,9,13,7.0,35.633835616438354,14.0,1
2019-11-12,39.99,9.99,30.0,300.3003003003003,10,14,7.0,35.633835616438354,14.0,1
2019-11-13,39.99,9.99,30.0,300.3003003003003,11,15,7.0,35.633835616438354,14.0,1
2019-11-14,39.99,9.99,30.0,300.3003003003003,12,16,7.0,35.63383561643836,14.0,1
2019-11-15,39.99,9.99,30.0,300.3003003003003,13,17,7.0,35.63383561643836,14.0,1
2019-11-16,39.99,9.99,30.0,300.3003003003003,14,18,7.0,35.633835616438354,14.0,1
2019-11-17,39.99,9.99,30.0,300.3003003003003,15,19,7.0,35.633835616438354,14.0,1
2019-11-18,39.99,9.99,30.0,300.3003003003003,16,20,7.0,35.633835616438354,14.0,1
2019-11-19,39.99,9.99,30.0,300.3003003003003,17,21,7.0,35.633835616438354,14.0,1
2019-11-20,39.99,9.99,30.0,300.3003003003003,18,22,7.0,35.633835616438354,14.0,1
2019-11-21,39.99,9.99,30.0,300.3003003003003,19,23,7.0,35.633835616438354,14.0,1
2019-11-22,39.99,9.99,30.0,300.3003003003003,20,24,7.0,35.633835616438354,14.0,1
2019-11-23,39.99,9.99,30.0,300.3003003003003,21,25,6.0,35.71602739726028,13.0,1
2019-11-24,39.99,9.99,30.0,300.3003003003003,22,26,6.0,35.79821917808219,13.0,1
2019-11-25,39.99,9.99,30.0,300.3003003003003,23,27,6.0,35.88041095890411,13.0,1
2019-11-26,39.99,9.99,30.0,300.3003003003003,24,28,6.0,35.96260273972603,13.0,1
2019-11-27,9.99,9.99,0.0,0.0,0,0,6.0,36.044794520547946,13.0,0
2019-11-28,9.99,9.99,0.0,0.0,1,1,7.0,36.044794520547946,14.0,0
2019-11-29,9.99,9.99,0.0,0.0,2,2,7.0,35.96260273972603,13.0,0
2019-11-30,9.99,9.99,0.0,0.0,3,3,7.0,35.88041095890411,13.0,0
2019-12-01,9.99,9.99,0.0,0.0,4,4,7.0,35.7982191780822,13.0,0
2019-12-02,9.99,9.99,0.0,0.0,5,5,7.0,35.71602739726028,13.0,0
2019-12-03,9.99,9.99,0.0,0.0,6,6,7.0,35.633835616438354,13.0,0
2019-12-04,39.99,9.99,30.0,300.3003003003003,0,7,7.0,35.55164383561644,13.0,1
2019-12-05,39.99,9.99,30.0,300.3003003003003,1,8,7.0,35.55164383561644,14.0,1
2019-12-06,39.99,9.99,30.0,300.3003003003003,2,9,7.0,35.55164383561644,14.0,1
2019-12-07,39.99,9.99,30.0,300.3003003003003,3,10,7.0,35.55164383561644,14.0,1
2019-12-08,39.99,9.99,30.0,300.3003003003003,4,11,7.0,35.55164383561644,14.0,1
2019-12-09,39.99,9.99,30.0,300.3003003003003,5,12,7.0,35.551643835616446,14.0,1
2019-12-10,39.99,9.99,30.0,300.3003003003003,6,13,7.0,35.55164383561644,14.0,1
2019-12-11,39.99,9.99,30.0,300.3003003003003,7,14,7.0,35.55164383561644,14.0,1
2019-12-12,39.99,9.99,30.0,300.3003003003003,8,15,7.0,35.55164383561644,14.0,1
2019-12-13,39.99,9.99,30.0,300.3003003003003,9,16,7.0,35.55164383561644,14.0,1
2019-12-14,39.99,9.99,30.0,300.3003003003003,10,17,7.0,35.55164383561644,14.0,1
2019-12-15,39.99,9.99,30.0,300.3003003003003,11,18,7.0,35.55164383561644,14.0,1
2019-12-16,39.99,9.99,30.0,300.3003003003003,12,19,7.0,35.55164383561644,14.0,1
2019-12-17,39.99,9.99,30.0,300.3003003003003,13,20,7.0,35.55164383561644,14.0,1
2019-12-18,39.99,9.99,30.0,300.3003003003003,14,21,7.0,35.551643835616446,14.0,1
2019-12-19,39.99,9.99,30.0,300.3003003003003,15,22,7.0,35.55164383561644,14.0,1
2019-12-20,9.99,9.99,0.0,0.0,0,0,7.0,35.55164383561644,14.0,0
2019-12-21,9.99,9.99,0.0,0.0,1,1,8.0,35.46945205479452,15.0,0
2019-12-22,9.99,9.99,0.0,0.0,2,2,7.0,35.46945205479452,14.0,0
2019-12-23,9.99,9.99,0.0,0.0,3,3,7.0,35.46945205479452,14.0,0
2019-12-24,9.99,9.99,0.0,0.0,4,4,7.0,35.46945205479452,14.0,0
2019-12-25,9.99,9.99,0.0,0.0,5,5,7.0,35.46945205479452,14.0,0
2019-12-26,9.99,9.99,0.0,0.0,6,6,7.0,35.46945205479452,14.0,0
2019-12-27,9.99,9.99,0.0,0.0,7,7,7.0,35.46945205479452,14.0,0
2019-12-28,9.99,9.99,0.0,0.0,8,8,7.0,35.46945205479452,14.0,0
2019-12-29,9.99,9.99,0.0,0.0,9,9,7.0,35.46945205479452,14.0,0
2019-12-30,9.99,9.99,0.0,0.0,10,10,7.0,35.46945205479452,14.0,0
2019-12-31,9.99,9.99,0.0,0.0,11,11,7.0,35.46945205479452,14.0,0
2020-01-01,9.99,9.99,0.0,0.0,12,12,7.0,35.46945205479452,14.0,0
2020-01-02,9.99,9.99,0.0,0.0,13,13,7.0,35.46945205479452,14.0,0
2020-01-03,39.99,9.99,30.0,300.3003003003003,0,14,7.0,35.46945205479452,14.0,1
2020-01-04,39.99,9.99,30.0,300.3003003003003,1,15,7.0,35.55164383561644,15.0,1
2020-01-05,39.99,9.99,30.0,300.3003003003003,2,16,7.0,35.55164383561644,14.0,1
2020-01-06,39.99,9.99,30.0,300.3003003003003,3,17,7.0,35.55164383561644,14.0,1
2020-01-07,39.99,9.99,30.0,300.3003003003003,4,18,7.0,35.55164383561644,14.0,1
2020-01-08,39.99,9.99,30.0,300.3003003003003,5,19,7.0,35.55164383561644,14.0,1
2020-01-09,39.99,9.99,30.0,300.3003003003003,6,20,7.0,35.55164383561644,14.0,1
2020-01-10,39.99,9.99,30.0,300.3003003003003,7,21,7.0,35.55164383561644,14.0,1
2020-01-11,39.99,9.99,30.0,300.3003003003003,8,22,7.0,35.551643835616446,14.0,1
2020-01-12,39.99,9.99,30.0,300.3003003003003,9,23,7.0,35.551643835616446,14.0,1
2020-01-13,39.99,9.99,30.0,300.3003003003003,10,24,7.0,35.55164383561644,14.0,1
2020-01-14,39.99,9.99,30.0,300.3003003003003,11,25,7.0,35.55164383561644,14.0,1
2020-01-15,39.99,9.99,30.0,300.3003003003003,12,26,7.0,35.55164383561644,14.0,1
2020-01-16,39.99,9.99,30.0,300.3003003003003,13,27,7.0,35.55164383561644,14.0,1
2020-01-17,39.99,9.99,30.0,300.3003003003003,14,28,7.0,35.55164383561644,14.0,1
2020-01-18,39.99,9.99,30.0,300.3003003003003,15,29,7.0,35.55164383561644,14.0,1
2020-01-19,39.99,9.99,30.0,300.3003003003003,16,30,7.0,35.55164383561644,14.0,1
2020-01-20,39.99,9.99,30.0,300.3003003003003,17,31,7.0,35.551643835616446,14.0,1
2020-01-21,39.99,9.99,30.0,300.3003003003003,18,32,7.0,35.55164383561644,14.0,1
2020-01-22,39.99,9.99,30.0,300.3003003003003,19,33,7.0,35.55164383561644,14.0,1
2020-01-23,39.99,9.99,30.0,300.3003003003003,20,34,7.0,35.55164383561644,14.0,1
2020-01-24,9.99,9.99,0.0,0.0,0,0,7.0,35.55164383561644,14.0,0
2020-01-25,9.99,9.99,0.0,0.0,1,1,8.0,35.46945205479452,15.0,0
2020-01-26,9.99,9.99,0.0,0.0,2,2,8.0,35.3872602739726,15.0,0
2020-01-27,9.99,9.99,0.0,0.0,3,3,8.0,35.305068493150685,15.0,0
2020-01-28,39.99,9.99,30.0,300.3003003003003,0,4,8.0,35.22287671232877,15.0,0
2020-01-29,39.99,9.99,30.0,300.3003003003003,1,5,8.0,35.22287671232877,16.0,0
2020-01-30,39.99,9.99,30.0,300.3003003003003,2,6,8.0,35.22287671232877,16.0,0
2020-01-31,39.99,9.99,30.0,300.3003003003003,3,7,8.0,35.22287671232877,16.0,0
2020-02-01,39.99,9.99,30.0,300.3003003003003,4,8,8.0,35.22287671232877,16.0,0
2020-02-02,39.99,9.99,30.0,300.3003003003003,5,9,8.0,35.22287671232877,16.0,0
2020-02-03,39.99,9.99,30.0,300.3003003003003,6,10,8.0,35.22287671232877,16.0,0
2020-02-04,39.99,9.99,30.0,300.3003003003003,7,11,8.0,35.22287671232877,16.0,0
2020-02-05,39.99,9.99,30.0,300.3003003003003,8,12,8.0,35.22287671232877,16.0,0
2020-02-06,39.99,9.99,30.0,300.3003003003003,9,13,7.0,35.305068493150685,15.0,0
2020-02-07,39.99,9.99,30.0,300.3003003003003,10,14,7.0,35.3872602739726,15.0,0
2020-02-08,39.99,9.99,30.0,300.3003003003003,11,15,7.0,35.46945205479452,15.0,0
2020-02-09,39.99,9.99,30.0,300.3003003003003,12,16,7.0,35.55164383561644,15.0,0
2020-02-10,39.99,9.99,30.0,300.3003003003003,13,17,7.0,35.633835616438354,15.0,0
2020-02-11,39.99,9.99,30.0,300.3003003003003,14,18,7.0,35.71602739726028,15.0,0
2020-02-12,39.99,9.99,30.0,300.3003003003003,15,19,7.0,35.79821917808219,15.0,0
2020-02-13,39.99,9.99,30.0,300.3003003003003,16,20,7.0,35.7982191780822,14.0,0
2020-02-14,39.99,9.99,30.0,300.3003003003003,17,21,7.0,35.7982191780822,14.0,0
2020-02-15,39.99,9.99,30.0,300.3003003003003,18,22,7.0,35.79821917808219,14.0,0
2020-02-16,39.99,9.99,30.0,300.3003003003003,19,23,7.0,35.79821917808219,14.0,0
2020-02-17,39.99,9.99,30.0,300.3003003003003,20,24,7.0,35.79821917808219,14.0,0
2020-02-18,39.99,9.99,30.0,300.3003003003003,21,25,7.0,35.79821917808219,14.0,0
2020-02-19,39.99,9.99,30.0,300.3003003003003,22,26,7.0,35.79821917808219,14.0,0
2020-02-20,39.99,9.99,30.0,300.3003003003003,23,27,7.0,35.79821917808219,14.0,0
2020-02-21,39.99,9.99,30.0,300.3003003003003,24,28,7.0,35.79821917808219,14.0,0
2020-02-22,39.99,9.99,30.0,300.3003003003003,25,29,7.0,35.7982191780822,14.0,0
2020-02-23,39.99,9.99,30.0,300.3003003003003,26,30,7.0,35.79821917808219,14.0,0
2020-02-24,39.99,9.99,30.0,300.3003003003003,27,31,7.0,35.79821917808219,14.0,0
2020-02-25,39.99,9.99,30.0,300.3003003003003,28,32,7.0,35.79821917808219,14.0,0
2020-02-26,39.99,9.99,30.0,300.3003003003003,29,33,7.0,35.79821917808219,14.0,0
2020-02-27,39.99,9.99,30.0,300.3003003003003,30,34,7.0,35.79821917808219,14.0,0
2020-02-28,39.99,9.99,30.0,300.3003003003003,31,35,7.0,35.79821917808219,14.0,0
2020-02-29,39.99,9.99,30.0,300.3003003003003,32,36,7.0,35.79821917808219,14.0,0
2020-03-01,39.99,9.99,30.0,300.3003003003003,33,37,7.0,35.7982191780822,14.0,0
2020-03-02,39.99,9.99,30.0,300.3003003003003,34,38,7.0,35.79821917808219,14.0,0
2020-03-03,39.99,9.99,30.0,300.3003003003003,35,39,7.0,35.79821917808219,14.0,0
2020-03-04,39.99,9.99,30.0,300.3003003003003,36,40,7.0,35.79821917808219,14.0,0
2020-03-05,39.99,9.99,30.0,300.3003003003003,37,41,7.0,35.79821917808219,14.0,0
2020-03-06,39.99,9.99,30.0,300.3003003003003,38,42,7.0,35.79821917808219,14.0,0
2020-03-07,39.99,9.99,30.0,300.3003003003003,39,43,7.0,35.79821917808219,14.0,0
2020-03-08,39.99,9.99,30.0,300.3003003003003,40,44,7.0,35.79821917808219,14.0,0
2020-03-09,39.99,9.99,30.0,300.3003003003003,41,45,7.0,35.7982191780822,14.0,0
2020-03-10,39.99,9.99,30.0,300.3003003003003,42,46,7.0,35.79821917808219,14.0,0
2020-03-11,39.99,9.99,30.0,300.3003003003003,43,47,7.0,35.79821917808219,14.0,0
2020-03-12,39.99,9.99,30.0,300.3003003003003,44,48,7.0,35.79821917808219,14.0,0
2020-03-13,39.99,9.99,30.0,300.3003003003003,45,49,7.0,35.79821917808219,14.0,0
2020-03-14,39.99,9.99,30.0,300.3003003003003,46,50,7.0,35.79821917808219,14.0,0
2020-03-15,39.99,9.99,30.0,300.3003003003003,47,51,7.0,35.79821917808219,14.0,0
2020-03-16,39.99,9.99,30.0,300.3003003003003,48,52,7.0,35.79821917808219,14.0,0
2020-03-17,39.99,9.99,30.0,300.3003003003003,49,53,7.0,35.7982191780822,14.0,0
2020-03-18,39.99,9.99,30.0,300.3003003003003,50,54,7.0,35.7982191780822,14.0,1
2020-03-19,39.99,9.99,30.0,300.3003003003003,51,55,7.0,35.79821917808219,14.0,1
2020-03-20,39.99,9.99,30.0,300.3003003003003,52,56,7.0,35.79821917808219,14.0,1
2020-03-21,39.99,9.99,30.0,300.3003003003003,53,57,7.0,35.79821917808219,14.0,1
2020-03-22,39.99,9.99,30.0,300.3003003003003,54,58,7.0,35.79821917808219,14.0,1
2020-03-23,39.99,9.99,30.0,300.3003003003003,55,59,7.0,35.79821917808219,14.0,1
2020-03-24,39.99,9.99,30.0,300.3003003003003,56,60,7.0,35.79821917808219,14.0,1
2020-03-25,39.99,9.99,30.0,300.3003003003003,57,61,7.0,35.79821917808219,14.0,1
2020-03-26,39.99,9.99,30.0,300.3003003003003,58,62,7.0,35.7982191780822,14.0,1
2020-03-27,39.99,9.99,30.0,300.3003003003003,59,63,7.0,35.79821917808219,14.0,1
2020-03-28,39.99,9.99,30.0,300.3003003003003,60,64,7.0,35.79821917808219,14.0,1
2020-03-29,39.99,9.99,30.0,300.3003003003003,61,65,7.0,35.79821917808219,14.0,1
2020-03-30,39.99,9.99,30.0,300.3003003003003,62,66,7.0,35.79821917808219,14.0,1
2020-03-31,39.99,9.99,30.0,300.3003003003003,63,67,7.0,35.79821917808219,14.0,1
2020-04-01,39.99,9.99,30.0,300.3003003003003,64,68,7.0,35.79821917808219,14.0,1
2020-04-02,39.99,9.99,30.0,300.3003003003003,65,69,7.0,35.79821917808219,14.0,1
2020-04-03,39.99,9.99,30.0,300.3003003003003,66,70,7.0,35.7982191780822,14.0,1
2020-04-04,39.99,9.99,30.0,300.3003003003003,67,71,7.0,35.79821917808219,14.0,1
2020-04-05,39.99,9.99,30.0,300.3003003003003,68,72,7.0,35.79821917808219,14.0,1
2020-04-06,39.99,9.99,30.0,300.3003003003003,69,73,7.0,35.79821917808219,14.0,1
2020-04-07,39.99,9.99,30.0,300.3003003003003,70,74,7.0,35.79821917808219,14.0,1
2020-04-08,39.99,9.99,30.0,300.3003003003003,71,75,7.0,35.79821917808219,14.0,1
2020-04-09,39.99,9.99,30.0,300.3003003003003,72,76,7.0,35.79821917808219,14.0,1
2020-04-10,39.99,9.99,30.0,300.3003003003003,73,77,7.0,35.79821917808219,14.0,1
2020-04-11,39.99,9.99,30.0,300.3003003003003,74,78,7.0,35.7982191780822,14.0,1
2020-04-12,39.99,9.99,30.0,300.3003003003003,75,79,7.0,35.79821917808219,14.0,1
2020-04-13,39.99,9.99,30.0,300.3003003003003,76,80,7.0,35.79821917808219,14.0,1
2020-04-14,39.99,9.99,30.0,300.3003003003003,77,81,7.0,35.79821917808219,14.0,1
2020-04-15,39.99,9.99,30.0,300.3003003003003,78,82,7.0,35.79821917808219,14.0,1
2020-04-16,39.99,9.99,30.0,300.3003003003003,79,83,7.0,35.79821917808219,14.0,1
2020-04-17,9.99,9.99,0.0,0.0,0,0,7.0,35.79821917808219,14.0,0
2020-04-18,9.99,9.99,0.0,0.0,1,1,8.0,35.71602739726028,15.0,0
2020-04-19,9.99,9.99,0.0,0.0,2,2,8.0,35.633835616438354,15.0,0
2020-04-20,9.99,9.99,0.0,0.0,3,3,8.0,35.551643835616446,15.0,0
2020-04-21,39.99,9.99,30.0,300.3003003003003,0,4,8.0,35.46945205479452,15.0,0
2020-04-22,39.99,9.99,30.0,300.3003003003003,1,5,8.0,35.46945205479452,16.0,0
2020-04-23,39.99,9.99,30.0,300.3003003003003,2,6,8.0,35.46945205479452,16.0,0
2020-04-24,39.99,9.99,30.0,300.3003003003003,3,7,8.0,35.46945205479452,16.0,0
2020-04-25,39.99,9.99,30.0,300.3003003003003,4,8,8.0,35.46945205479452,16.0,0
2020-04-26,39.99,9.99,30.0,300.3003003003003,5,9,8.0,35.46945205479452,16.0,0
2020-04-27,39.99,9.99,30.0,300.3003003003003,6,10,8.0,35.46945205479452,16.0,0
2020-04-28,39.99,9.99,30.0,300.3003003003003,7,11,8.0,35.46945205479452,16.0,0
2020-04-29,39.99,9.99,30.0,300.3003003003003,8,12,8.0,35.46945205479452,16.0,0
2020-04-30,39.99,9.99,30.0,300.3003003003003,9,13,8.0,35.46945205479452,16.0,0
2020-05-01,39.99,9.99,30.0,300.3003003003003,10,14,8.0,35.46945205479452,16.0,0
2020-05-02,39.99,9.99,30.0,300.3003003003003,11,15,8.0,35.46945205479452,16.0,0
2020-05-03,39.99,9.99,30.0,300.3003003003003,12,16,8.0,35.46945205479452,16.0,0
2020-05-04,39.99,9.99,30.0,300.3003003003003,13,17,8.0,35.46945205479452,16.0,0
2020-05-05,39.99,9.99,30.0,300.3003003003003,14,18,8.0,35.46945205479452,16.0,0
2020-05-06,39.99,9.99,30.0,300.3003003003003,15,19,8.0,35.46945205479452,16.0,0
2020-05-07,39.99,9.99,30.0,300.3003003003003,16,20,8.0,35.46945205479452,16.0,0
2020-05-08,39.99,9.99,30.0,300.3003003003003,17,21,8.0,35.46945205479452,16.0,0
2020-05-09,39.99,9.99,30.0,300.3003003003003,18,22,8.0,35.46945205479452,16.0,0
2020-05-10,39.99,9.99,30.0,300.3003003003003,19,23,8.0,35.46945205479452,16.0,0
2020-05-11,39.99,9.99,30.0,300.3003003003003,20,24,8.0,35.46945205479452,16.0,0
2020-05-12,39.99,9.99,30.0,300.3003003003003,21,25,8.0,35.46945205479452,16.0,0
2020-05-13,39.99,9.99,30.0,300.3003003003003,22,26,8.0,35.46945205479452,16.0,0
2020-05-14,39.99,9.99,30.0,300.3003003003003,23,27,8.0,35.46945205479452,16.0,0
2020-05-15,39.99,9.99,30.0,300.3003003003003,24,28,8.0,35.46945205479452,16.0,0
2020-05-16,39.99,9.99,30.0,300.3003003003003,25,29,8.0,35.46945205479452,16.0,0
2020-05-17,39.99,9.99,30.0,300.3003003003003,26,30,8.0,35.46945205479452,16.0,0
2020-05-18,39.99,9.99,30.0,300.3003003003003,27,31,8.0,35.46945205479452,16.0,0
2020-05-19,39.99,9.99,30.0,300.3003003003003,28,32,8.0,35.46945205479452,16.0,0
2020-05-20,39.99,9.99,30.0,300.3003003003003,29,33,8.0,35.46945205479452,16.0,0
2020-05-21,39.99,9.99,30.0,300.3003003003003,30,34,8.0,35.46945205479452,16.0,0
2020-05-22,39.99,9.99,30.0,300.3003003003003,31,35,8.0,35.46945205479452,16.0,0
2020-05-23,39.99,9.99,30.0,300.3003003003003,32,36,8.0,35.46945205479452,16.0,0
2020-05-24,39.99,9.99,30.0,300.3003003003003,33,37,8.0,35.46945205479452,16.0,0
2020-05-25,39.99,9.99,30.0,300.3003003003003,34,38,8.0,35.46945205479452,16.0,0
2020-05-26,39.99,9.99,30.0,300.3003003003003,35,39,8.0,35.46945205479452,16.0,0
2020-05-27,39.99,9.99,30.0,300.3003003003003,36,40,8.0,35.46945205479452,16.0,0
2020-05-28,39.99,9.99,30.0,300.3003003003003,37,41,8.0,35.46945205479452,16.0,0
2020-05-29,39.99,9.99,30.0,300.3003003003003,38,42,8.0,35.46945205479452,16.0,0
2020-05-30,39.99,9.99,30.0,300.3003003003003,39,43,8.0,35.46945205479452,16.0,0
2020-05-31,39.99,9.99,30.0,300.3003003003003,40,44,8.0,35.46945205479452,16.0,0
2020-06-01,39.99,9.99,30.0,300.3003003003003,41,45,8.0,35.46945205479452,16.0,0
2020-06-02,39.99,9.99,30.0,300.3003003003003,42,46,8.0,35.46945205479452,16.0,0
2020-06-03,39.99,9.99,30.0,300.3003003003003,43,47,8.0,35.46945205479452,16.0,0
2020-06-04,39.99,9.99,30.0,300.3003003003003,44,48,8.0,35.46945205479452,16.0,0
2020-06-05,39.99,9.99,30.0,300.3003003003003,45,49,8.0,35.46945205479452,16.0,0
2020-06-06,39.99,9.99,30.0,300.3003003003003,46,50,8.0,35.46945205479452,16.0,0
2020-06-07,39.99,9.99,30.0,300.3003003003003,47,51,8.0,35.46945205479452,16.0,0
2020-06-08,39.99,9.99,30.0,300.3003003003003,48,52,8.0,35.46945205479452,16.0,0
2020-06-09,39.99,9.99,30.0,300.3003003003003,49,53,8.0,35.46945205479452,16.0,0
2020-06-10,39.99,9.99,30.0,300.3003003003003,50,54,8.0,35.46945205479452,16.0,0
2020-06-11,39.99,9.99,30.0,300.3003003003003,51,55,8.0,35.46945205479452,16.0,0
2020-06-12,39.99,9.99,30.0,300.3003003003003,52,56,8.0,35.46945205479452,16.0,0
2020-06-13,39.99,9.99,30.0,300.3003003003003,53,57,8.0,35.46945205479452,16.0,0
2020-06-14,39.99,9.99,30.0,300.3003003003003,54,58,7.0,35.55164383561644,15.0,0
2020-06-15,39.99,9.99,30.0,300.3003003003003,55,59,7.0,35.633835616438354,15.0,0
2020-06-16,39.99,9.99,30.0,300.3003003003003,56,60,7.0,35.71602739726028,15.0,0
2020-06-17,39.99,9.99,30.0,300.3003003003003,57,61,7.0,35.7982191780822,15.0,0
2020-06-18,39.99,9.99,30.0,300.3003003003003,58,62,7.0,35.79821917808219,14.0,0
2020-06-19,39.99,9.99,30.0,300.3003003003003,59,63,7.0,35.79821917808219,14.0,0
2020-06-20,39.99,9.99,30.0,300.3003003003003,60,64,7.0,35.79821917808219,14.0,0
2020-06-21,39.99,9.99,30.0,300.3003003003003,61,65,7.0,35.79821917808219,14.0,0
2020-06-22,39.99,9.99,30.0,300.3003003003003,62,66,7.0,35.79821917808219,14.0,0
2020-06-23,39.99,9.99,30.0,300.3003003003003,63,67,7.0,35.79821917808219,14.0,0
2020-06-24,39.99,9.99,30.0,300.3003003003003,64,68,7.0,35.79821917808219,14.0,0
2020-06-25,39.99,9.99,30.0,300.3003003003003,65,69,7.0,35.7982191780822,14.0,0
2020-06-26,39.99,9.99,30.0,300.3003003003003,66,70,6.0,35.88041095890411,13.0,0
2020-06-27,39.99,9.99,30.0,300.3003003003003,67,71,6.0,35.96260273972603,13.0,0
2020-06-28,39.99,9.99,30.0,300.3003003003003,68,72,6.0,36.044794520547946,13.0,0
2020-06-29,39.99,9.99,30.0,300.3003003003003,69,73,6.0,36.12698630136986,13.0,0
2020-06-30,39.99,9.99,30.0,300.3003003003003,70,74,6.0,36.209178082191784,13.0,0
2020-07-01,39.99,9.99,30.0,300.3003003003003,71,75,6.0,36.2913698630137,13.0,0
2020-07-02,39.99,9.99,30.0,300.3003003003003,72,76,6.0,36.373561643835615,13.0,0
2020-07-03,39.99,9.99,30.0,300.3003003003003,73,77,6.0,36.45575342465754,13.0,0
2020-07-04,39.99,9.99,30.0,300.3003003003003,74,78,6.0,36.53794520547945,13.0,0
2020-07-05,39.99,9.99,30.0,300.3003003003003,75,79,6.0,36.62013698630137,13.0,0
2020-07-06,39.99,9.99,30.0,300.3003003003003,76,80,6.0,36.70232876712329,13.0,0
2020-07-07,39.99,9.99,30.0,300.3003003003003,77,81,6.0,36.784520547945206,13.0,0
2020-07-08,39.99,9.99,30.0,300.3003003003003,78,82,6.0,36.86671232876712,13.0,0
2020-07-09,39.99,9.99,30.0,300.3003003003003,79,83,6.0,36.948904109589044,13.0,0
2020-07-10,39.99,9.99,30.0,300.3003003003003,80,84,6.0,36.948904109589044,12.0,0
2020-07-11,39.99,9.99,30.0,300.3003003003003,81,85,6.0,36.948904109589044,12.0,0
2020-07-12,39.99,9.99,30.0,300.3003003003003,82,86,6.0,36.948904109589044,12.0,0
2020-07-13,39.99,9.99,30.0,300.3003003003003,83,87,6.0,36.948904109589044,12.0,0
2020-07-14,39.99,9.99,30.0,300.3003003003003,84,88,6.0,36.948904109589044,12.0,0
2020-07-15,39.99,9.99,30.0,300.3003003003003,85,89,6.0,36.948904109589044,12.0,0
2020-07-16,39.99,9.99,30.0,300.3003003003003,86,90,6.0,36.948904109589044,12.0,0
2020-07-17,39.99,9.99,30.0,300.3003003003003,87,91,6.0,36.948904109589044,12.0,0
2020-07-18,39.99,9.99,30.0,300.3003003003003,88,92,6.0,36.948904109589044,12.0,0
2020-07-19,39.99,9.99,30.0,300.3003003003003,89,93,6.0,36.948904109589044,12.0,0
2020-07-20,39.99,9.99,30.0,300.3003003003003,90,94,6.0,36.948904109589044,12.0,0
2020-07-21,39.99,9.99,30.0,300.3003003003003,91,95,6.0,36.948904109589044,12.0,0
2020-07-22,39.99,9.99,30.0,300.3003003003003,92,96,6.0,36.948904109589044,12.0,0
2020-07-23,39.99,9.99,30.0,300.3003003003003,93,97,6.0,36.948904109589044,12.0,0
2020-07-24,39.99,9.99,30.0,300.3003003003003,94,98,6.0,36.948904109589044,12.0,0
2020-07-25,39.99,9.99,30.0,300.3003003003003,95,99,6.0,36.948904109589044,12.0,0
2020-07-26,39.99,9.99,30.0,300.3003003003003,96,100,6.0,36.948904109589044,12.0,0
2020-07-27,39.99,9.99,30.0,300.3003003003003,97,101,6.0,36.948904109589044,12.0,0
2020-07-28,39.99,9.99,30.0,300.3003003003003,98,102,6.0,36.948904109589044,12.0,0
2020-07-29,39.99,9.99,30.0,300.3003003003003,99,103,6.0,36.948904109589044,12.0,0
2020-07-30,39.99,9.99,30.0,300.3003003003003,100,104,6.0,36.948904109589044,12.0,0
2020-07-31,39.99,9.99,30.0,300.3003003003003,101,105,6.0,36.948904109589044,12.0,0
2020-08-01,39.99,9.99,30.0,300.3003003003003,102,106,6.0,36.948904109589044,12.0,0
2020-08-02,39.99,9.99,30.0,300.3003003003003,103,107,6.0,36.948904109589044,12.0,0
2020-08-03,39.99,9.99,30.0,300.3003003003003,104,108,6.0,36.948904109589044,12.0,0
2020-08-04,39.99,9.99,30.0,300.3003003003003,105,109,6.0,36.948904109589044,12.0,0
2020-08-05,39.99,9.99,30.0,300.3003003003003,106,110,6.0,36.948904109589044,12.0,0
2020-08-06,39.99,9.99,30.0,300.3003003003003,107,111,6.0,36.948904109589044,12.0,0
2020-08-07,39.99,9.99,30.0,300.3003003003003,108,112,6.0,36.948904109589044,12.0,0
2020-08-08,39.99,9.99,30.0,300.3003003003003,109,113,6.0,36.948904109589044,12.0,0
2020-08-09,39.99,9.99,30.0,300.3003003003003,110,114,6.0,36.948904109589044,12.0,0
2020-08-10,39.99,9.99,30.0,300.3003003003003,111,115,6.0,36.948904109589044,12.0,0
2020-08-11,39.99,9.99,30.0,300.3003003003003,112,116,6.0,36.948904109589044,12.0,0
2020-08-12,39.99,9.99,30.0,300.3003003003003,113,117,6.0,36.948904109589044,12.0,0
2020-08-13,39.99,9.99,30.0,300.3003003003003,114,118,6.0,36.948904109589044,12.0,0
2020-08-14,39.99,9.99,30.0,300.3003003003003,115,119,6.0,36.948904109589044,12.0,0
2020-08-15,39.99,9.99,30.0,300.3003003003003,116,120,6.0,36.948904109589044,12.0,0
2020-08-16,39.99,9.99,30.0,300.3003003003003,117,121,6.0,36.948904109589044,12.0,0
2020-08-17,39.99,9.99,30.0,300.3003003003003,118,122,6.0,36.948904109589044,12.0,0
2020-08-18,39.99,9.99,30.0,300.3003003003003,119,123,6.0,36.948904109589044,12.0,0
2020-08-19,39.99,9.99,30.0,300.3003003003003,120,124,6.0,36.948904109589044,12.0,0
2020-08-20,39.99,9.99,30.0,300.3003003003003,121,125,6.0,36.948904109589044,12.0,0
2020-08-21,39.99,9.99,30.0,300.3003003003003,122,126,6.0,36.948904109589044,12.0,0
2020-08-22,39.99,9.99,30.0,300.3003003003003,123,127,6.0,36.948904109589044,12.0,0
2020-08-23,39.99,9.99,30.0,300.3003003003003,124,128,6.0,36.948904109589044,12.0,0
2020-08-24,39.99,9.99,30.0,300.3003003003003,125,129,6.0,36.948904109589044,12.0,0
2020-08-25,39.99,9.99,30.0,300.3003003003003,126,130,6.0,36.948904109589044,12.0,0
2020-08-26,39.99,9.99,30.0,300.3003003003003,127,131,6.0,36.948904109589044,12.0,0
2020-08-27,39.99,9.99,30.0,300.3003003003003,128,132,6.0,36.948904109589044,12.0,0
2020-08-28,39.99,9.99,30.0,300.3003003003003,129,133,6.0,36.948904109589044,12.0,0
2020-08-29,39.99,9.99,30.0,300.3003003003003,130,134,6.0,36.948904109589044,12.0,0
2020-08-30,39.99,9.99,30.0,300.3003003003003,131,135,6.0,36.948904109589044,12.0,0
2020-08-31,39.99,9.99,30.0,300.3003003003003,132,136,6.0,36.948904109589044,12.0,0
2020-09-01,39.99,9.99,30.0,300.3003003003003,133,137,6.0,36.948904109589044,12.0,0
2020-09-02,39.99,9.99,30.0,300.3003003003003,134,138,6.0,36.948904109589044,12.0,0
2020-09-03,39.99,9.99,30.0,300.3003003003003,135,139,6.0,36.948904109589044,12.0,0
2020-09-04,39.99,9.99,30.0,300.3003003003003,136,140,6.0,36.948904109589044,12.0,0
2020-09-05,39.99,9.99,30.0,300.3003003003003,137,141,6.0,36.948904109589044,12.0,0
2020-09-06,39.99,9.99,30.0,300.3003003003003,138,142,5.0,37.03109589041096,11.0,0
2020-09-07,39.99,9.99,30.0,300.3003003003003,139,143,5.0,37.11328767123288,11.0,0
2020-09-08,39.99,9.99,30.0,300.3003003003003,140,144,5.0,37.1954794520548,11.0,0
2020-09-09,39.99,9.99,30.0,300.3003003003003,141,145,5.0,37.27767123287671,11.0,0
2020-09-10,39.99,9.99,30.0,300.3003003003003,142,146,5.0,37.27767123287671,10.0,0
2020-09-11,39.99,9.99,30.0,300.3003003003003,143,147,5.0,37.27767123287671,10.0,0
2020-09-12,39.99,9.99,30.0,300.3003003003003,144,148,5.0,37.27767123287671,10.0,0
2020-09-13,39.99,9.99,30.0,300.3003003003003,145,149,5.0,37.27767123287671,10.0,0
2020-09-14,39.99,9.99,30.0,300.3003003003003,146,150,5.0,37.27767123287671,10.0,0
2020-09-15,39.99,9.99,30.0,300.3003003003003,147,151,5.0,37.27767123287672,10.0,0
2020-09-16,39.99,9.99,30.0,300.3003003003003,148,152,5.0,37.27767123287672,10.0,0
2020-09-17,39.99,9.99,30.0,300.3003003003003,149,153,5.0,37.27767123287671,10.0,0
2020-09-18,39.99,9.99,30.0,300.3003003003003,150,154,5.0,37.27767123287671,10.0,0
2020-09-19,39.99,9.99,30.0,300.3003003003003,151,155,5.0,37.27767123287671,10.0,0
2020-09-20,39.99,9.99,30.0,300.3003003003003,152,156,5.0,37.27767123287671,10.0,0
2020-09-21,39.99,9.99,30.0,300.3003003003003,153,157,5.0,37.27767123287671,10.0,0
2020-09-22,39.99,9.99,30.0,300.3003003003003,154,158,5.0,37.27767123287671,10.0,0
2020-09-23,39.99,9.99,30.0,300.3003003003003,155,159,5.0,37.27767123287672,10.0,0
2020-09-24,39.99,9.99,30.0,300.3003003003003,156,160,5.0,37.27767123287672,10.0,0
2020-09-25,39.99,9.99,30.0,300.3003003003003,157,161,5.0,37.27767123287671,10.0,0
2020-09-26,39.99,9.99,30.0,300.3003003003003,158,162,5.0,37.27767123287671,10.0,0
2020-09-27,39.99,9.99,30.0,300.3003003003003,159,163,5.0,37.27767123287671,10.0,0
2020-09-28,39.99,9.99,30.0,300.3003003003003,160,164,5.0,37.27767123287671,10.0,0
2020-09-29,39.99,9.99,30.0,300.3003003003003,161,165,5.0,37.27767123287671,10.0,0
2020-09-30,39.99,9.99,30.0,300.3003003003003,162,166,5.0,37.27767123287671,10.0,0
2020-10-01,39.99,9.99,30.0,300.3003003003003,163,167,5.0,37.27767123287671,10.0,0
2020-10-02,39.99,9.99,30.0,300.3003003003003,164,168,5.0,37.27767123287672,10.0,0
2020-10-03,39.99,9.99,30.0,300.3003003003003,165,169,5.0,37.27767123287671,10.0,0
2020-10-04,39.99,9.99,30.0,300.3003003003003,166,170,5.0,37.27767123287671,10.0,0
2020-10-05,39.99,9.99,30.0,300.3003003003003,167,171,5.0,37.27767123287671,10.0,0
2020-10-06,39.99,9.99,30.0,300.3003003003003,168,172,5.0,37.27767123287671,10.0,0
2020-10-07,39.99,9.99,30.0,300.3003003003003,169,173,5.0,37.27767123287671,10.0,0
2020-10-08,39.99,9.99,30.0,300.3003003003003,170,174,5.0,37.27767123287671,10.0,0
2020-10-09,39.99,9.99,30.0,300.3003003003003,171,175,5.0,37.27767123287671,10.0,0
2020-10-10,39.99,9.99,30.0,300.3003003003003,172,176,5.0,37.27767123287672,10.0,0
2020-10-11,39.99,9.99,30.0,300.3003003003003,173,177,5.0,37.27767123287671,10.0,0
2020-10-12,39.99,9.99,30.0,300.3003003003003,174,178,5.0,37.27767123287671,10.0,0
2020-10-13,39.99,9.99,30.0,300.3003003003003,175,179,5.0,37.27767123287671,10.0,0
2020-10-14,39.99,9.99,30.0,300.3003003003003,176,180,5.0,37.27767123287671,10.0,0
2020-10-15,39.99,9.99,30.0,300.3003003003003,177,181,5.0,37.27767123287671,10.0,0
2020-10-16,39.99,9.99,30.0,300.3003003003003,178,182,5.0,37.27767123287671,10.0,0
2020-10-17,39.99,9.99,30.0,300.3003003003003,179,183,5.0,37.27767123287671,10.0,0
2020-10-18,39.99,9.99,30.0,300.3003003003003,180,184,5.0,37.27767123287672,10.0,0
2020-10-19,39.99,9.99,30.0,300.3003003003003,181,185,5.0,37.27767123287672,10.0,0
2020-10-20,39.99,9.99,30.0,300.3003003003003,182,186,5.0,37.27767123287671,10.0,0
2020-10-21,39.99,9.99,30.0,300.3003003003003,183,187,5.0,37.27767123287671,10.0,0
2020-10-22,39.99,9.99,30.0,300.3003003003003,184,188,5.0,37.27767123287671,10.0,0
2020-10-23,39.99,9.99,30.0,300.3003003003003,185,189,5.0,37.27767123287671,10.0,0
2020-10-24,39.99,9.99,30.0,300.3003003003003,186,190,5.0,37.27767123287671,10.0,0
2020-10-25,39.99,9.99,30.0,300.3003003003003,187,191,5.0,37.27767123287671,10.0,0
2020-10-26,39.99,9.99,30.0,300.3003003003003,188,192,5.0,37.27767123287672,10.0,0
2020-10-27,39.99,9.99,30.0,300.3003003003003,189,193,5.0,37.27767123287672,10.0,1
2020-10-28,39.99,9.99,30.0,300.3003003003003,190,194,5.0,37.27767123287671,10.0,1
2020-10-29,39.99,9.99,30.0,300.3003003003003,191,195,4.0,37.35986301369863,9.0,1
2020-10-30,39.99,9.99,30.0,300.3003003003003,192,196,4.0,37.44205479452055,9.0,1
2020-10-31,39.99,9.99,30.0,300.3003003003003,193,197,4.0,37.52424657534247,9.0,1
2020-11-01,39.99,9.99,30.0,300.3003003003003,194,198,4.0,37.60643835616438,9.0,1
2020-11-02,39.99,9.99,30.0,300.3003003003003,195,199,4.0,37.60643835616438,8.0,1
2020-11-03,39.99,9.99,30.0,300.3003003003003,196,200,4.0,37.60643835616438,8.0,1
2020-11-04,39.99,9.99,30.0,300.3003003003003,197,201,4.0,37.60643835616439,8.0,1
2020-11-05,39.99,9.99,30.0,300.3003003003003,198,202,4.0,37.60643835616438,8.0,1
2020-11-06,39.99,9.99,30.0,300.3003003003003,199,203,4.0,37.60643835616438,8.0,1
2020-11-07,39.99,9.99,30.0,300.3003003003003,200,204,4.0,37.60643835616438,8.0,1
2020-11-08,39.99,9.99,30.0,300.3003003003003,201,205,4.0,37.60643835616438,8.0,1
2020-11-09,39.99,9.99,30.0,300.3003003003003,202,206,4.0,37.60643835616438,8.0,1
2020-11-10,39.99,9.99,30.0,300.3003003003003,203,207,4.0,37.60643835616438,8.0,1
2020-11-11,39.99,9.99,30.0,300.3003003003003,204,208,4.0,37.60643835616438,8.0,1
2020-11-12,39.99,9.99,30.0,300.3003003003003,205,209,4.0,37.60643835616439,8.0,1
2020-11-13,39.99,9.99,30.0,300.3003003003003,206,210,4.0,37.60643835616438,8.0,1
2020-11-14,39.99,9.99,30.0,300.3003003003003,207,211,4.0,37.60643835616438,8.0,1
2020-11-15,39.99,9.99,30.0,300.3003003003003,208,212,4.0,37.60643835616438,8.0,1
2020-11-16,39.99,9.99,30.0,300.3003003003003,209,213,4.0,37.60643835616438,8.0,1
2020-11-17,39.99,9.99,30.0,300.3003003003003,210,214,4.0,37.60643835616438,8.0,1
2020-11-18,39.99,9.99,30.0,300.3003003003003,211,215,4.0,37.60643835616438,8.0,1
2020-11-19,39.99,9.99,30.0,300.3003003003003,212,216,4.0,37.60643835616438,8.0,1
2020-11-20,39.99,9.99,30.0,300.3003003003003,213,217,4.0,37.60643835616439,8.0,1
2020-11-21,39.99,9.99,30.0,300.3003003003003,214,218,4.0,37.60643835616439,8.0,1
2020-11-22,39.99,9.99,30.0,300.3003003003003,215,219,4.0,37.60643835616438,8.0,1
2020-11-23,39.99,9.99,30.0,300.3003003003003,216,220,4.0,37.60643835616438,8.0,1
2020-11-24,39.99,9.99,30.0,300.3003003003003,217,221,4.0,37.60643835616438,8.0,1
2020-11-25,39.99,9.99,30.0,300.3003003003003,218,222,4.0,37.60643835616438,8.0,1
2020-11-26,9.99,9.99,0.0,0.0,0,0,4.0,37.60643835616438,8.0,0
2020-11-27,9.99,9.99,0.0,0.0,1,1,4.0,37.60643835616438,8.0,0
2020-11-28,9.99,9.99,0.0,0.0,2,2,4.0,37.60643835616438,8.0,0
2020-11-29,9.99,9.99,0.0,0.0,3,3,4.0,37.60643835616439,8.0,0
2020-11-30,9.99,9.99,0.0,0.0,4,4,4.0,37.60643835616438,8.0,0
2020-12-01,9.99,9.99,0.0,0.0,5,5,4.0,37.60643835616438,8.0,0
2020-12-02,39.99,9.99,30.0,300.3003003003003,0,6,4.0,37.60643835616438,8.0,1
2020-12-03,39.99,9.99,30.0,300.3003003003003,1,7,4.0,37.688630136986305,9.0,1
2020-12-04,39.99,9.99,30.0,300.3003003003003,2,8,4.0,37.688630136986305,8.0,1
2020-12-05,39.99,9.99,30.0,300.3003003003003,3,9,4.0,37.688630136986305,8.0,1
2020-12-06,39.99,9.99,30.0,300.3003003003003,4,10,4.0,37.688630136986305,8.0,1
2020-12-07,39.99,9.99,30.0,300.3003003003003,5,11,4.0,37.688630136986305,8.0,1
2020-12-08,39.99,9.99,30.0,300.3003003003003,6,12,4.0,37.688630136986305,8.0,1
2020-12-09,39.99,9.99,30.0,300.3003003003003,7,13,4.0,37.688630136986305,8.0,1
2020-12-10,39.99,9.99,30.0,300.3003003003003,8,14,4.0,37.688630136986305,8.0,1
2020-12-11,39.99,9.99,30.0,300.3003003003003,9,15,4.0,37.688630136986305,8.0,1
2020-12-12,39.99,9.99,30.0,300.3003003003003,10,16,4.0,37.688630136986305,8.0,1
2020-12-13,39.99,9.99,30.0,300.3003003003003,11,17,4.0,37.688630136986305,8.0,1
2020-12-14,39.99,9.99,30.0,300.3003003003003,12,18,4.0,37.688630136986305,8.0,1
2020-12-15,39.99,9.99,30.0,300.3003003003003,13,19,4.0,37.688630136986305,8.0,1
2020-12-16,39.99,9.99,30.0,300.3003003003003,14,20,4.0,37.688630136986305,8.0,1
2020-12-17,39.99,9.99,30.0,300.3003003003003,15,21,4.0,37.688630136986305,8.0,1
2020-12-18,39.99,9.99,30.0,300.3003003003003,16,22,4.0,37.688630136986305,8.0,1
2020-12-19,39.99,9.99,30.0,300.3003003003003,17,23,4.0,37.688630136986305,8.0,1
2020-12-20,39.99,9.99,30.0,300.3003003003003,18,24,3.0,37.77082191780822,7.0,1
2020-12-21,39.99,9.99,30.0,300.3003003003003,19,25,3.0,37.853013698630136,7.0,1
2020-12-22,39.99,9.99,30.0,300.3003003003003,20,26,3.0,37.93520547945206,7.0,1
2020-12-23,9.99,9.99,0.0,0.0,0,0,3.0,38.01739726027398,7.0,0
2020-12-24,9.99,9.99,0.0,0.0,1,1,4.0,38.01739726027398,8.0,0
2020-12-25,9.99,9.99,0.0,0.0,2,2,4.0,38.017397260273974,8.0,0
2020-12-26,9.99,9.99,0.0,0.0,3,3,4.0,38.017397260273974,8.0,0
2020-12-27,9.99,9.99,0.0,0.0,4,4,4.0,38.017397260273974,8.0,0
2020-12-28,9.99,9.99,0.0,0.0,5,5,4.0,38.017397260273974,8.0,0
2020-12-29,9.99,9.99,0.0,0.0,6,6,4.0,38.017397260273974,8.0,0
2020-12-30,9.99,9.99,0.0,0.0,7,7,4.0,38.017397260273974,8.0,0
2020-12-31,9.99,9.99,0.0,0.0,8,8,4.0,38.017397260273974,8.0,0
2021-01-01,9.99,9.99,0.0,0.0,9,9,4.0,38.01739726027398,8.0,0
2021-01-02,9.99,9.99,0.0,0.0,10,10,4.0,38.017397260273974,8.0,0
2021-01-03,9.99,9.99,0.0,0.0,11,11,4.0,37.93520547945206,7.0,0
2021-01-04,9.99,9.99,0.0,0.0,12,12,4.0,37.853013698630136,7.0,0
2021-01-05,9.99,9.99,0.0,0.0,13,13,4.0,37.77082191780822,7.0,0
2021-01-06,39.99,9.99,30.0,300.3003003003003,0,14,4.0,37.688630136986305,7.0,0
2021-01-07,39.99,9.99,30.0,300.3003003003003,1,15,4.0,37.688630136986305,8.0,0
2021-01-08,39.99,9.99,30.0,300.3003003003003,2,16,4.0,37.688630136986305,8.0,0
2021-01-09,39.99,9.99,30.0,300.3003003003003,3,17,4.0,37.688630136986305,8.0,0
2021-01-10,39.99,9.99,30.0,300.3003003003003,4,18,4.0,37.688630136986305,8.0,0
2021-01-11,39.99,9.99,30.0,300.3003003003003,5,19,4.0,37.688630136986305,8.0,0
2021-01-12,39.99,9.99,30.0,300.3003003003003,6,20,4.0,37.688630136986305,8.0,0
2021-01-13,39.99,9.99,30.0,300.3003003003003,7,21,4.0,37.688630136986305,8.0,1
2021-01-14,39.99,9.99,30.0,300.3003003003003,8,22,4.0,37.688630136986305,8.0,1
2021-01-15,39.99,9.99,30.0,300.3003003003003,9,23,4.0,37.688630136986305,8.0,1
2021-01-16,39.99,9.99,30.0,300.3003003003003,10,24,4.0,37.688630136986305,8.0,1
2021-01-17,39.99,9.99,30.0,300.3003003003003,11,25,4.0,37.688630136986305,8.0,1
2021-01-18,39.99,9.99,30.0,300.3003003003003,12,26,4.0,37.688630136986305,8.0,1
2021-01-19,39.99,9.99,30.0,300.3003003003003,13,27,4.0,37.688630136986305,8.0,1
2021-01-20,39.99,9.99,30.0,300.3003003003003,14,28,4.0,37.688630136986305,8.0,1
2021-01-21,39.99,9.99,30.0,300.3003003003003,15,29,4.0,37.688630136986305,8.0,1
2021-01-22,39.99,9.99,30.0,300.3003003003003,16,30,4.0,37.688630136986305,8.0,1
2021-01-23,39.99,9.99,30.0,300.3003003003003,17,31,4.0,37.688630136986305,8.0,1
2021-01-24,39.99,9.99,30.0,300.3003003003003,18,32,3.0,37.77082191780822,7.0,1
2021-01-25,39.99,9.99,30.0,300.3003003003003,19,33,3.0,37.85301369863014,7.0,1
2021-01-26,39.99,9.99,30.0,300.3003003003003,20,34,3.0,37.93520547945206,7.0,1
2021-01-27,39.99,9.99,30.0,300.3003003003003,21,35,3.0,38.017397260273974,7.0,1
2021-01-28,39.99,9.99,30.0,300.3003003003003,22,36,3.0,38.017397260273974,6.0,1
2021-01-29,39.99,9.99,30.0,300.3003003003003,23,37,3.0,38.017397260273974,6.0,1
2021-01-30,39.99,9.99,30.0,300.3003003003003,24,38,3.0,38.017397260273974,6.0,1
2021-01-31,39.99,9.99,30.0,300.3003003003003,25,39,3.0,38.017397260273974,6.0,1
2021-02-01,39.99,9.99,30.0,300.3003003003003,26,40,3.0,38.017397260273974,6.0,1
2021-02-02,39.99,9.99,30.0,300.3003003003003,27,41,3.0,38.017397260273974,6.0,1
2021-02-03,39.99,9.99,30.0,300.3003003003003,28,42,3.0,38.01739726027398,6.0,1
2021-02-04,39.99,9.99,30.0,300.3003003003003,29,43,3.0,38.017397260273974,6.0,1
2021-02-05,39.99,9.99,30.0,300.3003003003003,30,44,3.0,38.017397260273974,6.0,1
2021-02-06,39.99,9.99,30.0,300.3003003003003,31,45,3.0,38.017397260273974,6.0,1
2021-02-07,39.99,9.99,30.0,300.3003003003003,32,46,3.0,38.017397260273974,6.0,1
2021-02-08,39.99,9.99,30.0,300.3003003003003,33,47,3.0,38.017397260273974,6.0,1
2021-02-09,39.99,9.99,30.0,300.3003003003003,34,48,3.0,38.017397260273974,6.0,1
2021-02-10,39.99,9.99,30.0,300.3003003003003,35,49,3.0,38.017397260273974,6.0,1
2021-02-11,39.99,9.99,30.0,300.3003003003003,36,50,3.0,38.01739726027398,6.0,1
2021-02-12,9.99,9.99,0.0,0.0,0,0,3.0,38.017397260273974,6.0,0
2021-02-13,9.99,9.99,0.0,0.0,1,1,4.0,37.93520547945206,7.0,0
2021-02-14,9.99,9.99,0.0,0.0,2,2,4.0,37.853013698630136,7.0,0
2021-02-15,9.99,9.99,0.0,0.0,3,3,4.0,37.77082191780822,7.0,0
2021-02-16,39.99,9.99,30.0,300.3003003003003,0,4,4.0,37.688630136986305,7.0,0
2021-02-17,39.99,9.99,30.0,300.3003003003003,1,5,4.0,37.688630136986305,8.0,0
2021-02-18,39.99,9.99,30.0,300.3003003003003,2,6,4.0,37.688630136986305,8.0,0
2021-02-19,39.99,9.99,30.0,300.3003003003003,3,7,4.0,37.688630136986305,8.0,0
2021-02-20,39.99,9.99,30.0,300.3003003003003,4,8,4.0,37.688630136986305,8.0,0
2021-02-21,39.99,9.99,30.0,300.3003003003003,5,9,4.0,37.688630136986305,8.0,0
2021-02-22,39.99,9.99,30.0,300.3003003003003,6,10,4.0,37.688630136986305,8.0,0
2021-02-23,39.99,9.99,30.0,300.3003003003003,7,11,4.0,37.688630136986305,8.0,0
2021-02-24,39.99,9.99,30.0,300.3003003003003,8,12,4.0,37.688630136986305,8.0,0
2021-02-25,39.99,9.99,30.0,300.3003003003003,9,13,4.0,37.688630136986305,8.0,0
2021-02-26,39.99,9.99,30.0,300.3003003003003,10,14,4.0,37.688630136986305,8.0,0
2021-02-27,39.99,9.99,30.0,300.3003003003003,11,15,4.0,37.688630136986305,8.0,0
2021-02-28,39.99,9.99,30.0,300.3003003003003,12,16,4.0,37.688630136986305,8.0,0
2021-03-01,39.99,9.99,30.0,300.3003003003003,13,17,4.0,37.688630136986305,8.0,0
2021-03-02,39.99,9.99,30.0,300.3003003003003,14,18,4.0,37.688630136986305,8.0,0
2021-03-03,39.99,9.99,30.0,300.3003003003003,15,19,4.0,37.688630136986305,8.0,0
2021-03-04,39.99,9.99,30.0,300.3003003003003,16,20,4.0,37.688630136986305,8.0,0
2021-03-05,39.99,9.99,30.0,300.3003003003003,17,21,4.0,37.688630136986305,8.0,0
2021-03-06,39.99,9.99,30.0,300.3003003003003,18,22,4.0,37.688630136986305,8.0,0
2021-03-07,39.99,9.99,30.0,300.3003003003003,19,23,4.0,37.688630136986305,8.0,0
2021-03-08,39.99,9.99,30.0,300.3003003003003,20,24,4.0,37.688630136986305,8.0,0
2021-03-09,39.99,9.99,30.0,300.3003003003003,21,25,4.0,37.688630136986305,8.0,0
2021-03-10,39.99,9.99,30.0,300.3003003003003,22,26,4.0,37.688630136986305,8.0,0
2021-03-11,39.99,9.99,30.0,300.3003003003003,23,27,4.0,37.688630136986305,8.0,0
2021-03-12,39.99,9.99,30.0,300.3003003003003,24,28,4.0,37.688630136986305,8.0,0
2021-03-13,39.99,9.99,30.0,300.3003003003003,25,29,4.0,37.688630136986305,8.0,0
2021-03-14,39.99,9.99,30.0,300.3003003003003,26,30,4.0,37.688630136986305,8.0,0
2021-03-15,39.99,9.99,30.0,300.3003003003003,27,31,4.0,37.688630136986305,8.0,0
2021-03-16,39.99,9.99,30.0,300.3003003003003,28,32,4.0,37.688630136986305,8.0,0
2021-03-17,39.99,9.99,30.0,300.3003003003003,29,33,4.0,37.688630136986305,8.0,0
2021-03-18,39.99,9.99,30.0,300.3003003003003,30,34,4.0,37.688630136986305,8.0,0
2021-03-19,39.99,9.99,30.0,300.3003003003003,31,35,4.0,37.688630136986305,8.0,0
2021-03-20,39.99,9.99,30.0,300.3003003003003,32,36,4.0,37.688630136986305,8.0,0
2021-03-21,39.99,9.99,30.0,300.3003003003003,33,37,4.0,37.688630136986305,8.0,0
2021-03-22,39.99,9.99,30.0,300.3003003003003,34,38,4.0,37.688630136986305,8.0,0
2021-03-23,39.99,9.99,30.0,300.3003003003003,35,39,4.0,37.688630136986305,8.0,0
2021-03-24,39.99,9.99,30.0,300.3003003003003,36,40,4.0,37.688630136986305,8.0,0
2021-03-25,39.99,9.99,30.0,300.3003003003003,37,41,4.0,37.688630136986305,8.0,0
2021-03-26,39.99,9.99,30.0,300.3003003003003,38,42,4.0,37.688630136986305,8.0,0
2021-03-27,39.99,9.99,30.0,300.3003003003003,39,43,4.0,37.688630136986305,8.0,0
2021-03-28,39.99,9.99,30.0,300.3003003003003,40,44,4.0,37.688630136986305,8.0,0
2021-03-29,39.99,9.99,30.0,300.3003003003003,41,45,4.0,37.688630136986305,8.0,0
2021-03-30,39.99,9.99,30.0,300.3003003003003,42,46,4.0,37.688630136986305,8.0,0
2021-03-31,39.99,9.99,30.0,300.3003003003003,43,47,4.0,37.688630136986305,8.0,0
2021-04-01,39.99,9.99,30.0,300.3003003003003,44,48,4.0,37.688630136986305,8.0,0
2021-04-02,39.99,9.99,30.0,300.3003003003003,45,49,4.0,37.688630136986305,8.0,0
2021-04-03,39.99,9.99,30.0,300.3003003003003,46,50,4.0,37.688630136986305,8.0,0
2021-04-04,39.99,9.99,30.0,300.3003003003003,47,51,4.0,37.688630136986305,8.0,0
2021-04-05,39.99,9.99,30.0,300.3003003003003,48,52,4.0,37.688630136986305,8.0,0
2021-04-06,39.99,9.99,30.0,300.3003003003003,49,53,4.0,37.688630136986305,8.0,0
2021-04-07,39.99,9.99,30.0,300.3003003003003,50,54,4.0,37.688630136986305,8.0,0
2021-04-08,39.99,9.99,30.0,300.3003003003003,51,55,4.0,37.688630136986305,8.0,0
2021-04-09,39.99,9.99,30.0,300.3003003003003,52,56,4.0,37.688630136986305,8.0,0
2021-04-10,39.99,9.99,30.0,300.3003003003003,53,57,4.0,37.688630136986305,8.0,0
2021-04-11,39.99,9.99,30.0,300.3003003003003,54,58,4.0,37.688630136986305,8.0,0
2021-04-12,39.99,9.99,30.0,300.3003003003003,55,59,4.0,37.688630136986305,8.0,0
2021-04-13,39.99,9.99,30.0,300.3003003003003,56,60,4.0,37.688630136986305,8.0,0
2021-04-14,39.99,9.99,30.0,300.3003003003003,57,61,4.0,37.688630136986305,8.0,0
2021-04-15,39.99,9.99,30.0,300.3003003003003,58,62,4.0,37.688630136986305,8.0,0
2021-04-16,39.99,9.99,30.0,300.3003003003003,59,63,4.0,37.688630136986305,8.0,0
2021-04-17,39.99,9.99,30.0,300.3003003003003,60,64,4.0,37.688630136986305,8.0,0
2021-04-18,39.99,9.99,30.0,300.3003003003003,61,65,3.0,37.77082191780823,7.0,0
2021-04-19,39.99,9.99,30.0,300.3003003003003,62,66,3.0,37.85301369863014,7.0,0
2021-04-20,39.99,9.99,30.0,300.3003003003003,63,67,3.0,37.93520547945206,7.0,0
2021-04-21,39.99,9.99,30.0,300.3003003003003,64,68,3.0,38.017397260273974,7.0,0
2021-04-22,39.99,9.99,30.0,300.3003003003003,65,69,3.0,38.017397260273974,6.0,0
2021-04-23,39.99,9.99,30.0,300.3003003003003,66,70,3.0,38.017397260273974,6.0,0
2021-04-24,39.99,9.99,30.0,300.3003003003003,67,71,3.0,38.017397260273974,6.0,0
2021-04-25,39.99,9.99,30.0,300.3003003003003,68,72,3.0,38.017397260273974,6.0,0
2021-04-26,39.99,9.99,30.0,300.3003003003003,69,73,3.0,38.01739726027398,6.0,0
2021-04-27,39.99,9.99,30.0,300.3003003003003,70,74,3.0,38.01739726027398,6.0,0
2021-04-28,39.99,9.99,30.0,300.3003003003003,71,75,3.0,38.017397260273974,6.0,0
2021-04-29,39.99,9.99,30.0,300.3003003003003,72,76,3.0,38.017397260273974,6.0,0
2021-04-30,39.99,9.99,30.0,300.3003003003003,73,77,3.0,38.017397260273974,6.0,0
2021-05-01,39.99,9.99,30.0,300.3003003003003,74,78,3.0,38.017397260273974,6.0,0
2021-05-02,39.99,9.99,30.0,300.3003003003003,75,79,3.0,38.017397260273974,6.0,0
2021-05-03,39.99,9.99,30.0,300.3003003003003,76,80,3.0,38.017397260273974,6.0,0
2021-05-04,39.99,9.99,30.0,300.3003003003003,77,81,3.0,38.017397260273974,6.0,0
2021-05-05,39.99,9.99,30.0,300.3003003003003,78,82,3.0,38.01739726027398,6.0,0
2021-05-06,39.99,9.99,30.0,300.3003003003003,79,83,3.0,38.017397260273974,6.0,0
2021-05-07,39.99,9.99,30.0,300.3003003003003,80,84,3.0,38.017397260273974,6.0,0
2021-05-08,39.99,9.99,30.0,300.3003003003003,81,85,3.0,38.017397260273974,6.0,0
2021-05-09,39.99,9.99,30.0,300.3003003003003,82,86,3.0,38.017397260273974,6.0,0
2021-05-10,39.99,9.99,30.0,300.3003003003003,83,87,3.0,38.017397260273974,6.0,0
2021-05-11,39.99,9.99,30.0,300.3003003003003,84,88,3.0,38.017397260273974,6.0,0
2021-05-12,39.99,9.99,30.0,300.3003003003003,85,89,3.0,38.017397260273974,6.0,0
2021-05-13,39.99,9.99,30.0,300.3003003003003,86,90,3.0,38.01739726027398,6.0,0
2021-05-14,39.99,9.99,30.0,300.3003003003003,87,91,3.0,38.017397260273974,6.0,0
2021-05-15,39.99,9.99,30.0,300.3003003003003,88,92,3.0,38.017397260273974,6.0,0
2021-05-16,39.99,9.99,30.0,300.3003003003003,89,93,3.0,38.017397260273974,6.0,0
2021-05-17,39.99,9.99,30.0,300.3003003003003,90,94,3.0,38.017397260273974,6.0,0
2021-05-18,39.99,9.99,30.0,300.3003003003003,91,95,3.0,38.017397260273974,6.0,0
2021-05-19,39.99,9.99,30.0,300.3003003003003,92,96,3.0,38.017397260273974,6.0,0
2021-05-20,39.99,9.99,30.0,300.3003003003003,93,97,3.0,38.017397260273974,6.0,1
2021-05-21,39.99,9.99,30.0,300.3003003003003,94,98,3.0,38.01739726027398,6.0,1
2021-05-22,39.99,9.99,30.0,300.3003003003003,95,99,3.0,38.01739726027398,6.0,1
2021-05-23,39.99,9.99,30.0,300.3003003003003,96,100,3.0,38.017397260273974,6.0,1
2021-05-24,39.99,9.99,30.0,300.3003003003003,97,101,3.0,38.017397260273974,6.0,1
2021-05-25,39.99,9.99,30.0,300.3003003003003,98,102,3.0,38.017397260273974,6.0,1
2021-05-26,39.99,9.99,30.0,300.3003003003003,99,103,3.0,38.017397260273974,6.0,1
2021-05-27,39.99,9.99,30.0,300.3003003003003,100,104,3.0,38.017397260273974,6.0,1
2021-05-28,39.99,9.99,30.0,300.3003003003003,101,105,3.0,38.017397260273974,6.0,1
2021-05-29,39.99,9.99,30.0,300.3003003003003,102,106,3.0,38.01739726027398,6.0,1
2021-05-30,39.99,9.99,30.0,300.3003003003003,103,107,3.0,38.01739726027398,6.0,1
2021-05-31,39.99,9.99,30.0,300.3003003003003,104,108,3.0,38.017397260273974,6.0,1
2021-06-01,39.99,9.99,30.0,300.3003003003003,105,109,3.0,38.017397260273974,6.0,1
2021-06-02,39.99,9.99,30.0,300.3003003003003,106,110,3.0,38.017397260273974,6.0,1
2021-06-03,39.99,9.99,30.0,300.3003003003003,107,111,3.0,38.017397260273974,6.0,1
2021-06-04,39.99,9.99,30.0,300.3003003003003,108,112,3.0,38.017397260273974,6.0,1
2021-06-05,39.99,9.99,30.0,300.3003003003003,109,113,3.0,38.017397260273974,6.0,1
2021-06-06,39.99,9.99,30.0,300.3003003003003,110,114,3.0,38.017397260273974,6.0,1
2021-06-07,39.99,9.99,30.0,300.3003003003003,111,115,3.0,38.01739726027398,6.0,1
2021-06-08,39.99,9.99,30.0,300.3003003003003,112,116,3.0,38.017397260273974,6.0,1
2021-06-09,39.99,9.99,30.0,300.3003003003003,113,117,3.0,38.017397260273974,6.0,1
2021-06-10,39.99,9.99,30.0,300.3003003003003,114,118,3.0,38.017397260273974,6.0,1
2021-06-11,39.99,9.99,30.0,300.3003003003003,115,119,3.0,38.017397260273974,6.0,1
2021-06-12,39.99,9.99,30.0,300.3003003003003,116,120,3.0,38.017397260273974,6.0,1
2021-06-13,39.99,9.99,30.0,300.3003003003003,117,121,3.0,38.017397260273974,6.0,1
2021-06-14,39.99,9.99,30.0,300.3003003003003,118,122,3.0,38.017397260273974,6.0,1
2021-06-15,39.99,9.99,30.0,300.3003003003003,119,123,3.0,38.01739726027398,6.0,1
2021-06-16,39.99,9.99,30.0,300.3003003003003,120,124,3.0,38.017397260273974,6.0,1
2021-06-17,39.99,9.99,30.0,300.3003003003003,121,125,3.0,38.017397260273974,6.0,1
2021-06-18,39.99,9.99,30.0,300.3003003003003,122,126,3.0,38.017397260273974,6.0,1
2021-06-19,9.99,9.99,0.0,0.0,0,0,3.0,38.017397260273974,6.0,0
2021-06-20,9.99,9.99,0.0,0.0,1,1,4.0,37.93520547945206,7.0,0
2021-06-21,9.99,9.99,0.0,0.0,2,2,4.0,37.853013698630136,7.0,0
2021-06-22,9.99,9.99,0.0,0.0,3,3,4.0,37.77082191780822,7.0,0
2021-06-23,9.99,9.99,0.0,0.0,4,4,4.0,37.688630136986305,7.0,0
2021-06-24,9.99,9.99,0.0,0.0,5,5,4.0,37.60643835616439,7.0,0
2021-06-25,9.99,9.99,0.0,0.0,6,6,4.0,37.52424657534247,7.0,0
2021-06-26,9.99,9.99,0.0,0.0,7,7,4.0,37.44205479452055,7.0,0
2021-06-27,9.99,9.99,0.0,0.0,8,8,4.0,37.35986301369863,7.0,0
2021-06-28,9.99,9.99,0.0,0.0,9,9,4.0,37.27767123287671,7.0,0
2021-06-29,9.99,9.99,0.0,0.0,10,10,4.0,37.1954794520548,7.0,0
2021-06-30,9.99,9.99,0.0,0.0,11,11,4.0,37.113287671232875,7.0,0
2021-07-01,9.99,9.99,0.0,0.0,12,12,4.0,37.03109589041096,7.0,0
2021-07-02,9.99,9.99,0.0,0.0,13,13,4.0,36.948904109589044,7.0,0
2021-07-03,9.99,9.99,0.0,0.0,14,14,4.0,36.86671232876712,7.0,0
2021-07-04,9.99,9.99,0.0,0.0,15,15,4.0,36.784520547945206,7.0,0
2021-07-05,9.99,9.99,0.0,0.0,16,16,4.0,36.70232876712329,7.0,0
2021-07-06,9.99,9.99,0.0,0.0,17,17,4.0,36.62013698630137,7.0,0
2021-07-07,9.99,9.99,0.0,0.0,18,18,4.0,36.53794520547945,7.0,0
2021-07-08,9.99,9.99,0.0,0.0,19,19,4.0,36.45575342465754,7.0,0
2021-07-09,39.99,9.99,30.0,300.3003003003003,0,20,4.0,36.373561643835615,7.0,0
2021-07-10,39.99,9.99,30.0,300.3003003003003,1,21,4.0,36.37356164383562,8.0,0
2021-07-11,39.99,9.99,30.0,300.3003003003003,2,22,4.0,36.373561643835615,8.0,0
2021-07-12,39.99,9.99,30.0,300.3003003003003,3,23,4.0,36.373561643835615,8.0,0
2021-07-13,39.99,9.99,30.0,300.3003003003003,4,24,4.0,36.373561643835615,8.0,0
2021-07-14,39.99,9.99,30.0,300.3003003003003,5,25,4.0,36.373561643835615,8.0,0
2021-07-15,39.99,9.99,30.0,300.3003003003003,6,26,4.0,36.373561643835615,8.0,0
2021-07-16,39.99,9.99,30.0,300.3003003003003,7,27,4.0,36.373561643835615,8.0,0
2021-07-17,39.99,9.99,30.0,300.3003003003003,8,28,4.0,36.373561643835615,8.0,0
2021-07-18,39.99,9.99,30.0,300.3003003003003,9,29,4.0,36.37356164383562,8.0,0
2021-07-19,39.99,9.99,30.0,300.3003003003003,10,30,4.0,36.373561643835615,8.0,0
2021-07-20,39.99,9.99,30.0,300.3003003003003,11,31,4.0,36.373561643835615,8.0,0
2021-07-21,39.99,9.99,30.0,300.3003003003003,12,32,4.0,36.373561643835615,8.0,0
2021-07-22,39.99,9.99,30.0,300.3003003003003,13,33,4.0,36.373561643835615,8.0,0
2021-07-23,39.99,9.99,30.0,300.3003003003003,14,34,4.0,36.373561643835615,8.0,0
2021-07-24,39.99,9.99,30.0,300.3003003003003,15,35,4.0,36.373561643835615,8.0,0
2021-07-25,39.99,9.99,30.0,300.3003003003003,16,36,4.0,36.373561643835615,8.0,0
2021-07-26,39.99,9.99,30.0,300.3003003003003,17,37,4.0,36.37356164383562,8.0,0
2021-07-27,39.99,9.99,30.0,300.3003003003003,18,38,4.0,36.37356164383562,8.0,0
2021-07-28,39.99,9.99,30.0,300.3003003003003,19,39,4.0,36.373561643835615,8.0,0
2021-07-29,39.99,9.99,30.0,300.3003003003003,20,40,4.0,36.373561643835615,8.0,0
2021-07-30,39.99,9.99,30.0,300.3003003003003,21,41,4.0,36.373561643835615,8.0,0
2021-07-31,39.99,9.99,30.0,300.3003003003003,22,42,4.0,36.373561643835615,8.0,0
2021-08-01,39.99,9.99,30.0,300.3003003003003,23,43,4.0,36.373561643835615,8.0,0
2021-08-02,39.99,9.99,30.0,300.3003003003003,24,44,4.0,36.373561643835615,8.0,0
2021-08-03,39.99,9.99,30.0,300.3003003003003,25,45,4.0,36.373561643835615,8.0,0
2021-08-04,39.99,9.99,30.0,300.3003003003003,26,46,4.0,36.37356164383562,8.0,0
2021-08-05,39.99,9.99,30.0,300.3003003003003,27,47,4.0,36.373561643835615,8.0,0
2021-08-06,39.99,9.99,30.0,300.3003003003003,28,48,4.0,36.373561643835615,8.0,0
2021-08-07,39.99,9.99,30.0,300.3003003003003,29,49,4.0,36.373561643835615,8.0,0
2021-08-08,39.99,9.99,30.0,300.3003003003003,30,50,4.0,36.373561643835615,8.0,0
2021-08-09,39.99,9.99,30.0,300.3003003003003,31,51,4.0,36.373561643835615,8.0,0
2021-08-10,39.99,9.99,30.0,300.3003003003003,32,52,4.0,36.373561643835615,8.0,0
2021-08-11,39.99,9.99,30.0,300.3003003003003,33,53,4.0,36.373561643835615,8.0,0
2021-08-12,39.99,9.99,30.0,300.3003003003003,34,54,4.0,36.37356164383562,8.0,0
2021-08-13,39.99,9.99,30.0,300.3003003003003,35,55,4.0,36.373561643835615,8.0,0
2021-08-14,39.99,9.99,30.0,300.3003003003003,36,56,4.0,36.373561643835615,8.0,0
2021-08-15,39.99,9.99,30.0,300.3003003003003,37,57,4.0,36.373561643835615,8.0,0
2021-08-16,39.99,9.99,30.0,300.3003003003003,38,58,4.0,36.373561643835615,8.0,0
2021-08-17,39.99,9.99,30.0,300.3003003003003,39,59,4.0,36.373561643835615,8.0,0
2021-08-18,39.99,9.99,30.0,300.3003003003003,40,60,4.0,36.373561643835615,8.0,0
2021-08-19,39.99,9.99,30.0,300.3003003003003,41,61,4.0,36.373561643835615,8.0,0
2021-08-20,39.99,9.99,30.0,300.3003003003003,42,62,4.0,36.37356164383562,8.0,0
2021-08-21,39.99,9.99,30.0,300.3003003003003,43,63,4.0,36.373561643835615,8.0,0
2021-08-22,39.99,9.99,30.0,300.3003003003003,44,64,4.0,36.373561643835615,8.0,0
2021-08-23,39.99,9.99,30.0,300.3003003003003,45,65,4.0,36.373561643835615,8.0,0
2021-08-24,39.99,9.99,30.0,300.3003003003003,46,66,4.0,36.373561643835615,8.0,0
2021-08-25,39.99,9.99,30.0,300.3003003003003,47,67,4.0,36.373561643835615,8.0,0
2021-08-26,39.99,9.99,30.0,300.3003003003003,48,68,4.0,36.373561643835615,8.0,0
2021-08-27,39.99,9.99,30.0,300.3003003003003,49,69,4.0,36.373561643835615,8.0,0
2021-08-28,39.99,9.99,30.0,300.3003003003003,50,70,4.0,36.37356164383562,8.0,0
2021-08-29,39.99,9.99,30.0,300.3003003003003,51,71,4.0,36.37356164383562,8.0,0
2021-08-30,39.99,9.99,30.0,300.3003003003003,52,72,4.0,36.373561643835615,8.0,0
2021-08-31,39.99,9.99,30.0,300.3003003003003,53,73,4.0,36.373561643835615,8.0,0
2021-09-01,39.99,9.99,30.0,300.3003003003003,54,74,4.0,36.373561643835615,8.0,0
2021-09-02,39.99,9.99,30.0,300.3003003003003,55,75,4.0,36.373561643835615,8.0,0
2021-09-03,39.99,9.99,30.0,300.3003003003003,56,76,4.0,36.373561643835615,8.0,0
2021-09-04,39.99,9.99,30.0,300.3003003003003,57,77,4.0,36.373561643835615,8.0,0
2021-09-05,39.99,9.99,30.0,300.3003003003003,58,78,4.0,36.373561643835615,8.0,0
2021-09-06,39.99,9.99,30.0,300.3003003003003,59,79,4.0,36.37356164383562,8.0,0
2021-09-07,39.99,9.99,30.0,300.3003003003003,60,80,4.0,36.373561643835615,8.0,0
2021-09-08,39.99,9.99,30.0,300.3003003003003,61,81,4.0,36.373561643835615,8.0,0
2021-09-09,39.99,9.99,30.0,300.3003003003003,62,82,4.0,36.373561643835615,8.0,0
2021-09-10,39.99,9.99,30.0,300.3003003003003,63,83,4.0,36.373561643835615,8.0,0
2021-09-11,39.99,9.99,30.0,300.3003003003003,64,84,4.0,36.373561643835615,8.0,0
2021-09-12,39.99,9.99,30.0,300.3003003003003,65,85,4.0,36.373561643835615,8.0,0
2021-09-13,39.99,9.99,30.0,300.3003003003003,66,86,4.0,36.373561643835615,8.0,0
2021-09-14,39.99,9.99,30.0,300.3003003003003,67,87,4.0,36.37356164383562,8.0,0
2021-09-15,39.99,9.99,30.0,300.3003003003003,68,88,4.0,36.373561643835615,8.0,0
2021-09-16,39.99,9.99,30.0,300.3003003003003,69,89,4.0,36.373561643835615,8.0,0
2021-09-17,39.99,9.99,30.0,300.3003003003003,70,90,4.0,36.373561643835615,8.0,0
2021-09-18,39.99,9.99,30.0,300.3003003003003,71,91,4.0,36.373561643835615,8.0,0
2021-09-19,39.99,9.99,30.0,300.3003003003003,72,92,4.0,36.373561643835615,8.0,0
2021-09-20,39.99,9.99,30.0,300.3003003003003,73,93,4.0,36.373561643835615,8.0,0
2021-09-21,39.99,9.99,30.0,300.3003003003003,74,94,4.0,36.373561643835615,8.0,0
2021-09-22,39.99,9.99,30.0,300.3003003003003,75,95,4.0,36.37356164383562,8.0,0
2021-09-23,39.99,9.99,30.0,300.3003003003003,76,96,4.0,36.373561643835615,8.0,0
2021-09-24,39.99,9.99,30.0,300.3003003003003,77,97,4.0,36.373561643835615,8.0,0
2021-09-25,39.99,9.99,30.0,300.3003003003003,78,98,4.0,36.373561643835615,8.0,0
2021-09-26,39.99,9.99,30.0,300.3003003003003,79,99,4.0,36.373561643835615,8.0,0
2021-09-27,39.99,9.99,30.0,300.3003003003003,80,100,4.0,36.373561643835615,8.0,0
2021-09-28,39.99,9.99,30.0,300.3003003003003,81,101,4.0,36.373561643835615,8.0,0
2021-09-29,39.99,9.99,30.0,300.3003003003003,82,102,4.0,36.373561643835615,8.0,0
2021-09-30,39.99,9.99,30.0,300.3003003003003,83,103,4.0,36.37356164383562,8.0,0
2021-10-01,39.99,9.99,30.0,300.3003003003003,84,104,4.0,36.37356164383562,8.0,0
2021-10-02,39.99,9.99,30.0,300.3003003003003,85,105,4.0,36.373561643835615,8.0,0
2021-10-03,39.99,9.99,30.0,300.3003003003003,86,106,4.0,36.373561643835615,8.0,0
2021-10-04,39.99,9.99,30.0,300.3003003003003,87,107,4.0,36.373561643835615,8.0,0
2021-10-05,39.99,9.99,30.0,300.3003003003003,88,108,4.0,36.373561643835615,8.0,0
2021-10-06,39.99,9.99,30.0,300.3003003003003,89,109,4.0,36.373561643835615,8.0,0
2021-10-07,39.99,9.99,30.0,300.3003003003003,90,110,4.0,36.373561643835615,8.0,0
2021-10-08,39.99,9.99,30.0,300.3003003003003,91,111,4.0,36.373561643835615,8.0,0
2021-10-09,39.99,9.99,30.0,300.3003003003003,92,112,4.0,36.37356164383562,8.0,0
2021-10-10,39.99,9.99,30.0,300.3003003003003,93,113,4.0,36.373561643835615,8.0,0
2021-10-11,39.99,9.99,30.0,300.3003003003003,94,114,4.0,36.373561643835615,8.0,0
2021-10-12,39.99,9.99,30.0,300.3003003003003,95,115,4.0,36.373561643835615,8.0,0
2021-10-13,39.99,9.99,30.0,300.3003003003003,96,116,4.0,36.373561643835615,8.0,0
2021-10-14,39.99,9.99,30.0,300.3003003003003,97,117,4.0,36.373561643835615,8.0,0
2021-10-15,39.99,9.99,30.0,300.3003003003003,98,118,4.0,36.373561643835615,8.0,0
2021-10-16,39.99,9.99,30.0,300.3003003003003,99,119,4.0,36.373561643835615,8.0,0
2021-10-17,39.99,9.99,30.0,300.3003003003003,100,120,4.0,36.37356164383562,8.0,0
2021-10-18,39.99,9.99,30.0,300.3003003003003,101,121,4.0,36.373561643835615,8.0,0
2021-10-19,39.99,9.99,30.0,300.3003003003003,102,122,4.0,36.373561643835615,8.0,0
2021-10-20,39.99,9.99,30.0,300.3003003003003,103,123,4.0,36.373561643835615,8.0,0
2021-10-21,39.99,9.99,30.0,300.3003003003003,104,124,4.0,36.373561643835615,8.0,0
2021-10-22,39.99,9.99,30.0,300.3003003003003,105,125,4.0,36.373561643835615,8.0,0
2021-10-23,39.99,9.99,30.0,300.3003003003003,106,126,4.0,36.373561643835615,8.0,0
2021-10-24,39.99,9.99,30.0,300.3003003003003,107,127,4.0,36.373561643835615,8.0,0
2021-10-25,39.99,9.99,30.0,300.3003003003003,108,128,4.0,36.37356164383562,8.0,0
2021-10-26,39.99,9.99,30.0,300.3003003003003,109,129,4.0,36.373561643835615,8.0,1
2021-10-27,39.99,9.99,30.0,300.3003003003003,110,130,4.0,36.373561643835615,8.0,1
2021-10-28,39.99,9.99,30.0,300.3003003003003,111,131,4.0,36.373561643835615,8.0,1
2021-10-29,39.99,9.99,30.0,300.3003003003003,112,132,4.0,36.373561643835615,8.0,1
2021-10-30,39.99,9.99,30.0,300.3003003003003,113,133,4.0,36.373561643835615,8.0,1
2021-10-31,39.99,9.99,30.0,300.3003003003003,114,134,4.0,36.373561643835615,8.0,1
2021-11-01,39.99,9.99,30.0,300.3003003003003,115,135,4.0,36.373561643835615,8.0,1
2021-11-02,39.99,9.99,30.0,300.3003003003003,116,136,4.0,36.37356164383562,8.0,1
2021-11-03,39.99,9.99,30.0,300.3003003003003,117,137,4.0,36.37356164383562,8.0,1
2021-11-04,39.99,9.99,30.0,300.3003003003003,118,138,4.0,36.373561643835615,8.0,1
2021-11-05,39.99,9.99,30.0,300.3003003003003,119,139,4.0,36.373561643835615,8.0,1
2021-11-06,39.99,9.99,30.0,300.3003003003003,120,140,4.0,36.373561643835615,8.0,1
2021-11-07,39.99,9.99,30.0,300.3003003003003,121,141,4.0,36.373561643835615,8.0,1
2021-11-08,39.99,9.99,30.0,300.3003003003003,122,142,4.0,36.373561643835615,8.0,1
2021-11-09,39.99,9.99,30.0,300.3003003003003,123,143,4.0,36.373561643835615,8.0,1
2021-11-10,39.99,9.99,30.0,300.3003003003003,124,144,4.0,36.373561643835615,8.0,1
2021-11-11,39.99,9.99,30.0,300.3003003003003,125,145,4.0,36.37356164383562,8.0,1
2021-11-12,39.99,9.99,30.0,300.3003003003003,126,146,4.0,36.373561643835615,8.0,1
2021-11-13,39.99,9.99,30.0,300.3003003003003,127,147,4.0,36.373561643835615,8.0,1
2021-11-14,39.99,9.99,30.0,300.3003003003003,128,148,4.0,36.373561643835615,8.0,1
2021-11-15,39.99,9.99,30.0,300.3003003003003,129,149,4.0,36.373561643835615,8.0,1
2021-11-16,39.99,9.99,30.0,300.3003003003003,130,150,4.0,36.373561643835615,8.0,1
2021-11-17,39.99,9.99,30.0,300.3003003003003,131,151,4.0,36.373561643835615,8.0,1
2021-11-18,39.99,9.99,30.0,300.3003003003003,132,152,4.0,36.373561643835615,8.0,1
2021-11-19,39.99,9.99,30.0,300.3003003003003,133,153,4.0,36.37356164383562,8.0,1
2021-11-20,39.99,9.99,30.0,300.3003003003003,134,154,4.0,36.373561643835615,8.0,1
2021-11-21,39.99,9.99,30.0,300.3003003003003,135,155,4.0,36.373561643835615,8.0,1
2021-11-22,39.99,9.99,30.0,300.3003003003003,136,156,4.0,36.373561643835615,8.0,1
2021-11-23,39.99,9.99,30.0,300.3003003003003,137,157,4.0,36.373561643835615,8.0,1
2021-11-24,39.99,9.99,30.0,300.3003003003003,138,158,4.0,36.373561643835615,8.0,1
2021-11-25,19.99,9.99,9.999999999999998,100.1001001001001,0,0,4.0,36.373561643835615,8.0,1
2021-11-26,19.99,9.99,9.999999999999998,100.1001001001001,1,1,5.0,36.31876712328767,9.0,1
2021-11-27,19.99,9.99,9.999999999999998,100.1001001001001,2,2,4.0,36.34616438356165,8.0,1
2021-11-28,19.99,9.99,9.999999999999998,100.1001001001001,3,3,4.0,36.37356164383562,8.0,1
2021-11-29,19.99,9.99,9.999999999999998,100.1001001001001,4,4,4.0,36.400958904109594,8.0,1
2021-11-30,19.99,9.99,9.999999999999998,100.1001001001001,5,5,4.0,36.428356164383565,8.0,1
2021-12-01,19.99,9.99,9.999999999999998,100.1001001001001,6,6,4.0,36.45575342465754,8.0,1
2021-12-02,39.99,9.99,30.0,300.3003003003003,0,7,4.0,36.48315068493151,8.0,1
2021-12-03,39.99,9.99,30.0,300.3003003003003,1,8,4.0,36.48315068493151,8.0,1
2021-12-04,39.99,9.99,30.0,300.3003003003003,2,9,4.0,36.48315068493151,8.0,1
2021-12-05,39.99,9.99,30.0,300.3003003003003,3,10,4.0,36.48315068493151,8.0,1
2021-12-06,39.99,9.99,30.0,300.3003003003003,4,11,4.0,36.483150684931516,8.0,1
2021-12-07,39.99,9.99,30.0,300.3003003003003,5,12,4.0,36.48315068493151,8.0,1
2021-12-08,39.99,9.99,30.0,300.3003003003003,6,13,4.0,36.48315068493151,8.0,1
2021-12-09,39.99,9.99,30.0,300.3003003003003,7,14,4.0,36.48315068493151,8.0,1
2021-12-10,39.99,9.99,30.0,300.3003003003003,8,15,4.0,36.48315068493151,8.0,1
2021-12-11,39.99,9.99,30.0,300.3003003003003,9,16,4.0,36.48315068493151,8.0,1
2021-12-12,39.99,9.99,30.0,300.3003003003003,10,17,4.0,36.48315068493151,8.0,1
2021-12-13,39.99,9.99,30.0,300.3003003003003,11,18,4.0,36.48315068493151,8.0,1
2021-12-14,39.99,9.99,30.0,300.3003003003003,12,19,4.0,36.483150684931516,8.0,1
2021-12-15,39.99,9.99,30.0,300.3003003003003,13,20,4.0,36.48315068493151,8.0,1
2021-12-16,39.99,9.99,30.0,300.3003003003003,14,21,4.0,36.48315068493151,8.0,1
2021-12-17,39.99,9.99,30.0,300.3003003003003,15,22,4.0,36.48315068493151,8.0,1
2021-12-18,39.99,9.99,30.0,300.3003003003003,16,23,4.0,36.48315068493151,8.0,1
2021-12-19,39.99,9.99,30.0,300.3003003003003,17,24,4.0,36.48315068493151,8.0,1
2021-12-20,39.99,9.99,30.0,300.3003003003003,18,25,4.0,36.48315068493151,8.0,1
2021-12-21,39.99,9.99,30.0,300.3003003003003,19,26,4.0,36.48315068493151,8.0,1
2021-12-22,39.99,9.99,30.0,300.3003003003003,20,27,4.0,36.483150684931516,8.0,1
2021-12-23,9.99,9.99,0.0,0.0,0,0,4.0,36.48315068493151,8.0,0
2021-12-24,9.99,9.99,0.0,0.0,1,1,4.0,36.48315068493151,8.0,0
2021-12-25,9.99,9.99,0.0,0.0,2,2,4.0,36.48315068493151,8.0,0
2021-12-26,9.99,9.99,0.0,0.0,3,3,4.0,36.48315068493151,8.0,0
2021-12-27,9.99,9.99,0.0,0.0,4,4,4.0,36.48315068493151,8.0,0
2021-12-28,9.99,9.99,0.0,0.0,5,5,4.0,36.48315068493151,8.0,0
2021-12-29,9.99,9.99,0.0,0.0,6,6,4.0,36.48315068493151,8.0,0
2021-12-30,9.99,9.99,0.0,0.0,7,7,4.0,36.483150684931516,8.0,0
2021-12-31,9.99,9.99,0.0,0.0,8,8,4.0,36.483150684931516,8.0,0
2022-01-01,9.99,9.99,0.0,0.0,9,9,4.0,36.48315068493151,8.0,0
2022-01-02,9.99,9.99,0.0,0.0,10,10,4.0,36.48315068493151,8.0,0
2022-01-03,9.99,9.99,0.0,0.0,11,11,4.0,36.48315068493151,8.0,0
2022-01-04,9.99,9.99,0.0,0.0,12,12,4.0,36.48315068493151,8.0,0
2022-01-05,9.99,9.99,0.0,0.0,13,13,4.0,36.48315068493151,8.0,0
2022-01-06,39.99,9.99,30.0,300.3003003003003,0,14,4.0,36.48315068493151,8.0,0
2022-01-07,39.99,9.99,30.0,300.3003003003003,1,15,4.0,36.48315068493151,8.0,0
2022-01-08,39.99,9.99,30.0,300.3003003003003,2,16,4.0,36.483150684931516,8.0,0
2022-01-09,39.99,9.99,30.0,300.3003003003003,3,17,4.0,36.48315068493151,8.0,0
2022-01-10,39.99,9.99,30.0,300.3003003003003,4,18,4.0,36.48315068493151,8.0,0
2022-01-11,39.99,9.99,30.0,300.3003003003003,5,19,4.0,36.48315068493151,8.0,0
2022-01-12,39.99,9.99,30.0,300.3003003003003,6,20,4.0,36.48315068493151,8.0,0
2022-01-13,39.99,9.99,30.0,300.3003003003003,7,21,4.0,36.48315068493151,8.0,0
2022-01-14,39.99,9.99,30.0,300.3003003003003,8,22,4.0,36.48315068493151,8.0,0
2022-01-15,39.99,9.99,30.0,300.3003003003003,9,23,4.0,36.48315068493151,8.0,0
2022-01-16,39.99,9.99,30.0,300.3003003003003,10,24,4.0,36.483150684931516,8.0,0
2022-01-17,39.99,9.99,30.0,300.3003003003003,11,25,4.0,36.48315068493151,8.0,0
2022-01-18,39.99,9.99,30.0,300.3003003003003,12,26,4.0,36.48315068493151,8.0,0
2022-01-19,39.99,9.99,30.0,300.3003003003003,13,27,4.0,36.48315068493151,8.0,0
2022-01-20,39.99,9.99,30.0,300.3003003003003,14,28,4.0,36.48315068493151,8.0,0
2022-01-21,39.99,9.99,30.0,300.3003003003003,15,29,4.0,36.48315068493151,8.0,0
2022-01-22,39.99,9.99,30.0,300.3003003003003,16,30,4.0,36.48315068493151,8.0,0
2022-01-23,39.99,9.99,30.0,300.3003003003003,17,31,4.0,36.48315068493151,8.0,0
2022-01-24,39.99,9.99,30.0,300.3003003003003,18,32,4.0,36.483150684931516,8.0,0
2022-01-25,39.99,9.99,30.0,300.3003003003003,19,33,4.0,36.48315068493151,8.0,0
2022-01-26,39.99,9.99,30.0,300.3003003003003,20,34,4.0,36.48315068493151,8.0,0
2022-01-27,39.99,9.99,30.0,300.3003003003003,21,35,4.0,36.48315068493151,8.0,0
2022-01-28,39.99,9.99,30.0,300.3003003003003,22,36,4.0,36.48315068493151,8.0,0
2022-01-29,39.99,9.99,30.0,300.3003003003003,23,37,4.0,36.48315068493151,8.0,0
2022-01-30,39.99,9.99,30.0,300.3003003003003,24,38,4.0,36.48315068493151,8.0,0
2022-01-31,39.99,9.99,30.0,300.3003003003003,25,39,4.0,36.48315068493151,8.0,0
2022-02-01,39.99,9.99,30.0,300.3003003003003,26,40,4.0,36.48315068493151,8.0,0
2022-02-02,39.99,9.99,30.0,300.3003003003003,27,41,4.0,36.483150684931516,8.0,0
2022-02-03,39.99,9.99,30.0,300.3003003003003,28,42,4.0,36.48315068493151,8.0,0
2022-02-04,39.99,9.99,30.0,300.3003003003003,29,43,4.0,36.48315068493151,8.0,0
2022-02-05,39.99,9.99,30.0,300.3003003003003,30,44,4.0,36.48315068493151,8.0,0
2022-02-06,39.99,9.99,30.0,300.3003003003003,31,45,4.0,36.48315068493151,8.0,0
2022-02-07,39.99,9.99,30.0,300.3003003003003,32,46,4.0,36.48315068493151,8.0,0
2022-02-08,39.99,9.99,30.0,300.3003003003003,33,47,4.0,36.48315068493151,8.0,0
2022-02-09,39.99,9.99,30.0,300.3003003003003,34,48,4.0,36.48315068493151,8.0,0
2022-02-10,39.99,9.99,30.0,300.3003003003003,35,49,4.0,36.483150684931516,8.0,0
2022-02-11,39.99,9.99,30.0,300.3003003003003,36,50,4.0,36.48315068493151,8.0,0
2022-02-12,39.99,9.99,30.0,300.3003003003003,37,51,4.0,36.48315068493151,8.0,0
2022-02-13,39.99,9.99,30.0,300.3003003003003,38,52,3.0,36.565342465753425,7.0,0
2022-02-14,39.99,9.99,30.0,300.3003003003003,39,53,3.0,36.64753424657534,7.0,0
2022-02-15,39.99,9.99,30.0,300.3003003003003,40,54,3.0,36.72972602739726,7.0,0
2022-02-16,39.99,9.99,30.0,300.3003003003003,41,55,3.0,36.81191780821918,7.0,0
2022-02-17,39.99,9.99,30.0,300.3003003003003,42,56,3.0,36.81191780821918,6.0,0
2022-02-18,39.99,9.99,30.0,300.3003003003003,43,57,3.0,36.811917808219185,6.0,0
2022-02-19,39.99,9.99,30.0,300.3003003003003,44,58,3.0,36.81191780821918,6.0,0
2022-02-20,39.99,9.99,30.0,300.3003003003003,45,59,3.0,36.81191780821918,6.0,0
2022-02-21,39.99,9.99,30.0,300.3003003003003,46,60,3.0,36.81191780821918,6.0,0
2022-02-22,39.99,9.99,30.0,300.3003003003003,47,61,3.0,36.81191780821918,6.0,0
2022-02-23,39.99,9.99,30.0,300.3003003003003,48,62,3.0,36.81191780821918,6.0,0
2022-02-24,39.99,9.99,30.0,300.3003003003003,49,63,3.0,36.81191780821918,6.0,0
2022-02-25,39.99,9.99,30.0,300.3003003003003,50,64,3.0,36.81191780821918,6.0,0
2022-02-26,39.99,9.99,30.0,300.3003003003003,51,65,3.0,36.811917808219185,6.0,0
2022-02-27,39.99,9.99,30.0,300.3003003003003,52,66,3.0,36.811917808219185,6.0,0
2022-02-28,39.99,9.99,30.0,300.3003003003003,53,67,3.0,36.81191780821918,6.0,0
2022-03-01,39.99,9.99,30.0,300.3003003003003,54,68,3.0,36.81191780821918,6.0,0
2022-03-02,39.99,9.99,30.0,300.3003003003003,55,69,3.0,36.81191780821918,6.0,0
2022-03-03,39.99,9.99,30.0,300.3003003003003,56,70,3.0,36.81191780821918,6.0,0
2022-03-04,39.99,9.99,30.0,300.3003003003003,57,71,3.0,36.81191780821918,6.0,0
2022-03-05,39.99,9.99,30.0,300.3003003003003,58,72,3.0,36.81191780821918,6.0,0
2022-03-06,39.99,9.99,30.0,300.3003003003003,59,73,3.0,36.81191780821918,6.0,0
2022-03-07,39.99,9.99,30.0,300.3003003003003,60,74,3.0,36.811917808219185,6.0,0
2022-03-08,39.99,9.99,30.0,300.3003003003003,61,75,3.0,36.81191780821918,6.0,0
2022-03-09,39.99,9.99,30.0,300.3003003003003,62,76,3.0,36.81191780821918,6.0,0
2022-03-10,39.99,9.99,30.0,300.3003003003003,63,77,3.0,36.81191780821918,6.0,0
2022-03-11,39.99,9.99,30.0,300.3003003003003,64,78,3.0,36.81191780821918,6.0,0
2022-03-12,39.99,9.99,30.0,300.3003003003003,65,79,3.0,36.81191780821918,6.0,0
2022-03-13,39.99,9.99,30.0,300.3003003003003,66,80,3.0,36.81191780821918,6.0,0
2022-03-14,39.99,9.99,30.0,300.3003003003003,67,81,3.0,36.81191780821918,6.0,0
2022-03-15,39.99,9.99,30.0,300.3003003003003,68,82,3.0,36.811917808219185,6.0,0
2022-03-16,39.99,9.99,30.0,300.3003003003003,69,83,3.0,36.81191780821918,6.0,0
2022-03-17,39.99,9.99,30.0,300.3003003003003,70,84,3.0,36.81191780821918,6.0,0
2022-03-18,39.99,9.99,30.0,300.3003003003003,71,85,3.0,36.81191780821918,6.0,0
2022-03-19,39.99,9.99,30.0,300.3003003003003,72,86,3.0,36.81191780821918,6.0,0
2022-03-20,39.99,9.99,30.0,300.3003003003003,73,87,3.0,36.81191780821918,6.0,0
2022-03-21,39.99,9.99,30.0,300.3003003003003,74,88,3.0,36.81191780821918,6.0,0
2022-03-22,39.99,9.99,30.0,300.3003003003003,75,89,3.0,36.81191780821918,6.0,0
2022-03-23,39.99,9.99,30.0,300.3003003003003,76,90,3.0,36.811917808219185,6.0,0
2022-03-24,39.99,9.99,30.0,300.3003003003003,77,91,3.0,36.81191780821918,6.0,0
2022-03-25,39.99,9.99,30.0,300.3003003003003,78,92,3.0,36.81191780821918,6.0,0
2022-03-26,39.99,9.99,30.0,300.3003003003003,79,93,3.0,36.81191780821918,6.0,0
2022-03-27,39.99,9.99,30.0,300.3003003003003,80,94,3.0,36.81191780821918,6.0,0
2022-03-28,39.99,9.99,30.0,300.3003003003003,81,95,3.0,36.81191780821918,6.0,0
2022-03-29,39.99,9.99,30.0,300.3003003003003,82,96,3.0,36.81191780821918,6.0,0
2022-03-30,39.99,9.99,30.0,300.3003003003003,83,97,3.0,36.81191780821918,6.0,0
2022-03-31,39.99,9.99,30.0,300.3003003003003,84,98,3.0,36.811917808219185,6.0,0
2022-04-01,39.99,9.99,30.0,300.3003003003003,85,99,3.0,36.811917808219185,6.0,0
2022-04-02,39.99,9.99,30.0,300.3003003003003,86,100,3.0,36.81191780821918,6.0,0
2022-04-03,39.99,9.99,30.0,300.3003003003003,87,101,3.0,36.81191780821918,6.0,0
2022-04-04,39.99,9.99,30.0,300.3003003003003,88,102,3.0,36.81191780821918,6.0,0
2022-04-05,39.99,9.99,30.0,300.3003003003003,89,103,3.0,36.81191780821918,6.0,0
2022-04-06,39.99,9.99,30.0,300.3003003003003,90,104,3.0,36.81191780821918,6.0,0
2022-04-07,39.99,9.99,30.0,300.3003003003003,91,105,3.0,36.81191780821918,6.0,0
2022-04-08,39.99,9.99,30.0,300.3003003003003,92,106,3.0,36.81191780821918,6.0,0
2022-04-09,39.99,9.99,30.0,300.3003003003003,93,107,3.0,36.811917808219185,6.0,0
2022-04-10,39.99,9.99,30.0,300.3003003003003,94,108,3.0,36.81191780821918,6.0,0
2022-04-11,39.99,9.99,30.0,300.3003003003003,95,109,3.0,36.81191780821918,6.0,0
2022-04-12,39.99,9.99,30.0,300.3003003003003,96,110,3.0,36.81191780821918,6.0,0
2022-04-13,39.99,9.99,30.0,300.3003003003003,97,111,3.0,36.81191780821918,6.0,0
2022-04-14,39.99,9.99,30.0,300.3003003003003,98,112,3.0,36.81191780821918,6.0,0
2022-04-15,39.99,9.99,30.0,300.3003003003003,99,113,3.0,36.81191780821918,6.0,0
2022-04-16,39.99,9.99,30.0,300.3003003003003,100,114,3.0,36.81191780821918,6.0,0
2022-04-17,39.99,9.99,30.0,300.3003003003003,101,115,3.0,36.811917808219185,6.0,0
2022-04-18,39.99,9.99,30.0,300.3003003003003,102,116,3.0,36.81191780821918,6.0,0
2022-04-19,39.99,9.99,30.0,300.3003003003003,103,117,3.0,36.81191780821918,6.0,0
2022-04-20,39.99,9.99,30.0,300.3003003003003,104,118,3.0,36.81191780821918,6.0,0
2022-04-21,39.99,9.99,30.0,300.3003003003003,105,119,3.0,36.81191780821918,6.0,0
2022-04-22,39.99,9.99,30.0,300.3003003003003,106,120,3.0,36.81191780821918,6.0,0
2022-04-23,39.99,9.99,30.0,300.3003003003003,107,121,3.0,36.81191780821918,6.0,0
2022-04-24,39.99,9.99,30.0,300.3003003003003,108,122,3.0,36.81191780821918,6.0,0
2022-04-25,39.99,9.99,30.0,300.3003003003003,109,123,3.0,36.811917808219185,6.0,0
2022-04-26,39.99,9.99,30.0,300.3003003003003,110,124,3.0,36.81191780821918,6.0,0
2022-04-27,39.99,9.99,30.0,300.3003003003003,111,125,3.0,36.81191780821918,6.0,0
2022-04-28,39.99,9.99,30.0,300.3003003003003,112,126,3.0,36.81191780821918,6.0,0
2022-04-29,39.99,9.99,30.0,300.3003003003003,113,127,3.0,36.81191780821918,6.0,0
2022-04-30,39.99,9.99,30.0,300.3003003003003,114,128,3.0,36.81191780821918,6.0,0
2022-05-01,39.99,9.99,30.0,300.3003003003003,115,129,3.0,36.81191780821918,6.0,0
2022-05-02,39.99,9.99,30.0,300.3003003003003,116,130,3.0,36.81191780821918,6.0,0
2022-05-03,39.99,9.99,30.0,300.3003003003003,117,131,3.0,36.811917808219185,6.0,0
2022-05-04,39.99,9.99,30.0,300.3003003003003,118,132,3.0,36.811917808219185,6.0,0
2022-05-05,39.99,9.99,30.0,300.3003003003003,119,133,3.0,36.81191780821918,6.0,0
2022-05-06,39.99,9.99,30.0,300.3003003003003,120,134,3.0,36.81191780821918,6.0,0
2022-05-07,39.99,9.99,30.0,300.3003003003003,121,135,3.0,36.81191780821918,6.0,0
2022-05-08,39.99,9.99,30.0,300.3003003003003,122,136,3.0,36.81191780821918,6.0,0
2022-05-09,39.99,9.99,30.0,300.3003003003003,123,137,3.0,36.81191780821918,6.0,0
2022-05-10,39.99,9.99,30.0,300.3003003003003,124,138,3.0,36.81191780821918,6.0,0
2022-05-11,39.99,9.99,30.0,300.3003003003003,125,139,3.0,36.81191780821918,6.0,0
2022-05-12,39.99,9.99,30.0,300.3003003003003,126,140,3.0,36.811917808219185,6.0,0
2022-05-13,39.99,9.99,30.0,300.3003003003003,127,141,3.0,36.81191780821918,6.0,0
2022-05-14,39.99,9.99,30.0,300.3003003003003,128,142,3.0,36.81191780821918,6.0,0
2022-05-15,39.99,9.99,30.0,300.3003003003003,129,143,3.0,36.81191780821918,6.0,0
2022-05-16,39.99,9.99,30.0,300.3003003003003,130,144,3.0,36.81191780821918,6.0,0
2022-05-17,39.99,9.99,30.0,300.3003003003003,131,145,3.0,36.81191780821918,6.0,0
2022-05-18,39.99,9.99,30.0,300.3003003003003,132,146,3.0,36.81191780821918,6.0,0
2022-05-19,39.99,9.99,30.0,300.3003003003003,133,147,3.0,36.81191780821918,6.0,0
2022-05-20,39.99,9.99,30.0,300.3003003003003,134,148,3.0,36.811917808219185,6.0,0
2022-05-21,39.99,9.99,30.0,300.3003003003003,135,149,3.0,36.81191780821918,6.0,0
2022-05-22,39.99,9.99,30.0,300.3003003003003,136,150,3.0,36.81191780821918,6.0,0
2022-05-23,39.99,9.99,30.0,300.3003003003003,137,151,3.0,36.81191780821918,6.0,0
2022-05-24,39.99,9.99,30.0,300.3003003003003,138,152,3.0,36.81191780821918,6.0,0
2022-05-25,39.99,9.99,30.0,300.3003003003003,139,153,3.0,36.81191780821918,6.0,0
2022-05-26,39.99,9.99,30.0,300.3003003003003,140,154,3.0,36.81191780821918,6.0,0
2022-05-27,39.99,9.99,30.0,300.3003003003003,141,155,3.0,36.81191780821918,6.0,0
2022-05-28,39.99,9.99,30.0,300.3003003003003,142,156,3.0,36.811917808219185,6.0,0
2022-05-29,39.99,9.99,30.0,300.3003003003003,143,157,3.0,36.81191780821918,6.0,0
2022-05-30,39.99,9.99,30.0,300.3003003003003,144,158,3.0,36.81191780821918,6.0,0
2022-05-31,39.99,9.99,30.0,300.3003003003003,145,159,3.0,36.81191780821918,6.0,0
2022-06-01,39.99,9.99,30.0,300.3003003003003,146,160,3.0,36.81191780821918,6.0,0
2022-06-02,39.99,9.99,30.0,300.3003003003003,147,161,3.0,36.81191780821918,6.0,0
2022-06-03,39.99,9.99,30.0,300.3003003003003,148,162,3.0,36.81191780821918,6.0,0
2022-06-04,39.99,9.99,30.0,300.3003003003003,149,163,3.0,36.81191780821918,6.0,0
2022-06-05,39.99,9.99,30.0,300.3003003003003,150,164,3.0,36.811917808219185,6.0,0
2022-06-06,39.99,9.99,30.0,300.3003003003003,151,165,3.0,36.811917808219185,6.0,0
2022-06-07,39.99,9.99,30.0,300.3003003003003,152,166,3.0,36.81191780821918,6.0,0
2022-06-08,39.99,9.99,30.0,300.3003003003003,153,167,3.0,36.81191780821918,6.0,0
2022-06-09,39.99,9.99,30.0,300.3003003003003,154,168,3.0,36.81191780821918,6.0,0
2022-06-10,39.99,9.99,30.0,300.3003003003003,155,169,3.0,36.81191780821918,6.0,0
2022-06-11,39.99,9.99,30.0,300.3003003003003,156,170,3.0,36.81191780821918,6.0,0
2022-06-12,39.99,9.99,30.0,300.3003003003003,157,171,3.0,36.81191780821918,6.0,0
2022-06-13,39.99,9.99,30.0,300.3003003003003,158,172,3.0,36.81191780821918,6.0,0
2022-06-14,39.99,9.99,30.0,300.3003003003003,159,173,3.0,36.811917808219185,6.0,0
2022-06-15,39.99,9.99,30.0,300.3003003003003,160,174,3.0,36.81191780821918,6.0,0
2022-06-16,39.99,9.99,30.0,300.3003003003003,161,175,3.0,36.81191780821918,6.0,0
2022-06-17,39.99,9.99,30.0,300.3003003003003,162,176,3.0,36.81191780821918,6.0,0
2022-06-18,39.99,9.99,30.0,300.3003003003003,163,177,3.0,36.81191780821918,6.0,0
2022-06-19,39.99,9.99,30.0,300.3003003003003,164,178,3.0,36.81191780821918,6.0,0
2022-06-20,39.99,9.99,30.0,300.3003003003003,165,179,2.0,36.89410958904109,5.0,0
2022-06-21,39.99,9.99,30.0,300.3003003003003,166,180,2.0,36.976301369863016,5.0,0
2022-06-22,39.99,9.99,30.0,300.3003003003003,167,181,2.0,37.05849315068494,5.0,0
2022-06-23,39.99,9.99,30.0,300.3003003003003,168,182,2.0,37.14068493150685,5.0,0
2022-06-24,39.99,9.99,30.0,300.3003003003003,169,183,2.0,37.22287671232877,5.0,0
2022-06-25,39.99,9.99,30.0,300.3003003003003,170,184,2.0,37.305068493150685,5.0,0
2022-06-26,39.99,9.99,30.0,300.3003003003003,171,185,2.0,37.3872602739726,5.0,0
2022-06-27,39.99,9.99,30.0,300.3003003003003,172,186,2.0,37.46945205479452,5.0,0
2022-06-28,39.99,9.99,30.0,300.3003003003003,173,187,2.0,37.55164383561644,5.0,0
2022-06-29,39.99,9.99,30.0,300.3003003003003,174,188,2.0,37.633835616438354,5.0,0
2022-06-30,39.99,9.99,30.0,300.3003003003003,175,189,2.0,37.71602739726028,5.0,0
2022-07-01,39.99,9.99,30.0,300.3003003003003,176,190,2.0,37.7982191780822,5.0,0
2022-07-02,39.99,9.99,30.0,300.3003003003003,177,191,2.0,37.88041095890411,5.0,0
2022-07-03,39.99,9.99,30.0,300.3003003003003,178,192,2.0,37.96260273972603,5.0,0
2022-07-04,39.99,9.99,30.0,300.3003003003003,179,193,2.0,38.044794520547946,5.0,0
2022-07-05,39.99,9.99,30.0,300.3003003003003,180,194,2.0,38.12698630136986,5.0,0
2022-07-06,39.99,9.99,30.0,300.3003003003003,181,195,2.0,38.209178082191784,5.0,0
2022-07-07,39.99,9.99,30.0,300.3003003003003,182,196,2.0,38.2913698630137,5.0,0
2022-07-08,39.99,9.99,30.0,300.3003003003003,183,197,2.0,38.37356164383562,5.0,0
2022-07-09,39.99,9.99,30.0,300.3003003003003,184,198,2.0,38.45575342465754,5.0,0
2022-07-10,39.99,9.99,30.0,300.3003003003003,185,199,2.0,38.45575342465754,4.0,0
2022-07-11,39.99,9.99,30.0,300.3003003003003,186,200,2.0,38.45575342465754,4.0,0
2022-07-12,39.99,9.99,30.0,300.3003003003003,187,201,2.0,38.45575342465754,4.0,0
2022-07-13,39.99,9.99,30.0,300.3003003003003,188,202,2.0,38.45575342465754,4.0,0
2022-07-14,39.99,9.99,30.0,300.3003003003003,189,203,2.0,38.45575342465754,4.0,0
2022-07-15,39.99,9.99,30.0,300.3003003003003,190,204,2.0,38.45575342465754,4.0,0
2022-07-16,39.99,9.99,30.0,300.3003003003003,191,205,2.0,38.45575342465754,4.0,0
2022-07-17,39.99,9.99,30.0,300.3003003003003,192,206,2.0,38.45575342465754,4.0,0
2022-07-18,39.99,9.99,30.0,300.3003003003003,193,207,2.0,38.45575342465754,4.0,0
2022-07-19,39.99,9.99,30.0,300.3003003003003,194,208,2.0,38.45575342465754,4.0,0
2022-07-20,39.99,9.99,30.0,300.3003003003003,195,209,2.0,38.45575342465754,4.0,0
2022-07-21,39.99,9.99,30.0,300.3003003003003,196,210,2.0,38.45575342465754,4.0,0
2022-07-22,39.99,9.99,30.0,300.3003003003003,197,211,2.0,38.45575342465754,4.0,0
2022-07-23,39.99,9.99,30.0,300.3003003003003,198,212,2.0,38.45575342465754,4.0,0
2022-07-24,39.99,9.99,30.0,300.3003003003003,199,213,2.0,38.45575342465754,4.0,0
2022-07-25,39.99,9.99,30.0,300.3003003003003,200,214,2.0,38.45575342465754,4.0,0
2022-07-26,39.99,9.99,30.0,300.3003003003003,201,215,2.0,38.45575342465754,4.0,0
2022-07-27,39.99,9.99,30.0,300.3003003003003,202,216,2.0,38.45575342465754,4.0,0
2022-07-28,39.99,9.99,30.0,300.3003003003003,203,217,2.0,38.45575342465754,4.0,0
2022-07-29,39.99,9.99,30.0,300.3003003003003,204,218,2.0,38.45575342465754,4.0,0
2022-07-30,39.99,9.99,30.0,300.3003003003003,205,219,2.0,38.45575342465754,4.0,0
2022-07-31,39.99,9.99,30.0,300.3003003003003,206,220,2.0,38.45575342465754,4.0,0
2022-08-01,39.99,9.99,30.0,300.3003003003003,207,221,2.0,38.45575342465754,4.0,0
2022-08-02,39.99,9.99,30.0,300.3003003003003,208,222,2.0,38.45575342465754,4.0,0
2022-08-03,39.99,9.99,30.0,300.3003003003003,209,223,2.0,38.45575342465754,4.0,0
2022-08-04,39.99,9.99,30.0,300.3003003003003,210,224,2.0,38.45575342465754,4.0,0
2022-08-05,39.99,9.99,30.0,300.3003003003003,211,225,2.0,38.45575342465754,4.0,0
2022-08-06,39.99,9.99,30.0,300.3003003003003,212,226,2.0,38.45575342465754,4.0,0
2022-08-07,39.99,9.99,30.0,300.3003003003003,213,227,2.0,38.45575342465754,4.0,0
2022-08-08,39.99,9.99,30.0,300.3003003003003,214,228,2.0,38.45575342465754,4.0,0
2022-08-09,39.99,9.99,30.0,300.3003003003003,215,229,2.0,38.45575342465754,4.0,0
2022-08-10,39.99,9.99,30.0,300.3003003003003,216,230,2.0,38.45575342465754,4.0,0
2022-08-11,39.99,9.99,30.0,300.3003003003003,217,231,2.0,38.45575342465754,4.0,0
2022-08-12,39.99,9.99,30.0,300.3003003003003,218,232,2.0,38.45575342465754,4.0,0
2022-08-13,39.99,9.99,30.0,300.3003003003003,219,233,2.0,38.45575342465754,4.0,0
2022-08-14,39.99,9.99,30.0,300.3003003003003,220,234,2.0,38.45575342465754,4.0,0
2022-08-15,39.99,9.99,30.0,300.3003003003003,221,235,2.0,38.45575342465754,4.0,0
2022-08-16,39.99,9.99,30.0,300.3003003003003,222,236,2.0,38.45575342465754,4.0,0
2022-08-17,39.99,9.99,30.0,300.3003003003003,223,237,2.0,38.45575342465754,4.0,0
2022-08-18,39.99,9.99,30.0,300.3003003003003,224,238,2.0,38.45575342465754,4.0,0
2022-08-19,39.99,9.99,30.0,300.3003003003003,225,239,2.0,38.45575342465754,4.0,0
2022-08-20,39.99,9.99,30.0,300.3003003003003,226,240,2.0,38.45575342465754,4.0,0
2022-08-21,39.99,9.99,30.0,300.3003003003003,227,241,2.0,38.45575342465754,4.0,0
2022-08-22,39.99,9.99,30.0,300.3003003003003,228,242,2.0,38.45575342465754,4.0,0
2022-08-23,39.99,9.99,30.0,300.3003003003003,229,243,2.0,38.45575342465754,4.0,0
2022-08-24,39.99,9.99,30.0,300.3003003003003,230,244,2.0,38.45575342465754,4.0,0
2022-08-25,39.99,9.99,30.0,300.3003003003003,231,245,2.0,38.45575342465754,4.0,0
2022-08-26,39.99,9.99,30.0,300.3003003003003,232,246,2.0,38.45575342465754,4.0,0
2022-08-27,39.99,9.99,30.0,300.3003003003003,233,247,2.0,38.45575342465754,4.0,0
2022-08-28,39.99,9.99,30.0,300.3003003003003,234,248,2.0,38.45575342465754,4.0,0
2022-08-29,39.99,9.99,30.0,300.3003003003003,235,249,2.0,38.45575342465754,4.0,0
2022-08-30,39.99,9.99,30.0,300.3003003003003,236,250,2.0,38.45575342465754,4.0,0
2022-08-31,39.99,9.99,30.0,300.3003003003003,237,251,2.0,38.45575342465754,4.0,0
2022-09-01,39.99,9.99,30.0,300.3003003003003,238,252,2.0,38.45575342465754,4.0,0
2022-09-02,39.99,9.99,30.0,300.3003003003003,239,253,2.0,38.45575342465754,4.0,0
2022-09-03,39.99,9.99,30.0,300.3003003003003,240,254,2.0,38.45575342465754,4.0,0
2022-09-04,39.99,9.99,30.0,300.3003003003003,241,255,2.0,38.45575342465754,4.0,0
2022-09-05,39.99,9.99,30.0,300.3003003003003,242,256,2.0,38.45575342465754,4.0,0
2022-09-06,39.99,9.99,30.0,300.3003003003003,243,257,2.0,38.45575342465754,4.0,0
2022-09-07,39.99,9.99,30.0,300.3003003003003,244,258,2.0,38.45575342465754,4.0,0
2022-09-08,39.99,9.99,30.0,300.3003003003003,245,259,2.0,38.45575342465754,4.0,0
2022-09-09,39.99,9.99,30.0,300.3003003003003,246,260,2.0,38.45575342465754,4.0,0
2022-09-10,39.99,9.99,30.0,300.3003003003003,247,261,2.0,38.45575342465754,4.0,0
2022-09-11,39.99,9.99,30.0,300.3003003003003,248,262,2.0,38.45575342465754,4.0,0
2022-09-12,39.99,9.99,30.0,300.3003003003003,249,263,2.0,38.45575342465754,4.0,0
2022-09-13,39.99,9.99,30.0,300.3003003003003,250,264,2.0,38.45575342465754,4.0,0
2022-09-14,39.99,9.99,30.0,300.3003003003003,251,265,2.0,38.45575342465754,4.0,0
2022-09-15,39.99,9.99,30.0,300.3003003003003,252,266,2.0,38.45575342465754,4.0,0
2022-09-16,39.99,9.99,30.0,300.3003003003003,253,267,2.0,38.45575342465754,4.0,0
2022-09-17,39.99,9.99,30.0,300.3003003003003,254,268,2.0,38.45575342465754,4.0,0
2022-09-18,39.99,9.99,30.0,300.3003003003003,255,269,2.0,38.45575342465754,4.0,0
2022-09-19,39.99,9.99,30.0,300.3003003003003,256,270,2.0,38.45575342465754,4.0,0
2022-09-20,39.99,9.99,30.0,300.3003003003003,257,271,2.0,38.45575342465754,4.0,0
2022-09-21,39.99,9.99,30.0,300.3003003003003,258,272,2.0,38.45575342465754,4.0,0
2022-09-22,39.99,9.99,30.0,300.3003003003003,259,273,2.0,38.45575342465754,4.0,0
2022-09-23,39.99,9.99,30.0,300.3003003003003,260,274,2.0,38.45575342465754,4.0,0
2022-09-24,39.99,9.99,30.0,300.3003003003003,261,275,2.0,38.45575342465754,4.0,0
2022-09-25,39.99,9.99,30.0,300.3003003003003,262,276,2.0,38.45575342465754,4.0,0
2022-09-26,39.99,9.99,30.0,300.3003003003003,263,277,2.0,38.45575342465754,4.0,0
2022-09-27,39.99,9.99,30.0,300.3003003003003,264,278,2.0,38.45575342465754,4.0,0
2022-09-28,39.99,9.99,30.0,300.3003003003003,265,279,2.0,38.45575342465754,4.0,0
2022-09-29,39.99,9.99,30.0,300.3003003003003,266,280,2.0,38.45575342465754,4.0,0
2022-09-30,39.99,9.99,30.0,300.3003003003003,267,281,2.0,38.45575342465754,4.0,0
2022-10-01,39.99,9.99,30.0,300.3003003003003,268,282,2.0,38.45575342465754,4.0,0
2022-10-02,39.99,9.99,30.0,300.3003003003003,269,283,2.0,38.45575342465754,4.0,0
2022-10-03,39.99,9.99,30.0,300.3003003003003,270,284,2.0,38.45575342465754,4.0,0
2022-10-04,39.99,9.99,30.0,300.3003003003003,271,285,2.0,38.45575342465754,4.0,0
2022-10-05,39.99,9.99,30.0,300.3003003003003,272,286,2.0,38.45575342465754,4.0,0
2022-10-06,39.99,9.99,30.0,300.3003003003003,273,287,2.0,38.45575342465754,4.0,0
2022-10-07,39.99,9.99,30.0,300.3003003003003,274,288,2.0,38.45575342465754,4.0,0
2022-10-08,39.99,9.99,30.0,300.3003003003003,275,289,2.0,38.45575342465754,4.0,0
2022-10-09,39.99,9.99,30.0,300.3003003003003,276,290,2.0,38.45575342465754,4.0,0
2022-10-10,39.99,9.99,30.0,300.3003003003003,277,291,2.0,38.45575342465754,4.0,0
2022-10-11,39.99,9.99,30.0,300.3003003003003,278,292,2.0,38.45575342465754,4.0,0
2022-10-12,39.99,9.99,30.0,300.3003003003003,279,293,2.0,38.45575342465754,4.0,0
2022-10-13,39.99,9.99,30.0,300.3003003003003,280,294,2.0,38.45575342465754,4.0,0
2022-10-14,39.99,9.99,30.0,300.3003003003003,281,295,2.0,38.45575342465754,4.0,0
2022-10-15,39.99,9.99,30.0,300.3003003003003,282,296,2.0,38.45575342465754,4.0,0
2022-10-16,39.99,9.99,30.0,300.3003003003003,283,297,2.0,38.45575342465754,4.0,0
2022-10-17,39.99,9.99,30.0,300.3003003003003,284,298,2.0,38.45575342465754,4.0,0
2022-10-18,39.99,9.99,30.0,300.3003003003003,285,299,2.0,38.45575342465754,4.0,0
2022-10-19,39.99,9.99,30.0,300.3003003003003,286,300,2.0,38.45575342465754,4.0,0
2022-10-20,39.99,9.99,30.0,300.3003003003003,287,301,2.0,38.45575342465754,4.0,0
2022-10-21,39.99,9.99,30.0,300.3003003003003,288,302,2.0,38.45575342465754,4.0,0
2022-10-22,39.99,9.99,30.0,300.3003003003003,289,303,2.0,38.45575342465754,4.0,0
2022-10-23,39.99,9.99,30.0,300.3003003003003,290,304,2.0,38.45575342465754,4.0,0
2022-10-24,39.99,9.99,30.0,300.3003003003003,291,305,2.0,38.45575342465754,4.0,0
2022-10-25,39.99,9.99,30.0,300.3003003003003,292,306,2.0,38.45575342465754,4.0,0
2022-10-26,39.99,9.99,30.0,300.3003003003003,293,307,2.0,38.45575342465754,4.0,0
2022-10-27,39.99,9.99,30.0,300.3003003003003,294,308,2.0,38.45575342465754,4.0,0
2022-10-28,39.99,9.99,30.0,300.3003003003003,295,309,2.0,38.45575342465754,4.0,0
2022-10-29,39.99,9.99,30.0,300.3003003003003,296,310,2.0,38.45575342465754,4.0,0
2022-10-30,39.99,9.99,30.0,300.3003003003003,297,311,2.0,38.45575342465754,4.0,0
2022-10-31,39.99,9.99,30.0,300.3003003003003,298,312,2.0,38.45575342465754,4.0,0
2022-11-01,39.99,9.99,30.0,300.3003003003003,299,313,2.0,38.45575342465754,4.0,0
2022-11-02,39.99,9.99,30.0,300.3003003003003,300,314,2.0,38.45575342465754,4.0,0
2022-11-03,39.99,9.99,30.0,300.3003003003003,301,315,2.0,38.45575342465754,4.0,0
2022-11-04,39.99,9.99,30.0,300.3003003003003,302,316,2.0,38.45575342465754,4.0,0
2022-11-05,39.99,9.99,30.0,300.3003003003003,303,317,2.0,38.45575342465754,4.0,0
2022-11-06,39.99,9.99,30.0,300.3003003003003,304,318,2.0,38.45575342465754,4.0,0
2022-11-07,39.99,9.99,30.0,300.3003003003003,305,319,2.0,38.45575342465754,4.0,0
2022-11-08,39.99,9.99,30.0,300.3003003003003,306,320,2.0,38.45575342465754,4.0,0
2022-11-09,39.99,9.99,30.0,300.3003003003003,307,321,2.0,38.45575342465754,4.0,0
2022-11-10,39.99,9.99,30.0,300.3003003003003,308,322,2.0,38.45575342465754,4.0,0
2022-11-11,39.99,9.99,30.0,300.3003003003003,309,323,2.0,38.45575342465754,4.0,0
2022-11-12,39.99,9.99,30.0,300.3003003003003,310,324,2.0,38.45575342465754,4.0,0
2022-11-13,39.99,9.99,30.0,300.3003003003003,311,325,2.0,38.45575342465754,4.0,0
2022-11-14,39.99,9.99,30.0,300.3003003003003,312,326,2.0,38.45575342465754,4.0,0
2022-11-15,39.99,9.99,30.0,300.3003003003003,313,327,2.0,38.45575342465754,4.0,0
2022-11-16,39.99,9.99,30.0,300.3003003003003,314,328,2.0,38.45575342465754,4.0,0
2022-11-17,39.99,9.99,30.0,300.3003003003003,315,329,2.0,38.45575342465754,4.0,0
2022-11-18,39.99,9.99,30.0,300.3003003003003,316,330,2.0,38.45575342465754,4.0,0
2022-11-19,39.99,9.99,30.0,300.3003003003003,317,331,2.0,38.45575342465754,4.0,0
2022-11-20,39.99,9.99,30.0,300.3003003003003,318,332,2.0,38.45575342465754,4.0,0
2022-11-21,39.99,9.99,30.0,300.3003003003003,319,333,2.0,38.45575342465754,4.0,0
2022-11-22,39.99,9.99,30.0,300.3003003003003,320,334,2.0,38.45575342465754,4.0,0
2022-11-23,39.99,9.99,30.0,300.3003003003003,321,335,2.0,38.45575342465754,4.0,0
2022-11-24,39.99,9.99,30.0,300.3003003003003,322,336,2.0,38.45575342465754,4.0,0
2022-11-25,39.99,9.99,30.0,300.3003003003003,323,337,2.0,38.45575342465754,4.0,0
2022-11-26,39.99,9.99,30.0,300.3003003003003,324,338,1.0,38.51054794520549,3.0,0
2022-11-27,39.99,9.99,30.0,300.3003003003003,325,339,1.0,38.565342465753425,3.0,0
2022-11-28,39.99,9.99,30.0,300.3003003003003,326,340,1.0,38.62013698630137,3.0,0
2022-11-29,39.99,9.99,30.0,300.3003003003003,327,341,1.0,38.67493150684932,3.0,0
2022-11-30,39.99,9.99,30.0,300.3003003003003,328,342,1.0,38.72972602739726,3.0,0
2022-12-01,39.99,9.99,30.0,300.3003003003003,329,343,1.0,38.784520547945206,3.0,0
2022-12-02,39.99,9.99,30.0,300.3003003003003,330,344,1.0,38.83931506849315,3.0,0
2022-12-03,39.99,9.99,30.0,300.3003003003003,331,345,1.0,38.83931506849315,2.0,0
2022-12-04,39.99,9.99,30.0,300.3003003003003,332,346,1.0,38.83931506849316,2.0,0
2022-12-05,39.99,9.99,30.0,300.3003003003003,333,347,1.0,38.83931506849316,2.0,0
2022-12-06,39.99,9.99,30.0,300.3003003003003,334,348,1.0,38.83931506849315,2.0,0
2022-12-07,39.99,9.99,30.0,300.3003003003003,335,349,1.0,38.83931506849315,2.0,0
2022-12-08,39.99,9.99,30.0,300.3003003003003,336,350,1.0,38.83931506849315,2.0,0
2022-12-09,39.99,9.99,30.0,300.3003003003003,337,351,1.0,38.83931506849315,2.0,0
2022-12-10,39.99,9.99,30.0,300.3003003003003,338,352,1.0,38.83931506849315,2.0,0
2022-12-11,39.99,9.99,30.0,300.3003003003003,339,353,1.0,38.83931506849315,2.0,0
2022-12-12,39.99,9.99,30.0,300.3003003003003,340,354,1.0,38.83931506849316,2.0,0
2022-12-13,39.99,9.99,30.0,300.3003003003003,341,355,1.0,38.83931506849316,2.0,0
2022-12-14,39.99,9.99,30.0,300.3003003003003,342,356,1.0,38.83931506849315,2.0,0
2022-12-15,39.99,9.99,30.0,300.3003003003003,343,357,1.0,38.83931506849315,2.0,0
2022-12-16,39.99,9.99,30.0,300.3003003003003,344,358,1.0,38.83931506849315,2.0,0
2022-12-17,39.99,9.99,30.0,300.3003003003003,345,359,1.0,38.83931506849315,2.0,0
2022-12-18,39.99,9.99,30.0,300.3003003003003,346,360,1.0,38.83931506849315,2.0,0
2022-12-19,39.99,9.99,30.0,300.3003003003003,347,361,1.0,38.83931506849315,2.0,0
2022-12-20,39.99,9.99,30.0,300.3003003003003,348,362,1.0,38.83931506849315,2.0,0
2022-12-21,39.99,9.99,30.0,300.3003003003003,349,363,1.0,38.83931506849316,2.0,0
2022-12-22,39.99,9.99,30.0,300.3003003003003,350,364,1.0,38.83931506849315,2.0,0
2022-12-23,39.99,9.99,30.0,300.3003003003003,351,365,1.0,38.83931506849315,2.0,0
2022-12-24,39.99,9.99,30.0,300.3003003003003,352,366,0.0,38.92150684931507,1.0,0
2022-12-25,39.99,9.99,30.0,300.3003003003003,353,367,0.0,39.00369863013699,1.0,0
2022-12-26,39.99,9.99,30.0,300.3003003003003,354,368,0.0,39.0858904109589,1.0,0
2022-12-27,39.99,9.99,30.0,300.3003003003003,355,369,0.0,39.168082191780826,1.0,0
2022-12-28,39.99,9.99,30.0,300.3003003003003,356,370,0.0,39.25027397260274,1.0,0
2022-12-29,39.99,9.99,30.0,300.3003003003003,357,371,0.0,39.332465753424664,1.0,0
2022-12-30,39.99,9.99,30.0,300.3003003003003,358,372,0.0,39.41465753424658,1.0,0
2022-12-31,39.99,9.99,30.0,300.3003003003003,359,373,0.0,39.496849315068495,1.0,0
2023-01-01,39.99,9.99,30.0,300.3003003003003,360,374,0.0,39.57904109589041,1.0,0
2023-01-02,39.99,9.99,30.0,300.3003003003003,361,375,0.0,39.66123287671233,1.0,0
2023-01-03,39.99,9.99,30.0,300.3003003003003,362,376,0.0,39.74342465753425,1.0,0
2023-01-04,39.99,9.99,30.0,300.3003003003003,363,377,0.0,39.825616438356164,1.0,0
2023-01-05,39.99,9.99,30.0,300.3003003003003,364,378,0.0,39.90780821917809,1.0,0
2023-01-06,39.99,9.99,30.0,300.3003003003003,365,379,0.0,39.99,1.0,0
2023-01-07,39.99,9.99,30.0,300.3003003003003,366,380,0.0,39.99,0.0,0
2023-01-08,39.99,9.99,30.0,300.3003003003003,367,381,0.0,39.99,0.0,0
2023-01-09,39.99,9.99,30.0,300.3003003003003,368,382,0.0,39.99,0.0,0
2023-01-10,39.99,9.99,30.0,300.3003003003003,369,383,0.0,39.99,0.0,0
2023-01-11,39.99,9.99,30.0,300.3003003003003,370,384,0.0,39.99,0.0,0
2023-01-12,39.99,9.99,30.0,300.3003003003003,371,385,0.0,39.99,0.0,0
2023-01-13,39.99,9.99,30.0,300.3003003003003,372,386,0.0,39.99,0.0,0
2023-01-14,39.99,9.99,30.0,300.3003003003003,373,387,0.0,39.99,0.0,0
2023-01-15,39.99,9.99,30.0,300.3003003003003,374,388,0.0,39.99,0.0,0
2023-01-16,39.99,9.99,30.0,300.3003003003003,375,389,0.0,39.99,0.0,0
2023-01-17,39.99,9.99,30.0,300.3003003003003,376,390,0.0,39.99,0.0,0
2023-01-18,39.99,9.99,30.0,300.3003003003003,377,391,0.0,39.99,0.0,0
2023-01-19,39.99,9.99,30.0,300.3003003003003,378,392,0.0,39.99,0.0,0
2023-01-20,39.99,9.99,30.0,300.3003003003003,379,393,0.0,39.99,0.0,0
2023-01-21,39.99,9.99,30.0,300.3003003003003,380,394,0.0,39.99,0.0,0
2023-01-22,39.99,9.99,30.0,300.3003003003003,381,395,0.0,39.99,0.0,0
2023-01-23,39.99,9.99,30.0,300.3003003003003,382,396,0.0,39.99,0.0,0
2023-01-24,39.99,9.99,30.0,300.3003003003003,383,397,0.0,39.99,0.0,0
2023-01-25,39.99,9.99,30.0,300.3003003003003,384,398,0.0,39.99,0.0,0
2023-01-26,39.99,9.99,30.0,300.3003003003003,385,399,0.0,39.99,0.0,0
2023-01-27,39.99,9.99,30.0,300.3003003003003,386,400,0.0,39.99,0.0,0
2023-01-28,39.99,9.99,30.0,300.3003003003003,387,401,0.0,39.99,0.0,0
2023-01-29,39.99,9.99,30.0,300.3003003003003,388,402,0.0,39.99,0.0,0
2023-01-30,39.99,9.99,30.0,300.3003003003003,389,403,0.0,39.99,0.0,0
2023-01-31,39.99,9.99,30.0,300.3003003003003,390,404,0.0,39.99,0.0,0
2023-02-01,39.99,9.99,30.0,300.3003003003003,391,405,0.0,39.99,0.0,0
2023-02-02,39.99,9.99,30.0,300.3003003003003,392,406,0.0,39.99,0.0,0
2023-02-03,39.99,9.99,30.0,300.3003003003003,393,407,0.0,39.99,0.0,0
2023-02-04,39.99,9.99,30.0,300.3003003003003,394,408,0.0,39.99,0.0,0
2023-02-05,39.99,9.99,30.0,300.3003003003003,395,409,0.0,39.99,0.0,0
2023-02-06,39.99,9.99,30.0,300.3003003003003,396,410,0.0,39.99,0.0,0
2023-02-07,39.99,9.99,30.0,300.3003003003003,397,411,0.0,39.99,0.0,0
2023-02-08,39.99,9.99,30.0,300.3003003003003,398,412,0.0,39.99,0.0,0
2023-02-09,39.99,9.99,30.0,300.3003003003003,399,413,0.0,39.99,0.0,0
2023-02-10,39.99,9.99,30.0,300.3003003003003,400,414,0.0,39.99,0.0,0
2023-02-11,39.99,9.99,30.0,300.3003003003003,401,415,0.0,39.99,0.0,0
2023-02-12,39.99,9.99,30.0,300.3003003003003,402,416,0.0,39.99,0.0,0
2023-02-13,39.99,9.99,30.0,300.3003003003003,403,417,0.0,39.99,0.0,0
2023-02-14,39.99,9.99,30.0,300.3003003003003,404,418,0.0,39.99,0.0,0
2023-02-15,39.99,9.99,30.0,300.3003003003003,405,419,0.0,39.99,0.0,0
2023-02-16,39.99,9.99,30.0,300.3003003003003,406,420,0.0,39.99,0.0,0
2023-02-17,39.99,9.99,30.0,300.3003003003003,407,421,0.0,39.99,0.0,0
2023-02-18,39.99,9.99,30.0,300.3003003003003,408,422,0.0,39.99,0.0,0
2023-02-19,39.99,9.99,30.0,300.3003003003003,409,423,0.0,39.99,0.0,0
2023-02-20,39.99,9.99,30.0,300.3003003003003,410,424,0.0,39.99,0.0,0
2023-02-21,39.99,9.99,30.0,300.3003003003003,411,425,0.0,39.99,0.0,0
2023-02-22,39.99,9.99,30.0,300.3003003003003,412,426,0.0,39.99,0.0,0
2023-02-23,39.99,9.99,30.0,300.3003003003003,413,427,0.0,39.99,0.0,0
2023-02-24,39.99,9.99,30.0,300.3003003003003,414,428,0.0,39.99,0.0,0
2023-02-25,39.99,9.99,30.0,300.3003003003003,415,429,0.0,39.99,0.0,0
2023-02-26,39.99,9.99,30.0,300.3003003003003,416,430,0.0,39.99,0.0,0
2023-02-27,39.99,9.99,30.0,300.3003003003003,417,431,0.0,39.99,0.0,0
2023-02-28,39.99,9.99,30.0,300.3003003003003,418,432,0.0,39.99,0.0,0
2023-03-01,39.99,9.99,30.0,300.3003003003003,419,433,0.0,39.99,0.0,0
2023-03-02,39.99,9.99,30.0,300.3003003003003,420,434,0.0,39.99,0.0,0
2023-03-03,39.99,9.99,30.0,300.3003003003003,421,435,0.0,39.99,0.0,0
2023-03-04,39.99,9.99,30.0,300.3003003003003,422,436,0.0,39.99,0.0,0
2023-03-05,39.99,9.99,30.0,300.3003003003003,423,437,0.0,39.99,0.0,0
2023-03-06,39.99,9.99,30.0,300.3003003003003,424,438,0.0,39.99,0.0,0
2023-03-07,39.99,9.99,30.0,300.3003003003003,425,439,0.0,39.99,0.0,0
2023-03-08,39.99,9.99,30.0,300.3003003003003,426,440,0.0,39.99,0.0,0
2023-03-09,39.99,9.99,30.0,300.3003003003003,427,441,0.0,39.99,0.0,0
2023-03-10,39.99,9.99,30.0,300.3003003003003,428,442,0.0,39.99,0.0,0
2023-03-11,39.99,9.99,30.0,300.3003003003003,429,443,0.0,39.99,0.0,0
2023-03-12,39.99,9.99,30.0,300.3003003003003,430,444,0.0,39.99,0.0,0
2023-03-13,39.99,9.99,30.0,300.3003003003003,431,445,0.0,39.99,0.0,0
2023-03-14,39.99,9.99,30.0,300.3003003003003,432,446,0.0,39.99,0.0,0
2023-03-15,39.99,9.99,30.0,300.3003003003003,433,447,0.0,39.99,0.0,0
2023-03-16,39.99,9.99,30.0,300.3003003003003,434,448,0.0,39.99,0.0,0
2023-03-17,39.99,9.99,30.0,300.3003003003003,435,449,0.0,39.99,0.0,0
2023-03-18,39.99,9.99,30.0,300.3003003003003,436,450,0.0,39.99,0.0,0
2023-03-19,39.99,9.99,30.0,300.3003003003003,437,451,0.0,39.99,0.0,0
2023-03-20,39.99,9.99,30.0,300.3003003003003,438,452,0.0,39.99,0.0,0
2023-03-21,39.99,9.99,30.0,300.3003003003003,439,453,0.0,39.99,0.0,0
2023-03-22,39.99,9.99,30.0,300.3003003003003,440,454,0.0,39.99,0.0,0
2023-03-23,39.99,9.99,30.0,300.3003003003003,441,455,0.0,39.99,0.0,0
2023-03-24,39.99,9.99,30.0,300.3003003003003,442,456,0.0,39.99,0.0,0
2023-03-25,39.99,9.99,30.0,300.3003003003003,443,457,0.0,39.99,0.0,0
2023-03-26,39.99,9.99,30.0,300.3003003003003,444,458,0.0,39.99,0.0,0
2023-03-27,39.99,9.99,30.0,300.3003003003003,445,459,0.0,39.99,0.0,0
2023-03-28,39.99,9.99,30.0,300.3003003003003,446,460,0.0,39.99,0.0,0
2023-03-29,39.99,9.99,30.0,300.3003003003003,447,461,0.0,39.99,0.0,0
2023-03-30,39.99,9.99,30.0,300.3003003003003,448,462,0.0,39.99,0.0,0
2023-03-31,39.99,9.99,30.0,300.3003003003003,449,463,0.0,39.99,0.0,0
2023-04-01,39.99,9.99,30.0,300.3003003003003,450,464,0.0,39.99,0.0,0
2023-04-02,39.99,9.99,30.0,300.3003003003003,451,465,0.0,39.99,0.0,0
2023-04-03,39.99,9.99,30.0,300.3003003003003,452,466,0.0,39.99,0.0,0
2023-04-04,39.99,9.99,30.0,300.3003003003003,453,467,0.0,39.99,0.0,0
2023-04-05,39.99,9.99,30.0,300.3003003003003,454,468,0.0,39.99,0.0,0
2023-04-06,39.99,9.99,30.0,300.3003003003003,455,469,0.0,39.99,0.0,0
2023-04-07,39.99,9.99,30.0,300.3003003003003,456,470,0.0,39.99,0.0,0
2023-04-08,39.99,9.99,30.0,300.3003003003003,457,471,0.0,39.99,0.0,0
2023-04-09,39.99,9.99,30.0,300.3003003003003,458,472,0.0,39.99,0.0,0
2023-04-10,39.99,9.99,30.0,300.3003003003003,459,473,0.0,39.99,0.0,0
2023-04-11,39.99,9.99,30.0,300.3003003003003,460,474,0.0,39.99,0.0,0
2023-04-12,39.99,9.99,30.0,300.3003003003003,461,475,0.0,39.99,0.0,0
2023-04-13,39.99,9.99,30.0,300.3003003003003,462,476,0.0,39.99,0.0,0
2023-04-14,39.99,9.99,30.0,300.3003003003003,463,477,0.0,39.99,0.0,0
2023-04-15,39.99,9.99,30.0,300.3003003003003,464,478,0.0,39.99,0.0,0
2023-04-16,39.99,9.99,30.0,300.3003003003003,465,479,0.0,39.99,0.0,0
2023-04-17,39.99,9.99,30.0,300.3003003003003,466,480,0.0,39.99,0.0,0
2023-04-18,39.99,9.99,30.0,300.3003003003003,467,481,0.0,39.99,0.0,0
2023-04-19,39.99,9.99,30.0,300.3003003003003,468,482,0.0,39.99,0.0,0
2023-04-20,39.99,9.99,30.0,300.3003003003003,469,483,0.0,39.99,0.0,0
2023-04-21,39.99,9.99,30.0,300.3003003003003,470,484,0.0,39.99,0.0,0
2023-04-22,39.99,9.99,30.0,300.3003003003003,471,485,0.0,39.99,0.0,0
2023-04-23,39.99,9.99,30.0,300.3003003003003,472,486,0.0,39.99,0.0,0
2023-04-24,39.99,9.99,30.0,300.3003003003003,473,487,0.0,39.99,0.0,0
2023-04-25,39.99,9.99,30.0,300.3003003003003,474,488,0.0,39.99,0.0,0
2023-04-26,39.99,9.99,30.0,300.3003003003003,475,489,0.0,39.99,0.0,0
2023-04-27,39.99,9.99,30.0,300.3003003003003,476,490,0.0,39.99,0.0,0
2023-04-28,39.99,9.99,30.0,300.3003003003003,477,491,0.0,39.99,0.0,0
2023-04-29,39.99,9.99,30.0,300.3003003003003,478,492,0.0,39.99,0.0,0
2023-04-30,39.99,9.99,30.0,300.3003003003003,479,493,0.0,39.99,0.0,0
2023-05-01,39.99,9.99,30.0,300.3003003003003,480,494,0.0,39.99,0.0,0
2023-05-02,39.99,9.99,30.0,300.3003003003003,481,495,0.0,39.99,0.0,0
2023-05-03,39.99,9.99,30.0,300.3003003003003,482,496,0.0,39.99,0.0,0
2023-05-04,39.99,9.99,30.0,300.3003003003003,483,497,0.0,39.99,0.0,0
2023-05-05,39.99,9.99,30.0,300.3003003003003,484,498,0.0,39.99,0.0,0
2023-05-06,39.99,9.99,30.0,300.3003003003003,485,499,0.0,39.99,0.0,0
2023-05-07,39.99,9.99,30.0,300.3003003003003,486,500,0.0,39.99,0.0,0
2023-05-08,39.99,9.99,30.0,300.3003003003003,487,501,0.0,39.99,0.0,0
2023-05-09,39.99,9.99,30.0,300.3003003003003,488,502,0.0,39.99,0.0,0
2023-05-10,39.99,9.99,30.0,300.3003003003003,489,503,0.0,39.99,0.0,0
2023-05-11,39.99,9.99,30.0,300.3003003003003,490,504,0.0,39.99,0.0,0
2023-05-12,39.99,9.99,30.0,300.3003003003003,491,505,0.0,39.99,0.0,0
2023-05-13,39.99,9.99,30.0,300.3003003003003,492,506,0.0,39.99,0.0,0
2023-05-14,39.99,9.99,30.0,300.3003003003003,493,507,0.0,39.99,0.0,0
2023-05-15,39.99,9.99,30.0,300.3003003003003,494,508,0.0,39.99,0.0,0
2023-05-16,39.99,9.99,30.0,300.3003003003003,495,509,0.0,39.99,0.0,0
2023-05-17,39.99,9.99,30.0,300.3003003003003,496,510,0.0,39.99,0.0,0
2023-05-18,39.99,9.99,30.0,300.3003003003003,497,511,0.0,39.99,0.0,0
2023-05-19,39.99,9.99,30.0,300.3003003003003,498,512,0.0,39.99,0.0,0
2023-05-20,39.99,9.99,30.0,300.3003003003003,499,513,0.0,39.99,0.0,0
2023-05-21,39.99,9.99,30.0,300.3003003003003,500,514,0.0,39.99,0.0,0
2023-05-22,39.99,9.99,30.0,300.3003003003003,501,515,0.0,39.99,0.0,0
2023-05-23,39.99,9.99,30.0,300.3003003003003,502,516,0.0,39.99,0.0,0
2023-05-24,39.99,9.99,30.0,300.3003003003003,503,517,0.0,39.99,0.0,0
2023-05-25,39.99,9.99,30.0,300.3003003003003,504,518,0.0,39.99,0.0,0
2023-05-26,39.99,9.99,30.0,300.3003003003003,505,519,0.0,39.99,0.0,0
2023-05-27,39.99,9.99,30.0,300.3003003003003,506,520,0.0,39.99,0.0,0
2023-05-28,39.99,9.99,30.0,300.3003003003003,507,521,0.0,39.99,0.0,0
2023-05-29,39.99,9.99,30.0,300.3003003003003,508,522,0.0,39.99,0.0,0
2023-05-30,39.99,9.99,30.0,300.3003003003003,509,523,0.0,39.99,0.0,0
2023-05-31,39.99,9.99,30.0,300.3003003003003,510,524,0.0,39.99,0.0,1
2023-06-01,39.99,9.99,30.0,300.3003003003003,511,525,0.0,39.99,0.0,1
2023-06-02,39.99,9.99,30.0,300.3003003003003,512,526,0.0,39.99,0.0,1
2023-06-03,39.99,9.99,30.0,300.3003003003003,513,527,0.0,39.99,0.0,1
2023-06-04,39.99,9.99,30.0,300.3003003003003,514,528,0.0,39.99,0.0,1
2023-06-05,39.99,9.99,30.0,300.3003003003003,515,529,0.0,39.99,0.0,1
2023-06-06,39.99,9.99,30.0,300.3003003003003,516,530,0.0,39.99,0.0,1
2023-06-07,39.99,9.99,30.0,300.3003003003003,517,531,0.0,39.99,0.0,1
2023-06-08,39.99,9.99,30.0,300.3003003003003,518,532,0.0,39.99,0.0,1
2023-06-09,39.99,9.99,30.0,300.3003003003003,519,533,0.0,39.99,0.0,1
2023-06-10,39.99,9.99,30.0,300.3003003003003,520,534,0.0,39.99,0.0,1
2023-06-11,39.99,9.99,30.0,300.3003003003003,521,535,0.0,39.99,0.0,1
2023-06-12,39.99,9.99,30.0,300.3003003003003,522,536,0.0,39.99,0.0,1
2023-06-13,39.99,9.99,30.0,300.3003003003003,523,537,0.0,39.99,0.0,1
2023-06-14,39.99,9.99,30.0,300.3003003003003,524,538,0.0,39.99,0.0,1
2023-06-15,39.99,9.99,30.0,300.3003003003003,525,539,0.0,39.99,0.0,1
2023-06-16,39.99,9.99,30.0,300.3003003003003,526,540,0.0,39.99,0.0,1
2023-06-17,39.99,9.99,30.0,300.3003003003003,527,541,0.0,39.99,0.0,1
2023-06-18,39.99,9.99,30.0,300.3003003003003,528,542,0.0,39.99,0.0,1
2023-06-19,39.99,9.99,30.0,300.3003003003003,529,543,0.0,39.99,0.0,1
2023-06-20,39.99,9.99,30.0,300.3003003003003,530,544,0.0,39.99,0.0,1
2023-06-21,39.99,9.99,30.0,300.3003003003003,531,545,0.0,39.99,0.0,1
2023-06-22,39.99,9.99,30.0,300.3003003003003,532,546,0.0,39.99,0.0,1
2023-06-23,39.99,9.99,30.0,300.3003003003003,533,547,0.0,39.99,0.0,1
2023-06-24,39.99,9.99,30.0,300.3003003003003,534,548,0.0,39.99,0.0,1
2023-06-25,39.99,9.99,30.0,300.3003003003003,535,549,0.0,39.99,0.0,1
2023-06-26,39.99,9.99,30.0,300.3003003003003,536,550,0.0,39.99,0.0,1
2023-06-27,39.99,9.99,30.0,300.3003003003003,537,551,0.0,39.99,0.0,1
2023-06-28,39.99,9.99,30.0,300.3003003003003,538,552,0.0,39.99,0.0,1
2023-06-29,39.99,9.99,30.0,300.3003003003003,539,553,0.0,39.99,0.0,1
2023-06-30,19.99,9.99,9.999999999999998,100.1001001001001,0,0,0.0,39.99,0.0,0
2023-07-01,19.99,9.99,9.999999999999998,100.1001001001001,1,1,1.0,39.93520547945206,1.0,0
2023-07-02,19.99,9.99,9.999999999999998,100.1001001001001,2,2,1.0,39.88041095890411,1.0,0
2023-07-03,19.99,9.99,9.999999999999998,100.1001001001001,3,3,1.0,39.825616438356164,1.0,0
2023-07-04,19.99,9.99,9.999999999999998,100.1001001001001,4,4,1.0,39.77082191780822,1.0,0
2023-07-05,19.99,9.99,9.999999999999998,100.1001001001001,5,5,1.0,39.71602739726028,1.0,0
2023-07-06,19.99,9.99,9.999999999999998,100.1001001001001,6,6,1.0,39.66123287671233,1.0,0
2023-07-07,19.99,9.99,9.999999999999998,100.1001001001001,7,7,1.0,39.60643835616439,1.0,0
2023-07-08,19.99,9.99,9.999999999999998,100.1001001001001,8,8,1.0,39.55164383561644,1.0,0
2023-07-09,19.99,9.99,9.999999999999998,100.1001001001001,9,9,1.0,39.496849315068495,1.0,0
2023-07-10,19.99,9.99,9.999999999999998,100.1001001001001,10,10,1.0,39.44205479452055,1.0,0
2023-07-11,19.99,9.99,9.999999999999998,100.1001001001001,11,11,1.0,39.3872602739726,1.0,0
2023-07-12,19.99,9.99,9.999999999999998,100.1001001001001,12,12,1.0,39.33246575342466,1.0,0
2023-07-13,19.99,9.99,9.999999999999998,100.1001001001001,13,13,1.0,39.27767123287671,1.0,0
2023-07-14,39.99,9.99,30.0,300.3003003003003,0,14,1.0,39.22287671232877,1.0,0
2023-07-15,39.99,9.99,30.0,300.3003003003003,1,15,1.0,39.22287671232877,2.0,0
2023-07-16,39.99,9.99,30.0,300.3003003003003,2,16,1.0,39.22287671232877,2.0,0
2023-07-17,39.99,9.99,30.0,300.3003003003003,3,17,1.0,39.22287671232877,2.0,0
2023-07-18,39.99,9.99,30.0,300.3003003003003,4,18,1.0,39.22287671232877,2.0,0
2023-07-19,39.99,9.99,30.0,300.3003003003003,5,19,1.0,39.22287671232877,2.0,0
2023-07-20,39.99,9.99,30.0,300.3003003003003,6,20,1.0,39.22287671232877,2.0,0
2023-07-21,39.99,9.99,30.0,300.3003003003003,7,21,1.0,39.22287671232877,2.0,0
2023-07-22,39.99,9.99,30.0,300.3003003003003,8,22,1.0,39.22287671232877,2.0,0
2023-07-23,39.99,9.99,30.0,300.3003003003003,9,23,1.0,39.22287671232877,2.0,0
2023-07-24,39.99,9.99,30.0,300.3003003003003,10,24,1.0,39.22287671232877,2.0,0
2023-07-25,39.99,9.99,30.0,300.3003003003003,11,25,1.0,39.22287671232877,2.0,0
2023-07-26,39.99,9.99,30.0,300.3003003003003,12,26,1.0,39.22287671232877,2.0,0
2023-07-27,39.99,9.99,30.0,300.3003003003003,13,27,1.0,39.22287671232877,2.0,0
2023-07-28,39.99,9.99,30.0,300.3003003003003,14,28,1.0,39.22287671232877,2.0,0
2023-07-29,39.99,9.99,30.0,300.3003003003003,15,29,1.0,39.22287671232877,2.0,0
2023-07-30,39.99,9.99,30.0,300.3003003003003,16,30,1.0,39.22287671232877,2.0,0
2023-07-31,39.99,9.99,30.0,300.3003003003003,17,31,1.0,39.22287671232877,2.0,0
2023-08-01,39.99,9.99,30.0,300.3003003003003,18,32,1.0,39.22287671232877,2.0,0
2023-08-02,39.99,9.99,30.0,300.3003003003003,19,33,1.0,39.22287671232877,2.0,0
2023-08-03,39.99,9.99,30.0,300.3003003003003,20,34,1.0,39.22287671232877,2.0,0
2023-08-04,39.99,9.99,30.0,300.3003003003003,21,35,1.0,39.22287671232877,2.0,0
2023-08-05,39.99,9.99,30.0,300.3003003003003,22,36,1.0,39.22287671232877,2.0,0
2023-08-06,39.99,9.99,30.0,300.3003003003003,23,37,1.0,39.22287671232877,2.0,0
2023-08-07,39.99,9.99,30.0,300.3003003003003,24,38,1.0,39.22287671232877,2.0,0
2023-08-08,39.99,9.99,30.0,300.3003003003003,25,39,1.0,39.22287671232877,2.0,0
2023-08-09,39.99,9.99,30.0,300.3003003003003,26,40,1.0,39.22287671232877,2.0,1
2023-08-10,39.99,9.99,30.0,300.3003003003003,27,41,1.0,39.22287671232877,2.0,1
2023-08-11,39.99,9.99,30.0,300.3003003003003,28,42,1.0,39.22287671232877,2.0,1
2023-08-12,39.99,9.99,30.0,300.3003003003003,29,43,1.0,39.22287671232877,2.0,1
2023-08-13,39.99,9.99,30.0,300.3003003003003,30,44,1.0,39.22287671232877,2.0,1
2023-08-14,39.99,9.99,30.0,300.3003003003003,31,45,1.0,39.22287671232877,2.0,1
2023-08-15,39.99,9.99,30.0,300.3003003003003,32,46,1.0,39.22287671232877,2.0,1
2023-08-16,39.99,9.99,30.0,300.3003003003003,33,47,1.0,39.22287671232877,2.0,1
2023-08-17,39.99,9.99,30.0,300.3003003003003,34,48,1.0,39.22287671232877,2.0,1
2023-08-18,39.99,9.99,30.0,300.3003003003003,35,49,1.0,39.22287671232877,2.0,1
2023-08-19,39.99,9.99,30.0,300.3003003003003,36,50,1.0,39.22287671232877,2.0,1
2023-08-20,39.99,9.99,30.0,300.3003003003003,37,51,1.0,39.22287671232877,2.0,1
2023-08-21,39.99,9.99,30.0,300.3003003003003,38,52,1.0,39.22287671232877,2.0,1
2023-08-22,39.99,9.99,30.0,300.3003003003003,39,53,1.0,39.22287671232877,2.0,1
2023-08-23,39.99,9.99,30.0,300.3003003003003,40,54,1.0,39.22287671232877,2.0,1
2023-08-24,39.99,9.99,30.0,300.3003003003003,41,55,1.0,39.22287671232877,2.0,1
2023-08-25,39.99,9.99,30.0,300.3003003003003,42,56,1.0,39.22287671232877,2.0,1
2023-08-26,39.99,9.99,30.0,300.3003003003003,43,57,1.0,39.22287671232877,2.0,1
2023-08-27,39.99,9.99,30.0,300.3003003003003,44,58,1.0,39.22287671232877,2.0,1
2023-08-28,39.99,9.99,30.0,300.3003003003003,45,59,1.0,39.22287671232877,2.0,1
2023-08-29,39.99,9.99,30.0,300.3003003003003,46,60,1.0,39.22287671232877,2.0,1
2023-08-30,39.99,9.99,30.0,300.3003003003003,47,61,1.0,39.22287671232877,2.0,1
2023-08-31,39.99,9.99,30.0,300.3003003003003,48,62,1.0,39.22287671232877,2.0,1
2023-09-01,39.99,9.99,30.0,300.3003003003003,49,63,1.0,39.22287671232877,2.0,1
2023-09-02,39.99,9.99,30.0,300.3003003003003,50,64,1.0,39.22287671232877,2.0,1
2023-09-03,39.99,9.99,30.0,300.3003003003003,51,65,1.0,39.22287671232877,2.0,1
2023-09-04,39.99,9.99,30.0,300.3003003003003,52,66,1.0,39.22287671232877,2.0,1
2023-09-05,39.99,9.99,30.0,300.3003003003003,53,67,1.0,39.22287671232877,2.0,1
2023-09-06,39.99,9.99,30.0,300.3003003003003,54,68,1.0,39.22287671232877,2.0,1
2023-09-07,39.99,9.99,30.0,300.3003003003003,55,69,1.0,39.22287671232877,2.0,1
2023-09-08,19.99,9.99,9.999999999999998,100.1001001001001,0,0,1.0,39.22287671232877,2.0,0
2023-09-09,19.99,9.99,9.999999999999998,100.1001001001001,1,1,2.0,39.168082191780826,3.0,0
2023-09-10,19.99,9.99,9.999999999999998,100.1001001001001,2,2,2.0,39.113287671232875,3.0,0
2023-09-11,19.99,9.99,9.999999999999998,100.1001001001001,3,3,2.0,39.05849315068494,3.0,0
2023-09-12,39.99,9.99,30.0,300.3003003003003,0,4,2.0,39.00369863013699,3.0,0
2023-09-13,39.99,9.99,30.0,300.3003003003003,1,5,2.0,39.00369863013699,4.0,0
2023-09-14,39.99,9.99,30.0,300.3003003003003,2,6,2.0,39.00369863013699,4.0,0
2023-09-15,39.99,9.99,30.0,300.3003003003003,3,7,2.0,39.00369863013699,4.0,0
2023-09-16,39.99,9.99,30.0,300.3003003003003,4,8,2.0,39.00369863013699,4.0,0
2023-09-17,39.99,9.99,30.0,300.3003003003003,5,9,2.0,39.00369863013699,4.0,0
2023-09-18,39.99,9.99,30.0,300.3003003003003,6,10,2.0,39.00369863013699,4.0,0
2023-09-19,39.99,9.99,30.0,300.3003003003003,7,11,2.0,39.003698630136995,4.0,0
2023-09-20,39.99,9.99,30.0,300.3003003003003,8,12,2.0,39.003698630136995,4.0,0
2023-09-21,39.99,9.99,30.0,300.3003003003003,9,13,2.0,39.00369863013699,4.0,0
2023-09-22,39.99,9.99,30.0,300.3003003003003,10,14,2.0,39.00369863013699,4.0,0
2023-09-23,39.99,9.99,30.0,300.3003003003003,11,15,2.0,39.00369863013699,4.0,0
2023-09-24,39.99,9.99,30.0,300.3003003003003,12,16,2.0,39.00369863013699,4.0,0
2023-09-25,39.99,9.99,30.0,300.3003003003003,13,17,2.0,39.00369863013699,4.0,0
2023-09-26,39.99,9.99,30.0,300.3003003003003,14,18,2.0,39.00369863013699,4.0,0
2023-09-27,39.99,9.99,30.0,300.3003003003003,15,19,2.0,39.00369863013699,4.0,0
2023-09-28,39.99,9.99,30.0,300.3003003003003,16,20,2.0,39.003698630136995,4.0,0
2023-09-29,39.99,9.99,30.0,300.3003003003003,17,21,2.0,39.00369863013699,4.0,0
2023-09-30,39.99,9.99,30.0,300.3003003003003,18,22,2.0,39.00369863013699,4.0,0
2023-10-01,39.99,9.99,30.0,300.3003003003003,19,23,2.0,39.00369863013699,4.0,0
2023-10-02,39.99,9.99,30.0,300.3003003003003,20,24,2.0,39.00369863013699,4.0,0
2023-10-03,39.99,9.99,30.0,300.3003003003003,21,25,2.0,39.00369863013699,4.0,0
2023-10-04,39.99,9.99,30.0,300.3003003003003,22,26,2.0,39.00369863013699,4.0,0
2023-10-05,39.99,9.99,30.0,300.3003003003003,23,27,2.0,39.00369863013699,4.0,0
2023-10-06,39.99,9.99,30.0,300.3003003003003,24,28,2.0,39.003698630136995,4.0,0
2023-10-07,39.99,9.99,30.0,300.3003003003003,25,29,2.0,39.00369863013699,4.0,0
2023-10-08,39.99,9.99,30.0,300.3003003003003,26,30,2.0,39.00369863013699,4.0,0
2023-10-09,39.99,9.99,30.0,300.3003003003003,27,31,2.0,39.00369863013699,4.0,0
2023-10-10,39.99,9.99,30.0,300.3003003003003,28,32,2.0,39.00369863013699,4.0,0
2023-10-11,39.99,9.99,30.0,300.3003003003003,29,33,2.0,39.00369863013699,4.0,0
2023-10-12,39.99,9.99,30.0,300.3003003003003,30,34,2.0,39.00369863013699,4.0,0
2023-10-13,39.99,9.99,30.0,300.3003003003003,31,35,2.0,39.00369863013699,4.0,0
2023-10-14,39.99,9.99,30.0,300.3003003003003,32,36,2.0,39.003698630136995,4.0,0
2023-10-15,39.99,9.99,30.0,300.3003003003003,33,37,2.0,39.003698630136995,4.0,0
2023-10-16,39.99,9.99,30.0,300.3003003003003,34,38,2.0,39.00369863013699,4.0,0
2023-10-17,39.99,9.99,30.0,300.3003003003003,35,39,2.0,39.00369863013699,4.0,0
2023-10-18,39.99,9.99,30.0,300.3003003003003,36,40,2.0,39.00369863013699,4.0,0
2023-10-19,39.99,9.99,30.0,300.3003003003003,37,41,2.0,39.00369863013699,4.0,0
2023-10-20,39.99,9.99,30.0,300.3003003003003,38,42,2.0,39.00369863013699,4.0,0
2023-10-21,39.99,9.99,30.0,300.3003003003003,39,43,2.0,39.00369863013699,4.0,0
2023-10-22,39.99,9.99,30.0,300.3003003003003,40,44,2.0,39.003698630136995,4.0,0
2023-10-23,39.99,9.99,30.0,300.3003003003003,41,45,2.0,39.003698630136995,4.0,1
2023-10-24,39.99,9.99,30.0,300.3003003003003,42,46,2.0,39.00369863013699,4.0,1
2023-10-25,39.99,9.99,30.0,300.3003003003003,43,47,2.0,39.00369863013699,4.0,1
2023-10-26,39.99,9.99,30.0,300.3003003003003,44,48,2.0,39.00369863013699,4.0,1
2023-10-27,39.99,9.99,30.0,300.3003003003003,45,49,2.0,39.00369863013699,4.0,1
2023-10-28,39.99,9.99,30.0,300.3003003003003,46,50,2.0,39.00369863013699,4.0,1
2023-10-29,39.99,9.99,30.0,300.3003003003003,47,51,2.0,39.00369863013699,4.0,1
2023-10-30,39.99,9.99,30.0,300.3003003003003,48,52,2.0,39.00369863013699,4.0,1
2023-10-31,39.99,9.99,30.0,300.3003003003003,49,53,2.0,39.003698630136995,4.0,1
2023-11-01,39.99,9.99,30.0,300.3003003003003,50,54,2.0,39.00369863013699,4.0,1
2023-11-02,39.99,9.99,30.0,300.3003003003003,51,55,2.0,39.00369863013699,4.0,1
2023-11-03,39.99,9.99,30.0,300.3003003003003,52,56,2.0,39.00369863013699,4.0,1
2023-11-04,39.99,9.99,30.0,300.3003003003003,53,57,2.0,39.00369863013699,4.0,1
2023-11-05,39.99,9.99,30.0,300.3003003003003,54,58,2.0,39.00369863013699,4.0,1
2023-11-06,39.99,9.99,30.0,300.3003003003003,55,59,2.0,39.00369863013699,4.0,1
2023-11-07,39.99,9.99,30.0,300.3003003003003,56,60,2.0,39.00369863013699,4.0,1
2023-11-08,39.99,9.99,30.0,300.3003003003003,57,61,2.0,39.003698630136995,4.0,1
2023-11-09,39.99,9.99,30.0,300.3003003003003,58,62,2.0,39.00369863013699,4.0,1
2023-11-10,39.99,9.99,30.0,300.3003003003003,59,63,2.0,39.00369863013699,4.0,1
2023-11-11,39.99,9.99,30.0,300.3003003003003,60,64,2.0,39.00369863013699,4.0,1
2023-11-12,39.99,9.99,30.0,300.3003003003003,61,65,2.0,39.00369863013699,4.0,1
2023-11-13,39.99,9.99,30.0,300.3003003003003,62,66,2.0,39.00369863013699,4.0,1
2023-11-14,39.99,9.99,30.0,300.3003003003003,63,67,2.0,39.00369863013699,4.0,1
2023-11-15,39.99,9.99,30.0,300.3003003003003,64,68,2.0,39.00369863013699,4.0,1
2023-11-16,39.99,9.99,30.0,300.3003003003003,65,69,2.0,39.003698630136995,4.0,1
2023-11-17,39.99,9.99,30.0,300.3003003003003,66,70,2.0,39.003698630136995,4.0,1
2023-11-18,39.99,9.99,30.0,300.3003003003003,67,71,2.0,39.00369863013699,4.0,1
2023-11-19,39.99,9.99,30.0,300.3003003003003,68,72,2.0,39.00369863013699,4.0,1
2023-11-20,39.99,9.99,30.0,300.3003003003003,69,73,2.0,39.00369863013699,4.0,1
2023-11-21,39.99,9.99,30.0,300.3003003003003,70,74,2.0,39.00369863013699,4.0,1
2023-11-22,19.99,9.99,9.999999999999998,100.1001001001001,0,0,2.0,39.00369863013699,4.0,0
2023-11-23,19.99,9.99,9.999999999999998,100.1001001001001,1,1,3.0,38.948904109589044,5.0,0
2023-11-24,19.99,9.99,9.999999999999998,100.1001001001001,2,2,3.0,38.8941095890411,5.0,0
2023-11-25,19.99,9.99,9.999999999999998,100.1001001001001,3,3,3.0,38.83931506849316,5.0,0
2023-11-26,19.99,9.99,9.999999999999998,100.1001001001001,4,4,3.0,38.784520547945206,5.0,0
2023-11-27,19.99,9.99,9.999999999999998,100.1001001001001,5,5,3.0,38.72972602739726,5.0,0
2023-11-28,19.99,9.99,9.999999999999998,100.1001001001001,6,6,3.0,38.67493150684932,5.0,0
2023-11-29,39.99,9.99,30.0,300.3003003003003,0,7,3.0,38.62013698630137,5.0,0
2023-11-30,39.99,9.99,30.0,300.3003003003003,1,8,3.0,38.62013698630137,6.0,0
2023-12-01,39.99,9.99,30.0,300.3003003003003,2,9,3.0,38.62013698630137,6.0,0
2023-12-02,39.99,9.99,30.0,300.3003003003003,3,10,3.0,38.62013698630137,6.0,0
2023-12-03,39.99,9.99,30.0,300.3003003003003,4,11,3.0,38.620136986301375,6.0,0
2023-12-04,39.99,9.99,30.0,300.3003003003003,5,12,3.0,38.62013698630137,6.0,0
2023-12-05,39.99,9.99,30.0,300.3003003003003,6,13,3.0,38.62013698630137,6.0,0
2023-12-06,39.99,9.99,30.0,300.3003003003003,7,14,3.0,38.62013698630137,6.0,0
2023-12-07,39.99,9.99,30.0,300.3003003003003,8,15,3.0,38.62013698630137,6.0,0
2023-12-08,39.99,9.99,30.0,300.3003003003003,9,16,3.0,38.62013698630137,6.0,0
2023-12-09,39.99,9.99,30.0,300.3003003003003,10,17,3.0,38.62013698630137,6.0,0
2023-12-10,39.99,9.99,30.0,300.3003003003003,11,18,3.0,38.62013698630137,6.0,0
2023-12-11,39.99,9.99,30.0,300.3003003003003,12,19,3.0,38.620136986301375,6.0,0
2023-12-12,39.99,9.99,30.0,300.3003003003003,13,20,3.0,38.62013698630137,6.0,0
2023-12-13,39.99,9.99,30.0,300.3003003003003,14,21,3.0,38.62013698630137,6.0,0
2023-12-14,39.99,9.99,30.0,300.3003003003003,15,22,3.0,38.62013698630137,6.0,0
2023-12-15,39.99,9.99,30.0,300.3003003003003,16,23,3.0,38.62013698630137,6.0,0
2023-12-16,39.99,9.99,30.0,300.3003003003003,17,24,3.0,38.62013698630137,6.0,0
2023-12-17,39.99,9.99,30.0,300.3003003003003,18,25,3.0,38.62013698630137,6.0,0
2023-12-18,39.99,9.99,30.0,300.3003003003003,19,26,3.0,38.62013698630137,6.0,0
2023-12-19,39.99,9.99,30.0,300.3003003003003,20,27,3.0,38.620136986301375,6.0,0
2023-12-20,39.99,9.99,30.0,300.3003003003003,21,28,3.0,38.620136986301375,6.0,0
2023-12-21,39.99,9.99,30.0,300.3003003003003,22,29,3.0,38.62013698630137,6.0,0
2023-12-22,39.99,9.99,30.0,300.3003003003003,23,30,3.0,38.62013698630137,6.0,0
2023-12-23,39.99,9.99,30.0,300.3003003003003,24,31,3.0,38.62013698630137,6.0,0
2023-12-24,39.99,9.99,30.0,300.3003003003003,25,32,3.0,38.62013698630137,6.0,0
2023-12-25,39.99,9.99,30.0,300.3003003003003,26,33,3.0,38.62013698630137,6.0,0
2023-12-26,39.99,9.99,30.0,300.3003003003003,27,34,3.0,38.62013698630137,6.0,0
2023-12-27,39.99,9.99,30.0,300.3003003003003,28,35,3.0,38.62013698630137,6.0,0
2023-12-28,39.99,9.99,30.0,300.3003003003003,29,36,3.0,38.620136986301375,6.0,0
2023-12-29,39.99,9.99,30.0,300.3003003003003,30,37,3.0,38.62013698630137,6.0,0
2023-12-30,39.99,9.99,30.0,300.3003003003003,31,38,3.0,38.62013698630137,6.0,0
2023-12-31,39.99,9.99,30.0,300.3003003003003,32,39,3.0,38.62013698630137,6.0,0
2024-01-01,39.99,9.99,30.0,300.3003003003003,33,40,3.0,38.62013698630137,6.0,0
2024-01-02,39.99,9.99,30.0,300.3003003003003,34,41,3.0,38.62013698630137,6.0,0
2024-01-03,39.99,9.99,30.0,300.3003003003003,35,42,3.0,38.62013698630137,6.0,0
2024-01-04,39.99,9.99,30.0,300.3003003003003,36,43,3.0,38.62013698630137,6.0,0
2024-01-05,39.99,9.99,30.0,300.3003003003003,37,44,3.0,38.620136986301375,6.0,0
2024-01-06,39.99,9.99,30.0,300.3003003003003,38,45,3.0,38.62013698630137,6.0,0
2024-01-07,39.99,9.99,30.0,300.3003003003003,39,46,3.0,38.62013698630137,6.0,0
2024-01-08,39.99,9.99,30.0,300.3003003003003,40,47,3.0,38.62013698630137,6.0,0
2024-01-09,39.99,9.99,30.0,300.3003003003003,41,48,3.0,38.62013698630137,6.0,0
2024-01-10,39.99,9.99,30.0,300.3003003003003,42,49,3.0,38.62013698630137,6.0,1
2024-01-11,39.99,9.99,30.0,300.3003003003003,43,50,3.0,38.62013698630137,6.0,1
2024-01-12,39.99,9.99,30.0,300.3003003003003,44,51,3.0,38.62013698630137,6.0,1
2024-01-13,39.99,9.99,30.0,300.3003003003003,45,52,3.0,38.620136986301375,6.0,1
2024-01-14,39.99,9.99,30.0,300.3003003003003,46,53,3.0,38.62013698630137,6.0,1
2024-01-15,39.99,9.99,30.0,300.3003003003003,47,54,3.0,38.62013698630137,6.0,1
2024-01-16,39.99,9.99,30.0,300.3003003003003,48,55,3.0,38.62013698630137,6.0,1
2024-01-17,39.99,9.99,30.0,300.3003003003003,49,56,3.0,38.62013698630137,6.0,1
2024-01-18,39.99,9.99,30.0,300.3003003003003,50,57,3.0,38.62013698630137,6.0,1
2024-01-19,39.99,9.99,30.0,300.3003003003003,51,58,3.0,38.62013698630137,6.0,1
2024-01-20,39.99,9.99,30.0,300.3003003003003,52,59,3.0,38.62013698630137,6.0,1
2024-01-21,39.99,9.99,30.0,300.3003003003003,53,60,3.0,38.620136986301375,6.0,1
2024-01-22,39.99,9.99,30.0,300.3003003003003,54,61,3.0,38.620136986301375,6.0,1
2024-01-23,39.99,9.99,30.0,300.3003003003003,55,62,3.0,38.62013698630137,6.0,1
2024-01-24,39.99,9.99,30.0,300.3003003003003,56,63,3.0,38.62013698630137,6.0,1
2024-01-25,39.99,9.99,30.0,300.3003003003003,57,64,3.0,38.62013698630137,6.0,1
2024-01-26,39.99,9.99,30.0,300.3003003003003,58,65,3.0,38.62013698630137,6.0,1
2024-01-27,39.99,9.99,30.0,300.3003003003003,59,66,3.0,38.62013698630137,6.0,1
2024-01-28,39.99,9.99,30.0,300.3003003003003,60,67,3.0,38.62013698630137,6.0,1
2024-01-29,39.99,9.99,30.0,300.3003003003003,61,68,3.0,38.62013698630137,6.0,1
2024-01-30,39.99,9.99,30.0,300.3003003003003,62,69,3.0,38.620136986301375,6.0,1
2024-01-31,39.99,9.99,30.0,300.3003003003003,63,70,3.0,38.62013698630137,6.0,1
2024-02-01,39.99,9.99,30.0,300.3003003003003,64,71,3.0,38.62013698630137,6.0,1
2024-02-02,39.99,9.99,30.0,300.3003003003003,65,72,3.0,38.62013698630137,6.0,1
2024-02-03,39.99,9.99,30.0,300.3003003003003,66,73,3.0,38.62013698630137,6.0,1
2024-02-04,39.99,9.99,30.0,300.3003003003003,67,74,3.0,38.62013698630137,6.0,1
2024-02-05,39.99,9.99,30.0,300.3003003003003,68,75,3.0,38.62013698630137,6.0,1
2024-02-06,39.99,9.99,30.0,300.3003003003003,69,76,3.0,38.62013698630137,6.0,1
2024-02-07,39.99,9.99,30.0,300.3003003003003,70,77,3.0,38.620136986301375,6.0,1
2024-02-08,39.99,9.99,30.0,300.3003003003003,71,78,3.0,38.62013698630137,6.0,1
2024-02-09,19.99,9.99,9.999999999999998,100.1001001001001,0,0,3.0,38.62013698630137,6.0,0
2024-02-10,19.99,9.99,9.999999999999998,100.1001001001001,1,1,4.0,38.565342465753425,7.0,0
2024-02-11,19.99,9.99,9.999999999999998,100.1001001001001,2,2,4.0,38.51054794520548,7.0,0
2024-02-12,19.99,9.99,9.999999999999998,100.1001001001001,3,3,4.0,38.45575342465754,7.0,0
2024-02-13,19.99,9.99,9.999999999999998,100.1001001001001,4,4,4.0,38.400958904109594,7.0,0
2024-02-14,19.99,9.99,9.999999999999998,100.1001001001001,5,5,4.0,38.34616438356164,7.0,0
2024-02-15,19.99,9.99,9.999999999999998,100.1001001001001,6,6,4.0,38.291369863013706,7.0,0
2024-02-16,19.99,9.99,9.999999999999998,100.1001001001001,7,7,4.0,38.236575342465756,7.0,0
2024-02-17,19.99,9.99,9.999999999999998,100.1001001001001,8,8,4.0,38.18178082191781,7.0,0
2024-02-18,19.99,9.99,9.999999999999998,100.1001001001001,9,9,4.0,38.12698630136986,7.0,0
2024-02-19,19.99,9.99,9.999999999999998,100.1001001001001,10,10,4.0,38.07219178082192,7.0,0
2024-02-20,19.99,9.99,9.999999999999998,100.1001001001001,11,11,4.0,38.017397260273974,7.0,0
2024-02-21,19.99,9.99,9.999999999999998,100.1001001001001,12,12,4.0,37.96260273972603,7.0,0
2024-02-22,19.99,9.99,9.999999999999998,100.1001001001001,13,13,4.0,37.90780821917809,7.0,0
2024-02-23,39.99,9.99,30.0,300.3003003003003,0,14,4.0,37.853013698630136,7.0,0
2024-02-24,39.99,9.99,30.0,300.3003003003003,1,15,4.0,37.85301369863014,8.0,0
2024-02-25,39.99,9.99,30.0,300.3003003003003,2,16,4.0,37.853013698630136,8.0,0
2024-02-26,39.99,9.99,30.0,300.3003003003003,3,17,4.0,37.853013698630136,8.0,0
2024-02-27,39.99,9.99,30.0,300.3003003003003,4,18,4.0,37.853013698630136,8.0,0
2024-02-28,39.99,9.99,30.0,300.3003003003003,5,19,4.0,37.853013698630136,8.0,0
2024-02-29,39.99,9.99,30.0,300.3003003003003,6,20,4.0,37.853013698630136,8.0,0
2024-03-01,39.99,9.99,30.0,300.3003003003003,7,21,4.0,37.853013698630136,8.0,0
2024-03-02,39.99,9.99,30.0,300.3003003003003,8,22,4.0,37.853013698630136,8.0,0
2024-03-03,39.99,9.99,30.0,300.3003003003003,9,23,4.0,37.85301369863014,8.0,0
2024-03-04,39.99,9.99,30.0,300.3003003003003,10,24,4.0,37.853013698630136,8.0,0
2024-03-05,39.99,9.99,30.0,300.3003003003003,11,25,4.0,37.853013698630136,8.0,0
2024-03-06,39.99,9.99,30.0,300.3003003003003,12,26,4.0,37.853013698630136,8.0,0
2024-03-07,39.99,9.99,30.0,300.3003003003003,13,27,4.0,37.853013698630136,8.0,0
2024-03-08,39.99,9.99,30.0,300.3003003003003,14,28,4.0,37.853013698630136,8.0,0
2024-03-09,39.99,9.99,30.0,300.3003003003003,15,29,4.0,37.853013698630136,8.0,0
2024-03-10,39.99,9.99,30.0,300.3003003003003,16,30,4.0,37.853013698630136,8.0,0
2024-03-11,39.99,9.99,30.0,300.3003003003003,17,31,4.0,37.85301369863014,8.0,0
2024-03-12,39.99,9.99,30.0,300.3003003003003,18,32,4.0,37.853013698630136,8.0,0
2024-03-13,39.99,9.99,30.0,300.3003003003003,19,33,4.0,37.853013698630136,8.0,0
2024-03-14,39.99,9.99,30.0,300.3003003003003,20,34,4.0,37.853013698630136,8.0,0
2024-03-15,39.99,9.99,30.0,300.3003003003003,21,35,4.0,37.853013698630136,8.0,0
2024-03-16,39.99,9.99,30.0,300.3003003003003,22,36,4.0,37.853013698630136,8.0,0
2024-03-17,39.99,9.99,30.0,300.3003003003003,23,37,4.0,37.853013698630136,8.0,0
2024-03-18,39.99,9.99,30.0,300.3003003003003,24,38,4.0,37.853013698630136,8.0,0
2024-03-19,39.99,9.99,30.0,300.3003003003003,25,39,4.0,37.85301369863014,8.0,0
2024-03-20,39.99,9.99,30.0,300.3003003003003,26,40,4.0,37.853013698630136,8.0,0
2024-03-21,39.99,9.99,30.0,300.3003003003003,27,41,4.0,37.853013698630136,8.0,0
2024-03-22,39.99,9.99,30.0,300.3003003003003,28,42,4.0,37.853013698630136,8.0,0
2024-03-23,39.99,9.99,30.0,300.3003003003003,29,43,4.0,37.853013698630136,8.0,0
2024-03-24,39.99,9.99,30.0,300.3003003003003,30,44,4.0,37.853013698630136,8.0,0
2024-03-25,39.99,9.99,30.0,300.3003003003003,31,45,4.0,37.853013698630136,8.0,0
2024-03-26,39.99,9.99,30.0,300.3003003003003,32,46,4.0,37.853013698630136,8.0,0
2024-03-27,39.99,9.99,30.0,300.3003003003003,33,47,4.0,37.853013698630136,8.0,0
2024-03-28,39.99,9.99,30.0,300.3003003003003,34,48,4.0,37.85301369863014,8.0,0
2024-03-29,39.99,9.99,30.0,300.3003003003003,35,49,4.0,37.853013698630136,8.0,0
2024-03-30,39.99,9.99,30.0,300.3003003003003,36,50,4.0,37.853013698630136,8.0,0
2024-03-31,39.99,9.99,30.0,300.3003003003003,37,51,4.0,37.853013698630136,8.0,0
2024-04-01,39.99,9.99,30.0,300.3003003003003,38,52,4.0,37.853013698630136,8.0,0
2024-04-02,39.99,9.99,30.0,300.3003003003003,39,53,4.0,37.853013698630136,8.0,0
2024-04-03,39.99,9.99,30.0,300.3003003003003,40,54,4.0,37.853013698630136,8.0,0
2024-04-04,39.99,9.99,30.0,300.3003003003003,41,55,4.0,37.853013698630136,8.0,0
2024-04-05,39.99,9.99,30.0,300.3003003003003,42,56,4.0,37.85301369863014,8.0,0
2024-04-06,39.99,9.99,30.0,300.3003003003003,43,57,4.0,37.853013698630136,8.0,0
2024-04-07,39.99,9.99,30.0,300.3003003003003,44,58,4.0,37.853013698630136,8.0,0
2024-04-08,39.99,9.99,30.0,300.3003003003003,45,59,4.0,37.853013698630136,8.0,0
2024-04-09,39.99,9.99,30.0,300.3003003003003,46,60,4.0,37.853013698630136,8.0,0
2024-04-10,39.99,9.99,30.0,300.3003003003003,47,61,4.0,37.853013698630136,8.0,1
2024-04-11,39.99,9.99,30.0,300.3003003003003,48,62,4.0,37.853013698630136,8.0,1
2024-04-12,39.99,9.99,30.0,300.3003003003003,49,63,4.0,37.853013698630136,8.0,1
2024-04-13,39.99,9.99,30.0,300.3003003003003,50,64,4.0,37.85301369863014,8.0,1
2024-04-14,39.99,9.99,30.0,300.3003003003003,51,65,4.0,37.853013698630136,8.0,1
2024-04-15,39.99,9.99,30.0,300.3003003003003,52,66,4.0,37.853013698630136,8.0,1
2024-04-16,39.99,9.99,30.0,300.3003003003003,53,67,4.0,37.853013698630136,8.0,1
2024-04-17,39.99,9.99,30.0,300.3003003003003,54,68,4.0,37.853013698630136,8.0,1
2024-04-18,39.99,9.99,30.0,300.3003003003003,55,69,4.0,37.853013698630136,8.0,1
2024-04-19,39.99,9.99,30.0,300.3003003003003,56,70,4.0,37.853013698630136,8.0,1
2024-04-20,39.99,9.99,30.0,300.3003003003003,57,71,4.0,37.853013698630136,8.0,1
2024-04-21,39.99,9.99,30.0,300.3003003003003,58,72,4.0,37.85301369863014,8.0,1
2024-04-22,39.99,9.99,30.0,300.3003003003003,59,73,4.0,37.853013698630136,8.0,1
2024-04-23,39.99,9.99,30.0,300.3003003003003,60,74,4.0,37.853013698630136,8.0,1
2024-04-24,39.99,9.99,30.0,300.3003003003003,61,75,4.0,37.853013698630136,8.0,1
2024-04-25,39.99,9.99,30.0,300.3003003003003,62,76,4.0,37.853013698630136,8.0,1
2024-04-26,39.99,9.99,30.0,300.3003003003003,63,77,4.0,37.853013698630136,8.0,1
2024-04-27,39.99,9.99,30.0,300.3003003003003,64,78,4.0,37.853013698630136,8.0,1
2024-04-28,39.99,9.99,30.0,300.3003003003003,65,79,4.0,37.853013698630136,8.0,1
2024-04-29,39.99,9.99,30.0,300.3003003003003,66,80,4.0,37.853013698630136,8.0,1
2024-04-30,39.99,9.99,30.0,300.3003003003003,67,81,4.0,37.85301369863014,8.0,1
2024-05-01,39.99,9.99,30.0,300.3003003003003,68,82,4.0,37.853013698630136,8.0,1
2024-05-02,39.99,9.99,30.0,300.3003003003003,69,83,4.0,37.853013698630136,8.0,1
2024-05-03,39.99,9.99,30.0,300.3003003003003,70,84,4.0,37.853013698630136,8.0,1
2024-05-04,39.99,9.99,30.0,300.3003003003003,71,85,4.0,37.853013698630136,8.0,1
2024-05-05,39.99,9.99,30.0,300.3003003003003,72,86,4.0,37.853013698630136,8.0,1
2024-05-06,39.99,9.99,30.0,300.3003003003003,73,87,4.0,37.853013698630136,8.0,1
2024-05-07,39.99,9.99,30.0,300.3003003003003,74,88,4.0,37.853013698630136,8.0,1
2024-05-08,39.99,9.99,30.0,300.3003003003003,75,89,4.0,37.85301369863014,8.0,1
2024-05-09,39.99,9.99,30.0,300.3003003003003,76,90,4.0,37.853013698630136,8.0,1
2024-05-10,19.99,9.99,9.999999999999998,100.1001001001001,0,0,4.0,37.853013698630136,8.0,0
2024-05-11,19.99,9.99,9.999999999999998,100.1001001001001,1,1,5.0,37.79821917808219,9.0,0
2024-05-12,19.99,9.99,9.999999999999998,100.1001001001001,2,2,5.0,37.74342465753425,9.0,0
2024-05-13,19.99,9.99,9.999999999999998,100.1001001001001,3,3,5.0,37.688630136986305,9.0,0
2024-05-14,19.99,9.99,9.999999999999998,100.1001001001001,4,4,5.0,37.633835616438354,9.0,0
2024-05-15,19.99,9.99,9.999999999999998,100.1001001001001,5,5,5.0,37.57904109589041,9.0,0
2024-05-16,19.99,9.99,9.999999999999998,100.1001001001001,6,6,5.0,37.524246575342474,9.0,0
2024-05-17,39.99,9.99,30.0,300.3003003003003,0,7,5.0,37.46945205479452,9.0,0
2024-05-18,39.99,9.99,30.0,300.3003003003003,1,8,5.0,37.46945205479452,10.0,0
2024-05-19,39.99,9.99,30.0,300.3003003003003,2,9,5.0,37.46945205479452,10.0,0
2024-05-20,39.99,9.99,30.0,300.3003003003003,3,10,5.0,37.46945205479452,10.0,0
2024-05-21,39.99,9.99,30.0,300.3003003003003,4,11,5.0,37.46945205479452,10.0,0
2024-05-22,39.99,9.99,30.0,300.3003003003003,5,12,5.0,37.46945205479452,10.0,0
2024-05-23,39.99,9.99,30.0,300.3003003003003,6,13,5.0,37.46945205479452,10.0,0
2024-05-24,39.99,9.99,30.0,300.3003003003003,7,14,5.0,37.46945205479452,10.0,0
2024-05-25,39.99,9.99,30.0,300.3003003003003,8,15,5.0,37.46945205479452,10.0,0
2024-05-26,39.99,9.99,30.0,300.3003003003003,9,16,5.0,37.46945205479452,10.0,0
2024-05-27,39.99,9.99,30.0,300.3003003003003,10,17,5.0,37.46945205479452,10.0,0
2024-05-28,39.99,9.99,30.0,300.3003003003003,11,18,5.0,37.46945205479452,10.0,0
2024-05-29,39.99,9.99,30.0,300.3003003003003,12,19,5.0,37.46945205479452,10.0,0
2024-05-30,39.99,9.99,30.0,300.3003003003003,13,20,5.0,37.46945205479452,10.0,0
2024-05-31,39.99,9.99,30.0,300.3003003003003,14,21,5.0,37.46945205479452,10.0,0
2024-06-01,39.99,9.99,30.0,300.3003003003003,15,22,5.0,37.46945205479452,10.0,0
2024-06-02,39.99,9.99,30.0,300.3003003003003,16,23,5.0,37.46945205479452,10.0,0
2024-06-03,39.99,9.99,30.0,300.3003003003003,17,24,5.0,37.46945205479452,10.0,0
2024-06-04,39.99,9.99,30.0,300.3003003003003,18,25,5.0,37.46945205479452,10.0,0
2024-06-05,39.99,9.99,30.0,300.3003003003003,19,26,5.0,37.46945205479452,10.0,0
2024-06-06,39.99,9.99,30.0,300.3003003003003,20,27,5.0,37.46945205479452,10.0,0
2024-06-07,39.99,9.99,30.0,300.3003003003003,21,28,5.0,37.46945205479452,10.0,0
2024-06-08,39.99,9.99,30.0,300.3003003003003,22,29,5.0,37.46945205479452,10.0,0
2024-06-09,39.99,9.99,30.0,300.3003003003003,23,30,5.0,37.46945205479452,10.0,0
2024-06-10,39.99,9.99,30.0,300.3003003003003,24,31,5.0,37.46945205479452,10.0,0
2024-06-11,39.99,9.99,30.0,300.3003003003003,25,32,5.0,37.46945205479452,10.0,0
2024-06-12,39.99,9.99,30.0,300.3003003003003,26,33,5.0,37.46945205479452,10.0,0
2024-06-13,39.99,9.99,30.0,300.3003003003003,27,34,5.0,37.46945205479452,10.0,0
2024-06-14,39.99,9.99,30.0,300.3003003003003,28,35,5.0,37.46945205479452,10.0,0
2024-06-15,39.99,9.99,30.0,300.3003003003003,29,36,5.0,37.46945205479452,10.0,0
2024-06-16,39.99,9.99,30.0,300.3003003003003,30,37,5.0,37.46945205479452,10.0,0
2024-06-17,39.99,9.99,30.0,300.3003003003003,31,38,5.0,37.46945205479452,10.0,0
2024-06-18,39.99,9.99,30.0,300.3003003003003,32,39,5.0,37.46945205479452,10.0,0
2024-06-19,39.99,9.99,30.0,300.3003003003003,33,40,5.0,37.46945205479452,10.0,0
2024-06-20,39.99,9.99,30.0,300.3003003003003,34,41,5.0,37.46945205479452,10.0,0
2024-06-21,39.99,9.99,30.0,300.3003003003003,35,42,5.0,37.46945205479452,10.0,0
2024-06-22,39.99,9.99,30.0,300.3003003003003,36,43,5.0,37.46945205479452,10.0,0
2024-06-23,39.99,9.99,30.0,300.3003003003003,37,44,5.0,37.46945205479452,10.0,0
2024-06-24,39.99,9.99,30.0,300.3003003003003,38,45,5.0,37.46945205479452,10.0,0
2024-06-25,39.99,9.99,30.0,300.3003003003003,39,46,5.0,37.46945205479452,10.0,0
2024-06-26,39.99,9.99,30.0,300.3003003003003,40,47,5.0,37.46945205479452,10.0,0
2024-06-27,39.99,9.99,30.0,300.3003003003003,41,48,5.0,37.46945205479452,10.0,0
2024-06-28,39.99,9.99,30.0,300.3003003003003,42,49,5.0,37.46945205479452,10.0,0
2024-06-29,39.99,9.99,30.0,300.3003003003003,43,50,5.0,37.46945205479452,10.0,0
2024-06-30,39.99,9.99,30.0,300.3003003003003,44,51,4.0,37.52424657534247,9.0,0
2024-07-01,39.99,9.99,30.0,300.3003003003003,45,52,4.0,37.57904109589041,9.0,0
2024-07-02,39.99,9.99,30.0,300.3003003003003,46,53,4.0,37.633835616438354,9.0,0
2024-07-03,39.99,9.99,30.0,300.3003003003003,47,54,4.0,37.688630136986305,9.0,0
2024-07-04,39.99,9.99,30.0,300.3003003003003,48,55,4.0,37.74342465753425,9.0,0
2024-07-05,39.99,9.99,30.0,300.3003003003003,49,56,4.0,37.7982191780822,9.0,0
2024-07-06,39.99,9.99,30.0,300.3003003003003,50,57,4.0,37.853013698630136,9.0,0
2024-07-07,39.99,9.99,30.0,300.3003003003003,51,58,4.0,37.90780821917809,9.0,0
2024-07-08,39.99,9.99,30.0,300.3003003003003,52,59,4.0,37.96260273972603,9.0,0
2024-07-09,39.99,9.99,30.0,300.3003003003003,53,60,4.0,38.017397260273974,9.0,0
2024-07-10,39.99,9.99,30.0,300.3003003003003,54,61,4.0,38.07219178082192,9.0,0
2024-07-11,39.99,9.99,30.0,300.3003003003003,55,62,4.0,38.12698630136986,9.0,0
2024-07-12,39.99,9.99,30.0,300.3003003003003,56,63,4.0,38.18178082191781,9.0,0
2024-07-13,39.99,9.99,30.0,300.3003003003003,57,64,4.0,38.23657534246576,9.0,0
2024-07-14,39.99,9.99,30.0,300.3003003003003,58,65,4.0,38.236575342465756,8.0,0
2024-07-15,39.99,9.99,30.0,300.3003003003003,59,66,4.0,38.236575342465756,8.0,0
2024-07-16,39.99,9.99,30.0,300.3003003003003,60,67,4.0,38.236575342465756,8.0,0
2024-07-17,39.99,9.99,30.0,300.3003003003003,61,68,4.0,38.236575342465756,8.0,0
2024-07-18,39.99,9.99,30.0,300.3003003003003,62,69,4.0,38.236575342465756,8.0,0
2024-07-19,39.99,9.99,30.0,300.3003003003003,63,70,4.0,38.236575342465756,8.0,0
2024-07-20,39.99,9.99,30.0,300.3003003003003,64,71,4.0,38.236575342465756,8.0,0
2024-07-21,39.99,9.99,30.0,300.3003003003003,65,72,4.0,38.23657534246576,8.0,0
2024-07-22,39.99,9.99,30.0,300.3003003003003,66,73,4.0,38.23657534246576,8.0,0
2024-07-23,39.99,9.99,30.0,300.3003003003003,67,74,4.0,38.236575342465756,8.0,0
2024-07-24,39.99,9.99,30.0,300.3003003003003,68,75,4.0,38.236575342465756,8.0,0
2024-07-25,39.99,9.99,30.0,300.3003003003003,69,76,4.0,38.236575342465756,8.0,0
2024-07-26,39.99,9.99,30.0,300.3003003003003,70,77,4.0,38.236575342465756,8.0,0
2024-07-27,39.99,9.99,30.0,300.3003003003003,71,78,4.0,38.236575342465756,8.0,0
2024-07-28,39.99,9.99,30.0,300.3003003003003,72,79,4.0,38.236575342465756,8.0,0
2024-07-29,39.99,9.99,30.0,300.3003003003003,73,80,4.0,38.236575342465756,8.0,0
2024-07-30,39.99,9.99,30.0,300.3003003003003,74,81,4.0,38.23657534246576,8.0,0
2024-07-31,39.99,9.99,30.0,300.3003003003003,75,82,4.0,38.236575342465756,8.0,0
2024-08-01,39.99,9.99,30.0,300.3003003003003,76,83,4.0,38.236575342465756,8.0,0
2024-08-02,39.99,9.99,30.0,300.3003003003003,77,84,4.0,38.236575342465756,8.0,0
2024-08-03,39.99,9.99,30.0,300.3003003003003,78,85,4.0,38.236575342465756,8.0,0
2024-08-04,39.99,9.99,30.0,300.3003003003003,79,86,4.0,38.236575342465756,8.0,0
2024-08-05,39.99,9.99,30.0,300.3003003003003,80,87,4.0,38.236575342465756,8.0,0
2024-08-06,39.99,9.99,30.0,300.3003003003003,81,88,4.0,38.236575342465756,8.0,0
2024-08-07,39.99,9.99,30.0,300.3003003003003,82,89,4.0,38.23657534246576,8.0,0
2024-08-08,39.99,9.99,30.0,300.3003003003003,83,90,4.0,38.236575342465756,8.0,0
2024-08-09,39.99,9.99,30.0,300.3003003003003,84,91,4.0,38.236575342465756,8.0,0
2024-08-10,39.99,9.99,30.0,300.3003003003003,85,92,4.0,38.236575342465756,8.0,0
2024-08-11,39.99,9.99,30.0,300.3003003003003,86,93,4.0,38.236575342465756,8.0,0
2024-08-12,39.99,9.99,30.0,300.3003003003003,87,94,4.0,38.236575342465756,8.0,0
2024-08-13,39.99,9.99,30.0,300.3003003003003,88,95,4.0,38.236575342465756,8.0,0
2024-08-14,39.99,9.99,30.0,300.3003003003003,89,96,4.0,38.236575342465756,8.0,0
2024-08-15,39.99,9.99,30.0,300.3003003003003,90,97,4.0,38.23657534246576,8.0,0
2024-08-16,39.99,9.99,30.0,300.3003003003003,91,98,4.0,38.236575342465756,8.0,0
2024-08-17,39.99,9.99,30.0,300.3003003003003,92,99,4.0,38.236575342465756,8.0,0
2024-08-18,39.99,9.99,30.0,300.3003003003003,93,100,4.0,38.236575342465756,8.0,0
2024-08-19,39.99,9.99,30.0,300.3003003003003,94,101,4.0,38.236575342465756,8.0,0
2024-08-20,39.99,9.99,30.0,300.3003003003003,95,102,4.0,38.236575342465756,8.0,0
2024-08-21,39.99,9.99,30.0,300.3003003003003,96,103,4.0,38.236575342465756,8.0,0
2024-08-22,39.99,9.99,30.0,300.3003003003003,97,104,4.0,38.236575342465756,8.0,0
2024-08-23,39.99,9.99,30.0,300.3003003003003,98,105,4.0,38.23657534246576,8.0,0
2024-08-24,39.99,9.99,30.0,300.3003003003003,99,106,4.0,38.23657534246576,8.0,0
2024-08-25,39.99,9.99,30.0,300.3003003003003,100,107,4.0,38.236575342465756,8.0,0
2024-08-26,39.99,9.99,30.0,300.3003003003003,101,108,4.0,38.236575342465756,8.0,0
2024-08-27,39.99,9.99,30.0,300.3003003003003,102,109,4.0,38.236575342465756,8.0,0
2024-08-28,39.99,9.99,30.0,300.3003003003003,103,110,4.0,38.236575342465756,8.0,1
2024-08-29,39.99,9.99,30.0,300.3003003003003,104,111,4.0,38.236575342465756,8.0,1
2024-08-30,39.99,9.99,30.0,300.3003003003003,105,112,4.0,38.236575342465756,8.0,1
2024-08-31,39.99,9.99,30.0,300.3003003003003,106,113,4.0,38.236575342465756,8.0,1
2024-09-01,39.99,9.99,30.0,300.3003003003003,107,114,4.0,38.23657534246576,8.0,1
2024-09-02,39.99,9.99,30.0,300.3003003003003,108,115,4.0,38.236575342465756,8.0,1
2024-09-03,39.99,9.99,30.0,300.3003003003003,109,116,4.0,38.236575342465756,8.0,1
2024-09-04,39.99,9.99,30.0,300.3003003003003,110,117,4.0,38.236575342465756,8.0,1
2024-09-05,39.99,9.99,30.0,300.3003003003003,111,118,4.0,38.236575342465756,8.0,1
2024-09-06,39.99,9.99,30.0,300.3003003003003,112,119,4.0,38.236575342465756,8.0,1
2024-09-07,39.99,9.99,30.0,300.3003003003003,113,120,4.0,38.236575342465756,8.0,1
2024-09-08,39.99,9.99,30.0,300.3003003003003,114,121,3.0,38.2913698630137,7.0,1
2024-09-09,39.99,9.99,30.0,300.3003003003003,115,122,3.0,38.34616438356165,7.0,1
2024-09-10,39.99,9.99,30.0,300.3003003003003,116,123,3.0,38.400958904109594,7.0,1
2024-09-11,39.99,9.99,30.0,300.3003003003003,117,124,3.0,38.45575342465754,7.0,1
2024-09-12,39.99,9.99,30.0,300.3003003003003,118,125,3.0,38.45575342465754,6.0,1
2024-09-13,39.99,9.99,30.0,300.3003003003003,119,126,3.0,38.45575342465754,6.0,1
2024-09-14,39.99,9.99,30.0,300.3003003003003,120,127,3.0,38.45575342465754,6.0,1
2024-09-15,39.99,9.99,30.0,300.3003003003003,121,128,3.0,38.45575342465754,6.0,1
2024-09-16,39.99,9.99,30.0,300.3003003003003,122,129,3.0,38.45575342465754,6.0,1
2024-09-17,39.99,9.99,30.0,300.3003003003003,123,130,3.0,38.45575342465754,6.0,1
2024-09-18,39.99,9.99,30.0,300.3003003003003,124,131,3.0,38.45575342465754,6.0,1
2024-09-19,39.99,9.99,30.0,300.3003003003003,125,132,3.0,38.45575342465754,6.0,1
2024-09-20,39.99,9.99,30.0,300.3003003003003,126,133,3.0,38.45575342465754,6.0,1
2024-09-21,39.99,9.99,30.0,300.3003003003003,127,134,3.0,38.45575342465754,6.0,1
2024-09-22,39.99,9.99,30.0,300.3003003003003,128,135,3.0,38.45575342465754,6.0,1
2024-09-23,39.99,9.99,30.0,300.3003003003003,129,136,3.0,38.45575342465754,6.0,1
2024-09-24,39.99,9.99,30.0,300.3003003003003,130,137,3.0,38.45575342465754,6.0,1
2024-09-25,39.99,9.99,30.0,300.3003003003003,131,138,3.0,38.45575342465754,6.0,1
2024-09-26,39.99,9.99,30.0,300.3003003003003,132,139,3.0,38.45575342465754,6.0,1
2024-09-27,19.99,9.99,9.999999999999998,100.1001001001001,0,0,3.0,38.45575342465754,6.0,0
2024-09-28,19.99,9.99,9.999999999999998,100.1001001001001,1,1,4.0,38.400958904109594,7.0,0
2024-09-29,19.99,9.99,9.999999999999998,100.1001001001001,2,2,4.0,38.34616438356164,7.0,0
2024-09-30,19.99,9.99,9.999999999999998,100.1001001001001,3,3,4.0,38.2913698630137,7.0,0
2024-10-01,19.99,9.99,9.999999999999998,100.1001001001001,4,4,4.0,38.236575342465756,7.0,0
2024-10-02,19.99,9.99,9.999999999999998,100.1001001001001,5,5,4.0,38.18178082191781,7.0,0
2024-10-03,19.99,9.99,9.999999999999998,100.1001001001001,6,6,4.0,38.12698630136986,7.0,0
2024-10-04,19.99,9.99,9.999999999999998,100.1001001001001,7,7,4.0,38.072191780821925,7.0,0
2024-10-05,19.99,9.99,9.999999999999998,100.1001001001001,8,8,4.0,38.017397260273974,7.0,0
2024-10-06,19.99,9.99,9.999999999999998,100.1001001001001,9,9,4.0,37.96260273972603,7.0,0
2024-10-07,19.99,9.99,9.999999999999998,100.1001001001001,10,10,4.0,37.90780821917809,7.0,0
2024-10-08,19.99,9.99,9.999999999999998,100.1001001001001,11,11,4.0,37.853013698630136,7.0,0
2024-10-09,19.99,9.99,9.999999999999998,100.1001001001001,12,12,4.0,37.79821917808219,7.0,0
2024-10-10,19.99,9.99,9.999999999999998,100.1001001001001,13,13,4.0,37.74342465753425,7.0,0
2024-10-11,39.99,9.99,30.0,300.3003003003003,0,14,4.0,37.688630136986305,7.0,0
2024-10-12,39.99,9.99,30.0,300.3003003003003,1,15,4.0,37.688630136986305,8.0,0
2024-10-13,39.99,9.99,30.0,300.3003003003003,2,16,4.0,37.688630136986305,8.0,0
2024-10-14,39.99,9.99,30.0,300.3003003003003,3,17,4.0,37.688630136986305,8.0,0
2024-10-15,39.99,9.99,30.0,300.3003003003003,4,18,4.0,37.688630136986305,8.0,0
2024-10-16,39.99,9.99,30.0,300.3003003003003,5,19,4.0,37.688630136986305,8.0,0
2024-10-17,39.99,9.99,30.0,300.3003003003003,6,20,4.0,37.688630136986305,8.0,0
2024-10-18,39.99,9.99,30.0,300.3003003003003,7,21,4.0,37.688630136986305,8.0,0
2024-10-19,39.99,9.99,30.0,300.3003003003003,8,22,4.0,37.688630136986305,8.0,0
2024-10-20,39.99,9.99,30.0,300.3003003003003,9,23,4.0,37.688630136986305,8.0,0
2024-10-21,39.99,9.99,30.0,300.3003003003003,10,24,4.0,37.688630136986305,8.0,0
2024-10-22,39.99,9.99,30.0,300.3003003003003,11,25,4.0,37.688630136986305,8.0,0
2024-10-23,39.99,9.99,30.0,300.3003003003003,12,26,4.0,37.688630136986305,8.0,0
2024-10-24,39.99,9.99,30.0,300.3003003003003,13,27,4.0,37.688630136986305,8.0,0
2024-10-25,39.99,9.99,30.0,300.3003003003003,14,28,4.0,37.688630136986305,8.0,0
2024-10-26,39.99,9.99,30.0,300.3003003003003,15,29,4.0,37.688630136986305,8.0,0
2024-10-27,39.99,9.99,30.0,300.3003003003003,16,30,4.0,37.688630136986305,8.0,0
2024-10-28,39.99,9.99,30.0,300.3003003003003,17,31,4.0,37.688630136986305,8.0,0
2024-10-29,39.99,9.99,30.0,300.3003003003003,18,32,4.0,37.688630136986305,8.0,1
2024-10-30,39.99,9.99,30.0,300.3003003003003,19,33,4.0,37.688630136986305,8.0,1
2024-10-31,39.99,9.99,30.0,300.3003003003003,20,34,4.0,37.688630136986305,8.0,1
2024-11-01,39.99,9.99,30.0,300.3003003003003,21,35,4.0,37.688630136986305,8.0,1
2024-11-02,39.99,9.99,30.0,300.3003003003003,22,36,4.0,37.688630136986305,8.0,1
2024-11-03,39.99,9.99,30.0,300.3003003003003,23,37,4.0,37.688630136986305,8.0,1
2024-11-04,39.99,9.99,30.0,300.3003003003003,24,38,4.0,37.688630136986305,8.0,1
2024-11-05,39.99,9.99,30.0,300.3003003003003,25,39,4.0,37.688630136986305,8.0,1
2024-11-06,39.99,9.99,30.0,300.3003003003003,26,40,4.0,37.688630136986305,8.0,1
2024-11-07,39.99,9.99,30.0,300.3003003003003,27,41,4.0,37.688630136986305,8.0,1
2024-11-08,39.99,9.99,30.0,300.3003003003003,28,42,4.0,37.688630136986305,8.0,1
2024-11-09,39.99,9.99,30.0,300.3003003003003,29,43,4.0,37.688630136986305,8.0,1
2024-11-10,39.99,9.99,30.0,300.3003003003003,30,44,4.0,37.688630136986305,8.0,1
2024-11-11,39.99,9.99,30.0,300.3003003003003,31,45,4.0,37.688630136986305,8.0,1
2024-11-12,39.99,9.99,30.0,300.3003003003003,32,46,4.0,37.688630136986305,8.0,1
2024-11-13,39.99,9.99,30.0,300.3003003003003,33,47,4.0,37.688630136986305,8.0,1
2024-11-14,39.99,9.99,30.0,300.3003003003003,34,48,4.0,37.688630136986305,8.0,1
2024-11-15,39.99,9.99,30.0,300.3003003003003,35,49,4.0,37.688630136986305,8.0,1
2024-11-16,39.99,9.99,30.0,300.3003003003003,36,50,4.0,37.688630136986305,8.0,1
2024-11-17,39.99,9.99,30.0,300.3003003003003,37,51,4.0,37.688630136986305,8.0,1
2024-11-18,39.99,9.99,30.0,300.3003003003003,38,52,4.0,37.688630136986305,8.0,1
2024-11-19,39.99,9.99,30.0,300.3003003003003,39,53,4.0,37.688630136986305,8.0,1
2024-11-20,39.99,9.99,30.0,300.3003003003003,40,54,4.0,37.688630136986305,8.0,1
2024-11-21,39.99,9.99,30.0,300.3003003003003,41,55,4.0,37.688630136986305,8.0,1
2024-11-22,39.99,9.99,30.0,300.3003003003003,42,56,3.0,37.743424657534256,7.0,1
2024-11-23,39.99,9.99,30.0,300.3003003003003,43,57,3.0,37.79821917808219,7.0,1
2024-11-24,39.99,9.99,30.0,300.3003003003003,44,58,3.0,37.853013698630136,7.0,1
2024-11-25,39.99,9.99,30.0,300.3003003003003,45,59,3.0,37.90780821917809,7.0,1
2024-11-26,39.99,9.99,30.0,300.3003003003003,46,60,3.0,37.96260273972603,7.0,1
2024-11-27,39.99,9.99,30.0,300.3003003003003,47,61,3.0,38.017397260273974,7.0,1
2024-11-28,19.99,9.99,9.999999999999998,100.1001001001001,0,0,3.0,38.07219178082192,7.0,0
2024-11-29,19.99,9.99,9.999999999999998,100.1001001001001,1,1,4.0,38.017397260273974,7.0,0
2024-11-30,19.99,9.99,9.999999999999998,100.1001001001001,2,2,4.0,37.96260273972603,7.0,0
2024-12-01,19.99,9.99,9.999999999999998,100.1001001001001,3,3,4.0,37.90780821917809,7.0,0
2024-12-02,19.99,9.99,9.999999999999998,100.1001001001001,4,4,4.0,37.853013698630136,7.0,0
2024-12-03,19.99,9.99,9.999999999999998,100.1001001001001,5,5,4.0,37.79821917808219,7.0,0
2024-12-04,19.99,9.99,9.999999999999998,100.1001001001001,6,6,4.0,37.74342465753425,7.0,0
2024-12-05,39.99,9.99,30.0,300.3003003003003,0,7,4.0,37.688630136986305,7.0,0
2024-12-06,39.99,9.99,30.0,300.3003003003003,1,8,4.0,37.688630136986305,8.0,0
2024-12-07,39.99,9.99,30.0,300.3003003003003,2,9,4.0,37.688630136986305,8.0,0
2024-12-08,39.99,9.99,30.0,300.3003003003003,3,10,4.0,37.688630136986305,8.0,0
2024-12-09,39.99,9.99,30.0,300.3003003003003,4,11,4.0,37.688630136986305,8.0,0
2024-12-10,39.99,9.99,30.0,300.3003003003003,5,12,4.0,37.688630136986305,8.0,0
2024-12-11,39.99,9.99,30.0,300.3003003003003,6,13,4.0,37.688630136986305,8.0,0
2024-12-12,39.99,9.99,30.0,300.3003003003003,7,14,4.0,37.688630136986305,8.0,0
2024-12-13,39.99,9.99,30.0,300.3003003003003,8,15,4.0,37.688630136986305,8.0,0
2024-12-14,39.99,9.99,30.0,300.3003003003003,9,16,4.0,37.688630136986305,8.0,0
2024-12-15,39.99,9.99,30.0,300.3003003003003,10,17,4.0,37.688630136986305,8.0,0
2024-12-16,39.99,9.99,30.0,300.3003003003003,11,18,4.0,37.688630136986305,8.0,0
2024-12-17,39.99,9.99,30.0,300.3003003003003,12,19,4.0,37.688630136986305,8.0,0
2024-12-18,39.99,9.99,30.0,300.3003003003003,13,20,4.0,37.688630136986305,8.0,0
2024-12-19,39.99,9.99,30.0,300.3003003003003,14,21,4.0,37.688630136986305,8.0,0
2024-12-20,39.99,9.99,30.0,300.3003003003003,15,22,4.0,37.688630136986305,8.0,0
2024-12-21,39.99,9.99,30.0,300.3003003003003,16,23,4.0,37.688630136986305,8.0,0
2024-12-22,39.99,9.99,30.0,300.3003003003003,17,24,4.0,37.688630136986305,8.0,0
2024-12-23,39.99,9.99,30.0,300.3003003003003,18,25,4.0,37.688630136986305,8.0,0
2024-12-24,39.99,9.99,30.0,300.3003003003003,19,26,4.0,37.688630136986305,8.0,0
2024-12-25,39.99,9.99,30.0,300.3003003003003,20,27,4.0,37.688630136986305,8.0,0
2024-12-26,39.99,9.99,30.0,300.3003003003003,21,28,4.0,37.688630136986305,8.0,0
2024-12-27,39.99,9.99,30.0,300.3003003003003,22,29,4.0,37.688630136986305,8.0,0
2024-12-28,39.99,9.99,30.0,300.3003003003003,23,30,4.0,37.688630136986305,8.0,0
2024-12-29,39.99,9.99,30.0,300.3003003003003,24,31,4.0,37.688630136986305,8.0,0
2024-12-30,39.99,9.99,30.0,300.3003003003003,25,32,4.0,37.688630136986305,8.0,0
2024-12-31,39.99,9.99,30.0,300.3003003003003,26,33,4.0,37.688630136986305,8.0,0
2025-01-01,39.99,9.99,30.0,300.3003003003003,27,34,4.0,37.688630136986305,8.0,0
2025-01-02,39.99,9.99,30.0,300.3003003003003,28,35,4.0,37.688630136986305,8.0,0
2025-01-03,39.99,9.99,30.0,300.3003003003003,29,36,4.0,37.688630136986305,8.0,0
2025-01-04,39.99,9.99,30.0,300.3003003003003,30,37,4.0,37.688630136986305,8.0,0
2025-01-05,39.99,9.99,30.0,300.3003003003003,31,38,4.0,37.688630136986305,8.0,0
2025-01-06,39.99,9.99,30.0,300.3003003003003,32,39,4.0,37.688630136986305,8.0,0
2025-01-07,39.99,9.99,30.0,300.3003003003003,33,40,4.0,37.688630136986305,8.0,0
2025-01-08,39.99,9.99,30.0,300.3003003003003,34,41,4.0,37.688630136986305,8.0,0
2025-01-09,39.99,9.99,30.0,300.3003003003003,35,42,4.0,37.688630136986305,8.0,0
2025-01-10,39.99,9.99,30.0,300.3003003003003,36,43,4.0,37.688630136986305,8.0,0
2025-01-11,39.99,9.99,30.0,300.3003003003003,37,44,4.0,37.688630136986305,8.0,0
2025-01-12,39.99,9.99,30.0,300.3003003003003,38,45,4.0,37.688630136986305,8.0,0
2025-01-13,39.99,9.99,30.0,300.3003003003003,39,46,4.0,37.688630136986305,8.0,0
2025-01-14,39.99,9.99,30.0,300.3003003003003,40,47,4.0,37.688630136986305,8.0,0
2025-01-15,39.99,9.99,30.0,300.3003003003003,41,48,4.0,37.688630136986305,8.0,0
2025-01-16,39.99,9.99,30.0,300.3003003003003,42,49,4.0,37.688630136986305,8.0,0
2025-01-17,39.99,9.99,30.0,300.3003003003003,43,50,4.0,37.688630136986305,8.0,0
2025-01-18,39.99,9.99,30.0,300.3003003003003,44,51,4.0,37.688630136986305,8.0,0
2025-01-19,39.99,9.99,30.0,300.3003003003003,45,52,4.0,37.688630136986305,8.0,0
2025-01-20,39.99,9.99,30.0,300.3003003003003,46,53,4.0,37.688630136986305,8.0,0
2025-01-21,39.99,9.99,30.0,300.3003003003003,47,54,4.0,37.688630136986305,8.0,0
2025-01-22,39.99,9.99,30.0,300.3003003003003,48,55,4.0,37.688630136986305,8.0,0
2025-01-23,39.99,9.99,30.0,300.3003003003003,49,56,4.0,37.688630136986305,8.0,0
2025-01-24,39.99,9.99,30.0,300.3003003003003,50,57,4.0,37.688630136986305,8.0,0
2025-01-25,39.99,9.99,30.0,300.3003003003003,51,58,4.0,37.688630136986305,8.0,0
2025-01-26,39.99,9.99,30.0,300.3003003003003,52,59,4.0,37.688630136986305,8.0,0
2025-01-27,39.99,9.99,30.0,300.3003003003003,53,60,4.0,37.688630136986305,8.0,0
2025-01-28,39.99,9.99,30.0,300.3003003003003,54,61,4.0,37.688630136986305,8.0,0
2025-01-29,39.99,9.99,30.0,300.3003003003003,55,62,4.0,37.688630136986305,8.0,0
2025-01-30,39.99,9.99,30.0,300.3003003003003,56,63,4.0,37.688630136986305,8.0,0
2025-01-31,39.99,9.99,30.0,300.3003003003003,57,64,4.0,37.688630136986305,8.0,0
2025-02-01,39.99,9.99,30.0,300.3003003003003,58,65,4.0,37.688630136986305,8.0,0
2025-02-02,39.99,9.99,30.0,300.3003003003003,59,66,4.0,37.688630136986305,8.0,0
2025-02-03,39.99,9.99,30.0,300.3003003003003,60,67,4.0,37.688630136986305,8.0,0
2025-02-04,39.99,9.99,30.0,300.3003003003003,61,68,4.0,37.688630136986305,8.0,0
2025-02-05,39.99,9.99,30.0,300.3003003003003,62,69,4.0,37.688630136986305,8.0,0
2025-02-06,39.99,9.99,30.0,300.3003003003003,63,70,4.0,37.688630136986305,8.0,0
2025-02-07,39.99,9.99,30.0,300.3003003003003,64,71,4.0,37.688630136986305,8.0,0
2025-02-08,39.99,9.99,30.0,300.3003003003003,65,72,4.0,37.688630136986305,8.0,0
2025-02-09,39.99,9.99,30.0,300.3003003003003,66,73,3.0,37.74342465753425,7.0,0
2025-02-10,39.99,9.99,30.0,300.3003003003003,67,74,3.0,37.79821917808219,7.0,0
2025-02-11,39.99,9.99,30.0,300.3003003003003,68,75,3.0,37.853013698630136,7.0,0
2025-02-12,39.99,9.99,30.0,300.3003003003003,69,76,3.0,37.90780821917809,7.0,0
2025-02-13,39.99,9.99,30.0,300.3003003003003,70,77,3.0,37.96260273972603,7.0,0
2025-02-14,39.99,9.99,30.0,300.3003003003003,71,78,3.0,38.017397260273974,7.0,0
2025-02-15,39.99,9.99,30.0,300.3003003003003,72,79,3.0,38.07219178082192,7.0,0
2025-02-16,39.99,9.99,30.0,300.3003003003003,73,80,3.0,38.12698630136986,7.0,0
2025-02-17,39.99,9.99,30.0,300.3003003003003,74,81,3.0,38.18178082191781,7.0,0
2025-02-18,39.99,9.99,30.0,300.3003003003003,75,82,3.0,38.236575342465756,7.0,0
2025-02-19,39.99,9.99,30.0,300.3003003003003,76,83,3.0,38.2913698630137,7.0,0
2025-02-20,39.99,9.99,30.0,300.3003003003003,77,84,3.0,38.34616438356164,7.0,0
2025-02-21,39.99,9.99,30.0,300.3003003003003,78,85,3.0,38.400958904109594,7.0,0
2025-02-22,39.99,9.99,30.0,300.3003003003003,79,86,3.0,38.45575342465754,7.0,0
2025-02-23,39.99,9.99,30.0,300.3003003003003,80,87,3.0,38.45575342465754,6.0,0
2025-02-24,39.99,9.99,30.0,300.3003003003003,81,88,3.0,38.45575342465754,6.0,0
2025-02-25,39.99,9.99,30.0,300.3003003003003,82,89,3.0,38.45575342465754,6.0,0
2025-02-26,39.99,9.99,30.0,300.3003003003003,83,90,3.0,38.45575342465754,6.0,0
2025-02-27,39.99,9.99,30.0,300.3003003003003,84,91,3.0,38.45575342465754,6.0,0
2025-02-28,39.99,9.99,30.0,300.3003003003003,85,92,3.0,38.45575342465754,6.0,0
2025-03-01,39.99,9.99,30.0,300.3003003003003,86,93,3.0,38.45575342465754,6.0,0
2025-03-02,39.99,9.99,30.0,300.3003003003003,87,94,3.0,38.45575342465754,6.0,0
2025-03-03,39.99,9.99,30.0,300.3003003003003,88,95,3.0,38.45575342465754,6.0,0
2025-03-04,39.99,9.99,30.0,300.3003003003003,89,96,3.0,38.45575342465754,6.0,0
2025-03-05,39.99,9.99,30.0,300.3003003003003,90,97,3.0,38.45575342465754,6.0,0
2025-03-06,39.99,9.99,30.0,300.3003003003003,91,98,3.0,38.45575342465754,6.0,0
2025-03-07,39.99,9.99,30.0,300.3003003003003,92,99,3.0,38.45575342465754,6.0,0
2025-03-08,39.99,9.99,30.0,300.3003003003003,93,100,3.0,38.45575342465754,6.0,0
2025-03-09,39.99,9.99,30.0,300.3003003003003,94,101,3.0,38.45575342465754,6.0,0
2025-03-10,39.99,9.99,30.0,300.3003003003003,95,102,3.0,38.45575342465754,6.0,0
2025-03-11,39.99,9.99,30.0,300.3003003003003,96,103,3.0,38.45575342465754,6.0,0
2025-03-12,39.99,9.99,30.0,300.3003003003003,97,104,3.0,38.45575342465754,6.0,0
2025-03-13,39.99,9.99,30.0,300.3003003003003,98,105,3.0,38.45575342465754,6.0,0
2025-03-14,39.99,9.99,30.0,300.3003003003003,99,106,3.0,38.45575342465754,6.0,0
2025-03-15,39.99,9.99,30.0,300.3003003003003,100,107,3.0,38.45575342465754,6.0,0
2025-03-16,39.99,9.99,30.0,300.3003003003003,101,108,3.0,38.45575342465754,6.0,0
2025-03-17,39.99,9.99,30.0,300.3003003003003,102,109,3.0,38.45575342465754,6.0,0
2025-03-18,39.99,9.99,30.0,300.3003003003003,103,110,3.0,38.45575342465754,6.0,0
2025-03-19,39.99,9.99,30.0,300.3003003003003,104,111,3.0,38.45575342465754,6.0,0
2025-03-20,39.99,9.99,30.0,300.3003003003003,105,112,3.0,38.45575342465754,6.0,0
2025-03-21,39.99,9.99,30.0,300.3003003003003,106,113,3.0,38.45575342465754,6.0,0
2025-03-22,39.99,9.99,30.0,300.3003003003003,107,114,3.0,38.45575342465754,6.0,0
2025-03-23,39.99,9.99,30.0,300.3003003003003,108,115,3.0,38.45575342465754,6.0,0
2025-03-24,39.99,9.99,30.0,300.3003003003003,109,116,3.0,38.45575342465754,6.0,0
2025-03-25,39.99,9.99,30.0,300.3003003003003,110,117,3.0,38.45575342465754,6.0,0
2025-03-26,39.99,9.99,30.0,300.3003003003003,111,118,3.0,38.45575342465754,6.0,0
2025-03-27,39.99,9.99,30.0,300.3003003003003,112,119,3.0,38.45575342465754,6.0,0
2025-03-28,39.99,9.99,30.0,300.3003003003003,113,120,3.0,38.45575342465754,6.0,0
2025-03-29,39.99,9.99,30.0,300.3003003003003,114,121,3.0,38.45575342465754,6.0,0
2025-03-30,39.99,9.99,30.0,300.3003003003003,115,122,3.0,38.45575342465754,6.0,0
2025-03-31,39.99,9.99,30.0,300.3003003003003,116,123,3.0,38.45575342465754,6.0,0
2025-04-01,39.99,9.99,30.0,300.3003003003003,117,124,3.0,38.45575342465754,6.0,0
2025-04-02,39.99,9.99,30.0,300.3003003003003,118,125,3.0,38.45575342465754,6.0,1
2025-04-03,39.99,9.99,30.0,300.3003003003003,119,126,3.0,38.45575342465754,6.0,1
2025-04-04,39.99,9.99,30.0,300.3003003003003,120,127,3.0,38.45575342465754,6.0,1
2025-04-05,39.99,9.99,30.0,300.3003003003003,121,128,3.0,38.45575342465754,6.0,1
2025-04-06,39.99,9.99,30.0,300.3003003003003,122,129,3.0,38.45575342465754,6.0,1
2025-04-07,39.99,9.99,30.0,300.3003003003003,123,130,3.0,38.45575342465754,6.0,1
2025-04-08,39.99,9.99,30.0,300.3003003003003,124,131,3.0,38.45575342465754,6.0,1
2025-04-09,39.99,9.99,30.0,300.3003003003003,125,132,3.0,38.45575342465754,6.0,1
2025-04-10,39.99,9.99,30.0,300.3003003003003,126,133,3.0,38.45575342465754,6.0,1
2025-04-11,39.99,9.99,30.0,300.3003003003003,127,134,3.0,38.45575342465754,6.0,1
2025-04-12,39.99,9.99,30.0,300.3003003003003,128,135,3.0,38.45575342465754,6.0,1
2025-04-13,39.99,9.99,30.0,300.3003003003003,129,136,3.0,38.45575342465754,6.0,1
2025-04-14,39.99,9.99,30.0,300.3003003003003,130,137,3.0,38.45575342465754,6.0,1
2025-04-15,39.99,9.99,30.0,300.3003003003003,131,138,3.0,38.45575342465754,6.0,1
2025-04-16,39.99,9.99,30.0,300.3003003003003,132,139,3.0,38.45575342465754,6.0,1
2025-04-17,39.99,9.99,30.0,300.3003003003003,133,140,3.0,38.45575342465754,6.0,1
2025-04-18,39.99,9.99,30.0,300.3003003003003,134,141,3.0,38.45575342465754,6.0,1
2025-04-19,39.99,9.99,30.0,300.3003003003003,135,142,3.0,38.45575342465754,6.0,1
2025-04-20,39.99,9.99,30.0,300.3003003003003,136,143,3.0,38.45575342465754,6.0,1
2025-04-21,39.99,9.99,30.0,300.3003003003003,137,144,3.0,38.45575342465754,6.0,1
2025-04-22,39.99,9.99,30.0,300.3003003003003,138,145,3.0,38.45575342465754,6.0,1
2025-04-23,39.99,9.99,30.0,300.3003003003003,139,146,3.0,38.45575342465754,6.0,1
2025-04-24,39.99,9.99,30.0,300.3003003003003,140,147,3.0,38.45575342465754,6.0,1
2025-04-25,39.99,9.99,30.0,300.3003003003003,141,148,3.0,38.45575342465754,6.0,1
2025-04-26,39.99,9.99,30.0,300.3003003003003,142,149,3.0,38.45575342465754,6.0,1
2025-04-27,39.99,9.99,30.0,300.3003003003003,143,150,3.0,38.45575342465754,6.0,1
2025-04-28,39.99,9.99,30.0,300.3003003003003,144,151,3.0,38.45575342465754,6.0,1
2025-04-29,39.99,9.99,30.0,300.3003003003003,145,152,3.0,38.45575342465754,6.0,1
2025-04-30,39.99,9.99,30.0,300.3003003003003,146,153,3.0,38.45575342465754,6.0,1
2025-05-01,39.99,9.99,30.0,300.3003003003003,147,154,3.0,38.45575342465754,6.0,1
2025-05-02,19.99,9.99,9.999999999999998,100.1001001001001,0,0,3.0,38.45575342465754,6.0,0
2025-05-03,19.99,9.99,9.999999999999998,100.1001001001001,1,1,4.0,38.400958904109594,7.0,0
2025-05-04,19.99,9.99,9.999999999999998,100.1001001001001,2,2,4.0,38.34616438356164,7.0,0
2025-05-05,19.99,9.99,9.999999999999998,100.1001001001001,3,3,4.0,38.2913698630137,7.0,0
2025-05-06,19.99,9.99,9.999999999999998,100.1001001001001,4,4,4.0,38.236575342465756,7.0,0
2025-05-07,19.99,9.99,9.999999999999998,100.1001001001001,5,5,4.0,38.18178082191781,7.0,0
2025-05-08,19.99,9.99,9.999999999999998,100.1001001001001,6,6,4.0,38.12698630136986,7.0,0
2025-05-09,19.99,9.99,9.999999999999998,100.1001001001001,7,7,4.0,38.07219178082192,7.0,0
2025-05-10,19.99,9.99,9.999999999999998,100.1001001001001,8,8,4.0,38.017397260273974,7.0,0
2025-05-11,19.99,9.99,9.999999999999998,100.1001001001001,9,9,3.0,38.017397260273974,6.0,0
2025-05-12,19.99,9.99,9.999999999999998,100.1001001001001,10,10,3.0,38.017397260273974,6.0,0
2025-05-13,19.99,9.99,9.999999999999998,100.1001001001001,11,11,3.0,38.017397260273974,6.0,0
2025-05-14,19.99,9.99,9.999999999999998,100.1001001001001,12,12,3.0,38.017397260273974,6.0,0
2025-05-15,19.99,9.99,9.999999999999998,100.1001001001001,13,13,3.0,38.01739726027398,6.0,0
2025-05-16,39.99,9.99,30.0,300.3003003003003,0,14,3.0,38.017397260273974,6.0,0
2025-05-17,39.99,9.99,30.0,300.3003003003003,1,15,3.0,38.07219178082192,7.0,0
2025-05-18,39.99,9.99,30.0,300.3003003003003,2,16,3.0,38.07219178082192,6.0,0
2025-05-19,39.99,9.99,30.0,300.3003003003003,3,17,3.0,38.07219178082192,6.0,0
2025-05-20,39.99,9.99,30.0,300.3003003003003,4,18,3.0,38.07219178082192,6.0,0
2025-05-21,39.99,9.99,30.0,300.3003003003003,5,19,3.0,38.07219178082192,6.0,0
2025-05-22,39.99,9.99,30.0,300.3003003003003,6,20,3.0,38.07219178082192,6.0,0
2025-05-23,39.99,9.99,30.0,300.3003003003003,7,21,3.0,38.072191780821925,6.0,0
2025-05-24,39.99,9.99,30.0,300.3003003003003,8,22,3.0,38.072191780821925,6.0,0
2025-05-25,39.99,9.99,30.0,300.3003003003003,9,23,3.0,38.07219178082192,6.0,0
2025-05-26,39.99,9.99,30.0,300.3003003003003,10,24,3.0,38.07219178082192,6.0,0
2025-05-27,39.99,9.99,30.0,300.3003003003003,11,25,3.0,38.07219178082192,6.0,0
2025-05-28,39.99,9.99,30.0,300.3003003003003,12,26,3.0,38.07219178082192,6.0,0
2025-05-29,39.99,9.99,30.0,300.3003003003003,13,27,3.0,38.07219178082192,6.0,0
2025-05-30,39.99,9.99,30.0,300.3003003003003,14,28,3.0,38.07219178082192,6.0,0
2025-05-31,39.99,9.99,30.0,300.3003003003003,15,29,3.0,38.07219178082192,6.0,0
2025-06-01,39.99,9.99,30.0,300.3003003003003,16,30,3.0,38.072191780821925,6.0,0
2025-06-02,39.99,9.99,30.0,300.3003003003003,17,31,3.0,38.07219178082192,6.0,0
2025-06-03,39.99,9.99,30.0,300.3003003003003,18,32,3.0,38.07219178082192,6.0,0
2025-06-04,39.99,9.99,30.0,300.3003003003003,19,33,3.0,38.07219178082192,6.0,0
2025-06-05,39.99,9.99,30.0,300.3003003003003,20,34,3.0,38.07219178082192,6.0,0
2025-06-06,39.99,9.99,30.0,300.3003003003003,21,35,3.0,38.07219178082192,6.0,0
2025-06-07,39.99,9.99,30.0,300.3003003003003,22,36,3.0,38.07219178082192,6.0,0
2025-06-08,39.99,9.99,30.0,300.3003003003003,23,37,3.0,38.07219178082192,6.0,0
2025-06-09,39.99,9.99,30.0,300.3003003003003,24,38,3.0,38.072191780821925,6.0,0
2025-06-10,39.99,9.99,30.0,300.3003003003003,25,39,3.0,38.07219178082192,6.0,0
2025-06-11,39.99,9.99,30.0,300.3003003003003,26,40,3.0,38.07219178082192,6.0,0
2025-06-12,39.99,9.99,30.0,300.3003003003003,27,41,3.0,38.07219178082192,6.0,0
2025-06-13,39.99,9.99,30.0,300.3003003003003,28,42,3.0,38.07219178082192,6.0,0
2025-06-14,39.99,9.99,30.0,300.3003003003003,29,43,3.0,38.07219178082192,6.0,0
2025-06-15,39.99,9.99,30.0,300.3003003003003,30,44,3.0,38.07219178082192,6.0,0
2025-06-16,39.99,9.99,30.0,300.3003003003003,31,45,3.0,38.07219178082192,6.0,0
2025-06-17,39.99,9.99,30.0,300.3003003003003,32,46,3.0,38.072191780821925,6.0,0
2025-06-18,39.99,9.99,30.0,300.3003003003003,33,47,3.0,38.07219178082192,6.0,0
2025-06-19,39.99,9.99,30.0,300.3003003003003,34,48,3.0,38.07219178082192,6.0,0
2025-06-20,39.99,9.99,30.0,300.3003003003003,35,49,3.0,38.07219178082192,6.0,0
2025-06-21,39.99,9.99,30.0,300.3003003003003,36,50,3.0,38.07219178082192,6.0,0
2025-06-22,39.99,9.99,30.0,300.3003003003003,37,51,3.0,38.07219178082192,6.0,0
2025-06-23,39.99,9.99,30.0,300.3003003003003,38,52,3.0,38.07219178082192,6.0,0
2025-06-24,39.99,9.99,30.0,300.3003003003003,39,53,3.0,38.07219178082192,6.0,0
2025-06-25,39.99,9.99,30.0,300.3003003003003,40,54,3.0,38.072191780821925,6.0,0
2025-06-26,39.99,9.99,30.0,300.3003003003003,41,55,3.0,38.072191780821925,6.0,0
2025-06-27,39.99,9.99,30.0,300.3003003003003,42,56,3.0,38.07219178082192,6.0,0
2025-06-28,39.99,9.99,30.0,300.3003003003003,43,57,3.0,38.07219178082192,6.0,0
2025-06-29,39.99,9.99,30.0,300.3003003003003,44,58,3.0,38.07219178082192,6.0,0
2025-06-30,39.99,9.99,30.0,300.3003003003003,45,59,3.0,38.07219178082192,6.0,0
2025-07-01,39.99,9.99,30.0,300.3003003003003,46,60,3.0,38.07219178082192,6.0,0
2025-07-02,39.99,9.99,30.0,300.3003003003003,47,61,3.0,38.07219178082192,6.0,0
2025-07-03,39.99,9.99,30.0,300.3003003003003,48,62,3.0,38.07219178082192,6.0,0
2025-07-04,39.99,9.99,30.0,300.3003003003003,49,63,3.0,38.072191780821925,6.0,0
2025-07-05,39.99,9.99,30.0,300.3003003003003,50,64,3.0,38.07219178082192,6.0,0
2025-07-06,39.99,9.99,30.0,300.3003003003003,51,65,3.0,38.07219178082192,6.0,0
2025-07-07,39.99,9.99,30.0,300.3003003003003,52,66,3.0,38.07219178082192,6.0,0
2025-07-08,39.99,9.99,30.0,300.3003003003003,53,67,3.0,38.07219178082192,6.0,0
2025-07-09,39.99,9.99,30.0,300.3003003003003,54,68,3.0,38.07219178082192,6.0,0
2025-07-10,39.99,9.99,30.0,300.3003003003003,55,69,3.0,38.07219178082192,6.0,0
2025-07-11,39.99,9.99,30.0,300.3003003003003,56,70,3.0,38.07219178082192,6.0,0
2025-07-12,39.99,9.99,30.0,300.3003003003003,57,71,3.0,38.072191780821925,6.0,0
2025-07-13,39.99,9.99,30.0,300.3003003003003,58,72,3.0,38.07219178082192,6.0,0
2025-07-14,39.99,9.99,30.0,300.3003003003003,59,73,3.0,38.07219178082192,6.0,0
2025-07-15,39.99,9.99,30.0,300.3003003003003,60,74,3.0,38.07219178082192,6.0,0
2025-07-16,39.99,9.99,30.0,300.3003003003003,61,75,3.0,38.07219178082192,6.0,0
2025-07-17,39.99,9.99,30.0,300.3003003003003,62,76,3.0,38.07219178082192,6.0,0
2025-07-18,39.99,9.99,30.0,300.3003003003003,63,77,3.0,38.07219178082192,6.0,0
2025-07-19,39.99,9.99,30.0,300.3003003003003,64,78,3.0,38.07219178082192,6.0,0
2025-07-20,39.99,9.99,30.0,300.3003003003003,65,79,3.0,38.072191780821925,6.0,0
2025-07-21,39.99,9.99,30.0,300.3003003003003,66,80,3.0,38.07219178082192,6.0,0
2025-07-22,39.99,9.99,30.0,300.3003003003003,67,81,3.0,38.07219178082192,6.0,0
2025-07-23,39.99,9.99,30.0,300.3003003003003,68,82,3.0,38.07219178082192,6.0,0
2025-07-24,39.99,9.99,30.0,300.3003003003003,69,83,3.0,38.07219178082192,6.0,0
2025-07-25,39.99,9.99,30.0,300.3003003003003,70,84,3.0,38.07219178082192,6.0,0
2025-07-26,39.99,9.99,30.0,300.3003003003003,71,85,3.0,38.07219178082192,6.0,0
2025-07-27,39.99,9.99,30.0,300.3003003003003,72,86,3.0,38.07219178082192,6.0,0
2025-07-28,39.99,9.99,30.0,300.3003003003003,73,87,3.0,38.07219178082192,6.0,0
2025-07-29,39.99,9.99,30.0,300.3003003003003,74,88,3.0,38.072191780821925,6.0,0
2025-07-30,39.99,9.99,30.0,300.3003003003003,75,89,3.0,38.07219178082192,6.0,0
2025-07-31,39.99,9.99,30.0,300.3003003003003,76,90,3.0,38.07219178082192,6.0,0
2025-08-01,39.99,9.99,30.0,300.3003003003003,77,91,3.0,38.07219178082192,6.0,0
2025-08-02,39.99,9.99,30.0,300.3003003003003,78,92,3.0,38.07219178082192,6.0,0
2025-08-03,39.99,9.99,30.0,300.3003003003003,79,93,3.0,38.07219178082192,6.0,0
2025-08-04,39.99,9.99,30.0,300.3003003003003,80,94,3.0,38.07219178082192,6.0,0
2025-08-05,39.99,9.99,30.0,300.3003003003003,81,95,3.0,38.07219178082192,6.0,0
2025-08-06,39.99,9.99,30.0,300.3003003003003,82,96,3.0,38.072191780821925,6.0,0
2025-08-07,39.99,9.99,30.0,300.3003003003003,83,97,3.0,38.07219178082192,6.0,0
2025-08-08,39.99,9.99,30.0,300.3003003003003,84,98,3.0,38.07219178082192,6.0,0
2025-08-09,39.99,9.99,30.0,300.3003003003003,85,99,3.0,38.07219178082192,6.0,0
2025-08-10,39.99,9.99,30.0,300.3003003003003,86,100,3.0,38.07219178082192,6.0,0
2025-08-11,39.99,9.99,30.0,300.3003003003003,87,101,3.0,38.07219178082192,6.0,0
2025-08-12,39.99,9.99,30.0,300.3003003003003,88,102,3.0,38.07219178082192,6.0,0
2025-08-13,39.99,9.99,30.0,300.3003003003003,89,103,3.0,38.07219178082192,6.0,0
2025-08-14,39.99,9.99,30.0,300.3003003003003,90,104,3.0,38.072191780821925,6.0,0
2025-08-15,39.99,9.99,30.0,300.3003003003003,91,105,3.0,38.07219178082192,6.0,0
2025-08-16,39.99,9.99,30.0,300.3003003003003,92,106,3.0,38.07219178082192,6.0,0
2025-08-17,39.99,9.99,30.0,300.3003003003003,93,107,3.0,38.07219178082192,6.0,0
2025-08-18,39.99,9.99,30.0,300.3003003003003,94,108,3.0,38.07219178082192,6.0,0
2025-08-19,39.99,9.99,30.0,300.3003003003003,95,109,3.0,38.07219178082192,6.0,0
2025-08-20,39.99,9.99,30.0,300.3003003003003,96,110,3.0,38.07219178082192,6.0,0
2025-08-21,39.99,9.99,30.0,300.3003003003003,97,111,3.0,38.07219178082192,6.0,0
2025-08-22,39.99,9.99,30.0,300.3003003003003,98,112,3.0,38.072191780821925,6.0,0
2025-08-23,39.99,9.99,30.0,300.3003003003003,99,113,3.0,38.07219178082192,6.0,0
2025-08-24,39.99,9.99,30.0,300.3003003003003,100,114,3.0,38.07219178082192,6.0,0
2025-08-25,39.99,9.99,30.0,300.3003003003003,101,115,3.0,38.07219178082192,6.0,0
2025-08-26,39.99,9.99,30.0,300.3003003003003,102,116,3.0,38.07219178082192,6.0,0
2025-08-27,39.99,9.99,30.0,300.3003003003003,103,117,3.0,38.07219178082192,6.0,0
2025-08-28,39.99,9.99,30.0,300.3003003003003,104,118,3.0,38.07219178082192,6.0,0
2025-08-29,39.99,9.99,30.0,300.3003003003003,105,119,3.0,38.07219178082192,6.0,0
2025-08-30,39.99,9.99,30.0,300.3003003003003,106,120,3.0,38.07219178082192,6.0,0
2025-08-31,39.99,9.99,30.0,300.3003003003003,107,121,3.0,38.072191780821925,6.0,1
2025-09-01,39.99,9.99,30.0,300.3003003003003,108,122,3.0,38.07219178082192,6.0,1
2025-09-02,39.99,9.99,30.0,300.3003003003003,109,123,3.0,38.07219178082192,6.0,1
2025-09-03,39.99,9.99,30.0,300.3003003003003,110,124,3.0,38.07219178082192,6.0,1
2025-09-04,39.99,9.99,30.0,300.3003003003003,111,125,3.0,38.07219178082192,6.0,1
2025-09-05,39.99,9.99,30.0,300.3003003003003,112,126,3.0,38.07219178082192,6.0,1
2025-09-06,39.99,9.99,30.0,300.3003003003003,113,127,3.0,38.07219178082192,6.0,1
2025-09-07,39.99,9.99,30.0,300.3003003003003,114,128,3.0,38.07219178082192,6.0,1
2025-09-08,39.99,9.99,30.0,300.3003003003003,115,129,3.0,38.072191780821925,6.0,1
2025-09-09,39.99,9.99,30.0,300.3003003003003,116,130,3.0,38.07219178082192,6.0,1
2025-09-10,39.99,9.99,30.0,300.3003003003003,117,131,3.0,38.07219178082192,6.0,1
2025-09-11,39.99,9.99,30.0,300.3003003003003,118,132,3.0,38.07219178082192,6.0,1
2025-09-12,39.99,9.99,30.0,300.3003003003003,119,133,3.0,38.07219178082192,6.0,1
2025-09-13,39.99,9.99,30.0,300.3003003003003,120,134,3.0,38.07219178082192,6.0,1
2025-09-14,39.99,9.99,30.0,300.3003003003003,121,135,3.0,38.07219178082192,6.0,1
2025-09-15,39.99,9.99,30.0,300.3003003003003,122,136,3.0,38.07219178082192,6.0,1
2025-09-16,39.99,9.99,30.0,300.3003003003003,123,137,3.0,38.072191780821925,6.0,1
2025-09-17,39.99,9.99,30.0,300.3003003003003,124,138,3.0,38.07219178082192,6.0,1
2025-09-18,39.99,9.99,30.0,300.3003003003003,125,139,3.0,38.07219178082192,6.0,1
2025-09-19,39.99,9.99,30.0,300.3003003003003,126,140,3.0,38.07219178082192,6.0,1
2025-09-20,39.99,9.99,30.0,300.3003003003003,127,141,3.0,38.07219178082192,6.0,1
2025-09-21,39.99,9.99,30.0,300.3003003003003,128,142,3.0,38.07219178082192,6.0,1
2025-09-22,39.99,9.99,30.0,300.3003003003003,129,143,3.0,38.07219178082192,6.0,1
2025-09-23,39.99,9.99,30.0,300.3003003003003,130,144,3.0,38.07219178082192,6.0,1
2025-09-24,39.99,9.99,30.0,300.3003003003003,131,145,3.0,38.072191780821925,6.0,1
2025-09-25,39.99,9.99,30.0,300.3003003003003,132,146,3.0,38.07219178082192,6.0,1
2025-09-26,39.99,9.99,30.0,300.3003003003003,133,147,3.0,38.07219178082192,6.0,1
2025-09-27,39.99,9.99,30.0,300.3003003003003,134,148,3.0,38.07219178082192,6.0,1
2025-09-28,39.99,9.99,30.0,300.3003003003003,135,149,2.0,38.12698630136986,5.0,1
2025-09-29,39.99,9.99,30.0,300.3003003003003,136,150,2.0,38.18178082191781,5.0,1
2025-09-30,19.99,9.99,9.999999999999998,100.1001001001001,0,0,2.0,38.236575342465756,5.0,0
2025-10-01,19.99,9.99,9.999999999999998,100.1001001001001,1,1,3.0,38.236575342465756,6.0,0
2025-10-02,19.99,9.99,9.999999999999998,100.1001001001001,2,2,3.0,38.236575342465756,6.0,0
2025-10-03,19.99,9.99,9.999999999999998,100.1001001001001,3,3,3.0,38.23657534246576,6.0,0
2025-10-04,19.99,9.99,9.999999999999998,100.1001001001001,4,4,3.0,38.236575342465756,6.0,0
2025-10-05,19.99,9.99,9.999999999999998,100.1001001001001,5,5,3.0,38.236575342465756,6.0,0
2025-10-06,19.99,9.99,9.999999999999998,100.1001001001001,6,6,3.0,38.236575342465756,6.0,0
2025-10-07,39.99,9.99,30.0,300.3003003003003,0,7,3.0,38.236575342465756,6.0,0
2025-10-08,39.99,9.99,30.0,300.3003003003003,1,8,3.0,38.2913698630137,7.0,0
2025-10-09,39.99,9.99,30.0,300.3003003003003,2,9,3.0,38.34616438356164,7.0,0
2025-10-10,39.99,9.99,30.0,300.3003003003003,3,10,3.0,38.400958904109594,7.0,0
2025-10-11,39.99,9.99,30.0,300.3003003003003,4,11,3.0,38.45575342465754,7.0,0
2025-10-12,39.99,9.99,30.0,300.3003003003003,5,12,3.0,38.45575342465754,6.0,0
2025-10-13,39.99,9.99,30.0,300.3003003003003,6,13,3.0,38.45575342465754,6.0,0
2025-10-14,39.99,9.99,30.0,300.3003003003003,7,14,3.0,38.45575342465754,6.0,0
2025-10-15,39.99,9.99,30.0,300.3003003003003,8,15,3.0,38.45575342465754,6.0,0
2025-10-16,39.99,9.99,30.0,300.3003003003003,9,16,3.0,38.45575342465754,6.0,0
2025-10-17,39.99,9.99,30.0,300.3003003003003,10,17,3.0,38.45575342465754,6.0,0
2025-10-18,39.99,9.99,30.0,300.3003003003003,11,18,3.0,38.45575342465754,6.0,0
2025-10-19,39.99,9.99,30.0,300.3003003003003,12,19,3.0,38.45575342465754,6.0,0
2025-10-20,39.99,9.99,30.0,300.3003003003003,13,20,3.0,38.45575342465754,6.0,0
2025-10-21,39.99,9.99,30.0,300.3003003003003,14,21,3.0,38.45575342465754,6.0,0
2025-10-22,39.99,9.99,30.0,300.3003003003003,15,22,3.0,38.45575342465754,6.0,1
2025-10-23,39.99,9.99,30.0,300.3003003003003,16,23,3.0,38.45575342465754,6.0,1
2025-10-24,39.99,9.99,30.0,300.3003003003003,17,24,3.0,38.45575342465754,6.0,1
2025-10-25,39.99,9.99,30.0,300.3003003003003,18,25,3.0,38.45575342465754,6.0,1
2025-10-26,39.99,9.99,30.0,300.3003003003003,19,26,3.0,38.45575342465754,6.0,1
2025-10-27,39.99,9.99,30.0,300.3003003003003,20,27,3.0,38.45575342465754,6.0,1
2025-10-28,39.99,9.99,30.0,300.3003003003003,21,28,3.0,38.45575342465754,6.0,1
2025-10-29,39.99,9.99,30.0,300.3003003003003,22,29,3.0,38.45575342465754,6.0,1
2025-10-30,39.99,9.99,30.0,300.3003003003003,23,30,3.0,38.45575342465754,6.0,1
2025-10-31,39.99,9.99,30.0,300.3003003003003,24,31,3.0,38.45575342465754,6.0,1
2025-11-01,39.99,9.99,30.0,300.3003003003003,25,32,3.0,38.45575342465754,6.0,1
2025-11-02,39.99,9.99,30.0,300.3003003003003,26,33,3.0,38.45575342465754,6.0,1
2025-11-03,39.99,9.99,30.0,300.3003003003003,27,34,3.0,38.45575342465754,6.0,1
2025-11-04,39.99,9.99,30.0,300.3003003003003,28,35,3.0,38.45575342465754,6.0,1
2025-11-05,39.99,9.99,30.0,300.3003003003003,29,36,3.0,38.45575342465754,6.0,1
2025-11-06,39.99,9.99,30.0,300.3003003003003,30,37,3.0,38.45575342465754,6.0,1
2025-11-07,39.99,9.99,30.0,300.3003003003003,31,38,3.0,38.45575342465754,6.0,1
2025-11-08,39.99,9.99,30.0,300.3003003003003,32,39,3.0,38.45575342465754,6.0,1
2025-11-09,39.99,9.99,30.0,300.3003003003003,33,40,3.0,38.45575342465754,6.0,1
2025-11-10,39.99,9.99,30.0,300.3003003003003,34,41,3.0,38.45575342465754,6.0,1
2025-11-11,39.99,9.99,30.0,300.3003003003003,35,42,3.0,38.45575342465754,6.0,1
2025-11-12,39.99,9.99,30.0,300.3003003003003,36,43,3.0,38.45575342465754,6.0,1
2025-11-13,39.99,9.99,30.0,300.3003003003003,37,44,3.0,38.45575342465754,6.0,1
2025-11-14,39.99,9.99,30.0,300.3003003003003,38,45,3.0,38.45575342465754,6.0,1
2025-11-15,39.99,9.99,30.0,300.3003003003003,39,46,3.0,38.45575342465754,6.0,1
2025-11-16,39.99,9.99,30.0,300.3003003003003,40,47,3.0,38.45575342465754,6.0,1
2025-11-17,39.99,9.99,30.0,300.3003003003003,41,48,3.0,38.45575342465754,6.0,1
2025-11-18,39.99,9.99,30.0,300.3003003003003,42,49,3.0,38.45575342465754,6.0,1
2025-11-19,39.99,9.99,30.0,300.3003003003003,43,50,3.0,38.45575342465754,6.0,1
2025-11-20,39.99,9.99,30.0,300.3003003003003,44,51,3.0,38.45575342465754,6.0,1
2025-11-21,19.99,9.99,9.999999999999998,100.1001001001001,0,0,3.0,38.45575342465754,6.0,0
2025-11-22,19.99,9.99,9.999999999999998,100.1001001001001,1,1,4.0,38.400958904109594,7.0,0
2025-11-23,19.99,9.99,9.999999999999998,100.1001001001001,2,2,4.0,38.34616438356164,7.0,0
2025-11-24,19.99,9.99,9.999999999999998,100.1001001001001,3,3,4.0,38.2913698630137,7.0,0
2025-11-25,19.99,9.99,9.999999999999998,100.1001001001001,4,4,4.0,38.236575342465756,7.0,0
2025-11-26,19.99,9.99,9.999999999999998,100.1001001001001,5,5,4.0,38.18178082191781,7.0,0
2025-11-27,19.99,9.99,9.999999999999998,100.1001001001001,6,6,4.0,38.12698630136986,7.0,0
2025-11-28,19.99,9.99,9.999999999999998,100.1001001001001,7,7,4.0,38.07219178082192,7.0,0
2025-11-29,19.99,9.99,9.999999999999998,100.1001001001001,8,8,3.0,38.07219178082192,6.0,0
2025-11-30,19.99,9.99,9.999999999999998,100.1001001001001,9,9,3.0,38.072191780821925,6.0,0
2025-12-01,19.99,9.99,9.999999999999998,100.1001001001001,10,10,3.0,38.07219178082192,6.0,0
2025-12-02,19.99,9.99,9.999999999999998,100.1001001001001,11,11,3.0,38.07219178082192,6.0,0
2025-12-03,19.99,9.99,9.999999999999998,100.1001001001001,12,12,3.0,38.07219178082192,6.0,0
2025-12-04,19.99,9.99,9.999999999999998,100.1001001001001,13,13,3.0,38.07219178082192,6.0,0
2025-12-05,39.99,9.99,30.0,300.3003003003003,0,14,3.0,38.07219178082192,6.0,0
2025-12-06,39.99,9.99,30.0,300.3003003003003,1,15,3.0,38.07219178082192,6.0,0
2025-12-07,39.99,9.99,30.0,300.3003003003003,2,16,3.0,38.07219178082192,6.0,0
2025-12-08,39.99,9.99,30.0,300.3003003003003,3,17,3.0,38.072191780821925,6.0,0
2025-12-09,39.99,9.99,30.0,300.3003003003003,4,18,3.0,38.07219178082192,6.0,0
2025-12-10,39.99,9.99,30.0,300.3003003003003,5,19,3.0,38.07219178082192,6.0,0
2025-12-11,39.99,9.99,30.0,300.3003003003003,6,20,3.0,38.07219178082192,6.0,0
2025-12-12,39.99,9.99,30.0,300.3003003003003,7,21,3.0,38.07219178082192,6.0,0
2025-12-13,39.99,9.99,30.0,300.3003003003003,8,22,3.0,38.07219178082192,6.0,0
2025-12-14,39.99,9.99,30.0,300.3003003003003,9,23,3.0,38.07219178082192,6.0,0
2025-12-15,39.99,9.99,30.0,300.3003003003003,10,24,3.0,38.07219178082192,6.0,0
2025-12-16,39.99,9.99,30.0,300.3003003003003,11,25,3.0,38.072191780821925,6.0,0
2025-12-17,39.99,9.99,30.0,300.3003003003003,12,26,3.0,38.07219178082192,6.0,0
2025-12-18,39.99,9.99,30.0,300.3003003003003,13,27,3.0,38.07219178082192,6.0,0
2025-12-19,39.99,9.99,30.0,300.3003003003003,14,28,3.0,38.07219178082192,6.0,0
2025-12-20,39.99,9.99,30.0,300.3003003003003,15,29,3.0,38.07219178082192,6.0,0
2025-12-21,39.99,9.99,30.0,300.3003003003003,16,30,3.0,38.07219178082192,6.0,0
2025-12-22,39.99,9.99,30.0,300.3003003003003,17,31,3.0,38.07219178082192,6.0,0
2025-12-23,39.99,9.99,30.0,300.3003003003003,18,32,3.0,38.07219178082192,6.0,0
2025-12-24,39.99,9.99,30.0,300.3003003003003,19,33,3.0,38.072191780821925,6.0,0
2025-12-25,39.99,9.99,30.0,300.3003003003003,20,34,3.0,38.072191780821925,6.0,0
2025-12-26,39.99,9.99,30.0,300.3003003003003,21,35,3.0,38.07219178082192,6.0,0
2025-12-27,39.99,9.99,30.0,300.3003003003003,22,36,3.0,38.07219178082192,6.0,0
2025-12-28,39.99,9.99,30.0,300.3003003003003,23,37,3.0,38.07219178082192,6.0,0
2025-12-29,39.99,9.99,30.0,300.3003003003003,24,38,3.0,38.07219178082192,6.0,0
2025-12-30,39.99,9.99,30.0,300.3003003003003,25,39,3.0,38.07219178082192,6.0,0
2025-12-31,39.99,9.99,30.0,300.3003003003003,26,40,3.0,38.07219178082192,6.0,0
2026-01-01,39.99,9.99,30.0,300.3003003003003,27,41,3.0,38.07219178082192,6.0,0
2026-01-02,39.99,9.99,30.0,300.3003003003003,28,42,3.0,38.072191780821925,6.0,0
2026-01-03,39.99,9.99,30.0,300.3003003003003,29,43,3.0,38.07219178082192,6.0,0
2026-01-04,39.99,9.99,30.0,300.3003003003003,30,44,3.0,38.07219178082192,6.0,0
2026-01-05,39.99,9.99,30.0,300.3003003003003,31,45,3.0,38.07219178082192,6.0,0
2026-01-06,39.99,9.99,30.0,300.3003003003003,32,46,3.0,38.07219178082192,6.0,0
2026-01-07,39.99,9.99,30.0,300.3003003003003,33,47,3.0,38.07219178082192,6.0,0
2026-01-08,39.99,9.99,30.0,300.3003003003003,34,48,3.0,38.07219178082192,6.0,0
2026-01-09,39.99,9.99,30.0,300.3003003003003,35,49,3.0,38.07219178082192,6.0,0
2026-01-10,39.99,9.99,30.0,300.3003003003003,36,50,3.0,38.072191780821925,6.0,0
2026-01-11,39.99,9.99,30.0,300.3003003003003,37,51,3.0,38.07219178082192,6.0,0
2026-01-12,39.99,9.99,30.0,300.3003003003003,38,52,3.0,38.07219178082192,6.0,0
2026-01-13,39.99,9.99,30.0,300.3003003003003,39,53,3.0,38.07219178082192,6.0,0
2026-01-14,39.99,9.99,30.0,300.3003003003003,40,54,3.0,38.07219178082192,6.0,1
2026-01-15,39.99,9.99,30.0,300.3003003003003,41,55,3.0,38.07219178082192,6.0,1
2026-01-16,39.99,9.99,30.0,300.3003003003003,42,56,3.0,38.07219178082192,6.0,1
2026-01-17,39.99,9.99,30.0,300.3003003003003,43,57,3.0,38.07219178082192,6.0,1
2026-01-18,39.99,9.99,30.0,300.3003003003003,44,58,3.0,38.072191780821925,6.0,1
2026-01-19,39.99,9.99,30.0,300.3003003003003,45,59,3.0,38.07219178082192,6.0,1
2026-01-20,39.99,9.99,30.0,300.3003003003003,46,60,3.0,38.07219178082192,6.0,1
2026-01-21,39.99,9.99,30.0,300.3003003003003,47,61,3.0,38.07219178082192,6.0,1
2026-01-22,39.99,9.99,30.0,300.3003003003003,48,62,3.0,38.07219178082192,6.0,1
2026-01-23,39.99,9.99,30.0,300.3003003003003,49,63,3.0,38.07219178082192,6.0,1
2026-01-24,39.99,9.99,30.0,300.3003003003003,50,64,3.0,38.07219178082192,6.0,1
2026-01-25,39.99,9.99,30.0,300.3003003003003,51,65,3.0,38.07219178082192,6.0,1
2026-01-26,39.99,9.99,30.0,300.3003003003003,52,66,3.0,38.07219178082192,6.0,1
2026-01-27,39.99,9.99,30.0,300.3003003003003,53,67,3.0,38.072191780821925,6.0,1
2026-01-28,39.99,9.99,30.0,300.3003003003003,54,68,3.0,38.07219178082192,6.0,1
2026-01-29,39.99,9.99,30.0,300.3003003003003,55,69,3.0,38.07219178082192,6.0,1
2026-01-30,39.99,9.99,30.0,300.3003003003003,56,70,3.0,38.07219178082192,6.0,1
2026-01-31,39.99,9.99,30.0,300.3003003003003,57,71,3.0,38.07219178082192,6.0,1
2026-02-01,39.99,9.99,30.0,300.3003003003003,58,72,3.0,38.07219178082192,6.0,1
2026-02-02,39.99,9.99,30.0,300.3003003003003,59,73,3.0,38.07219178082192,6.0,1
2026-02-03,39.99,9.99,30.0,300.3003003003003,60,74,3.0,38.07219178082192,6.0,1
2026-02-04,39.99,9.99,30.0,300.3003003003003,61,75,3.0,38.072191780821925,6.0,1
2026-02-05,39.99,9.99,30.0,300.3003003003003,62,76,3.0,38.07219178082192,6.0,1
2026-02-06,39.99,9.99,30.0,300.3003003003003,63,77,3.0,38.07219178082192,6.0,1
2026-02-07,39.99,9.99,30.0,300.3003003003003,64,78,3.0,38.07219178082192,6.0,1
2026-02-08,39.99,9.99,30.0,300.3003003003003,65,79,3.0,38.07219178082192,6.0,1
2026-02-09,39.99,9.99,30.0,300.3003003003003,66,80,3.0,38.07219178082192,6.0,1
2026-02-10,39.99,9.99,30.0,300.3003003003003,67,81,3.0,38.07219178082192,6.0,1
2026-02-11,39.99,9.99,30.0,300.3003003003003,68,82,3.0,38.07219178082192,6.0,1
2026-02-12,39.99,9.99,30.0,300.3003003003003,69,83,3.0,38.072191780821925,6.0,1
2026-02-13,19.99,9.99,9.999999999999998,100.1001001001001,0,0,3.0,38.07219178082192,6.0,0
2026-02-14,19.99,9.99,9.999999999999998,100.1001001001001,1,1,4.0,38.017397260273974,7.0,0
2026-02-15,19.99,9.99,9.999999999999998,100.1001001001001,2,2,4.0,37.96260273972603,7.0,0
2026-02-16,19.99,9.99,9.999999999999998,100.1001001001001,3,3,4.0,37.90780821917809,7.0,0
2026-02-17,19.99,9.99,9.999999999999998,100.1001001001001,4,4,4.0,37.853013698630136,7.0,0
2026-02-18,19.99,9.99,9.999999999999998,100.1001001001001,5,5,4.0,37.79821917808219,7.0,0
2026-02-19,19.99,9.99,9.999999999999998,100.1001001001001,6,6,4.0,37.74342465753425,7.0,0
2026-02-20,19.99,9.99,9.999999999999998,100.1001001001001,7,7,4.0,37.688630136986305,7.0,0
2026-02-21,19.99,9.99,9.999999999999998,100.1001001001001,8,8,4.0,37.633835616438354,7.0,0
2026-02-22,19.99,9.99,9.999999999999998,100.1001001001001,9,9,4.0,37.57904109589041,7.0,0
2026-02-23,19.99,9.99,9.999999999999998,100.1001001001001,10,10,4.0,37.52424657534247,7.0,0
2026-02-24,19.99,9.99,9.999999999999998,100.1001001001001,11,11,4.0,37.46945205479452,7.0,0
2026-02-25,19.99,9.99,9.999999999999998,100.1001001001001,12,12,4.0,37.41465753424658,7.0,0
2026-02-26,19.99,9.99,9.999999999999998,100.1001001001001,13,13,4.0,37.35986301369863,7.0,0
2026-02-27,39.99,9.99,30.0,300.3003003003003,0,14,4.0,37.305068493150685,7.0,0
2026-02-28,39.99,9.99,30.0,300.3003003003003,1,15,4.0,37.305068493150685,8.0,0
2026-03-01,39.99,9.99,30.0,300.3003003003003,2,16,4.0,37.30506849315069,8.0,0
2026-03-02,39.99,9.99,30.0,300.3003003003003,3,17,4.0,37.305068493150685,8.0,0
2026-03-03,39.99,9.99,30.0,300.3003003003003,4,18,4.0,37.305068493150685,8.0,0
2026-03-04,39.99,9.99,30.0,300.3003003003003,5,19,4.0,37.305068493150685,8.0,0
2026-03-05,39.99,9.99,30.0,300.3003003003003,6,20,4.0,37.305068493150685,8.0,0
2026-03-06,39.99,9.99,30.0,300.3003003003003,7,21,4.0,37.305068493150685,8.0,0
2026-03-07,39.99,9.99,30.0,300.3003003003003,8,22,4.0,37.305068493150685,8.0,0
2026-03-08,39.99,9.99,30.0,300.3003003003003,9,23,4.0,37.305068493150685,8.0,0
2026-03-09,39.99,9.99,30.0,300.3003003003003,10,24,4.0,37.30506849315069,8.0,0
2026-03-10,39.99,9.99,30.0,300.3003003003003,11,25,4.0,37.305068493150685,8.0,0
2026-03-11,39.99,9.99,30.0,300.3003003003003,12,26,4.0,37.305068493150685,8.0,0
2026-03-12,39.99,9.99,30.0,300.3003003003003,13,27,4.0,37.305068493150685,8.0,0
2026-03-13,39.99,9.99,30.0,300.3003003003003,14,28,4.0,37.305068493150685,8.0,0
2026-03-14,39.99,9.99,30.0,300.3003003003003,15,29,4.0,37.305068493150685,8.0,0
2026-03-15,39.99,9.99,30.0,300.3003003003003,16,30,4.0,37.305068493150685,8.0,0
2026-03-16,39.99,9.99,30.0,300.3003003003003,17,31,4.0,37.305068493150685,8.0,0
2026-03-17,39.99,9.99,30.0,300.3003003003003,18,32,4.0,37.30506849315069,8.0,0
2026-03-18,39.99,9.99,30.0,300.3003003003003,19,33,4.0,37.305068493150685,8.0,0
2026-03-19,39.99,9.99,30.0,300.3003003003003,20,34,4.0,37.305068493150685,8.0,0
2026-03-20,39.99,9.99,30.0,300.3003003003003,21,35,4.0,37.305068493150685,8.0,0
2026-03-21,39.99,9.99,30.0,300.3003003003003,22,36,4.0,37.305068493150685,8.0,0
2026-03-22,39.99,9.99,30.0,300.3003003003003,23,37,4.0,37.305068493150685,8.0,1
2026-03-23,39.99,9.99,30.0,300.3003003003003,24,38,4.0,37.305068493150685,8.0,1
2026-03-24,39.99,9.99,30.0,300.3003003003003,25,39,4.0,37.305068493150685,8.0,1
2026-03-25,39.99,9.99,30.0,300.3003003003003,26,40,4.0,37.305068493150685,8.0,1
2026-03-26,39.99,9.99,30.0,300.3003003003003,27,41,4.0,37.305068493150685,8.0,1
2026-03-27,39.99,9.99,30.0,300.3003003003003,28,42,4.0,37.305068493150685,8.0,1
2026-03-28,39.99,9.99,30.0,300.3003003003003,29,43,4.0,37.305068493150685,8.0,1
2026-03-29,39.99,9.99,30.0,300.3003003003003,30,44,4.0,37.305068493150685,8.0,1
2026-03-30,39.99,9.99,30.0,300.3003003003003,31,45,4.0,37.305068493150685,8.0,1
2026-03-31,39.99,9.99,30.0,300.3003003003003,32,46,4.0,37.305068493150685,8.0,1
2026-04-01,39.99,9.99,30.0,300.3003003003003,33,47,4.0,37.305068493150685,8.0,1
2026-04-02,39.99,9.99,30.0,300.3003003003003,34,48,4.0,37.305068493150685,8.0,1
2026-04-03,39.99,9.99,30.0,300.3003003003003,35,49,4.0,37.30506849315069,8.0,1
2026-04-04,39.99,9.99,30.0,300.3003003003003,36,50,4.0,37.305068493150685,8.0,1
2026-04-05,39.99,9.99,30.0,300.3003003003003,37,51,4.0,37.305068493150685,8.0,1
2026-04-06,39.99,9.99,30.0,300.3003003003003,38,52,4.0,37.305068493150685,8.0,1
2026-04-07,39.99,9.99,30.0,300.3003003003003,39,53,4.0,37.305068493150685,8.0,1
2026-04-08,39.99,9.99,30.0,300.3003003003003,40,54,4.0,37.305068493150685,8.0,1
2026-04-09,39.99,9.99,30.0,300.3003003003003,41,55,4.0,37.305068493150685,8.0,1
2026-04-10,39.99,9.99,30.0,300.3003003003003,42,56,4.0,37.305068493150685,8.0,1
2026-04-11,39.99,9.99,30.0,300.3003003003003,43,57,4.0,37.30506849315069,8.0,1
2026-04-12,39.99,9.99,30.0,300.3003003003003,44,58,4.0,37.305068493150685,8.0,1
2026-04-13,39.99,9.99,30.0,300.3003003003003,45,59,4.0,37.305068493150685,8.0,1
2026-04-14,39.99,9.99,30.0,300.3003003003003,46,60,4.0,37.305068493150685,8.0,1
2026-04-15,39.99,9.99,30.0,300.3003003003003,47,61,4.0,37.305068493150685,8.0,1
2026-04-16,39.99,9.99,30.0,300.3003003003003,48,62,4.0,37.305068493150685,8.0,1
2026-04-17,39.99,9.99,30.0,300.3003003003003,49,63,4.0,37.305068493150685,8.0,1
2026-04-18,39.99,9.99,30.0,300.3003003003003,50,64,4.0,37.305068493150685,8.0,1
2026-04-19,39.99,9.99,30.0,300.3003003003003,51,65,4.0,37.30506849315069,8.0,1
2026-04-20,39.99,9.99,30.0,300.3003003003003,52,66,4.0,37.305068493150685,8.0,1
2026-04-21,9.99,9.99,0.0,0.0,0,0,4.0,37.305068493150685,8.0,0
2026-04-22,9.99,9.99,0.0,0.0,1,1,5.0,37.22287671232877,9.0,0
2026-04-23,9.99,9.99,0.0,0.0,2,2,5.0,37.14068493150685,9.0,0
2026-04-24,9.99,9.99,0.0,0.0,3,3,5.0,37.05849315068493,9.0,0
2026-04-25,9.99,9.99,0.0,0.0,4,4,5.0,36.976301369863016,9.0,0
2026-04-26,9.99,9.99,0.0,0.0,5,5,5.0,36.89410958904109,9.0,0
2026-04-27,9.99,9.99,0.0,0.0,6,6,5.0,36.81191780821918,9.0,0
2026-04-28,39.99,9.99,30.0,300.3003003003003,0,7,5.0,36.72972602739726,9.0,0
2026-04-29,39.99,9.99,30.0,300.3003003003003,1,8,5.0,36.72972602739726,10.0,0
2026-04-30,39.99,9.99,30.0,300.3003003003003,2,9,5.0,36.72972602739726,10.0,0
2026-05-01,39.99,9.99,30.0,300.3003003003003,3,10,5.0,36.72972602739726,10.0,0
2026-05-02,39.99,9.99,30.0,300.3003003003003,4,11,5.0,36.72972602739726,10.0,0
2026-05-03,39.99,9.99,30.0,300.3003003003003,5,12,4.0,36.784520547945206,9.0,0
2026-05-04,39.99,9.99,30.0,300.3003003003003,6,13,4.0,36.83931506849315,9.0,0
2026-05-05,39.99,9.99,30.0,300.3003003003003,7,14,4.0,36.89410958904109,9.0,0
2026-05-06,39.99,9.99,30.0,300.3003003003003,8,15,4.0,36.948904109589044,9.0,0
2026-05-07,39.99,9.99,30.0,300.3003003003003,9,16,4.0,37.00369863013699,9.0,0
2026-05-08,39.99,9.99,30.0,300.3003003003003,10,17,4.0,37.05849315068493,9.0,0
2026-05-09,39.99,9.99,30.0,300.3003003003003,11,18,4.0,37.113287671232875,9.0,0
2026-05-10,39.99,9.99,30.0,300.3003003003003,12,19,4.0,37.168082191780826,9.0,0
2026-05-11,39.99,9.99,30.0,300.3003003003003,13,20,4.0,37.22287671232877,9.0,0
2026-05-12,39.99,9.99,30.0,300.3003003003003,14,21,4.0,37.27767123287671,9.0,0
2026-05-13,39.99,9.99,30.0,300.3003003003003,15,22,4.0,37.33246575342466,9.0,0
2026-05-14,39.99,9.99,30.0,300.3003003003003,16,23,4.0,37.38726027397261,9.0,0
2026-05-15,39.99,9.99,30.0,300.3003003003003,17,24,4.0,37.44205479452055,9.0,0
2026-05-16,39.99,9.99,30.0,300.3003003003003,18,25,4.0,37.496849315068495,9.0,0
2026-05-17,39.99,9.99,30.0,300.3003003003003,19,26,4.0,37.496849315068495,8.0,0
2026-05-18,39.99,9.99,30.0,300.3003003003003,20,27,4.0,37.496849315068495,8.0,0
2026-05-19,39.99,9.99,30.0,300.3003003003003,21,28,4.0,37.496849315068495,8.0,0
2026-05-20,39.99,9.99,30.0,300.3003003003003,22,29,4.0,37.496849315068495,8.0,0
2026-05-21,39.99,9.99,30.0,300.3003003003003,23,30,4.0,37.496849315068495,8.0,0
2026-05-22,39.99,9.99,30.0,300.3003003003003,24,31,4.0,37.4968493150685,8.0,0
2026-05-23,39.99,9.99,30.0,300.3003003003003,25,32,4.0,37.496849315068495,8.0,0
2026-05-24,39.99,9.99,30.0,300.3003003003003,26,33,4.0,37.496849315068495,8.0,0
2026-05-25,39.99,9.99,30.0,300.3003003003003,27,34,4.0,37.496849315068495,8.0,0
2026-05-26,39.99,9.99,30.0,300.3003003003003,28,35,4.0,37.496849315068495,8.0,0
2026-05-27,39.99,9.99,30.0,300.3003003003003,29,36,4.0,37.496849315068495,8.0,0
2026-05-28,39.99,9.99,30.0,300.3003003003003,30,37,4.0,37.496849315068495,8.0,0
2026-05-29,39.99,9.99,30.0,300.3003003003003,31,38,4.0,37.496849315068495,8.0,0
2026-05-30,39.99,9.99,30.0,300.3003003003003,32,39,4.0,37.496849315068495,8.0,0
2026-05-31,39.99,9.99,30.0,300.3003003003003,33,40,4.0,37.4968493150685,8.0,0
2026-06-01,39.99,9.99,30.0,300.3003003003003,34,41,4.0,37.496849315068495,8.0,0
2026-06-02,39.99,9.99,30.0,300.3003003003003,35,42,4.0,37.496849315068495,8.0,0
2026-06-03,39.99,9.99,30.0,300.3003003003003,36,43,4.0,37.496849315068495,8.0,0
2026-06-04,39.99,9.99,30.0,300.3003003003003,37,44,4.0,37.496849315068495,8.0,0
2026-06-05,39.99,9.99,30.0,300.3003003003003,38,45,4.0,37.496849315068495,8.0,0
2026-06-06,39.99,9.99,30.0,300.3003003003003,39,46,4.0,37.496849315068495,8.0,0
2026-06-07,39.99,9.99,30.0,300.3003003003003,40,47,4.0,37.496849315068495,8.0,0
2026-06-08,39.99,9.99,30.0,300.3003003003003,41,48,4.0,37.4968493150685,8.0,0
2026-06-09,39.99,9.99,30.0,300.3003003003003,42,49,4.0,37.496849315068495,8.0,0
2026-06-10,39.99,9.99,30.0,300.3003003003003,43,50,4.0,37.496849315068495,8.0,0
2026-06-11,39.99,9.99,30.0,300.3003003003003,44,51,4.0,37.496849315068495,8.0,0
2026-06-12,39.99,9.99,30.0,300.3003003003003,45,52,4.0,37.496849315068495,8.0,0
2026-06-13,39.99,9.99,30.0,300.3003003003003,46,53,4.0,37.496849315068495,8.0,0
2026-06-14,39.99,9.99,30.0,300.3003003003003,47,54,4.0,37.496849315068495,8.0,0
2026-06-15,39.99,9.99,30.0,300.3003003003003,48,55,4.0,37.496849315068495,8.0,0
2026-06-16,39.99,9.99,30.0,300.3003003003003,49,56,4.0,37.4968493150685,8.0,0
2026-06-17,39.99,9.99,30.0,300.3003003003003,50,57,4.0,37.496849315068495,8.0,0
2026-06-18,39.99,9.99,30.0,300.3003003003003,51,58,4.0,37.496849315068495,8.0,0
2026-06-19,39.99,9.99,30.0,300.3003003003003,52,59,4.0,37.496849315068495,8.0,0
2026-06-20,39.99,9.99,30.0,300.3003003003003,53,60,4.0,37.496849315068495,8.0,0
2026-06-21,39.99,9.99,30.0,300.3003003003003,54,61,4.0,37.496849315068495,8.0,0
2026-06-22,39.99,9.99,30.0,300.3003003003003,55,62,4.0,37.496849315068495,8.0,0
2026-06-23,39.99,9.99,30.0,300.3003003003003,56,63,4.0,37.496849315068495,8.0,0
2026-06-24,39.99,9.99,30.0,300.3003003003003,57,64,4.0,37.4968493150685,8.0,0
2026-06-25,39.99,9.99,30.0,300.3003003003003,58,65,4.0,37.496849315068495,8.0,0
2026-06-26,39.99,9.99,30.0,300.3003003003003,59,66,4.0,37.496849315068495,8.0,0
2026-06-27,39.99,9.99,30.0,300.3003003003003,60,67,4.0,37.496849315068495,8.0,0
2026-06-28,39.99,9.99,30.0,300.3003003003003,61,68,4.0,37.496849315068495,8.0,0
2026-06-29,39.99,9.99,30.0,300.3003003003003,62,69,4.0,37.496849315068495,8.0,0
2026-06-30,39.99,9.99,30.0,300.3003003003003,63,70,4.0,37.496849315068495,8.0,0
2026-07-01,39.99,9.99,30.0,300.3003003003003,64,71,4.0,37.496849315068495,8.0,0
2026-07-02,39.99,9.99,30.0,300.3003003003003,65,72,4.0,37.496849315068495,8.0,0
2026-07-03,39.99,9.99,30.0,300.3003003003003,66,73,4.0,37.4968493150685,8.0,0
2026-07-04,39.99,9.99,30.0,300.3003003003003,67,74,4.0,37.496849315068495,8.0,0
2026-07-05,39.99,9.99,30.0,300.3003003003003,68,75,4.0,37.496849315068495,8.0,0
2026-07-06,39.99,9.99,30.0,300.3003003003003,69,76,4.0,37.496849315068495,8.0,0
2026-07-07,39.99,9.99,30.0,300.3003003003003,70,77,4.0,37.496849315068495,8.0,0
2026-07-08,39.99,9.99,30.0,300.3003003003003,71,78,4.0,37.496849315068495,8.0,0
2026-07-09,39.99,9.99,30.0,300.3003003003003,72,79,4.0,37.496849315068495,8.0,0
2026-07-10,39.99,9.99,30.0,300.3003003003003,73,80,4.0,37.496849315068495,8.0,0
2026-07-11,39.99,9.99,30.0,300.3003003003003,74,81,4.0,37.4968493150685,8.0,0
2026-07-12,39.99,9.99,30.0,300.3003003003003,75,82,4.0,37.496849315068495,8.0,0
2026-07-13,39.99,9.99,30.0,300.3003003003003,76,83,4.0,37.496849315068495,8.0,0
2026-07-14,39.99,9.99,30.0,300.3003003003003,77,84,4.0,37.496849315068495,8.0,0
2026-07-15,39.99,9.99,30.0,300.3003003003003,78,85,4.0,37.496849315068495,8.0,0
2026-07-16,39.99,9.99,30.0,300.3003003003003,79,86,4.0,37.496849315068495,8.0,0
2026-07-17,39.99,9.99,30.0,300.3003003003003,80,87,4.0,37.496849315068495,8.0,0
2026-07-18,39.99,9.99,30.0,300.3003003003003,81,88,4.0,37.496849315068495,8.0,0
2026-07-19,39.99,9.99,30.0,300.3003003003003,82,89,4.0,37.4968493150685,8.0,0
2026-07-20,39.99,9.99,30.0,300.3003003003003,83,90,4.0,37.496849315068495,8.0,0
2026-07-21,39.99,9.99,30.0,300.3003003003003,84,91,4.0,37.496849315068495,8.0,0
2026-07-22,39.99,9.99,30.0,300.3003003003003,85,92,4.0,37.496849315068495,8.0,0
2026-07-23,39.99,9.99,30.0,300.3003003003003,86,93,4.0,37.496849315068495,8.0,0
2026-07-24,39.99,9.99,30.0,300.3003003003003,87,94,4.0,37.496849315068495,8.0,0
2026-07-25,39.99,9.99,30.0,300.3003003003003,88,95,4.0,37.496849315068495,8.0,0
2026-07-26,39.99,9.99,30.0,300.3003003003003,89,96,4.0,37.496849315068495,8.0,0
2026-07-27,39.99,9.99,30.0,300.3003003003003,90,97,4.0,37.4968493150685,8.0,0
2026-07-28,39.99,9.99,30.0,300.3003003003003,91,98,4.0,37.4968493150685,8.0,0
2026-07-29,39.99,9.99,30.0,300.3003003003003,92,99,4.0,37.496849315068495,8.0,0
2026-07-30,39.99,9.99,30.0,300.3003003003003,93,100,4.0,37.496849315068495,8.0,0
2026-07-31,39.99,9.99,30.0,300.3003003003003,94,101,4.0,37.496849315068495,8.0,0
2026-08-01,39.99,9.99,30.0,300.3003003003003,95,102,4.0,37.496849315068495,8.0,0
2026-08-02,39.99,9.99,30.0,300.3003003003003,96,103,4.0,37.496849315068495,8.0,0
2026-08-03,39.99,9.99,30.0,300.3003003003003,97,104,4.0,37.496849315068495,8.0,0
2026-08-04,39.99,9.99,30.0,300.3003003003003,98,105,4.0,37.496849315068495,8.0,0
2026-08-05,39.99,9.99,30.0,300.3003003003003,99,106,4.0,37.4968493150685,8.0,0
2026-08-06,39.99,9.99,30.0,300.3003003003003,100,107,4.0,37.496849315068495,8.0,0
2026-08-07,39.99,9.99,30.0,300.3003003003003,101,108,4.0,37.496849315068495,8.0,0
2026-08-08,39.99,9.99,30.0,300.3003003003003,102,109,4.0,37.496849315068495,8.0,0
2026-08-09,39.99,9.99,30.0,300.3003003003003,103,110,4.0,37.496849315068495,8.0,0
2026-08-10,39.99,9.99,30.0,300.3003003003003,104,111,4.0,37.496849315068495,8.0,0
2026-08-11,39.99,9.99,30.0,300.3003003003003,105,112,4.0,37.496849315068495,8.0,0
2026-08-12,39.99,9.99,30.0,300.3003003003003,106,113,4.0,37.496849315068495,8.0,0
2026-08-13,39.99,9.99,30.0,300.3003003003003,107,114,4.0,37.4968493150685,8.0,0
2026-08-14,39.99,9.99,30.0,300.3003003003003,108,115,4.0,37.496849315068495,8.0,0
2026-08-15,39.99,9.99,30.0,300.3003003003003,109,116,4.0,37.496849315068495,8.0,0
2026-08-16,39.99,9.99,30.0,300.3003003003003,110,117,4.0,37.496849315068495,8.0,0
2026-08-17,39.99,9.99,30.0,300.3003003003003,111,118,4.0,37.496849315068495,8.0,0
2026-08-18,39.99,9.99,30.0,300.3003003003003,112,119,4.0,37.496849315068495,8.0,0
2026-08-19,39.99,9.99,30.0,300.3003003003003,113,120,4.0,37.496849315068495,8.0,0
2026-08-20,39.99,9.99,30.0,300.3003003003003,114,121,4.0,37.496849315068495,8.0,0
2026-08-21,39.99,9.99,30.0,300.3003003003003,115,122,4.0,37.4968493150685,8.0,0
2026-08-22,39.99,9.99,30.0,300.3003003003003,116,123,4.0,37.496849315068495,8.0,0
2026-08-23,39.99,9.99,30.0,300.3003003003003,117,124,4.0,37.496849315068495,8.0,0
2026-08-24,39.99,9.99,30.0,300.3003003003003,118,125,4.0,37.496849315068495,8.0,0
2026-08-25,39.99,9.99,30.0,300.3003003003003,119,126,4.0,37.496849315068495,8.0,0
2026-08-26,39.99,9.99,30.0,300.3003003003003,120,127,4.0,37.496849315068495,8.0,0
2026-08-27,39.99,9.99,30.0,300.3003003003003,121,128,4.0,37.496849315068495,8.0,0
2026-08-28,39.99,9.99,30.0,300.3003003003003,122,129,4.0,37.496849315068495,8.0,0
2026-08-29,39.99,9.99,30.0,300.3003003003003,123,130,4.0,37.496849315068495,8.0,0
2026-08-30,39.99,9.99,30.0,300.3003003003003,124,131,4.0,37.4968493150685,8.0,0
2026-08-31,39.99,9.99,30.0,300.3003003003003,125,132,4.0,37.496849315068495,8.0,0
2026-09-01,39.99,9.99,30.0,300.3003003003003,126,133,4.0,37.496849315068495,8.0,0
