Date,Price,historical_low,price_above_low,percent_above_low,days_since_price_change,days_since_sale,sales_last_365_days,avg_price_last_365_days,price_changes_last_365_days,cheaper_within_30_days
2016-02-16,59.99,59.99,0.0,0.0,0,0,0.0,59.99,0.0,0
2016-02-17,59.99,59.99,0.0,0.0,1,1,0.0,59.99,0.0,0
2016-02-18,59.99,59.99,0.0,0.0,2,2,0.0,59.99,0.0,0
2016-02-19,59.99,59.99,0.0,0.0,3,3,0.0,59.99,0.0,0
2016-02-20,59.99,59.99,0.0,0.0,4,4,0.0,59.99,0.0,0
2016-02-21,59.99,59.99,0.0,0.0,5,5,0.0,59.99,0.0,0
2016-02-22,59.99,59.99,0.0,0.0,6,6,0.0,59.99,0.0,0
2016-02-23,59.99,59.99,0.0,0.0,7,7,0.0,59.99,0.0,0
2016-02-24,59.99,59.99,0.0,0.0,8,8,0.0,59.99,0.0,0
2016-02-25,59.99,59.99,0.0,0.0,9,9,0.0,59.99,0.0,0
2016-02-26,59.99,59.99,0.0,0.0,10,10,0.0,59.99,0.0,0
2016-02-27,59.99,59.99,0.0,0.0,11,11,0.0,59.99,0.0,0
2016-02-28,59.99,59.99,0.0,0.0,12,12,0.0,59.99,0.0,0
2016-02-29,59.99,59.99,0.0,0.0,13,13,0.0,59.99,0.0,0
2016-03-01,59.99,59.99,0.0,0.0,14,14,0.0,59.99,0.0,0
2016-03-02,59.99,59.99,0.0,0.0,15,15,0.0,59.99,0.0,0
2016-03-03,59.99,59.99,0.0,0.0,16,16,0.0,59.99,0.0,0
2016-03-04,59.99,59.99,0.0,0.0,17,17,0.0,59.99,0.0,0
2016-03-05,59.99,59.99,0.0,0.0,18,18,0.0,59.99,0.0,0
2016-03-06,59.99,59.99,0.0,0.0,19,19,0.0,59.99,0.0,0
2016-03-07,59.99,59.99,0.0,0.0,20,20,0.0,59.99,0.0,0
2016-03-08,59.99,59.99,0.0,0.0,21,21,0.0,59.99,0.0,0
2016-03-09,59.99,59.99,0.0,0.0,22,22,0.0,59.99,0.0,0
2016-03-10,59.99,59.99,0.0,0.0,23,23,0.0,59.99,0.0,0
2016-03-11,59.99,59.99,0.0,0.0,24,24,0.0,59.99,0.0,0
2016-03-12,59.99,59.99,0.0,0.0,25,25,0.0,59.99,0.0,0
2016-03-13,59.99,59.99,0.0,0.0,26,26,0.0,59.99,0.0,0
2016-03-14,59.99,59.99,0.0,0.0,27,27,0.0,59.99,0.0,0
2016-03-15,59.99,59.99,0.0,0.0,28,28,0.0,59.99,0.0,0
2016-03-16,59.99,59.99,0.0,0.0,29,29,0.0,59.99,0.0,0
2016-03-17,59.99,59.99,0.0,0.0,30,30,0.0,59.99,0.0,0
2016-03-18,59.99,59.99,0.0,0.0,31,31,0.0,59.99,0.0,0
2016-03-19,59.99,59.99,0.0,0.0,32,32,0.0,59.99,0.0,0
2016-03-20,59.99,59.99,0.0,0.0,33,33,0.0,59.99,0.0,0
2016-03-21,59.99,59.99,0.0,0.0,34,34,0.0,59.99,0.0,0
2016-03-22,59.99,59.99,0.0,0.0,35,35,0.0,59.99,0.0,0
2016-03-23,59.99,59.99,0.0,0.0,36,36,0.0,59.99,0.0,0
2016-03-24,59.99,59.99,0.0,0.0,37,37,0.0,59.99,0.0,0
2016-03-25,59.99,59.99,0.0,0.0,38,38,0.0,59.99,0.0,0
2016-03-26,59.99,59.99,0.0,0.0,39,39,0.0,59.99,0.0,0
2016-03-27,59.99,59.99,0.0,0.0,40,40,0.0,59.99,0.0,0
2016-03-28,59.99,59.99,0.0,0.0,41,41,0.0,59.99,0.0,0
2016-03-29,59.99,59.99,0.0,0.0,42,42,0.0,59.99,0.0,0
2016-03-30,59.99,59.99,0.0,0.0,43,43,0.0,59.99,0.0,0
2016-03-31,59.99,59.99,0.0,0.0,44,44,0.0,59.99,0.0,0
2016-04-01,59.99,59.99,0.0,0.0,45,45,0.0,59.99,0.0,0
2016-04-02,59.99,59.99,0.0,0.0,46,46,0.0,59.99,0.0,0
2016-04-03,59.99,59.99,0.0,0.0,47,47,0.0,59.99,0.0,0
2016-04-04,59.99,59.99,0.0,0.0,48,48,0.0,59.99,0.0,0
2016-04-05,59.99,59.99,0.0,0.0,49,49,0.0,59.99,0.0,0
2016-04-06,59.99,59.99,0.0,0.0,50,50,0.0,59.99,0.0,0
2016-04-07,59.99,59.99,0.0,0.0,51,51,0.0,59.99,0.0,0
2016-04-08,59.99,59.99,0.0,0.0,52,52,0.0,59.99,0.0,0
2016-04-09,59.99,59.99,0.0,0.0,53,53,0.0,59.99,0.0,0
2016-04-10,59.99,59.99,0.0,0.0,54,54,0.0,59.99,0.0,0
2016-04-11,59.99,59.99,0.0,0.0,55,55,0.0,59.99,0.0,0
2016-04-12,59.99,59.99,0.0,0.0,56,56,0.0,59.99,0.0,0
2016-04-13,59.99,59.99,0.0,0.0,57,57,0.0,59.99,0.0,0
2016-04-14,59.99,59.99,0.0,0.0,58,58,0.0,59.99,0.0,0
2016-04-15,59.99,59.99,0.0,0.0,59,59,0.0,59.99,0.0,0
2016-04-16,59.99,59.99,0.0,0.0,60,60,0.0,59.99,0.0,0
2016-04-17,59.99,59.99,0.0,0.0,61,61,0.0,59.99,0.0,0
2016-04-18,59.99,59.99,0.0,0.0,62,62,0.0,59.99,0.0,0
2016-04-19,59.99,59.99,0.0,0.0,63,63,0.0,59.99,0.0,0
2016-04-20,59.99,59.99,0.0,0.0,64,64,0.0,59.99,0.0,0
2016-04-21,59.99,59.99,0.0,0.0,65,65,0.0,59.99,0.0,0
2016-04-22,59.99,59.99,0.0,0.0,66,66,0.0,59.99,0.0,0
2016-04-23,59.99,59.99,0.0,0.0,67,67,0.0,59.99,0.0,0
2016-04-24,59.99,59.99,0.0,0.0,68,68,0.0,59.99,0.0,0
2016-04-25,59.99,59.99,0.0,0.0,69,69,0.0,59.99,0.0,0
2016-04-26,59.99,59.99,0.0,0.0,70,70,0.0,59.99,0.0,0
2016-04-27,59.99,59.99,0.0,0.0,71,71,0.0,59.99,0.0,0
2016-04-28,59.99,59.99,0.0,0.0,72,72,0.0,59.99,0.0,0
2016-04-29,59.99,59.99,0.0,0.0,73,73,0.0,59.99,0.0,0
2016-04-30,59.99,59.99,0.0,0.0,74,74,0.0,59.99,0.0,0
2016-05-01,59.99,59.99,0.0,0.0,75,75,0.0,59.99,0.0,0
2016-05-02,59.99,59.99,0.0,0.0,76,76,0.0,59.99,0.0,0
2016-05-03,59.99,59.99,0.0,0.0,77,77,0.0,59.99,0.0,0
2016-05-04,59.99,59.99,0.0,0.0,78,78,0.0,59.99,0.0,0
2016-05-05,59.99,59.99,0.0,0.0,79,79,0.0,59.99,0.0,0
2016-05-06,59.99,59.99,0.0,0.0,80,80,0.0,59.99,0.0,0
2016-05-07,59.99,59.99,0.0,0.0,81,81,0.0,59.99,0.0,0
2016-05-08,59.99,59.99,0.0,0.0,82,82,0.0,59.99,0.0,0
2016-05-09,59.99,59.99,0.0,0.0,83,83,0.0,59.99,0.0,0
2016-05-10,59.99,59.99,0.0,0.0,84,84,0.0,59.99,0.0,0
2016-05-11,59.99,59.99,0.0,0.0,85,85,0.0,59.99,0.0,0
2016-05-12,59.99,59.99,0.0,0.0,86,86,0.0,59.99,0.0,0
2016-05-13,59.99,59.99,0.0,0.0,87,87,0.0,59.99,0.0,0
2016-05-14,59.99,59.99,0.0,0.0,88,88,0.0,59.99,0.0,0
2016-05-15,59.99,59.99,0.0,0.0,89,89,0.0,59.99,0.0,0
2016-05-16,59.99,59.99,0.0,0.0,90,90,0.0,59.99,0.0,0
2016-05-17,59.99,59.99,0.0,0.0,91,91,0.0,59.99,0.0,0
2016-05-18,59.99,59.99,0.0,0.0,92,92,0.0,59.99,0.0,0
2016-05-19,59.99,59.99,0.0,0.0,93,93,0.0,59.99,0.0,0
2016-05-20,59.99,59.99,0.0,0.0,94,94,0.0,59.99,0.0,0
2016-05-21,59.99,59.99,0.0,0.0,95,95,0.0,59.99,0.0,0
2016-05-22,59.99,59.99,0.0,0.0,96,96,0.0,59.99,0.0,0
2016-05-23,59.99,59.99,0.0,0.0,97,97,0.0,59.99,0.0,0
2016-05-24,59.99,59.99,0.0,0.0,98,98,0.0,59.99,0.0,0
2016-05-25,59.99,59.99,0.0,0.0,99,99,0.0,59.99,0.0,1
2016-05-26,59.99,59.99,0.0,0.0,100,100,0.0,59.99,0.0,1
2016-05-27,59.99,59.99,0.0,0.0,101,101,0.0,59.99,0.0,1
2016-05-28,59.99,59.99,0.0,0.0,102,102,0.0,59.99,0.0,1
2016-05-29,59.99,59.99,0.0,0.0,103,103,0.0,59.99,0.0,1
2016-05-30,59.99,59.99,0.0,0.0,104,104,0.0,59.99,0.0,1
2016-05-31,59.99,59.99,0.0,0.0,105,105,0.0,59.99,0.0,1
2016-06-01,59.99,59.99,0.0,0.0,106,106,0.0,59.99,0.0,1
2016-06-02,59.99,59.99,0.0,0.0,107,107,0.0,59.99,0.0,1
2016-06-03,59.99,59.99,0.0,0.0,108,108,0.0,59.99,0.0,1
2016-06-04,59.99,59.99,0.0,0.0,109,109,0.0,59.99,0.0,1
2016-06-05,59.99,59.99,0.0,0.0,110,110,0.0,59.99,0.0,1
2016-06-06,59.99,59.99,0.0,0.0,111,111,0.0,59.99,0.0,1
2016-06-07,59.99,59.99,0.0,0.0,112,112,0.0,59.99,0.0,1
2016-06-08,59.99,59.99,0.0,0.0,113,113,0.0,59.99,0.0,1
2016-06-09,59.99,59.99,0.0,0.0,114,114,0.0,59.99,0.0,1
2016-06-10,59.99,59.99,0.0,0.0,115,115,0.0,59.99,0.0,1
2016-06-11,59.99,59.99,0.0,0.0,116,116,0.0,59.99,0.0,1
2016-06-12,59.99,59.99,0.0,0.0,117,117,0.0,59.99,0.0,1
2016-06-13,59.99,59.99,0.0,0.0,118,118,0.0,59.99,0.0,1
2016-06-14,59.99,59.99,0.0,0.0,119,119,0.0,59.99,0.0,1
2016-06-15,59.99,59.99,0.0,0.0,120,120,0.0,59.99,0.0,1
2016-06-16,59.99,59.99,0.0,0.0,121,121,0.0,59.99,0.0,1
2016-06-17,59.99,59.99,0.0,0.0,122,122,0.0,59.99,0.0,1
2016-06-18,59.99,59.99,0.0,0.0,123,123,0.0,59.99,0.0,1
2016-06-19,59.99,59.99,0.0,0.0,124,124,0.0,59.99,0.0,1
2016-06-20,59.99,59.99,0.0,0.0,125,125,0.0,59.99,0.0,1
2016-06-21,59.99,59.99,0.0,0.0,126,126,0.0,59.99,0.0,1
2016-06-22,59.99,59.99,0.0,0.0,127,127,0.0,59.99,0.0,1
2016-06-23,59.99,59.99,0.0,0.0,128,128,0.0,59.99,0.0,1
2016-06-24,44.99,44.99,0.0,0.0,0,0,0.0,59.99,0.0,0
2016-06-25,44.99,44.99,0.0,0.0,1,1,1.0,59.87461538461538,1.0,0
2016-06-26,44.99,44.99,0.0,0.0,2,2,1.0,59.76099236641222,1.0,0
2016-06-27,44.99,44.99,0.0,0.0,3,3,1.0,59.64909090909091,1.0,0
2016-06-28,44.99,44.99,0.0,0.0,4,4,1.0,59.53887218045113,1.0,0
2016-06-29,44.99,44.99,0.0,0.0,5,5,1.0,59.43029850746269,1.0,0
2016-06-30,44.99,44.99,0.0,0.0,6,6,1.0,59.32333333333334,1.0,0
2016-07-01,44.99,44.99,0.0,0.0,7,7,1.0,59.21794117647059,1.0,0
2016-07-02,44.99,44.99,0.0,0.0,8,8,1.0,59.114087591240875,1.0,0
2016-07-03,44.99,44.99,0.0,0.0,9,9,1.0,59.01173913043478,1.0,0
2016-07-04,44.99,44.99,0.0,0.0,10,10,1.0,58.91086330935252,1.0,0
2016-07-05,59.99,44.99,15.0,33.34074238719715,0,11,1.0,58.81142857142857,1.0,0
2016-07-06,59.99,44.99,15.0,33.34074238719715,1,12,1.0,58.81978723404256,2.0,0
2016-07-07,59.99,44.99,15.0,33.34074238719715,2,13,1.0,58.82802816901408,2.0,0
2016-07-08,59.99,44.99,15.0,33.34074238719715,3,14,1.0,58.83615384615384,2.0,0
2016-07-09,59.99,44.99,15.0,33.34074238719715,4,15,1.0,58.844166666666666,2.0,0
2016-07-10,59.99,44.99,15.0,33.34074238719715,5,16,1.0,58.85206896551725,2.0,0
2016-07-11,59.99,44.99,15.0,33.34074238719715,6,17,1.0,58.859863013698636,2.0,0
2016-07-12,59.99,44.99,15.0,33.34074238719715,7,18,1.0,58.867551020408165,2.0,0
2016-07-13,59.99,44.99,15.0,33.34074238719715,8,19,1.0,58.87513513513514,2.0,0
2016-07-14,59.99,44.99,15.0,33.34074238719715,9,20,1.0,58.88261744966443,2.0,0
2016-07-15,59.99,44.99,15.0,33.34074238719715,10,21,1.0,58.89,2.0,0
2016-07-16,59.99,44.99,15.0,33.34074238719715,11,22,1.0,58.89728476821192,2.0,0
2016-07-17,59.99,44.99,15.0,33.34074238719715,12,23,1.0,58.90447368421052,2.0,0
2016-07-18,59.99,44.99,15.0,33.34074238719715,13,24,1.0,58.91156862745099,2.0,0
2016-07-19,59.99,44.99,15.0,33.34074238719715,14,25,1.0,58.91857142857143,2.0,0
2016-07-20,59.99,44.99,15.0,33.34074238719715,15,26,1.0,58.925483870967746,2.0,0
2016-07-21,59.99,44.99,15.0,33.34074238719715,16,27,1.0,58.932307692307695,2.0,0
2016-07-22,59.99,44.99,15.0,33.34074238719715,17,28,1.0,58.93904458598726,2.0,0
2016-07-23,59.99,44.99,15.0,33.34074238719715,18,29,1.0,58.94569620253164,2.0,0
2016-07-24,59.99,44.99,15.0,33.34074238719715,19,30,1.0,58.95226415094339,2.0,0
2016-07-25,59.99,44.99,15.0,33.34074238719715,20,31,1.0,58.958749999999995,2.0,1
2016-07-26,59.99,44.99,15.0,33.34074238719715,21,32,1.0,58.9651552795031,2.0,1
2016-07-27,59.99,44.99,15.0,33.34074238719715,22,33,1.0,58.97148148148149,2.0,1
2016-07-28,59.99,44.99,15.0,33.34074238719715,23,34,1.0,58.977730061349696,2.0,1
2016-07-29,59.99,44.99,15.0,33.34074238719715,24,35,1.0,58.98390243902439,2.0,1
2016-07-30,59.99,44.99,15.0,33.34074238719715,25,36,1.0,58.99,2.0,1
2016-07-31,59.99,44.99,15.0,33.34074238719715,26,37,1.0,58.99602409638554,2.0,1
2016-08-01,59.99,44.99,15.0,33.34074238719715,27,38,1.0,59.00197604790419,2.0,1
2016-08-02,59.99,44.99,15.0,33.34074238719715,28,39,1.0,59.00785714285714,2.0,1
2016-08-03,59.99,44.99,15.0,33.34074238719715,29,40,1.0,59.01366863905325,2.0,1
2016-08-04,59.99,44.99,15.0,33.34074238719715,30,41,1.0,59.019411764705886,2.0,1
2016-08-05,59.99,44.99,15.0,33.34074238719715,31,42,1.0,59.02508771929825,2.0,1
2016-08-06,59.99,44.99,15.0,33.34074238719715,32,43,1.0,59.03069767441861,2.0,1
2016-08-07,59.99,44.99,15.0,33.34074238719715,33,44,1.0,59.036242774566475,2.0,1
2016-08-08,59.99,44.99,15.0,33.34074238719715,34,45,1.0,59.041724137931034,2.0,1
2016-08-09,59.99,44.99,15.0,33.34074238719715,35,46,1.0,59.04714285714286,2.0,1
2016-08-10,59.99,44.99,15.0,33.34074238719715,36,47,1.0,59.0525,2.0,1
2016-08-11,59.99,44.99,15.0,33.34074238719715,37,48,1.0,59.05779661016949,2.0,1
2016-08-12,59.99,44.99,15.0,33.34074238719715,38,49,1.0,59.06303370786517,2.0,1
2016-08-13,59.99,44.99,15.0,33.34074238719715,39,50,1.0,59.0682122905028,2.0,1
2016-08-14,59.99,44.99,15.0,33.34074238719715,40,51,1.0,59.07333333333334,2.0,1
2016-08-15,59.99,44.99,15.0,33.34074238719715,41,52,1.0,59.07839779005525,2.0,1
2016-08-16,59.99,44.99,15.0,33.34074238719715,42,53,1.0,59.08340659340659,2.0,1
2016-08-17,59.99,44.99,15.0,33.34074238719715,43,54,1.0,59.0883606557377,2.0,1
2016-08-18,59.99,44.99,15.0,33.34074238719715,44,55,1.0,59.09326086956521,2.0,1
2016-08-19,59.99,44.99,15.0,33.34074238719715,45,56,1.0,59.09810810810811,2.0,1
2016-08-20,59.99,44.99,15.0,33.34074238719715,46,57,1.0,59.10290322580646,2.0,1
2016-08-21,59.99,44.99,15.0,33.34074238719715,47,58,1.0,59.10764705882354,2.0,1
2016-08-22,59.99,44.99,15.0,33.34074238719715,48,59,1.0,59.11234042553192,2.0,1
2016-08-23,59.99,44.99,15.0,33.34074238719715,49,60,1.0,59.11698412698413,2.0,1
2016-08-24,40.19,40.19,0.0,0.0,0,0,1.0,59.12157894736842,2.0,0
2016-08-25,40.19,40.19,0.0,0.0,1,1,2.0,59.0224607329843,3.0,0
2016-08-26,40.19,40.19,0.0,0.0,2,2,2.0,58.924375,3.0,0
2016-08-27,59.99,40.19,19.800000000000004,49.26598656382186,0,3,2.0,58.82730569948187,3.0,0
2016-08-28,59.99,40.19,19.800000000000004,49.26598656382186,1,4,2.0,58.83329896907217,4.0,0
2016-08-29,59.99,40.19,19.800000000000004,49.26598656382186,2,5,2.0,58.83923076923077,4.0,0
2016-08-30,59.99,40.19,19.800000000000004,49.26598656382186,3,6,2.0,58.845102040816336,4.0,0
2016-08-31,59.99,40.19,19.800000000000004,49.26598656382186,4,7,2.0,58.850913705583764,4.0,0
2016-09-01,59.99,40.19,19.800000000000004,49.26598656382186,5,8,2.0,58.85666666666667,4.0,0
2016-09-02,59.99,40.19,19.800000000000004,49.26598656382186,6,9,2.0,58.86236180904523,4.0,0
2016-09-03,59.99,40.19,19.800000000000004,49.26598656382186,7,10,2.0,58.868,4.0,0
2016-09-04,59.99,40.19,19.800000000000004,49.26598656382186,8,11,2.0,58.87358208955224,4.0,0
2016-09-05,59.99,40.19,19.800000000000004,49.26598656382186,9,12,2.0,58.87910891089109,4.0,0
2016-09-06,59.99,40.19,19.800000000000004,49.26598656382186,10,13,2.0,58.884581280788176,4.0,0
2016-09-07,59.99,40.19,19.800000000000004,49.26598656382186,11,14,2.0,58.89,4.0,1
2016-09-08,59.99,40.19,19.800000000000004,49.26598656382186,12,15,2.0,58.89536585365854,4.0,1
2016-09-09,59.99,40.19,19.800000000000004,49.26598656382186,13,16,2.0,58.90067961165049,4.0,1
2016-09-10,59.99,40.19,19.800000000000004,49.26598656382186,14,17,2.0,58.90594202898551,4.0,1
2016-09-11,59.99,40.19,19.800000000000004,49.26598656382186,15,18,2.0,58.91115384615385,4.0,1
2016-09-12,59.99,40.19,19.800000000000004,49.26598656382186,16,19,2.0,58.916315789473686,4.0,1
2016-09-13,59.99,40.19,19.800000000000004,49.26598656382186,17,20,2.0,58.92142857142857,4.0,1
2016-09-14,59.99,40.19,19.800000000000004,49.26598656382186,18,21,2.0,58.92649289099526,4.0,1
2016-09-15,59.99,40.19,19.800000000000004,49.26598656382186,19,22,2.0,58.93150943396226,4.0,1
2016-09-16,59.99,40.19,19.800000000000004,49.26598656382186,20,23,2.0,58.936478873239444,4.0,1
2016-09-17,59.99,40.19,19.800000000000004,49.26598656382186,21,24,2.0,58.94140186915888,4.0,1
2016-09-18,59.99,40.19,19.800000000000004,49.26598656382186,22,25,2.0,58.94627906976744,4.0,1
2016-09-19,59.99,40.19,19.800000000000004,49.26598656382186,23,26,2.0,58.95111111111111,4.0,1
2016-09-20,59.99,40.19,19.800000000000004,49.26598656382186,24,27,2.0,58.95589861751152,4.0,1
2016-09-21,59.99,40.19,19.800000000000004,49.26598656382186,25,28,2.0,58.960642201834865,4.0,1
2016-09-22,59.99,40.19,19.800000000000004,49.26598656382186,26,29,2.0,58.96534246575342,4.0,1
2016-09-23,59.99,40.19,19.800000000000004,49.26598656382186,27,30,2.0,58.97,4.0,1
2016-09-24,59.99,40.19,19.800000000000004,49.26598656382186,28,31,2.0,58.97461538461539,4.0,1
2016-09-25,59.99,40.19,19.800000000000004,49.26598656382186,29,32,2.0,58.97918918918919,4.0,1
2016-09-26,59.99,40.19,19.800000000000004,49.26598656382186,30,33,2.0,58.98372197309418,4.0,1
2016-09-27,59.99,40.19,19.800000000000004,49.26598656382186,31,34,2.0,58.988214285714285,4.0,1
2016-09-28,59.99,40.19,19.800000000000004,49.26598656382186,32,35,2.0,58.992666666666665,4.0,1
2016-09-29,59.99,40.19,19.800000000000004,49.26598656382186,33,36,2.0,58.9970796460177,4.0,1
2016-09-30,59.99,40.19,19.800000000000004,49.26598656382186,34,37,2.0,59.00145374449339,4.0,1
2016-10-01,59.99,40.19,19.800000000000004,49.26598656382186,35,38,2.0,59.00578947368421,4.0,1
2016-10-02,59.99,40.19,19.800000000000004,49.26598656382186,36,39,2.0,59.010087336244545,4.0,1
2016-10-03,59.99,40.19,19.800000000000004,49.26598656382186,37,40,2.0,59.01434782608696,4.0,1
2016-10-04,59.99,40.19,19.800000000000004,49.26598656382186,38,41,2.0,59.018571428571434,4.0,1
2016-10-05,59.99,40.19,19.800000000000004,49.26598656382186,39,42,2.0,59.02275862068966,4.0,1
2016-10-06,59.99,40.19,19.800000000000004,49.26598656382186,40,43,2.0,59.026909871244634,4.0,1
2016-10-07,38.99,38.99,0.0,0.0,0,0,2.0,59.03102564102564,4.0,0
2016-10-08,38.99,38.99,0.0,0.0,1,1,3.0,58.945744680851064,5.0,0
2016-10-09,38.99,38.99,0.0,0.0,2,2,3.0,58.86118644067796,5.0,0
2016-10-10,38.99,38.99,0.0,0.0,3,3,3.0,58.7773417721519,5.0,0
2016-10-11,59.99,38.99,21.0,53.85996409335727,0,4,3.0,58.69420168067227,5.0,0
2016-10-12,59.99,38.99,21.0,53.85996409335727,1,5,3.0,58.69962343096235,6.0,0
2016-10-13,59.99,38.99,21.0,53.85996409335727,2,6,3.0,58.705000000000005,6.0,0
2016-10-14,59.99,38.99,21.0,53.85996409335727,3,7,3.0,58.71033195020747,6.0,0
2016-10-15,59.99,38.99,21.0,53.85996409335727,4,8,3.0,58.71561983471074,6.0,0
2016-10-16,59.99,38.99,21.0,53.85996409335727,5,9,3.0,58.720864197530865,6.0,0
2016-10-17,59.99,38.99,21.0,53.85996409335727,6,10,3.0,58.72606557377049,6.0,0
2016-10-18,59.99,38.99,21.0,53.85996409335727,7,11,3.0,58.73122448979592,6.0,0
2016-10-19,59.99,38.99,21.0,53.85996409335727,8,12,3.0,58.73634146341464,6.0,0
2016-10-20,59.99,38.99,21.0,53.85996409335727,9,13,3.0,58.741417004048586,6.0,0
2016-10-21,59.99,38.99,21.0,53.85996409335727,10,14,3.0,58.74645161290323,6.0,0
2016-10-22,59.99,38.99,21.0,53.85996409335727,11,15,3.0,58.75144578313253,6.0,0
2016-10-23,59.99,38.99,21.0,53.85996409335727,12,16,3.0,58.7564,6.0,0
2016-10-24,59.99,38.99,21.0,53.85996409335727,13,17,3.0,58.761314741035854,6.0,0
2016-10-25,59.99,38.99,21.0,53.85996409335727,14,18,3.0,58.766190476190474,6.0,1
2016-10-26,59.99,38.99,21.0,53.85996409335727,15,19,3.0,58.771027667984185,6.0,1
2016-10-27,59.99,38.99,21.0,53.85996409335727,16,20,3.0,58.77582677165355,6.0,1
2016-10-28,59.99,38.99,21.0,53.85996409335727,17,21,3.0,58.780588235294125,6.0,1
2016-10-29,59.99,38.99,21.0,53.85996409335727,18,22,3.0,58.7853125,6.0,1
2016-10-30,59.99,38.99,21.0,53.85996409335727,19,23,3.0,58.79,6.0,1
2016-10-31,59.99,38.99,21.0,53.85996409335727,20,24,3.0,58.7946511627907,6.0,1
2016-11-01,59.99,38.99,21.0,53.85996409335727,21,25,3.0,58.79926640926641,6.0,1
2016-11-02,59.99,38.99,21.0,53.85996409335727,22,26,3.0,58.80384615384615,6.0,1
2016-11-03,59.99,38.99,21.0,53.85996409335727,23,27,3.0,58.8083908045977,6.0,1
2016-11-04,59.99,38.99,21.0,53.85996409335727,24,28,3.0,58.81290076335878,6.0,1
2016-11-05,59.99,38.99,21.0,53.85996409335727,25,29,3.0,58.81737642585552,6.0,1
2016-11-06,59.99,38.99,21.0,53.85996409335727,26,30,3.0,58.82181818181819,6.0,1
2016-11-07,59.99,38.99,21.0,53.85996409335727,27,31,3.0,58.82622641509434,6.0,1
2016-11-08,59.99,38.99,21.0,53.85996409335727,28,32,3.0,58.830601503759404,6.0,1
2016-11-09,59.99,38.99,21.0,53.85996409335727,29,33,3.0,58.83494382022472,6.0,1
2016-11-10,59.99,38.99,21.0,53.85996409335727,30,34,3.0,58.839253731343284,6.0,1
2016-11-11,59.99,38.99,21.0,53.85996409335727,31,35,3.0,58.84353159851301,6.0,1
2016-11-12,59.99,38.99,21.0,53.85996409335727,32,36,3.0,58.84777777777778,6.0,1
2016-11-13,59.99,38.99,21.0,53.85996409335727,33,37,3.0,58.85199261992621,6.0,1
2016-11-14,59.99,38.99,21.0,53.85996409335727,34,38,3.0,58.85617647058824,6.0,1
2016-11-15,59.99,38.99,21.0,53.85996409335727,35,39,3.0,58.860329670329676,6.0,1
2016-11-16,59.99,38.99,21.0,53.85996409335727,36,40,3.0,58.86445255474453,6.0,1
2016-11-17,59.99,38.99,21.0,53.85996409335727,37,41,3.0,58.868545454545455,6.0,1
2016-11-18,59.99,38.99,21.0,53.85996409335727,38,42,3.0,58.872608695652175,6.0,1
2016-11-19,59.99,38.99,21.0,53.85996409335727,39,43,3.0,58.87664259927798,6.0,1
2016-11-20,59.99,38.99,21.0,53.85996409335727,40,44,3.0,58.88064748201439,6.0,1
2016-11-21,59.99,38.99,21.0,53.85996409335727,41,45,3.0,58.884623655913984,6.0,1
2016-11-22,59.99,38.99,21.0,53.85996409335727,42,46,3.0,58.888571428571424,6.0,1
2016-11-23,59.99,38.99,21.0,53.85996409335727,43,47,3.0,58.89249110320285,6.0,1
2016-11-24,38.99,38.99,0.0,0.0,0,0,3.0,58.8963829787234,6.0,1
2016-11-25,38.99,38.99,0.0,0.0,1,1,4.0,58.82604240282686,7.0,1
2016-11-26,38.99,38.99,0.0,0.0,2,2,4.0,58.7561971830986,7.0,1
2016-11-27,38.99,38.99,0.0,0.0,3,3,4.0,58.68684210526316,7.0,1
2016-11-28,38.99,38.99,0.0,0.0,4,4,4.0,58.61797202797204,7.0,1
2016-11-29,38.99,38.99,0.0,0.0,5,5,4.0,58.5495818815331,7.0,1
2016-11-30,38.99,38.99,0.0,0.0,6,6,4.0,58.48166666666667,7.0,1
2016-12-01,38.99,38.99,0.0,0.0,7,7,4.0,58.4142214532872,7.0,1
2016-12-02,59.99,38.99,21.0,53.85996409335727,0,8,4.0,58.34724137931035,7.0,1
2016-12-03,59.99,38.99,21.0,53.85996409335727,1,9,4.0,58.35288659793815,8.0,1
2016-12-04,59.99,38.99,21.0,53.85996409335727,2,10,4.0,58.358493150684936,8.0,1
2016-12-05,59.99,38.99,21.0,53.85996409335727,3,11,4.0,58.364061433447105,8.0,1
2016-12-06,59.99,38.99,21.0,53.85996409335727,4,12,4.0,58.36959183673469,8.0,1
2016-12-07,59.99,38.99,21.0,53.85996409335727,5,13,4.0,58.37508474576272,8.0,1
2016-12-08,59.99,38.99,21.0,53.85996409335727,6,14,4.0,58.38054054054054,8.0,1
2016-12-09,59.99,38.99,21.0,53.85996409335727,7,15,4.0,58.3859595959596,8.0,1
2016-12-10,59.99,38.99,21.0,53.85996409335727,8,16,4.0,58.39134228187919,8.0,1
2016-12-11,59.99,38.99,21.0,53.85996409335727,9,17,4.0,58.39668896321071,8.0,1
2016-12-12,59.99,38.99,21.0,53.85996409335727,10,18,4.0,58.40200000000001,8.0,1
2016-12-13,59.99,38.99,21.0,53.85996409335727,11,19,4.0,58.40727574750831,8.0,1
2016-12-14,59.99,38.99,21.0,53.85996409335727,12,20,4.0,58.41251655629139,8.0,1
2016-12-15,59.99,38.99,21.0,53.85996409335727,13,21,4.0,58.41772277227723,8.0,1
2016-12-16,59.99,38.99,21.0,53.85996409335727,14,22,4.0,58.42289473684211,8.0,1
2016-12-17,59.99,38.99,21.0,53.85996409335727,15,23,4.0,58.42803278688525,8.0,1
2016-12-18,59.99,38.99,21.0,53.85996409335727,16,24,4.0,58.433137254901965,8.0,1
2016-12-19,59.99,38.99,21.0,53.85996409335727,17,25,4.0,58.43820846905537,8.0,1
2016-12-20,59.99,38.99,21.0,53.85996409335727,18,26,4.0,58.443246753246754,8.0,1
2016-12-21,59.99,38.99,21.0,53.85996409335727,19,27,4.0,58.44825242718447,8.0,1
2016-12-22,59.99,38.99,21.0,53.85996409335727,20,28,4.0,58.45322580645161,8.0,1
2016-12-23,29.99,29.99,0.0,0.0,0,0,4.0,58.458167202572355,8.0,0
2016-12-24,29.99,29.99,0.0,0.0,1,1,5.0,58.36692307692307,9.0,0
2016-12-25,29.99,29.99,0.0,0.0,2,2,5.0,58.276261980830675,9.0,0
2016-12-26,29.99,29.99,0.0,0.0,3,3,5.0,58.186178343949045,9.0,0
2016-12-27,29.99,29.99,0.0,0.0,4,4,5.0,58.09666666666667,9.0,0
2016-12-28,29.99,29.99,0.0,0.0,5,5,5.0,58.007721518987346,9.0,0
2016-12-29,29.99,29.99,0.0,0.0,6,6,5.0,57.91933753943218,9.0,0
2016-12-30,29.99,29.99,0.0,0.0,7,7,5.0,57.83150943396227,9.0,0
2016-12-31,29.99,29.99,0.0,0.0,8,8,5.0,57.74423197492163,9.0,0
2017-01-01,29.99,29.99,0.0,0.0,9,9,5.0,57.657500000000006,9.0,0
2017-01-02,29.99,29.99,0.0,0.0,10,10,5.0,57.57130841121495,9.0,0
2017-01-03,59.99,29.99,30.000000000000004,100.03334444814939,0,11,5.0,57.485652173913046,9.0,0
2017-01-04,59.99,29.99,30.000000000000004,100.03334444814939,1,12,5.0,57.493405572755414,10.0,0
2017-01-05,59.99,29.99,30.000000000000004,100.03334444814939,2,13,5.0,57.501111111111115,10.0,0
2017-01-06,59.99,29.99,30.000000000000004,100.03334444814939,3,14,5.0,57.50876923076924,10.0,0
2017-01-07,59.99,29.99,30.000000000000004,100.03334444814939,4,15,5.0,57.51638036809816,10.0,0
2017-01-08,59.99,29.99,30.000000000000004,100.03334444814939,5,16,5.0,57.523944954128446,10.0,0
2017-01-09,59.99,29.99,30.000000000000004,100.03334444814939,6,17,5.0,57.531463414634146,10.0,0
2017-01-10,59.99,29.99,30.000000000000004,100.03334444814939,7,18,5.0,57.53893617021277,10.0,0
2017-01-11,59.99,29.99,30.000000000000004,100.03334444814939,8,19,5.0,57.54636363636364,10.0,0
2017-01-12,59.99,29.99,30.000000000000004,100.03334444814939,9,20,5.0,57.55374622356496,10.0,0
2017-01-13,59.99,29.99,30.000000000000004,100.03334444814939,10,21,5.0,57.56108433734939,10.0,0
2017-01-14,59.99,29.99,30.000000000000004,100.03334444814939,11,22,5.0,57.56837837837838,10.0,0
2017-01-15,59.99,29.99,30.000000000000004,100.03334444814939,12,23,5.0,57.57562874251498,10.0,0
2017-01-16,59.99,29.99,30.000000000000004,100.03334444814939,13,24,5.0,57.582835820895525,10.0,0
2017-01-17,59.99,29.99,30.000000000000004,100.03334444814939,14,25,5.0,57.59,10.0,0
2017-01-18,59.99,29.99,30.000000000000004,100.03334444814939,15,26,5.0,57.59712166172107,10.0,0
2017-01-19,59.99,29.99,30.000000000000004,100.03334444814939,16,27,5.0,57.604201183431954,10.0,0
2017-01-20,59.99,29.99,30.000000000000004,100.03334444814939,17,28,5.0,57.61123893805309,10.0,0
2017-01-21,59.99,29.99,30.000000000000004,100.03334444814939,18,29,5.0,57.618235294117646,10.0,0
2017-01-22,59.99,29.99,30.000000000000004,100.03334444814939,19,30,5.0,57.625190615835784,10.0,0
2017-01-23,59.99,29.99,30.000000000000004,100.03334444814939,20,31,5.0,57.6321052631579,10.0,0
2017-01-24,59.99,29.99,30.000000000000004,100.03334444814939,21,32,5.0,57.63897959183674,10.0,0
2017-01-25,59.99,29.99,30.000000000000004,100.03334444814939,22,33,5.0,57.64581395348837,10.0,0
2017-01-26,59.99,29.99,30.000000000000004,100.03334444814939,23,34,5.0,57.65260869565218,10.0,0
2017-01-27,59.99,29.99,30.000000000000004,100.03334444814939,24,35,5.0,57.65936416184971,10.0,0
2017-01-28,59.99,29.99,30.000000000000004,100.03334444814939,25,36,5.0,57.666080691642655,10.0,0
2017-01-29,59.99,29.99,30.000000000000004,100.03334444814939,26,37,5.0,57.67275862068965,10.0,0
2017-01-30,59.99,29.99,30.000000000000004,100.03334444814939,27,38,5.0,57.679398280802296,10.0,0
2017-01-31,59.99,29.99,30.000000000000004,100.03334444814939,28,39,5.0,57.68600000000001,10.0,0
2017-02-01,59.99,29.99,30.000000000000004,100.03334444814939,29,40,5.0,57.692564102564106,10.0,0
2017-02-02,59.99,29.99,30.000000000000004,100.03334444814939,30,41,5.0,57.69909090909091,10.0,0
2017-02-03,59.99,29.99,30.000000000000004,100.03334444814939,31,42,5.0,57.70558073654391,10.0,0
2017-02-04,59.99,29.99,30.000000000000004,100.03334444814939,32,43,5.0,57.71203389830509,10.0,0
2017-02-05,59.99,29.99,30.000000000000004,100.03334444814939,33,44,5.0,57.71845070422535,10.0,0
2017-02-06,59.99,29.99,30.000000000000004,100.03334444814939,34,45,5.0,57.72483146067416,10.0,0
2017-02-07,59.99,29.99,30.000000000000004,100.03334444814939,35,46,5.0,57.73117647058823,10.0,0
2017-02-08,59.99,29.99,30.000000000000004,100.03334444814939,36,47,5.0,57.73748603351955,10.0,0
2017-02-09,59.99,29.99,30.000000000000004,100.03334444814939,37,48,5.0,57.743760445682454,10.0,0
2017-02-10,59.99,29.99,30.000000000000004,100.03334444814939,38,49,5.0,57.75,10.0,0
2017-02-11,59.99,29.99,30.000000000000004,100.03334444814939,39,50,5.0,57.75620498614959,10.0,0
2017-02-12,59.99,29.99,30.000000000000004,100.03334444814939,40,51,5.0,57.76237569060773,10.0,0
2017-02-13,59.99,29.99,30.000000000000004,100.03334444814939,41,52,5.0,57.76851239669422,10.0,0
2017-02-14,59.99,29.99,30.000000000000004,100.03334444814939,42,53,5.0,57.77461538461538,10.0,0
2017-02-15,59.99,29.99,30.000000000000004,100.03334444814939,43,54,5.0,57.780684931506855,10.0,0
2017-02-16,59.99,29.99,30.000000000000004,100.03334444814939,44,55,5.0,57.780684931506855,10.0,0
2017-02-17,59.99,29.99,30.000000000000004,100.03334444814939,45,56,5.0,57.780684931506855,10.0,0
2017-02-18,59.99,29.99,30.000000000000004,100.03334444814939,46,57,5.0,57.780684931506855,10.0,0
2017-02-19,59.99,29.99,30.000000000000004,100.03334444814939,47,58,5.0,57.780684931506855,10.0,0
2017-02-20,59.99,29.99,30.000000000000004,100.03334444814939,48,59,5.0,57.780684931506855,10.0,0
2017-02-21,59.99,29.99,30.000000000000004,100.03334444814939,49,60,5.0,57.780684931506855,10.0,0
2017-02-22,59.99,29.99,30.000000000000004,100.03334444814939,50,61,5.0,57.780684931506855,10.0,0
2017-02-23,59.99,29.99,30.000000000000004,100.03334444814939,51,62,5.0,57.780684931506855,10.0,0
2017-02-24,59.99,29.99,30.000000000000004,100.03334444814939,52,63,5.0,57.780684931506855,10.0,0
2017-02-25,59.99,29.99,30.000000000000004,100.03334444814939,53,64,5.0,57.780684931506855,10.0,0
2017-02-26,59.99,29.99,30.000000000000004,100.03334444814939,54,65,5.0,57.780684931506855,10.0,0
2017-02-27,59.99,29.99,30.000000000000004,100.03334444814939,55,66,5.0,57.780684931506855,10.0,0
2017-02-28,59.99,29.99,30.000000000000004,100.03334444814939,56,67,5.0,57.780684931506855,10.0,0
2017-03-01,59.99,29.99,30.000000000000004,100.03334444814939,57,68,5.0,57.780684931506855,10.0,0
2017-03-02,59.99,29.99,30.000000000000004,100.03334444814939,58,69,5.0,57.780684931506855,10.0,0
2017-03-03,59.99,29.99,30.000000000000004,100.03334444814939,59,70,5.0,57.780684931506855,10.0,0
2017-03-04,59.99,29.99,30.000000000000004,100.03334444814939,60,71,5.0,57.780684931506855,10.0,0
2017-03-05,59.99,29.99,30.000000000000004,100.03334444814939,61,72,5.0,57.780684931506855,10.0,0
2017-03-06,59.99,29.99,30.000000000000004,100.03334444814939,62,73,5.0,57.780684931506855,10.0,1
2017-03-07,59.99,29.99,30.000000000000004,100.03334444814939,63,74,5.0,57.780684931506855,10.0,1
2017-03-08,59.99,29.99,30.000000000000004,100.03334444814939,64,75,5.0,57.780684931506855,10.0,1
2017-03-09,59.99,29.99,30.000000000000004,100.03334444814939,65,76,5.0,57.780684931506855,10.0,1
2017-03-10,59.99,29.99,30.000000000000004,100.03334444814939,66,77,5.0,57.780684931506855,10.0,1
2017-03-11,59.99,29.99,30.000000000000004,100.03334444814939,67,78,5.0,57.780684931506855,10.0,1
2017-03-12,59.99,29.99,30.000000000000004,100.03334444814939,68,79,5.0,57.780684931506855,10.0,1
2017-03-13,59.99,29.99,30.000000000000004,100.03334444814939,69,80,5.0,57.780684931506855,10.0,1
2017-03-14,59.99,29.99,30.000000000000004,100.03334444814939,70,81,5.0,57.780684931506855,10.0,1
2017-03-15,59.99,29.99,30.000000000000004,100.03334444814939,71,82,5.0,57.780684931506855,10.0,1
2017-03-16,59.99,29.99,30.000000000000004,100.03334444814939,72,83,5.0,57.780684931506855,10.0,1
2017-03-17,59.99,29.99,30.000000000000004,100.03334444814939,73,84,5.0,57.780684931506855,10.0,1
2017-03-18,59.99,29.99,30.000000000000004,100.03334444814939,74,85,5.0,57.780684931506855,10.0,1
2017-03-19,59.99,29.99,30.000000000000004,100.03334444814939,75,86,5.0,57.780684931506855,10.0,1
2017-03-20,59.99,29.99,30.000000000000004,100.03334444814939,76,87,5.0,57.780684931506855,10.0,1
2017-03-21,59.99,29.99,30.000000000000004,100.03334444814939,77,88,5.0,57.780684931506855,10.0,1
2017-03-22,59.99,29.99,30.000000000000004,100.03334444814939,78,89,5.0,57.780684931506855,10.0,1
2017-03-23,59.99,29.99,30.000000000000004,100.03334444814939,79,90,5.0,57.780684931506855,10.0,1
2017-03-24,59.99,29.99,30.000000000000004,100.03334444814939,80,91,5.0,57.780684931506855,10.0,1
2017-03-25,59.99,29.99,30.000000000000004,100.03334444814939,81,92,5.0,57.780684931506855,10.0,1
2017-03-26,59.99,29.99,30.000000000000004,100.03334444814939,82,93,5.0,57.780684931506855,10.0,1
2017-03-27,59.99,29.99,30.000000000000004,100.03334444814939,83,94,5.0,57.780684931506855,10.0,1
2017-03-28,59.99,29.99,30.000000000000004,100.03334444814939,84,95,5.0,57.780684931506855,10.0,1
2017-03-29,59.99,29.99,30.000000000000004,100.03334444814939,85,96,5.0,57.780684931506855,10.0,1
2017-03-30,59.99,29.99,30.000000000000004,100.03334444814939,86,97,5.0,57.780684931506855,10.0,1
2017-03-31,59.99,29.99,30.000000000000004,100.03334444814939,87,98,5.0,57.780684931506855,10.0,1
2017-04-01,59.99,29.99,30.000000000000004,100.03334444814939,88,99,5.0,57.780684931506855,10.0,1
2017-04-02,59.99,29.99,30.000000000000004,100.03334444814939,89,100,5.0,57.780684931506855,10.0,1
2017-04-03,59.99,29.99,30.000000000000004,100.03334444814939,90,101,5.0,57.780684931506855,10.0,1
2017-04-04,59.99,29.99,30.000000000000004,100.03334444814939,91,102,5.0,57.780684931506855,10.0,1
2017-04-05,29.99,29.99,0.0,0.0,0,0,5.0,57.780684931506855,10.0,0
2017-04-06,29.99,29.99,0.0,0.0,1,1,6.0,57.69849315068493,11.0,0
2017-04-07,29.99,29.99,0.0,0.0,2,2,6.0,57.61630136986302,11.0,0
2017-04-08,59.99,29.99,30.000000000000004,100.03334444814939,0,3,6.0,57.5341095890411,11.0,0
2017-04-09,59.99,29.99,30.000000000000004,100.03334444814939,1,4,6.0,57.5341095890411,12.0,0
2017-04-10,59.99,29.99,30.000000000000004,100.03334444814939,2,5,6.0,57.5341095890411,12.0,0
2017-04-11,59.99,29.99,30.000000000000004,100.03334444814939,3,6,6.0,57.5341095890411,12.0,0
2017-04-12,59.99,29.99,30.000000000000004,100.03334444814939,4,7,6.0,57.5341095890411,12.0,0
2017-04-13,59.99,29.99,30.000000000000004,100.03334444814939,5,8,6.0,57.5341095890411,12.0,0
2017-04-14,59.99,29.99,30.000000000000004,100.03334444814939,6,9,6.0,57.53410958904109,12.0,1
2017-04-15,59.99,29.99,30.000000000000004,100.03334444814939,7,10,6.0,57.5341095890411,12.0,1
2017-04-16,59.99,29.99,30.000000000000004,100.03334444814939,8,11,6.0,57.5341095890411,12.0,1
2017-04-17,59.99,29.99,30.000000000000004,100.03334444814939,9,12,6.0,57.5341095890411,12.0,1
2017-04-18,59.99,29.99,30.000000000000004,100.03334444814939,10,13,6.0,57.5341095890411,12.0,1
2017-04-19,59.99,29.99,30.000000000000004,100.03334444814939,11,14,6.0,57.5341095890411,12.0,1
2017-04-20,59.99,29.99,30.000000000000004,100.03334444814939,12,15,6.0,57.5341095890411,12.0,1
2017-04-21,59.99,29.99,30.000000000000004,100.03334444814939,13,16,6.0,57.5341095890411,12.0,1
2017-04-22,59.99,29.99,30.000000000000004,100.03334444814939,14,17,6.0,57.5341095890411,12.0,1
2017-04-23,59.99,29.99,30.000000000000004,100.03334444814939,15,18,6.0,57.5341095890411,12.0,1
2017-04-24,59.99,29.99,30.000000000000004,100.03334444814939,16,19,6.0,57.5341095890411,12.0,1
2017-04-25,59.99,29.99,30.000000000000004,100.03334444814939,17,20,6.0,57.5341095890411,12.0,1
2017-04-26,59.99,29.99,30.000000000000004,100.03334444814939,18,21,6.0,57.5341095890411,12.0,1
2017-04-27,59.99,29.99,30.000000000000004,100.03334444814939,19,22,6.0,57.5341095890411,12.0,1
2017-04-28,59.99,29.99,30.000000000000004,100.03334444814939,20,23,6.0,57.5341095890411,12.0,1
2017-04-29,59.99,29.99,30.000000000000004,100.03334444814939,21,24,6.0,57.5341095890411,12.0,1
2017-04-30,59.99,29.99,30.000000000000004,100.03334444814939,22,25,6.0,57.5341095890411,12.0,1
2017-05-01,59.99,29.99,30.000000000000004,100.03334444814939,23,26,6.0,57.5341095890411,12.0,1
2017-05-02,59.99,29.99,30.000000000000004,100.03334444814939,24,27,6.0,57.5341095890411,12.0,1
2017-05-03,59.99,29.99,30.000000000000004,100.03334444814939,25,28,6.0,57.5341095890411,12.0,1
2017-05-04,59.99,29.99,30.000000000000004,100.03334444814939,26,29,6.0,57.5341095890411,12.0,1
2017-05-05,59.99,29.99,30.000000000000004,100.03334444814939,27,30,6.0,57.5341095890411,12.0,1
2017-05-06,59.99,29.99,30.000000000000004,100.03334444814939,28,31,6.0,57.5341095890411,12.0,1
2017-05-07,59.99,29.99,30.000000000000004,100.03334444814939,29,32,6.0,57.5341095890411,12.0,1
2017-05-08,59.99,29.99,30.000000000000004,100.03334444814939,30,33,6.0,57.5341095890411,12.0,1
2017-05-09,59.99,29.99,30.000000000000004,100.03334444814939,31,34,6.0,57.5341095890411,12.0,1
2017-05-10,59.99,29.99,30.000000000000004,100.03334444814939,32,35,6.0,57.5341095890411,12.0,1
2017-05-11,59.99,29.99,30.000000000000004,100.03334444814939,33,36,6.0,57.5341095890411,12.0,1
2017-05-12,59.99,29.99,30.000000000000004,100.03334444814939,34,37,6.0,57.5341095890411,12.0,1
2017-05-13,59.99,29.99,30.000000000000004,100.03334444814939,35,38,6.0,57.5341095890411,12.0,1
2017-05-14,29.99,29.99,0.0,0.0,0,0,6.0,57.5341095890411,12.0,0
2017-05-15,29.99,29.99,0.0,0.0,1,1,7.0,57.45191780821918,13.0,0
2017-05-16,29.99,29.99,0.0,0.0,2,2,7.0,57.36972602739726,13.0,0
2017-05-17,59.99,29.99,30.000000000000004,100.03334444814939,0,3,7.0,57.28753424657535,13.0,0
2017-05-18,59.99,29.99,30.000000000000004,100.03334444814939,1,4,7.0,57.28753424657535,14.0,0
2017-05-19,59.99,29.99,30.000000000000004,100.03334444814939,2,5,7.0,57.28753424657535,14.0,0
2017-05-20,59.99,29.99,30.000000000000004,100.03334444814939,3,6,7.0,57.28753424657535,14.0,0
2017-05-21,59.99,29.99,30.000000000000004,100.03334444814939,4,7,7.0,57.28753424657535,14.0,0
2017-05-22,59.99,29.99,30.000000000000004,100.03334444814939,5,8,7.0,57.28753424657535,14.0,0
2017-05-23,59.99,29.99,30.000000000000004,100.03334444814939,6,9,7.0,57.28753424657535,14.0,0
2017-05-24,59.99,29.99,30.000000000000004,100.03334444814939,7,10,7.0,57.28753424657535,14.0,1
2017-05-25,59.99,29.99,30.000000000000004,100.03334444814939,8,11,7.0,57.28753424657535,14.0,1
2017-05-26,59.99,29.99,30.000000000000004,100.03334444814939,9,12,7.0,57.28753424657535,14.0,1
2017-05-27,59.99,29.99,30.000000000000004,100.03334444814939,10,13,7.0,57.28753424657535,14.0,1
2017-05-28,59.99,29.99,30.000000000000004,100.03334444814939,11,14,7.0,57.28753424657535,14.0,1
2017-05-29,59.99,29.99,30.000000000000004,100.03334444814939,12,15,7.0,57.28753424657535,14.0,1
2017-05-30,59.99,29.99,30.000000000000004,100.03334444814939,13,16,7.0,57.28753424657535,14.0,1
2017-05-31,59.99,29.99,30.000000000000004,100.03334444814939,14,17,7.0,57.28753424657535,14.0,1
2017-06-01,59.99,29.99,30.000000000000004,100.03334444814939,15,18,7.0,57.28753424657535,14.0,1
2017-06-02,59.99,29.99,30.000000000000004,100.03334444814939,16,19,7.0,57.28753424657535,14.0,1
2017-06-03,59.99,29.99,30.000000000000004,100.03334444814939,17,20,7.0,57.28753424657535,14.0,1
2017-06-04,59.99,29.99,30.000000000000004,100.03334444814939,18,21,7.0,57.28753424657535,14.0,1
2017-06-05,59.99,29.99,30.000000000000004,100.03334444814939,19,22,7.0,57.28753424657535,14.0,1
2017-06-06,59.99,29.99,30.000000000000004,100.03334444814939,20,23,7.0,57.28753424657535,14.0,1
2017-06-07,59.99,29.99,30.000000000000004,100.03334444814939,21,24,7.0,57.28753424657535,14.0,1
2017-06-08,59.99,29.99,30.000000000000004,100.03334444814939,22,25,7.0,57.28753424657535,14.0,1
2017-06-09,59.99,29.99,30.000000000000004,100.03334444814939,23,26,7.0,57.28753424657535,14.0,1
2017-06-10,59.99,29.99,30.000000000000004,100.03334444814939,24,27,7.0,57.28753424657535,14.0,1
2017-06-11,59.99,29.99,30.000000000000004,100.03334444814939,25,28,7.0,57.28753424657535,14.0,1
2017-06-12,59.99,29.99,30.000000000000004,100.03334444814939,26,29,7.0,57.28753424657535,14.0,1
2017-06-13,59.99,29.99,30.000000000000004,100.03334444814939,27,30,7.0,57.28753424657535,14.0,1
2017-06-14,59.99,29.99,30.000000000000004,100.03334444814939,28,31,7.0,57.28753424657535,14.0,1
2017-06-15,59.99,29.99,30.000000000000004,100.03334444814939,29,32,7.0,57.28753424657535,14.0,1
2017-06-16,59.99,29.99,30.000000000000004,100.03334444814939,30,33,7.0,57.28753424657535,14.0,1
2017-06-17,59.99,29.99,30.000000000000004,100.03334444814939,31,34,7.0,57.28753424657535,14.0,1
2017-06-18,59.99,29.99,30.000000000000004,100.03334444814939,32,35,7.0,57.28753424657535,14.0,1
2017-06-19,59.99,29.99,30.000000000000004,100.03334444814939,33,36,7.0,57.28753424657533,14.0,1
2017-06-20,59.99,29.99,30.000000000000004,100.03334444814939,34,37,7.0,57.28753424657535,14.0,1
2017-06-21,59.99,29.99,30.000000000000004,100.03334444814939,35,38,7.0,57.28753424657535,14.0,1
2017-06-22,59.99,29.99,30.000000000000004,100.03334444814939,36,39,7.0,57.28753424657535,14.0,1
2017-06-23,23.99,23.99,0.0,0.0,0,0,7.0,57.28753424657535,14.0,0
2017-06-24,23.99,23.99,0.0,0.0,1,1,8.0,57.188904109589046,15.0,0
2017-06-25,23.99,23.99,0.0,0.0,2,2,7.0,57.1313698630137,14.0,0
2017-06-26,23.99,23.99,0.0,0.0,3,3,7.0,57.07383561643836,14.0,0
2017-06-27,23.99,23.99,0.0,0.0,4,4,7.0,57.016301369863015,14.0,0
2017-06-28,23.99,23.99,0.0,0.0,5,5,7.0,56.95876712328767,14.0,0
2017-06-29,23.99,23.99,0.0,0.0,6,6,7.0,56.90123287671233,14.0,0
2017-06-30,23.99,23.99,0.0,0.0,7,7,7.0,56.84369863013699,14.0,0
2017-07-01,23.99,23.99,0.0,0.0,8,8,7.0,56.78616438356165,14.0,0
2017-07-02,23.99,23.99,0.0,0.0,9,9,7.0,56.728630136986304,14.0,0
2017-07-03,23.99,23.99,0.0,0.0,10,10,7.0,56.67109589041096,14.0,0
2017-07-04,23.99,23.99,0.0,0.0,11,11,7.0,56.61356164383562,14.0,0
2017-07-05,23.99,23.99,0.0,0.0,12,12,7.0,56.55602739726027,14.0,0
2017-07-06,59.99,23.99,36.0,150.0625260525219,0,13,7.0,56.45739726027397,13.0,0
2017-07-07,59.99,23.99,36.0,150.0625260525219,1,14,7.0,56.45739726027397,14.0,0
2017-07-08,59.99,23.99,36.0,150.0625260525219,2,15,7.0,56.45739726027397,14.0,0
2017-07-09,59.99,23.99,36.0,150.0625260525219,3,16,7.0,56.45739726027397,14.0,0
2017-07-10,59.99,23.99,36.0,150.0625260525219,4,17,7.0,56.45739726027397,14.0,0
2017-07-11,59.99,23.99,36.0,150.0625260525219,5,18,7.0,56.45739726027397,14.0,0
2017-07-12,59.99,23.99,36.0,150.0625260525219,6,19,7.0,56.45739726027397,14.0,0
2017-07-13,59.99,23.99,36.0,150.0625260525219,7,20,7.0,56.45739726027397,14.0,0
2017-07-14,59.99,23.99,36.0,150.0625260525219,8,21,7.0,56.457397260273964,14.0,0
2017-07-15,59.99,23.99,36.0,150.0625260525219,9,22,7.0,56.45739726027397,14.0,0
2017-07-16,59.99,23.99,36.0,150.0625260525219,10,23,7.0,56.45739726027397,14.0,0
2017-07-17,59.99,23.99,36.0,150.0625260525219,11,24,7.0,56.45739726027397,14.0,0
2017-07-18,59.99,23.99,36.0,150.0625260525219,12,25,7.0,56.45739726027397,14.0,0
2017-07-19,59.99,23.99,36.0,150.0625260525219,13,26,7.0,56.45739726027397,14.0,0
2017-07-20,59.99,23.99,36.0,150.0625260525219,14,27,7.0,56.45739726027397,14.0,0
2017-07-21,59.99,23.99,36.0,150.0625260525219,15,28,7.0,56.45739726027397,14.0,0
2017-07-22,59.99,23.99,36.0,150.0625260525219,16,29,7.0,56.45739726027397,14.0,0
2017-07-23,59.99,23.99,36.0,150.0625260525219,17,30,7.0,56.45739726027397,14.0,0
2017-07-24,59.99,23.99,36.0,150.0625260525219,18,31,7.0,56.45739726027397,14.0,0
2017-07-25,59.99,23.99,36.0,150.0625260525219,19,32,7.0,56.45739726027397,14.0,0
2017-07-26,59.99,23.99,36.0,150.0625260525219,20,33,7.0,56.45739726027397,14.0,0
2017-07-27,59.99,23.99,36.0,150.0625260525219,21,34,7.0,56.45739726027397,14.0,0
2017-07-28,59.99,23.99,36.0,150.0625260525219,22,35,7.0,56.45739726027397,14.0,0
2017-07-29,59.99,23.99,36.0,150.0625260525219,23,36,7.0,56.45739726027397,14.0,0
2017-07-30,59.99,23.99,36.0,150.0625260525219,24,37,7.0,56.45739726027397,14.0,0
2017-07-31,59.99,23.99,36.0,150.0625260525219,25,38,7.0,56.45739726027397,14.0,0
2017-08-01,59.99,23.99,36.0,150.0625260525219,26,39,7.0,56.45739726027397,14.0,0
2017-08-02,59.99,23.99,36.0,150.0625260525219,27,40,7.0,56.45739726027397,14.0,0
2017-08-03,59.99,23.99,36.0,150.0625260525219,28,41,7.0,56.45739726027397,14.0,0
2017-08-04,59.99,23.99,36.0,150.0625260525219,29,42,7.0,56.45739726027397,14.0,0
2017-08-05,59.99,23.99,36.0,150.0625260525219,30,43,7.0,56.45739726027397,14.0,0
2017-08-06,59.99,23.99,36.0,150.0625260525219,31,44,7.0,56.45739726027397,14.0,0
2017-08-07,59.99,23.99,36.0,150.0625260525219,32,45,7.0,56.45739726027397,14.0,0
2017-08-08,59.99,23.99,36.0,150.0625260525219,33,46,7.0,56.45739726027397,14.0,0
2017-08-09,59.99,23.99,36.0,150.0625260525219,34,47,7.0,56.45739726027397,14.0,0
2017-08-10,59.99,23.99,36.0,150.0625260525219,35,48,7.0,56.45739726027397,14.0,0
2017-08-11,59.99,23.99,36.0,150.0625260525219,36,49,7.0,56.45739726027397,14.0,0
2017-08-12,59.99,23.99,36.0,150.0625260525219,37,50,7.0,56.45739726027397,14.0,0
2017-08-13,59.99,23.99,36.0,150.0625260525219,38,51,7.0,56.45739726027397,14.0,0
2017-08-14,59.99,23.99,36.0,150.0625260525219,39,52,7.0,56.45739726027397,14.0,0
2017-08-15,59.99,23.99,36.0,150.0625260525219,40,53,7.0,56.45739726027397,14.0,0
2017-08-16,59.99,23.99,36.0,150.0625260525219,41,54,7.0,56.45739726027397,14.0,1
2017-08-17,59.99,23.99,36.0,150.0625260525219,42,55,7.0,56.45739726027397,14.0,1
2017-08-18,59.99,23.99,36.0,150.0625260525219,43,56,7.0,56.45739726027397,14.0,1
2017-08-19,59.99,23.99,36.0,150.0625260525219,44,57,7.0,56.45739726027397,14.0,1
2017-08-20,59.99,23.99,36.0,150.0625260525219,45,58,7.0,56.45739726027397,14.0,1
2017-08-21,59.99,23.99,36.0,150.0625260525219,46,59,7.0,56.45739726027397,14.0,1
2017-08-22,59.99,23.99,36.0,150.0625260525219,47,60,7.0,56.45739726027397,14.0,1
2017-08-23,59.99,23.99,36.0,150.0625260525219,48,61,7.0,56.45739726027397,14.0,1
2017-08-24,59.99,23.99,36.0,150.0625260525219,49,62,7.0,56.457397260273964,14.0,1
2017-08-25,59.99,23.99,36.0,150.0625260525219,50,63,6.0,56.51164383561644,13.0,1
2017-08-26,59.99,23.99,36.0,150.0625260525219,51,64,6.0,56.565890410958914,13.0,1
2017-08-27,59.99,23.99,36.0,150.0625260525219,52,65,6.0,56.62013698630137,13.0,1
2017-08-28,59.99,23.99,36.0,150.0625260525219,53,66,6.0,56.620136986301375,12.0,1
2017-08-29,59.99,23.99,36.0,150.0625260525219,54,67,6.0,56.62013698630137,12.0,1
2017-08-30,59.99,23.99,36.0,150.0625260525219,55,68,6.0,56.620136986301375,12.0,1
2017-08-31,59.99,23.99,36.0,150.0625260525219,56,69,6.0,56.62013698630137,12.0,1
2017-09-01,59.99,23.99,36.0,150.0625260525219,57,70,6.0,56.620136986301375,12.0,1
2017-09-02,59.99,23.99,36.0,150.0625260525219,58,71,6.0,56.620136986301375,12.0,1
2017-09-03,59.99,23.99,36.0,150.0625260525219,59,72,6.0,56.62013698630137,12.0,1
2017-09-04,59.99,23.99,36.0,150.0625260525219,60,73,6.0,56.620136986301375,12.0,1
2017-09-05,59.99,23.99,36.0,150.0625260525219,61,74,6.0,56.62013698630137,12.0,1
2017-09-06,59.99,23.99,36.0,150.0625260525219,62,75,6.0,56.620136986301375,12.0,1
2017-09-07,59.99,23.99,36.0,150.0625260525219,63,76,6.0,56.62013698630137,12.0,1
2017-09-08,59.99,23.99,36.0,150.0625260525219,64,77,6.0,56.620136986301375,12.0,1
2017-09-09,59.99,23.99,36.0,150.0625260525219,65,78,6.0,56.62013698630137,12.0,1
2017-09-10,59.99,23.99,36.0,150.0625260525219,66,79,6.0,56.620136986301375,12.0,1
2017-09-11,59.99,23.99,36.0,150.0625260525219,67,80,6.0,56.620136986301375,12.0,1
2017-09-12,59.99,23.99,36.0,150.0625260525219,68,81,6.0,56.62013698630137,12.0,1
2017-09-13,59.99,23.99,36.0,150.0625260525219,69,82,6.0,56.620136986301375,12.0,1
2017-09-14,59.99,23.99,36.0,150.0625260525219,70,83,6.0,56.62013698630137,12.0,1
2017-09-15,23.99,23.99,0.0,0.0,0,0,6.0,56.620136986301375,12.0,0
2017-09-16,23.99,23.99,0.0,0.0,1,1,7.0,56.52150684931507,13.0,0
2017-09-17,23.99,23.99,0.0,0.0,2,2,7.0,56.42287671232877,13.0,0
2017-09-18,23.99,23.99,0.0,0.0,3,3,7.0,56.324246575342464,13.0,0
2017-09-19,59.99,23.99,36.0,150.0625260525219,0,4,7.0,56.22561643835617,13.0,0
2017-09-20,59.99,23.99,36.0,150.0625260525219,1,5,7.0,56.22561643835617,14.0,0
2017-09-21,59.99,23.99,36.0,150.0625260525219,2,6,7.0,56.22561643835616,14.0,0
2017-09-22,59.99,23.99,36.0,150.0625260525219,3,7,7.0,56.22561643835617,14.0,0
2017-09-23,59.99,23.99,36.0,150.0625260525219,4,8,7.0,56.22561643835616,14.0,0
2017-09-24,59.99,23.99,36.0,150.0625260525219,5,9,7.0,56.22561643835617,14.0,0
2017-09-25,59.99,23.99,36.0,150.0625260525219,6,10,7.0,56.22561643835616,14.0,0
2017-09-26,59.99,23.99,36.0,150.0625260525219,7,11,7.0,56.22561643835617,14.0,0
2017-09-27,59.99,23.99,36.0,150.0625260525219,8,12,7.0,56.22561643835617,14.0,0
2017-09-28,59.99,23.99,36.0,150.0625260525219,9,13,7.0,56.22561643835616,14.0,0
2017-09-29,59.99,23.99,36.0,150.0625260525219,10,14,7.0,56.22561643835617,14.0,0
2017-09-30,59.99,23.99,36.0,150.0625260525219,11,15,7.0,56.22561643835616,14.0,0
2017-10-01,59.99,23.99,36.0,150.0625260525219,12,16,7.0,56.22561643835617,14.0,0
2017-10-02,59.99,23.99,36.0,150.0625260525219,13,17,7.0,56.22561643835616,14.0,0
2017-10-03,59.99,23.99,36.0,150.0625260525219,14,18,7.0,56.22561643835617,14.0,0
2017-10-04,59.99,23.99,36.0,150.0625260525219,15,19,7.0,56.22561643835616,14.0,0
2017-10-05,59.99,23.99,36.0,150.0625260525219,16,20,7.0,56.22561643835617,14.0,0
2017-10-06,59.99,23.99,36.0,150.0625260525219,17,21,7.0,56.22561643835617,14.0,0
2017-10-07,59.99,23.99,36.0,150.0625260525219,18,22,7.0,56.22561643835616,14.0,0
2017-10-08,59.99,23.99,36.0,150.0625260525219,19,23,6.0,56.28315068493151,13.0,0
2017-10-09,59.99,23.99,36.0,150.0625260525219,20,24,6.0,56.34068493150684,13.0,0
2017-10-10,59.99,23.99,36.0,150.0625260525219,21,25,6.0,56.3982191780822,13.0,0
2017-10-11,59.99,23.99,36.0,150.0625260525219,22,26,6.0,56.45575342465753,13.0,0
2017-10-12,59.99,23.99,36.0,150.0625260525219,23,27,6.0,56.45575342465754,12.0,0
2017-10-13,59.99,23.99,36.0,150.0625260525219,24,28,6.0,56.45575342465753,12.0,0
2017-10-14,59.99,23.99,36.0,150.0625260525219,25,29,6.0,56.45575342465754,12.0,0
2017-10-15,59.99,23.99,36.0,150.0625260525219,26,30,6.0,56.45575342465754,12.0,0
2017-10-16,59.99,23.99,36.0,150.0625260525219,27,31,6.0,56.45575342465753,12.0,0
2017-10-17,59.99,23.99,36.0,150.0625260525219,28,32,6.0,56.45575342465754,12.0,0
2017-10-18,59.99,23.99,36.0,150.0625260525219,29,33,6.0,56.45575342465753,12.0,0
2017-10-19,59.99,23.99,36.0,150.0625260525219,30,34,6.0,56.45575342465754,12.0,0
2017-10-20,59.99,23.99,36.0,150.0625260525219,31,35,6.0,56.45575342465753,12.0,0
2017-10-21,59.99,23.99,36.0,150.0625260525219,32,36,6.0,56.45575342465754,12.0,0
2017-10-22,59.99,23.99,36.0,150.0625260525219,33,37,6.0,56.45575342465754,12.0,0
2017-10-23,59.99,23.99,36.0,150.0625260525219,34,38,6.0,56.45575342465753,12.0,0
2017-10-24,59.99,23.99,36.0,150.0625260525219,35,39,6.0,56.45575342465754,12.0,1
2017-10-25,59.99,23.99,36.0,150.0625260525219,36,40,6.0,56.45575342465753,12.0,1
2017-10-26,59.99,23.99,36.0,150.0625260525219,37,41,6.0,56.45575342465754,12.0,1
2017-10-27,59.99,23.99,36.0,150.0625260525219,38,42,6.0,56.45575342465753,12.0,1
2017-10-28,59.99,23.99,36.0,150.0625260525219,39,43,6.0,56.45575342465754,12.0,1
2017-10-29,59.99,23.99,36.0,150.0625260525219,40,44,6.0,56.45575342465753,12.0,1
2017-10-30,59.99,23.99,36.0,150.0625260525219,41,45,6.0,56.45575342465754,12.0,1
2017-10-31,59.99,23.99,36.0,150.0625260525219,42,46,6.0,56.45575342465754,12.0,1
2017-11-01,59.99,23.99,36.0,150.0625260525219,43,47,6.0,56.45575342465753,12.0,1
2017-11-02,59.99,23.99,36.0,150.0625260525219,44,48,6.0,56.45575342465754,12.0,1
2017-11-03,59.99,23.99,36.0,150.0625260525219,45,49,6.0,56.45575342465753,12.0,1
2017-11-04,59.99,23.99,36.0,150.0625260525219,46,50,6.0,56.45575342465754,12.0,1
2017-11-05,59.99,23.99,36.0,150.0625260525219,47,51,6.0,56.45575342465753,12.0,1
2017-11-06,59.99,23.99,36.0,150.0625260525219,48,52,6.0,56.45575342465754,12.0,1
2017-11-07,59.99,23.99,36.0,150.0625260525219,49,53,6.0,56.45575342465754,12.0,1
2017-11-08,59.99,23.99,36.0,150.0625260525219,50,54,6.0,56.45575342465753,12.0,1
2017-11-09,59.99,23.99,36.0,150.0625260525219,51,55,6.0,56.45575342465754,12.0,1
2017-11-10,59.99,23.99,36.0,150.0625260525219,52,56,6.0,56.45575342465753,12.0,1
2017-11-11,59.99,23.99,36.0,150.0625260525219,53,57,6.0,56.45575342465754,12.0,1
2017-11-12,59.99,23.99,36.0,150.0625260525219,54,58,6.0,56.45575342465753,12.0,1
2017-11-13,59.99,23.99,36.0,150.0625260525219,55,59,6.0,56.45575342465754,12.0,1
2017-11-14,59.99,23.99,36.0,150.0625260525219,56,60,6.0,56.45575342465753,12.0,1
2017-11-15,59.99,23.99,36.0,150.0625260525219,57,61,6.0,56.45575342465754,12.0,1
2017-11-16,59.99,23.99,36.0,150.0625260525219,58,62,6.0,56.45575342465754,12.0,1
2017-11-17,59.99,23.99,36.0,150.0625260525219,59,63,6.0,56.45575342465753,12.0,1
2017-11-18,59.99,23.99,36.0,150.0625260525219,60,64,6.0,56.45575342465754,12.0,1
2017-11-19,59.99,23.99,36.0,150.0625260525219,61,65,6.0,56.45575342465753,12.0,1
2017-11-20,59.99,23.99,36.0,150.0625260525219,62,66,6.0,56.45575342465754,12.0,1
2017-11-21,59.99,23.99,36.0,150.0625260525219,63,67,6.0,56.45575342465753,12.0,1
2017-11-22,59.99,23.99,36.0,150.0625260525219,64,68,6.0,56.45575342465754,12.0,1
2017-11-23,23.99,23.99,0.0,0.0,0,0,6.0,56.45575342465753,12.0,1
2017-11-24,23.99,23.99,0.0,0.0,1,1,7.0,56.357123287671236,13.0,1
2017-11-25,23.99,23.99,0.0,0.0,2,2,6.0,56.31602739726028,12.0,1
2017-11-26,23.99,23.99,0.0,0.0,3,3,6.0,56.27493150684931,12.0,1
2017-11-27,23.99,23.99,0.0,0.0,4,4,6.0,56.23383561643836,12.0,1
2017-11-28,23.99,23.99,0.0,0.0,5,5,6.0,56.19273972602739,12.0,1
2017-11-29,59.99,23.99,36.0,150.0625260525219,0,6,6.0,56.15164383561645,12.0,1
2017-11-30,59.99,23.99,36.0,150.0625260525219,1,7,6.0,56.20917808219178,13.0,1
2017-12-01,59.99,23.99,36.0,150.0625260525219,2,8,6.0,56.26671232876713,13.0,1
2017-12-02,59.99,23.99,36.0,150.0625260525219,3,9,6.0,56.32424657534247,13.0,1
2017-12-03,59.99,23.99,36.0,150.0625260525219,4,10,6.0,56.324246575342464,12.0,1
2017-12-04,59.99,23.99,36.0,150.0625260525219,5,11,6.0,56.32424657534247,12.0,1
2017-12-05,59.99,23.99,36.0,150.0625260525219,6,12,6.0,56.324246575342464,12.0,1
2017-12-06,59.99,23.99,36.0,150.0625260525219,7,13,6.0,56.32424657534247,12.0,1
2017-12-07,59.99,23.99,36.0,150.0625260525219,8,14,6.0,56.324246575342464,12.0,1
2017-12-08,59.99,23.99,36.0,150.0625260525219,9,15,6.0,56.32424657534247,12.0,1
2017-12-09,59.99,23.99,36.0,150.0625260525219,10,16,6.0,56.324246575342464,12.0,1
2017-12-10,59.99,23.99,36.0,150.0625260525219,11,17,6.0,56.32424657534247,12.0,1
2017-12-11,59.99,23.99,36.0,150.0625260525219,12,18,6.0,56.32424657534247,12.0,1
2017-12-12,59.99,23.99,36.0,150.0625260525219,13,19,6.0,56.324246575342464,12.0,1
2017-12-13,59.99,23.99,36.0,150.0625260525219,14,20,6.0,56.32424657534247,12.0,1
2017-12-14,59.99,23.99,36.0,150.0625260525219,15,21,6.0,56.324246575342464,12.0,1
2017-12-15,59.99,23.99,36.0,150.0625260525219,16,22,6.0,56.32424657534247,12.0,1
2017-12-16,59.99,23.99,36.0,150.0625260525219,17,23,6.0,56.324246575342464,12.0,1
2017-12-17,59.99,23.99,36.0,150.0625260525219,18,24,6.0,56.32424657534247,12.0,1
2017-12-18,59.99,23.99,36.0,150.0625260525219,19,25,6.0,56.324246575342464,12.0,1
2017-12-19,59.99,23.99,36.0,150.0625260525219,20,26,6.0,56.32424657534247,12.0,1
2017-12-20,59.99,23.99,36.0,150.0625260525219,21,27,6.0,56.32424657534247,12.0,1
2017-12-21,59.99,23.99,36.0,150.0625260525219,22,28,6.0,56.324246575342464,12.0,1
2017-12-22,14.99,14.99,0.0,0.0,0,0,6.0,56.32424657534247,12.0,0
2017-12-23,14.99,14.99,0.0,0.0,1,1,7.0,56.200958904109584,13.0,0
2017-12-24,14.99,14.99,0.0,0.0,2,2,6.0,56.15986301369863,12.0,0
2017-12-25,14.99,14.99,0.0,0.0,3,3,6.0,56.11876712328767,12.0,0
2017-12-26,14.99,14.99,0.0,0.0,4,4,6.0,56.07767123287672,12.0,0
2017-12-27,14.99,14.99,0.0,0.0,5,5,6.0,56.03657534246576,12.0,0
2017-12-28,14.99,14.99,0.0,0.0,6,6,6.0,55.99547945205479,12.0,0
2017-12-29,14.99,14.99,0.0,0.0,7,7,6.0,55.954383561643844,12.0,0
2017-12-30,14.99,14.99,0.0,0.0,8,8,6.0,55.91328767123287,12.0,0
2017-12-31,14.99,14.99,0.0,0.0,9,9,6.0,55.87219178082192,12.0,0
2018-01-01,14.99,14.99,0.0,0.0,10,10,6.0,55.83109589041096,12.0,0
2018-01-02,14.99,14.99,0.0,0.0,11,11,6.0,55.790000000000006,12.0,0
2018-01-03,14.99,14.99,0.0,0.0,12,12,6.0,55.748904109589034,12.0,0
2018-01-04,14.99,14.99,0.0,0.0,13,13,6.0,55.62561643835617,11.0,0
2018-01-05,59.99,14.99,45.0,300.2001334222815,0,14,6.0,55.502328767123295,11.0,0
2018-01-06,59.99,14.99,45.0,300.2001334222815,1,15,6.0,55.50232876712328,12.0,0
2018-01-07,59.99,14.99,45.0,300.2001334222815,2,16,6.0,55.502328767123295,12.0,0
2018-01-08,59.99,14.99,45.0,300.2001334222815,3,17,6.0,55.50232876712328,12.0,0
2018-01-09,59.99,14.99,45.0,300.2001334222815,4,18,6.0,55.502328767123295,12.0,0
2018-01-10,59.99,14.99,45.0,300.2001334222815,5,19,6.0,55.50232876712328,12.0,0
2018-01-11,59.99,14.99,45.0,300.2001334222815,6,20,6.0,55.502328767123295,12.0,0
2018-01-12,59.99,14.99,45.0,300.2001334222815,7,21,6.0,55.50232876712328,12.0,0
2018-01-13,59.99,14.99,45.0,300.2001334222815,8,22,6.0,55.502328767123295,12.0,0
2018-01-14,59.99,14.99,45.0,300.2001334222815,9,23,6.0,55.502328767123295,12.0,0
2018-01-15,59.99,14.99,45.0,300.2001334222815,10,24,6.0,55.50232876712328,12.0,0
2018-01-16,59.99,14.99,45.0,300.2001334222815,11,25,6.0,55.502328767123295,12.0,0
2018-01-17,59.99,14.99,45.0,300.2001334222815,12,26,6.0,55.50232876712328,12.0,1
2018-01-18,59.99,14.99,45.0,300.2001334222815,13,27,6.0,55.502328767123295,12.0,1
2018-01-19,59.99,14.99,45.0,300.2001334222815,14,28,6.0,55.50232876712328,12.0,1
2018-01-20,59.99,14.99,45.0,300.2001334222815,15,29,6.0,55.502328767123295,12.0,1
2018-01-21,59.99,14.99,45.0,300.2001334222815,16,30,6.0,55.502328767123295,12.0,1
2018-01-22,59.99,14.99,45.0,300.2001334222815,17,31,6.0,55.50232876712328,12.0,1
2018-01-23,59.99,14.99,45.0,300.2001334222815,18,32,6.0,55.502328767123295,12.0,1
2018-01-24,59.99,14.99,45.0,300.2001334222815,19,33,6.0,55.50232876712328,12.0,1
2018-01-25,59.99,14.99,45.0,300.2001334222815,20,34,6.0,55.502328767123295,12.0,1
2018-01-26,59.99,14.99,45.0,300.2001334222815,21,35,6.0,55.50232876712328,12.0,1
2018-01-27,59.99,14.99,45.0,300.2001334222815,22,36,6.0,55.502328767123295,12.0,1
2018-01-28,59.99,14.99,45.0,300.2001334222815,23,37,6.0,55.50232876712328,12.0,1
2018-01-29,59.99,14.99,45.0,300.2001334222815,24,38,6.0,55.502328767123295,12.0,1
2018-01-30,59.99,14.99,45.0,300.2001334222815,25,39,6.0,55.502328767123295,12.0,1
2018-01-31,59.99,14.99,45.0,300.2001334222815,26,40,6.0,55.50232876712328,12.0,1
2018-02-01,59.99,14.99,45.0,300.2001334222815,27,41,6.0,55.502328767123295,12.0,1
2018-02-02,59.99,14.99,45.0,300.2001334222815,28,42,6.0,55.50232876712328,12.0,1
2018-02-03,59.99,14.99,45.0,300.2001334222815,29,43,6.0,55.502328767123295,12.0,1
2018-02-04,59.99,14.99,45.0,300.2001334222815,30,44,6.0,55.50232876712328,12.0,1
2018-02-05,59.99,14.99,45.0,300.2001334222815,31,45,6.0,55.502328767123295,12.0,1
2018-02-06,59.99,14.99,45.0,300.2001334222815,32,46,6.0,55.502328767123295,12.0,1
2018-02-07,59.99,14.99,45.0,300.2001334222815,33,47,6.0,55.50232876712328,12.0,1
2018-02-08,59.99,14.99,45.0,300.2001334222815,34,48,6.0,55.502328767123295,12.0,1
2018-02-09,59.99,14.99,45.0,300.2001334222815,35,49,6.0,55.50232876712328,12.0,1
2018-02-10,59.99,14.99,45.0,300.2001334222815,36,50,6.0,55.502328767123295,12.0,1
2018-02-11,59.99,14.99,45.0,300.2001334222815,37,51,6.0,55.50232876712328,12.0,1
2018-02-12,59.99,14.99,45.0,300.2001334222815,38,52,6.0,55.502328767123295,12.0,1
2018-02-13,59.99,14.99,45.0,300.2001334222815,39,53,6.0,55.50232876712328,12.0,1
2018-02-14,59.99,14.99,45.0,300.2001334222815,40,54,6.0,55.502328767123295,12.0,1
2018-02-15,59.99,14.99,45.0,300.2001334222815,41,55,6.0,55.502328767123295,12.0,1
2018-02-16,14.99,14.99,0.0,0.0,0,0,6.0,55.50232876712328,12.0,0
2018-02-17,14.99,14.99,0.0,0.0,1,1,7.0,55.379041095890415,13.0,0
2018-02-18,14.99,14.99,0.0,0.0,2,2,7.0,55.25575342465753,13.0,0
2018-02-19,14.99,14.99,0.0,0.0,3,3,7.0,55.13246575342466,13.0,0
2018-02-20,59.99,14.99,45.0,300.2001334222815,0,4,7.0,55.009178082191774,13.0,0
2018-02-21,59.99,14.99,45.0,300.2001334222815,1,5,7.0,55.00917808219179,14.0,0
2018-02-22,59.99,14.99,45.0,300.2001334222815,2,6,7.0,55.009178082191774,14.0,0
2018-02-23,59.99,14.99,45.0,300.2001334222815,3,7,7.0,55.00917808219179,14.0,0
2018-02-24,59.99,14.99,45.0,300.2001334222815,4,8,7.0,55.00917808219179,14.0,0
2018-02-25,59.99,14.99,45.0,300.2001334222815,5,9,7.0,55.009178082191774,14.0,0
2018-02-26,59.99,14.99,45.0,300.2001334222815,6,10,7.0,55.00917808219179,14.0,0
2018-02-27,59.99,14.99,45.0,300.2001334222815,7,11,7.0,55.009178082191774,14.0,0
2018-02-28,59.99,14.99,45.0,300.2001334222815,8,12,7.0,55.00917808219179,14.0,0
2018-03-01,59.99,14.99,45.0,300.2001334222815,9,13,7.0,55.009178082191774,14.0,0
2018-03-02,59.99,14.99,45.0,300.2001334222815,10,14,7.0,55.00917808219179,14.0,0
2018-03-03,59.99,14.99,45.0,300.2001334222815,11,15,7.0,55.00917808219179,14.0,0
2018-03-04,59.99,14.99,45.0,300.2001334222815,12,16,7.0,55.009178082191774,14.0,0
2018-03-05,59.99,14.99,45.0,300.2001334222815,13,17,7.0,55.00917808219179,14.0,0
2018-03-06,59.99,14.99,45.0,300.2001334222815,14,18,7.0,55.009178082191774,14.0,0
2018-03-07,59.99,14.99,45.0,300.2001334222815,15,19,7.0,55.00917808219179,14.0,0
2018-03-08,59.99,14.99,45.0,300.2001334222815,16,20,7.0,55.009178082191774,14.0,0
2018-03-09,59.99,14.99,45.0,300.2001334222815,17,21,7.0,55.00917808219179,14.0,0
2018-03-10,59.99,14.99,45.0,300.2001334222815,18,22,7.0,55.009178082191774,14.0,0
2018-03-11,59.99,14.99,45.0,300.2001334222815,19,23,7.0,55.00917808219179,14.0,0
2018-03-12,59.99,14.99,45.0,300.2001334222815,20,24,7.0,55.00917808219179,14.0,0
2018-03-13,59.99,14.99,45.0,300.2001334222815,21,25,7.0,55.009178082191774,14.0,0
2018-03-14,59.99,14.99,45.0,300.2001334222815,22,26,7.0,55.00917808219179,14.0,0
2018-03-15,59.99,14.99,45.0,300.2001334222815,23,27,7.0,55.009178082191774,14.0,0
2018-03-16,59.99,14.99,45.0,300.2001334222815,24,28,7.0,55.00917808219179,14.0,0
2018-03-17,59.99,14.99,45.0,300.2001334222815,25,29,7.0,55.009178082191774,14.0,0
2018-03-18,59.99,14.99,45.0,300.2001334222815,26,30,7.0,55.00917808219179,14.0,0
2018-03-19,59.99,14.99,45.0,300.2001334222815,27,31,7.0,55.009178082191774,14.0,0
2018-03-20,59.99,14.99,45.0,300.2001334222815,28,32,7.0,55.00917808219179,14.0,0
2018-03-21,59.99,14.99,45.0,300.2001334222815,29,33,7.0,55.00917808219179,14.0,0
2018-03-22,59.99,14.99,45.0,300.2001334222815,30,34,7.0,55.009178082191774,14.0,0
2018-03-23,59.99,14.99,45.0,300.2001334222815,31,35,7.0,55.00917808219179,14.0,0
2018-03-24,59.99,14.99,45.0,300.2001334222815,32,36,7.0,55.009178082191774,14.0,0
2018-03-25,59.99,14.99,45.0,300.2001334222815,33,37,7.0,55.00917808219179,14.0,0
2018-03-26,59.99,14.99,45.0,300.2001334222815,34,38,7.0,55.009178082191774,14.0,0
2018-03-27,59.99,14.99,45.0,300.2001334222815,35,39,7.0,55.00917808219179,14.0,0
2018-03-28,59.99,14.99,45.0,300.2001334222815,36,40,7.0,55.00917808219179,14.0,0
2018-03-29,59.99,14.99,45.0,300.2001334222815,37,41,7.0,55.009178082191774,14.0,0
2018-03-30,59.99,14.99,45.0,300.2001334222815,38,42,7.0,55.00917808219179,14.0,0
2018-03-31,59.99,14.99,45.0,300.2001334222815,39,43,7.0,55.009178082191774,14.0,0
2018-04-01,59.99,14.99,45.0,300.2001334222815,40,44,7.0,55.00917808219179,14.0,0
2018-04-02,59.99,14.99,45.0,300.2001334222815,41,45,7.0,55.009178082191774,14.0,0
2018-04-03,59.99,14.99,45.0,300.2001334222815,42,46,7.0,55.00917808219179,14.0,0
2018-04-04,59.99,14.99,45.0,300.2001334222815,43,47,7.0,55.009178082191774,14.0,0
2018-04-05,59.99,14.99,45.0,300.2001334222815,44,48,7.0,55.00917808219179,14.0,0
2018-04-06,59.99,14.99,45.0,300.2001334222815,45,49,6.0,55.0913698630137,13.0,0
2018-04-07,59.99,14.99,45.0,300.2001334222815,46,50,6.0,55.17356164383561,13.0,0
2018-04-08,59.99,14.99,45.0,300.2001334222815,47,51,6.0,55.25575342465754,13.0,0
2018-04-09,59.99,14.99,45.0,300.2001334222815,48,52,6.0,55.25575342465753,12.0,0
2018-04-10,59.99,14.99,45.0,300.2001334222815,49,53,6.0,55.25575342465754,12.0,0
2018-04-11,59.99,14.99,45.0,300.2001334222815,50,54,6.0,55.25575342465753,12.0,0
2018-04-12,59.99,14.99,45.0,300.2001334222815,51,55,6.0,55.25575342465754,12.0,0
2018-04-13,59.99,14.99,45.0,300.2001334222815,52,56,6.0,55.25575342465753,12.0,0
2018-04-14,59.99,14.99,45.0,300.2001334222815,53,57,6.0,55.25575342465754,12.0,0
2018-04-15,59.99,14.99,45.0,300.2001334222815,54,58,6.0,55.25575342465754,12.0,0
2018-04-16,59.99,14.99,45.0,300.2001334222815,55,59,6.0,55.25575342465753,12.0,0
2018-04-17,59.99,14.99,45.0,300.2001334222815,56,60,6.0,55.25575342465754,12.0,0
2018-04-18,59.99,14.99,45.0,300.2001334222815,57,61,6.0,55.25575342465753,12.0,0
2018-04-19,59.99,14.99,45.0,300.2001334222815,58,62,6.0,55.25575342465754,12.0,0
2018-04-20,59.99,14.99,45.0,300.2001334222815,59,63,6.0,55.25575342465753,12.0,0
2018-04-21,59.99,14.99,45.0,300.2001334222815,60,64,6.0,55.25575342465754,12.0,0
2018-04-22,59.99,14.99,45.0,300.2001334222815,61,65,6.0,55.25575342465754,12.0,0
2018-04-23,59.99,14.99,45.0,300.2001334222815,62,66,6.0,55.25575342465753,12.0,0
2018-04-24,59.99,14.99,45.0,300.2001334222815,63,67,6.0,55.25575342465754,12.0,0
2018-04-25,59.99,14.99,45.0,300.2001334222815,64,68,6.0,55.25575342465753,12.0,0
2018-04-26,59.99,14.99,45.0,300.2001334222815,65,69,6.0,55.25575342465754,12.0,0
2018-04-27,59.99,14.99,45.0,300.2001334222815,66,70,6.0,55.25575342465753,12.0,0
2018-04-28,59.99,14.99,45.0,300.2001334222815,67,71,6.0,55.25575342465754,12.0,0
2018-04-29,59.99,14.99,45.0,300.2001334222815,68,72,6.0,55.25575342465753,12.0,0
2018-04-30,59.99,14.99,45.0,300.2001334222815,69,73,6.0,55.25575342465754,12.0,0
2018-05-01,59.99,14.99,45.0,300.2001334222815,70,74,6.0,55.25575342465754,12.0,0
2018-05-02,59.99,14.99,45.0,300.2001334222815,71,75,6.0,55.25575342465753,12.0,0
2018-05-03,59.99,14.99,45.0,300.2001334222815,72,76,6.0,55.25575342465754,12.0,0
2018-05-04,59.99,14.99,45.0,300.2001334222815,73,77,6.0,55.25575342465753,12.0,0
2018-05-05,59.99,14.99,45.0,300.2001334222815,74,78,6.0,55.25575342465754,12.0,0
2018-05-06,59.99,14.99,45.0,300.2001334222815,75,79,6.0,55.25575342465753,12.0,0
2018-05-07,59.99,14.99,45.0,300.2001334222815,76,80,6.0,55.25575342465754,12.0,0
2018-05-08,59.99,14.99,45.0,300.2001334222815,77,81,6.0,55.25575342465754,12.0,0
2018-05-09,59.99,14.99,45.0,300.2001334222815,78,82,6.0,55.25575342465753,12.0,0
2018-05-10,59.99,14.99,45.0,300.2001334222815,79,83,6.0,55.25575342465754,12.0,0
2018-05-11,59.99,14.99,45.0,300.2001334222815,80,84,6.0,55.25575342465753,12.0,0
2018-05-12,59.99,14.99,45.0,300.2001334222815,81,85,6.0,55.25575342465754,12.0,0
2018-05-13,59.99,14.99,45.0,300.2001334222815,82,86,6.0,55.25575342465753,12.0,0
2018-05-14,59.99,14.99,45.0,300.2001334222815,83,87,6.0,55.25575342465754,12.0,0
2018-05-15,59.99,14.99,45.0,300.2001334222815,84,88,5.0,55.33794520547945,11.0,0
2018-05-16,59.99,14.99,45.0,300.2001334222815,85,89,5.0,55.42013698630137,11.0,0
2018-05-17,59.99,14.99,45.0,300.2001334222815,86,90,5.0,55.502328767123295,11.0,0
2018-05-18,59.99,14.99,45.0,300.2001334222815,87,91,5.0,55.50232876712328,10.0,0
2018-05-19,59.99,14.99,45.0,300.2001334222815,88,92,5.0,55.502328767123295,10.0,0
2018-05-20,59.99,14.99,45.0,300.2001334222815,89,93,5.0,55.50232876712328,10.0,0
2018-05-21,59.99,14.99,45.0,300.2001334222815,90,94,5.0,55.502328767123295,10.0,0
2018-05-22,59.99,14.99,45.0,300.2001334222815,91,95,5.0,55.50232876712328,10.0,0
2018-05-23,59.99,14.99,45.0,300.2001334222815,92,96,5.0,55.502328767123295,10.0,1
2018-05-24,59.99,14.99,45.0,300.2001334222815,93,97,5.0,55.50232876712328,10.0,1
2018-05-25,59.99,14.99,45.0,300.2001334222815,94,98,5.0,55.502328767123295,10.0,1
2018-05-26,59.99,14.99,45.0,300.2001334222815,95,99,5.0,55.502328767123295,10.0,1
2018-05-27,59.99,14.99,45.0,300.2001334222815,96,100,5.0,55.50232876712328,10.0,1
2018-05-28,59.99,14.99,45.0,300.2001334222815,97,101,5.0,55.502328767123295,10.0,1
2018-05-29,59.99,14.99,45.0,300.2001334222815,98,102,5.0,55.50232876712328,10.0,1
2018-05-30,59.99,14.99,45.0,300.2001334222815,99,103,5.0,55.502328767123295,10.0,1
2018-05-31,59.99,14.99,45.0,300.2001334222815,100,104,5.0,55.50232876712328,10.0,1
2018-06-01,59.99,14.99,45.0,300.2001334222815,101,105,5.0,55.502328767123295,10.0,1
2018-06-02,59.99,14.99,45.0,300.2001334222815,102,106,5.0,55.502328767123295,10.0,1
2018-06-03,59.99,14.99,45.0,300.2001334222815,103,107,5.0,55.50232876712328,10.0,1
2018-06-04,59.99,14.99,45.0,300.2001334222815,104,108,5.0,55.502328767123295,10.0,1
2018-06-05,59.99,14.99,45.0,300.2001334222815,105,109,5.0,55.50232876712328,10.0,1
2018-06-06,59.99,14.99,45.0,300.2001334222815,106,110,5.0,55.502328767123295,10.0,1
2018-06-07,59.99,14.99,45.0,300.2001334222815,107,111,5.0,55.50232876712328,10.0,1
2018-06-08,59.99,14.99,45.0,300.2001334222815,108,112,5.0,55.502328767123295,10.0,1
2018-06-09,59.99,14.99,45.0,300.2001334222815,109,113,5.0,55.50232876712328,10.0,1
2018-06-10,59.99,14.99,45.0,300.2001334222815,110,114,5.0,55.502328767123295,10.0,1
2018-06-11,59.99,14.99,45.0,300.2001334222815,111,115,5.0,55.502328767123295,10.0,1
2018-06-12,59.99,14.99,45.0,300.2001334222815,112,116,5.0,55.50232876712328,10.0,1
2018-06-13,59.99,14.99,45.0,300.2001334222815,113,117,5.0,55.502328767123295,10.0,1
2018-06-14,59.99,14.99,45.0,300.2001334222815,114,118,5.0,55.50232876712328,10.0,1
2018-06-15,59.99,14.99,45.0,300.2001334222815,115,119,5.0,55.502328767123295,10.0,1
2018-06-16,59.99,14.99,45.0,300.2001334222815,116,120,5.0,55.50232876712328,10.0,1
2018-06-17,59.99,14.99,45.0,300.2001334222815,117,121,5.0,55.502328767123295,10.0,1
2018-06-18,59.99,14.99,45.0,300.2001334222815,118,122,5.0,55.50232876712328,10.0,1
2018-06-19,59.99,14.99,45.0,300.2001334222815,119,123,5.0,55.502328767123295,10.0,1
2018-06-20,59.99,14.99,45.0,300.2001334222815,120,124,5.0,55.502328767123295,10.0,1
2018-06-21,59.99,14.99,45.0,300.2001334222815,121,125,5.0,55.50232876712328,10.0,1
2018-06-22,14.99,14.99,0.0,0.0,0,0,5.0,55.502328767123295,10.0,0
2018-06-23,14.99,14.99,0.0,0.0,1,1,6.0,55.37904109589041,11.0,0
2018-06-24,14.99,14.99,0.0,0.0,2,2,5.0,55.35438356164384,10.0,0
2018-06-25,14.99,14.99,0.0,0.0,3,3,5.0,55.32972602739726,10.0,0
2018-06-26,14.99,14.99,0.0,0.0,4,4,5.0,55.30506849315069,10.0,0
2018-06-27,14.99,14.99,0.0,0.0,5,5,5.0,55.28041095890411,10.0,0
2018-06-28,14.99,14.99,0.0,0.0,6,6,5.0,55.25575342465753,10.0,0
2018-06-29,14.99,14.99,0.0,0.0,7,7,5.0,55.23109589041096,10.0,0
2018-06-30,14.99,14.99,0.0,0.0,8,8,5.0,55.20643835616438,10.0,0
2018-07-01,14.99,14.99,0.0,0.0,9,9,5.0,55.18178082191781,10.0,0
2018-07-02,14.99,14.99,0.0,0.0,10,10,5.0,55.157123287671226,10.0,0
2018-07-03,14.99,14.99,0.0,0.0,11,11,5.0,55.13246575342466,10.0,0
2018-07-04,14.99,14.99,0.0,0.0,12,12,5.0,55.107808219178075,10.0,0
2018-07-05,14.99,14.99,0.0,0.0,13,13,5.0,55.08315068493151,10.0,0
2018-07-06,59.99,14.99,45.0,300.2001334222815,0,14,5.0,55.05849315068494,10.0,0
2018-07-07,59.99,14.99,45.0,300.2001334222815,1,15,5.0,55.058493150684924,10.0,0
2018-07-08,59.99,14.99,45.0,300.2001334222815,2,16,5.0,55.05849315068494,10.0,0
2018-07-09,59.99,14.99,45.0,300.2001334222815,3,17,5.0,55.058493150684924,10.0,0
2018-07-10,59.99,14.99,45.0,300.2001334222815,4,18,5.0,55.05849315068494,10.0,0
2018-07-11,59.99,14.99,45.0,300.2001334222815,5,19,5.0,55.058493150684924,10.0,0
2018-07-12,59.99,14.99,45.0,300.2001334222815,6,20,5.0,55.05849315068494,10.0,0
2018-07-13,59.99,14.99,45.0,300.2001334222815,7,21,5.0,55.05849315068494,10.0,0
2018-07-14,59.99,14.99,45.0,300.2001334222815,8,22,5.0,55.05849315068494,10.0,0
2018-07-15,59.99,14.99,45.0,300.2001334222815,9,23,5.0,55.05849315068494,10.0,0
2018-07-16,59.99,14.99,45.0,300.2001334222815,10,24,5.0,55.058493150684924,10.0,0
2018-07-17,59.99,14.99,45.0,300.2001334222815,11,25,5.0,55.05849315068494,10.0,0
2018-07-18,59.99,14.99,45.0,300.2001334222815,12,26,5.0,55.058493150684924,10.0,0
2018-07-19,59.99,14.99,45.0,300.2001334222815,13,27,5.0,55.05849315068494,10.0,0
2018-07-20,59.99,14.99,45.0,300.2001334222815,14,28,5.0,55.058493150684924,10.0,0
2018-07-21,59.99,14.99,45.0,300.2001334222815,15,29,5.0,55.05849315068494,10.0,0
2018-07-22,59.99,14.99,45.0,300.2001334222815,16,30,5.0,55.05849315068494,10.0,0
2018-07-23,59.99,14.99,45.0,300.2001334222815,17,31,5.0,55.058493150684924,10.0,0
2018-07-24,59.99,14.99,45.0,300.2001334222815,18,32,5.0,55.05849315068494,10.0,0
2018-07-25,59.99,14.99,45.0,300.2001334222815,19,33,5.0,55.058493150684924,10.0,0
2018-07-26,59.99,14.99,45.0,300.2001334222815,20,34,5.0,55.05849315068494,10.0,0
2018-07-27,59.99,14.99,45.0,300.2001334222815,21,35,5.0,55.058493150684924,10.0,0
2018-07-28,59.99,14.99,45.0,300.2001334222815,22,36,5.0,55.05849315068494,10.0,0
2018-07-29,59.99,14.99,45.0,300.2001334222815,23,37,5.0,55.058493150684924,10.0,0
2018-07-30,59.99,14.99,45.0,300.2001334222815,24,38,5.0,55.05849315068494,10.0,0
2018-07-31,59.99,14.99,45.0,300.2001334222815,25,39,5.0,55.05849315068494,10.0,0
2018-08-01,59.99,14.99,45.0,300.2001334222815,26,40,5.0,55.058493150684924,10.0,0
2018-08-02,59.99,14.99,45.0,300.2001334222815,27,41,5.0,55.05849315068494,10.0,0
2018-08-03,59.99,14.99,45.0,300.2001334222815,28,42,5.0,55.058493150684924,10.0,0
2018-08-04,59.99,14.99,45.0,300.2001334222815,29,43,5.0,55.05849315068494,10.0,0
2018-08-05,59.99,14.99,45.0,300.2001334222815,30,44,5.0,55.058493150684924,10.0,0
2018-08-06,59.99,14.99,45.0,300.2001334222815,31,45,5.0,55.05849315068494,10.0,0
2018-08-07,59.99,14.99,45.0,300.2001334222815,32,46,5.0,55.05849315068494,10.0,0
2018-08-08,59.99,14.99,45.0,300.2001334222815,33,47,5.0,55.058493150684924,10.0,0
2018-08-09,59.99,14.99,45.0,300.2001334222815,34,48,5.0,55.05849315068494,10.0,0
2018-08-10,59.99,14.99,45.0,300.2001334222815,35,49,5.0,55.058493150684924,10.0,0
2018-08-11,59.99,14.99,45.0,300.2001334222815,36,50,5.0,55.05849315068494,10.0,0
2018-08-12,59.99,14.99,45.0,300.2001334222815,37,51,5.0,55.058493150684924,10.0,0
2018-08-13,59.99,14.99,45.0,300.2001334222815,38,52,5.0,55.05849315068494,10.0,0
2018-08-14,59.99,14.99,45.0,300.2001334222815,39,53,5.0,55.058493150684924,10.0,0
2018-08-15,59.99,14.99,45.0,300.2001334222815,40,54,5.0,55.05849315068494,10.0,0
2018-08-16,59.99,14.99,45.0,300.2001334222815,41,55,5.0,55.05849315068494,10.0,0
2018-08-17,59.99,14.99,45.0,300.2001334222815,42,56,5.0,55.058493150684924,10.0,0
2018-08-18,59.99,14.99,45.0,300.2001334222815,43,57,5.0,55.05849315068494,10.0,0
2018-08-19,59.99,14.99,45.0,300.2001334222815,44,58,5.0,55.058493150684924,10.0,0
2018-08-20,59.99,14.99,45.0,300.2001334222815,45,59,5.0,55.05849315068494,10.0,0
2018-08-21,59.99,14.99,45.0,300.2001334222815,46,60,5.0,55.058493150684924,10.0,0
2018-08-22,59.99,14.99,45.0,300.2001334222815,47,61,5.0,55.05849315068494,10.0,0
2018-08-23,59.99,14.99,45.0,300.2001334222815,48,62,5.0,55.058493150684924,10.0,0
2018-08-24,59.99,14.99,45.0,300.2001334222815,49,63,5.0,55.05849315068494,10.0,0
2018-08-25,59.99,14.99,45.0,300.2001334222815,50,64,5.0,55.05849315068494,10.0,0
2018-08-26,59.99,14.99,45.0,300.2001334222815,51,65,5.0,55.058493150684924,10.0,0
2018-08-27,59.99,14.99,45.0,300.2001334222815,52,66,5.0,55.05849315068494,10.0,0
2018-08-28,59.99,14.99,45.0,300.2001334222815,53,67,5.0,55.058493150684924,10.0,0
2018-08-29,59.99,14.99,45.0,300.2001334222815,54,68,5.0,55.05849315068494,10.0,0
2018-08-30,59.99,14.99,45.0,300.2001334222815,55,69,5.0,55.058493150684924,10.0,0
2018-08-31,59.99,14.99,45.0,300.2001334222815,56,70,5.0,55.05849315068494,10.0,0
2018-09-01,59.99,14.99,45.0,300.2001334222815,57,71,5.0,55.05849315068494,10.0,0
2018-09-02,59.99,14.99,45.0,300.2001334222815,58,72,5.0,55.058493150684924,10.0,0
2018-09-03,59.99,14.99,45.0,300.2001334222815,59,73,5.0,55.05849315068494,10.0,0
2018-09-04,59.99,14.99,45.0,300.2001334222815,60,74,5.0,55.058493150684924,10.0,0
2018-09-05,59.99,14.99,45.0,300.2001334222815,61,75,5.0,55.05849315068494,10.0,0
2018-09-06,59.99,14.99,45.0,300.2001334222815,62,76,5.0,55.058493150684924,10.0,0
2018-09-07,59.99,14.99,45.0,300.2001334222815,63,77,5.0,55.05849315068494,10.0,0
2018-09-08,59.99,14.99,45.0,300.2001334222815,64,78,5.0,55.058493150684924,10.0,0
2018-09-09,59.99,14.99,45.0,300.2001334222815,65,79,5.0,55.05849315068494,10.0,0
2018-09-10,59.99,14.99,45.0,300.2001334222815,66,80,5.0,55.05849315068494,10.0,0
2018-09-11,59.99,14.99,45.0,300.2001334222815,67,81,5.0,55.058493150684924,10.0,0
2018-09-12,59.99,14.99,45.0,300.2001334222815,68,82,5.0,55.05849315068494,10.0,0
2018-09-13,59.99,14.99,45.0,300.2001334222815,69,83,5.0,55.058493150684924,10.0,0
2018-09-14,59.99,14.99,45.0,300.2001334222815,70,84,5.0,55.05849315068494,10.0,0
2018-09-15,59.99,14.99,45.0,300.2001334222815,71,85,5.0,55.058493150684924,10.0,0
2018-09-16,59.99,14.99,45.0,300.2001334222815,72,86,4.0,55.15712328767124,9.0,0
2018-09-17,59.99,14.99,45.0,300.2001334222815,73,87,4.0,55.25575342465753,9.0,0
2018-09-18,59.99,14.99,45.0,300.2001334222815,74,88,4.0,55.35438356164384,9.0,0
2018-09-19,59.99,14.99,45.0,300.2001334222815,75,89,4.0,55.453013698630144,9.0,0
2018-09-20,59.99,14.99,45.0,300.2001334222815,76,90,4.0,55.45301369863013,8.0,0
2018-09-21,59.99,14.99,45.0,300.2001334222815,77,91,4.0,55.453013698630144,8.0,0
2018-09-22,59.99,14.99,45.0,300.2001334222815,78,92,4.0,55.45301369863013,8.0,0
2018-09-23,59.99,14.99,45.0,300.2001334222815,79,93,4.0,55.453013698630144,8.0,0
2018-09-24,59.99,14.99,45.0,300.2001334222815,80,94,4.0,55.45301369863013,8.0,0
2018-09-25,59.99,14.99,45.0,300.2001334222815,81,95,4.0,55.453013698630144,8.0,0
2018-09-26,59.99,14.99,45.0,300.2001334222815,82,96,4.0,55.453013698630144,8.0,0
2018-09-27,59.99,14.99,45.0,300.2001334222815,83,97,4.0,55.45301369863013,8.0,0
2018-09-28,59.99,14.99,45.0,300.2001334222815,84,98,4.0,55.453013698630144,8.0,0
2018-09-29,59.99,14.99,45.0,300.2001334222815,85,99,4.0,55.45301369863013,8.0,0
2018-09-30,59.99,14.99,45.0,300.2001334222815,86,100,4.0,55.453013698630144,8.0,1
2018-10-01,59.99,14.99,45.0,300.2001334222815,87,101,4.0,55.45301369863013,8.0,1
2018-10-02,59.99,14.99,45.0,300.2001334222815,88,102,4.0,55.453013698630144,8.0,1
2018-10-03,59.99,14.99,45.0,300.2001334222815,89,103,4.0,55.45301369863013,8.0,1
2018-10-04,59.99,14.99,45.0,300.2001334222815,90,104,4.0,55.453013698630144,8.0,1
2018-10-05,59.99,14.99,45.0,300.2001334222815,91,105,4.0,55.453013698630144,8.0,1
2018-10-06,59.99,14.99,45.0,300.2001334222815,92,106,4.0,55.45301369863013,8.0,1
2018-10-07,59.99,14.99,45.0,300.2001334222815,93,107,4.0,55.453013698630144,8.0,1
2018-10-08,59.99,14.99,45.0,300.2001334222815,94,108,4.0,55.45301369863013,8.0,1
2018-10-09,59.99,14.99,45.0,300.2001334222815,95,109,4.0,55.453013698630144,8.0,1
2018-10-10,59.99,14.99,45.0,300.2001334222815,96,110,4.0,55.45301369863013,8.0,1
2018-10-11,59.99,14.99,45.0,300.2001334222815,97,111,4.0,55.453013698630144,8.0,1
2018-10-12,59.99,14.99,45.0,300.2001334222815,98,112,4.0,55.453013698630144,8.0,1
2018-10-13,59.99,14.99,45.0,300.2001334222815,99,113,4.0,55.453013698630144,8.0,1
2018-10-14,59.99,14.99,45.0,300.2001334222815,100,114,4.0,55.453013698630144,8.0,1
2018-10-15,59.99,14.99,45.0,300.2001334222815,101,115,4.0,55.45301369863013,8.0,1
2018-10-16,59.99,14.99,45.0,300.2001334222815,102,116,4.0,55.453013698630144,8.0,1
2018-10-17,59.99,14.99,45.0,300.2001334222815,103,117,4.0,55.45301369863013,8.0,1
2018-10-18,59.99,14.99,45.0,300.2001334222815,104,118,4.0,55.453013698630144,8.0,1
2018-10-19,59.99,14.99,45.0,300.2001334222815,105,119,4.0,55.45301369863013,8.0,1
2018-10-20,59.99,14.99,45.0,300.2001334222815,106,120,4.0,55.453013698630144,8.0,1
2018-10-21,59.99,14.99,45.0,300.2001334222815,107,121,4.0,55.453013698630144,8.0,1
2018-10-22,59.99,14.99,45.0,300.2001334222815,108,122,4.0,55.45301369863013,8.0,1
2018-10-23,59.99,14.99,45.0,300.2001334222815,109,123,4.0,55.453013698630144,8.0,1
2018-10-24,59.99,14.99,45.0,300.2001334222815,110,124,4.0,55.45301369863013,8.0,1
2018-10-25,59.99,14.99,45.0,300.2001334222815,111,125,4.0,55.453013698630144,8.0,1
2018-10-26,59.99,14.99,45.0,300.2001334222815,112,126,4.0,55.45301369863013,8.0,1
2018-10-27,59.99,14.99,45.0,300.2001334222815,113,127,4.0,55.453013698630144,8.0,1
2018-10-28,59.99,14.99,45.0,300.2001334222815,114,128,4.0,55.45301369863013,8.0,1
2018-10-29,59.99,14.99,45.0,300.2001334222815,115,129,4.0,55.453013698630144,8.0,1
2018-10-30,14.99,14.99,0.0,0.0,0,0,4.0,55.453013698630144,8.0,0
2018-10-31,14.99,14.99,0.0,0.0,1,1,5.0,55.32972602739726,9.0,0
2018-11-01,14.99,14.99,0.0,0.0,2,2,5.0,55.20643835616439,9.0,0
2018-11-02,14.99,14.99,0.0,0.0,3,3,5.0,55.0831506849315,9.0,0
2018-11-03,14.99,14.99,0.0,0.0,4,4,5.0,54.95986301369864,9.0,0
2018-11-04,14.99,14.99,0.0,0.0,5,5,5.0,54.83657534246575,9.0,0
2018-11-05,14.99,14.99,0.0,0.0,6,6,5.0,54.713287671232884,9.0,0
2018-11-06,59.99,14.99,45.0,300.2001334222815,0,7,5.0,54.59,9.0,1
2018-11-07,59.99,14.99,45.0,300.2001334222815,1,8,5.0,54.589999999999996,10.0,1
2018-11-08,59.99,14.99,45.0,300.2001334222815,2,9,5.0,54.59,10.0,1
2018-11-09,59.99,14.99,45.0,300.2001334222815,3,10,5.0,54.589999999999996,10.0,1
2018-11-10,59.99,14.99,45.0,300.2001334222815,4,11,5.0,54.59,10.0,1
2018-11-11,59.99,14.99,45.0,300.2001334222815,5,12,5.0,54.589999999999996,10.0,1
2018-11-12,59.99,14.99,45.0,300.2001334222815,6,13,5.0,54.59,10.0,1
2018-11-13,59.99,14.99,45.0,300.2001334222815,7,14,5.0,54.589999999999996,10.0,1
2018-11-14,59.99,14.99,45.0,300.2001334222815,8,15,5.0,54.59,10.0,1
2018-11-15,59.99,14.99,45.0,300.2001334222815,9,16,5.0,54.59,10.0,1
2018-11-16,59.99,14.99,45.0,300.2001334222815,10,17,5.0,54.589999999999996,10.0,1
2018-11-17,59.99,14.99,45.0,300.2001334222815,11,18,5.0,54.59,10.0,1
2018-11-18,59.99,14.99,45.0,300.2001334222815,12,19,5.0,54.589999999999996,10.0,1
2018-11-19,59.99,14.99,45.0,300.2001334222815,13,20,5.0,54.59,10.0,1
2018-11-20,59.99,14.99,45.0,300.2001334222815,14,21,5.0,54.589999999999996,10.0,1
2018-11-21,59.99,14.99,45.0,300.2001334222815,15,22,5.0,54.59,10.0,1
2018-11-22,14.99,14.99,0.0,0.0,0,0,5.0,54.589999999999996,10.0,0
2018-11-23,14.99,14.99,0.0,0.0,1,1,6.0,54.46671232876713,11.0,0
2018-11-24,14.99,14.99,0.0,0.0,2,2,5.0,54.44205479452055,10.0,0
2018-11-25,14.99,14.99,0.0,0.0,3,3,5.0,54.417397260273965,10.0,0
2018-11-26,14.99,14.99,0.0,0.0,4,4,5.0,54.3927397260274,10.0,0
2018-11-27,14.99,14.99,0.0,0.0,5,5,5.0,54.368082191780815,10.0,0
2018-11-28,59.99,14.99,45.0,300.2001334222815,0,6,5.0,54.34342465753425,10.0,1
2018-11-29,59.99,14.99,45.0,300.2001334222815,1,7,5.0,54.442054794520544,11.0,1
2018-11-30,59.99,14.99,45.0,300.2001334222815,2,8,5.0,54.44205479452055,10.0,1
2018-12-01,59.99,14.99,45.0,300.2001334222815,3,9,5.0,54.44205479452055,10.0,1
2018-12-02,59.99,14.99,45.0,300.2001334222815,4,10,5.0,54.442054794520544,10.0,1
2018-12-03,59.99,14.99,45.0,300.2001334222815,5,11,5.0,54.44205479452055,10.0,1
2018-12-04,59.99,14.99,45.0,300.2001334222815,6,12,5.0,54.442054794520544,10.0,1
2018-12-05,59.99,14.99,45.0,300.2001334222815,7,13,5.0,54.44205479452055,10.0,1
2018-12-06,59.99,14.99,45.0,300.2001334222815,8,14,5.0,54.442054794520544,10.0,1
2018-12-07,59.99,14.99,45.0,300.2001334222815,9,15,5.0,54.44205479452055,10.0,1
2018-12-08,59.99,14.99,45.0,300.2001334222815,10,16,5.0,54.442054794520544,10.0,1
2018-12-09,59.99,14.99,45.0,300.2001334222815,11,17,5.0,54.44205479452055,10.0,1
2018-12-10,59.99,14.99,45.0,300.2001334222815,12,18,5.0,54.44205479452055,10.0,1
2018-12-11,59.99,14.99,45.0,300.2001334222815,13,19,5.0,54.442054794520544,10.0,1
2018-12-12,59.99,14.99,45.0,300.2001334222815,14,20,5.0,54.44205479452055,10.0,1
2018-12-13,59.99,14.99,45.0,300.2001334222815,15,21,5.0,54.442054794520544,10.0,1
2018-12-14,59.99,14.99,45.0,300.2001334222815,16,22,5.0,54.44205479452055,10.0,1
2018-12-15,59.99,14.99,45.0,300.2001334222815,17,23,5.0,54.442054794520544,10.0,1
2018-12-16,59.99,14.99,45.0,300.2001334222815,18,24,5.0,54.44205479452055,10.0,1
2018-12-17,59.99,14.99,45.0,300.2001334222815,19,25,5.0,54.44205479452055,10.0,1
2018-12-18,59.99,14.99,45.0,300.2001334222815,20,26,5.0,54.44205479452055,10.0,1
2018-12-19,59.99,14.99,45.0,300.2001334222815,21,27,5.0,54.44205479452055,10.0,1
2018-12-20,59.99,14.99,45.0,300.2001334222815,22,28,5.0,54.442054794520544,10.0,1
2018-12-21,14.99,14.99,0.0,0.0,0,0,5.0,54.44205479452055,10.0,0
2018-12-22,14.99,14.99,0.0,0.0,1,1,6.0,54.318767123287664,11.0,0
2018-12-23,14.99,14.99,0.0,0.0,2,2,5.0,54.31876712328768,10.0,0
2018-12-24,14.99,14.99,0.0,0.0,3,3,5.0,54.318767123287664,10.0,0
2018-12-25,14.99,14.99,0.0,0.0,4,4,5.0,54.31876712328768,10.0,0
2018-12-26,14.99,14.99,0.0,0.0,5,5,5.0,54.31876712328768,10.0,0
2018-12-27,14.99,14.99,0.0,0.0,6,6,5.0,54.318767123287664,10.0,0
2018-12-28,14.99,14.99,0.0,0.0,7,7,5.0,54.31876712328768,10.0,0
2018-12-29,14.99,14.99,0.0,0.0,8,8,5.0,54.318767123287664,10.0,0
2018-12-30,14.99,14.99,0.0,0.0,9,9,5.0,54.31876712328768,10.0,0
2018-12-31,14.99,14.99,0.0,0.0,10,10,5.0,54.318767123287664,10.0,0
2019-01-01,14.99,14.99,0.0,0.0,11,11,5.0,54.31876712328768,10.0,0
2019-01-02,14.99,14.99,0.0,0.0,12,12,5.0,54.318767123287664,10.0,0
2019-01-03,14.99,14.99,0.0,0.0,13,13,5.0,54.31876712328768,10.0,0
2019-01-04,59.99,14.99,45.0,300.2001334222815,0,14,5.0,54.31876712328768,10.0,0
2019-01-05,59.99,14.99,45.0,300.2001334222815,1,15,5.0,54.442054794520544,11.0,0
2019-01-06,59.99,14.99,45.0,300.2001334222815,2,16,5.0,54.44205479452055,10.0,1
2019-01-07,59.99,14.99,45.0,300.2001334222815,3,17,5.0,54.442054794520544,10.0,1
2019-01-08,59.99,14.99,45.0,300.2001334222815,4,18,5.0,54.44205479452055,10.0,1
2019-01-09,59.99,14.99,45.0,300.2001334222815,5,19,5.0,54.442054794520544,10.0,1
2019-01-10,59.99,14.99,45.0,300.2001334222815,6,20,5.0,54.44205479452055,10.0,1
2019-01-11,59.99,14.99,45.0,300.2001334222815,7,21,5.0,54.44205479452055,10.0,1
2019-01-12,59.99,14.99,45.0,300.2001334222815,8,22,5.0,54.44205479452055,10.0,1
2019-01-13,59.99,14.99,45.0,300.2001334222815,9,23,5.0,54.44205479452055,10.0,1
2019-01-14,59.99,14.99,45.0,300.2001334222815,10,24,5.0,54.442054794520544,10.0,1
2019-01-15,59.99,14.99,45.0,300.2001334222815,11,25,5.0,54.44205479452055,10.0,1
2019-01-16,59.99,14.99,45.0,300.2001334222815,12,26,5.0,54.442054794520544,10.0,1
2019-01-17,59.99,14.99,45.0,300.2001334222815,13,27,5.0,54.44205479452055,10.0,1
2019-01-18,59.99,14.99,45.0,300.2001334222815,14,28,5.0,54.442054794520544,10.0,1
2019-01-19,59.99,14.99,45.0,300.2001334222815,15,29,5.0,54.44205479452055,10.0,1
2019-01-20,59.99,14.99,45.0,300.2001334222815,16,30,5.0,54.44205479452055,10.0,1
2019-01-21,59.99,14.99,45.0,300.2001334222815,17,31,5.0,54.442054794520544,10.0,1
2019-01-22,59.99,14.99,45.0,300.2001334222815,18,32,5.0,54.44205479452055,10.0,1
2019-01-23,59.99,14.99,45.0,300.2001334222815,19,33,5.0,54.442054794520544,10.0,1
2019-01-24,59.99,14.99,45.0,300.2001334222815,20,34,5.0,54.44205479452055,10.0,1
2019-01-25,59.99,14.99,45.0,300.2001334222815,21,35,5.0,54.442054794520544,10.0,1
2019-01-26,59.99,14.99,45.0,300.2001334222815,22,36,5.0,54.44205479452055,10.0,1
2019-01-27,59.99,14.99,45.0,300.2001334222815,23,37,5.0,54.442054794520544,10.0,1
2019-01-28,59.99,14.99,45.0,300.2001334222815,24,38,5.0,54.44205479452055,10.0,1
2019-01-29,59.99,14.99,45.0,300.2001334222815,25,39,5.0,54.44205479452055,10.0,1
2019-01-30,59.99,14.99,45.0,300.2001334222815,26,40,5.0,54.442054794520544,10.0,1
2019-01-31,59.99,14.99,45.0,300.2001334222815,27,41,5.0,54.44205479452055,10.0,1
2019-02-01,59.99,14.99,45.0,300.2001334222815,28,42,5.0,54.442054794520544,10.0,1
2019-02-02,59.99,14.99,45.0,300.2001334222815,29,43,5.0,54.44205479452055,10.0,1
2019-02-03,59.99,14.99,45.0,300.2001334222815,30,44,5.0,54.442054794520544,10.0,1
2019-02-04,59.99,14.99,45.0,300.2001334222815,31,45,5.0,54.44205479452055,10.0,1
2019-02-05,14.99,14.99,0.0,0.0,0,0,5.0,54.44205479452055,10.0,0
2019-02-06,14.99,14.99,0.0,0.0,1,1,6.0,54.318767123287664,11.0,0
2019-02-07,14.99,14.99,0.0,0.0,2,2,6.0,54.1954794520548,11.0,0
2019-02-08,14.99,14.99,0.0,0.0,3,3,6.0,54.07219178082191,11.0,0
2019-02-09,14.99,14.99,0.0,0.0,4,4,6.0,53.948904109589044,11.0,0
2019-02-10,14.99,14.99,0.0,0.0,5,5,6.0,53.825616438356164,11.0,0
2019-02-11,14.99,14.99,0.0,0.0,6,6,6.0,53.70232876712329,11.0,0
2019-02-12,59.99,14.99,45.0,300.2001334222815,0,7,6.0,53.57904109589041,11.0,1
2019-02-13,59.99,14.99,45.0,300.2001334222815,1,8,6.0,53.57904109589042,12.0,1
2019-02-14,59.99,14.99,45.0,300.2001334222815,2,9,6.0,53.57904109589042,12.0,1
2019-02-15,14.99,14.99,0.0,0.0,0,0,6.0,53.57904109589041,12.0,0
2019-02-16,14.99,14.99,0.0,0.0,1,1,7.0,53.45575342465754,13.0,0
2019-02-17,14.99,14.99,0.0,0.0,2,2,6.0,53.45575342465753,12.0,0
2019-02-18,14.99,14.99,0.0,0.0,3,3,6.0,53.45575342465754,12.0,0
2019-02-19,59.99,14.99,45.0,300.2001334222815,0,4,6.0,53.45575342465753,12.0,0
2019-02-20,59.99,14.99,45.0,300.2001334222815,1,5,6.0,53.57904109589042,13.0,0
2019-02-21,59.99,14.99,45.0,300.2001334222815,2,6,6.0,53.57904109589041,12.0,0
2019-02-22,59.99,14.99,45.0,300.2001334222815,3,7,6.0,53.57904109589042,12.0,0
2019-02-23,59.99,14.99,45.0,300.2001334222815,4,8,6.0,53.57904109589042,12.0,0
2019-02-24,59.99,14.99,45.0,300.2001334222815,5,9,6.0,53.57904109589041,12.0,0
2019-02-25,59.99,14.99,45.0,300.2001334222815,6,10,6.0,53.57904109589042,12.0,0
2019-02-26,59.99,14.99,45.0,300.2001334222815,7,11,6.0,53.57904109589041,12.0,0
2019-02-27,59.99,14.99,45.0,300.2001334222815,8,12,6.0,53.57904109589042,12.0,0
2019-02-28,59.99,14.99,45.0,300.2001334222815,9,13,6.0,53.57904109589041,12.0,0
2019-03-01,59.99,14.99,45.0,300.2001334222815,10,14,6.0,53.57904109589042,12.0,0
2019-03-02,59.99,14.99,45.0,300.2001334222815,11,15,6.0,53.57904109589042,12.0,0
2019-03-03,59.99,14.99,45.0,300.2001334222815,12,16,6.0,53.57904109589041,12.0,0
2019-03-04,59.99,14.99,45.0,300.2001334222815,13,17,6.0,53.57904109589042,12.0,0
2019-03-05,59.99,14.99,45.0,300.2001334222815,14,18,6.0,53.57904109589041,12.0,0
2019-03-06,59.99,14.99,45.0,300.2001334222815,15,19,6.0,53.57904109589042,12.0,0
2019-03-07,59.99,14.99,45.0,300.2001334222815,16,20,6.0,53.57904109589041,12.0,0
2019-03-08,59.99,14.99,45.0,300.2001334222815,17,21,6.0,53.57904109589042,12.0,0
2019-03-09,59.99,14.99,45.0,300.2001334222815,18,22,6.0,53.57904109589041,12.0,0
2019-03-10,59.99,14.99,45.0,300.2001334222815,19,23,6.0,53.57904109589042,12.0,0
2019-03-11,59.99,14.99,45.0,300.2001334222815,20,24,6.0,53.57904109589042,12.0,0
2019-03-12,59.99,14.99,45.0,300.2001334222815,21,25,6.0,53.57904109589041,12.0,0
2019-03-13,59.99,14.99,45.0,300.2001334222815,22,26,6.0,53.57904109589042,12.0,0
2019-03-14,59.99,14.99,45.0,300.2001334222815,23,27,6.0,53.57904109589041,12.0,0
2019-03-15,59.99,14.99,45.0,300.2001334222815,24,28,6.0,53.57904109589042,12.0,0
2019-03-16,59.99,14.99,45.0,300.2001334222815,25,29,6.0,53.57904109589041,12.0,0
2019-03-17,59.99,14.99,45.0,300.2001334222815,26,30,6.0,53.57904109589042,12.0,0
2019-03-18,59.99,14.99,45.0,300.2001334222815,27,31,6.0,53.57904109589042,12.0,0
2019-03-19,59.99,14.99,45.0,300.2001334222815,28,32,6.0,53.57904109589042,12.0,0
2019-03-20,59.99,14.99,45.0,300.2001334222815,29,33,6.0,53.57904109589042,12.0,0
2019-03-21,59.99,14.99,45.0,300.2001334222815,30,34,6.0,53.57904109589041,12.0,0
2019-03-22,59.99,14.99,45.0,300.2001334222815,31,35,6.0,53.57904109589042,12.0,0
2019-03-23,59.99,14.99,45.0,300.2001334222815,32,36,6.0,53.57904109589041,12.0,0
2019-03-24,59.99,14.99,45.0,300.2001334222815,33,37,6.0,53.57904109589042,12.0,0
2019-03-25,59.99,14.99,45.0,300.2001334222815,34,38,6.0,53.57904109589041,12.0,0
2019-03-26,59.99,14.99,45.0,300.2001334222815,35,39,6.0,53.57904109589042,12.0,0
2019-03-27,59.99,14.99,45.0,300.2001334222815,36,40,6.0,53.57904109589042,12.0,0
2019-03-28,59.99,14.99,45.0,300.2001334222815,37,41,6.0,53.57904109589041,12.0,0
2019-03-29,59.99,14.99,45.0,300.2001334222815,38,42,6.0,53.57904109589042,12.0,0
2019-03-30,59.99,14.99,45.0,300.2001334222815,39,43,6.0,53.57904109589041,12.0,0
2019-03-31,59.99,14.99,45.0,300.2001334222815,40,44,6.0,53.57904109589042,12.0,1
2019-04-01,59.99,14.99,45.0,300.2001334222815,41,45,6.0,53.57904109589041,12.0,1
2019-04-02,59.99,14.99,45.0,300.2001334222815,42,46,6.0,53.57904109589042,12.0,1
2019-04-03,59.99,14.99,45.0,300.2001334222815,43,47,6.0,53.57904109589041,12.0,1
2019-04-04,59.99,14.99,45.0,300.2001334222815,44,48,6.0,53.57904109589042,12.0,1
2019-04-05,59.99,14.99,45.0,300.2001334222815,45,49,6.0,53.57904109589042,12.0,1
2019-04-06,59.99,14.99,45.0,300.2001334222815,46,50,6.0,53.57904109589041,12.0,1
2019-04-07,59.99,14.99,45.0,300.2001334222815,47,51,6.0,53.57904109589042,12.0,1
2019-04-08,59.99,14.99,45.0,300.2001334222815,48,52,6.0,53.57904109589041,12.0,1
2019-04-09,59.99,14.99,45.0,300.2001334222815,49,53,6.0,53.57904109589042,12.0,1
2019-04-10,59.99,14.99,45.0,300.2001334222815,50,54,6.0,53.57904109589041,12.0,1
2019-04-11,59.99,14.99,45.0,300.2001334222815,51,55,6.0,53.57904109589042,12.0,1
2019-04-12,59.99,14.99,45.0,300.2001334222815,52,56,6.0,53.57904109589042,12.0,1
2019-04-13,59.99,14.99,45.0,300.2001334222815,53,57,6.0,53.57904109589041,12.0,1
2019-04-14,59.99,14.99,45.0,300.2001334222815,54,58,6.0,53.57904109589042,12.0,1
2019-04-15,59.99,14.99,45.0,300.2001334222815,55,59,6.0,53.57904109589041,12.0,1
2019-04-16,59.99,14.99,45.0,300.2001334222815,56,60,6.0,53.57904109589042,12.0,1
2019-04-17,59.99,14.99,45.0,300.2001334222815,57,61,6.0,53.57904109589041,12.0,1
2019-04-18,59.99,14.99,45.0,300.2001334222815,58,62,6.0,53.57904109589042,12.0,1
2019-04-19,59.99,14.99,45.0,300.2001334222815,59,63,6.0,53.57904109589041,12.0,1
2019-04-20,59.99,14.99,45.0,300.2001334222815,60,64,6.0,53.57904109589042,12.0,1
2019-04-21,59.99,14.99,45.0,300.2001334222815,61,65,6.0,53.57904109589042,12.0,1
2019-04-22,59.99,14.99,45.0,300.2001334222815,62,66,6.0,53.57904109589041,12.0,1
2019-04-23,59.99,14.99,45.0,300.2001334222815,63,67,6.0,53.57904109589042,12.0,1
2019-04-24,59.99,14.99,45.0,300.2001334222815,64,68,6.0,53.57904109589041,12.0,1
2019-04-25,59.99,14.99,45.0,300.2001334222815,65,69,6.0,53.57904109589042,12.0,1
2019-04-26,59.99,14.99,45.0,300.2001334222815,66,70,6.0,53.57904109589041,12.0,1
2019-04-27,59.99,14.99,45.0,300.2001334222815,67,71,6.0,53.57904109589042,12.0,1
2019-04-28,59.99,14.99,45.0,300.2001334222815,68,72,6.0,53.57904109589041,12.0,1
2019-04-29,59.99,14.99,45.0,300.2001334222815,69,73,6.0,53.57904109589042,12.0,1
2019-04-30,14.99,14.99,0.0,0.0,0,0,6.0,53.57904109589042,12.0,0
2019-05-01,14.99,14.99,0.0,0.0,1,1,7.0,53.45575342465753,13.0,0
2019-05-02,14.99,14.99,0.0,0.0,2,2,7.0,53.332465753424664,13.0,0
2019-05-03,14.99,14.99,0.0,0.0,3,3,7.0,53.20917808219178,13.0,0
2019-05-04,14.99,14.99,0.0,0.0,4,4,7.0,53.08589041095891,13.0,0
2019-05-05,14.99,14.99,0.0,0.0,5,5,7.0,52.96260273972602,13.0,0
2019-05-06,14.99,14.99,0.0,0.0,6,6,7.0,52.83931506849316,13.0,0
2019-05-07,59.99,14.99,45.0,300.2001334222815,0,7,7.0,52.71602739726028,13.0,0
2019-05-08,59.99,14.99,45.0,300.2001334222815,1,8,7.0,52.71602739726027,14.0,0
2019-05-09,59.99,14.99,45.0,300.2001334222815,2,9,7.0,52.71602739726028,14.0,0
2019-05-10,59.99,14.99,45.0,300.2001334222815,3,10,7.0,52.71602739726027,14.0,0
2019-05-11,59.99,14.99,45.0,300.2001334222815,4,11,7.0,52.71602739726028,14.0,0
2019-05-12,59.99,14.99,45.0,300.2001334222815,5,12,7.0,52.71602739726027,14.0,0
2019-05-13,59.99,14.99,45.0,300.2001334222815,6,13,7.0,52.71602739726028,14.0,0
2019-05-14,59.99,14.99,45.0,300.2001334222815,7,14,7.0,52.71602739726027,14.0,0
2019-05-15,59.99,14.99,45.0,300.2001334222815,8,15,7.0,52.71602739726028,14.0,1
2019-05-16,59.99,14.99,45.0,300.2001334222815,9,16,7.0,52.71602739726028,14.0,1
2019-05-17,59.99,14.99,45.0,300.2001334222815,10,17,7.0,52.71602739726027,14.0,1
2019-05-18,59.99,14.99,45.0,300.2001334222815,11,18,7.0,52.71602739726028,14.0,1
2019-05-19,59.99,14.99,45.0,300.2001334222815,12,19,7.0,52.71602739726027,14.0,1
2019-05-20,59.99,14.99,45.0,300.2001334222815,13,20,7.0,52.71602739726028,14.0,1
2019-05-21,59.99,14.99,45.0,300.2001334222815,14,21,7.0,52.71602739726027,14.0,1
2019-05-22,59.99,14.99,45.0,300.2001334222815,15,22,7.0,52.71602739726028,14.0,1
2019-05-23,59.99,14.99,45.0,300.2001334222815,16,23,7.0,52.71602739726027,14.0,1
2019-05-24,59.99,14.99,45.0,300.2001334222815,17,24,7.0,52.71602739726028,14.0,1
2019-05-25,59.99,14.99,45.0,300.2001334222815,18,25,7.0,52.71602739726028,14.0,1
2019-05-26,59.99,14.99,45.0,300.2001334222815,19,26,7.0,52.71602739726027,14.0,1
2019-05-27,59.99,14.99,45.0,300.2001334222815,20,27,7.0,52.71602739726028,14.0,1
2019-05-28,59.99,14.99,45.0,300.2001334222815,21,28,7.0,52.71602739726027,14.0,1
2019-05-29,59.99,14.99,45.0,300.2001334222815,22,29,7.0,52.71602739726028,14.0,1
2019-05-30,59.99,14.99,45.0,300.2001334222815,23,30,7.0,52.71602739726027,14.0,1
2019-05-31,59.99,14.99,45.0,300.2001334222815,24,31,7.0,52.71602739726028,14.0,1
2019-06-01,59.99,14.99,45.0,300.2001334222815,25,32,7.0,52.71602739726028,14.0,1
2019-06-02,59.99,14.99,45.0,300.2001334222815,26,33,7.0,52.71602739726027,14.0,1
2019-06-03,59.99,14.99,45.0,300.2001334222815,27,34,7.0,52.71602739726028,14.0,1
2019-06-04,59.99,14.99,45.0,300.2001334222815,28,35,7.0,52.71602739726027,14.0,1
2019-06-05,59.99,14.99,45.0,300.2001334222815,29,36,7.0,52.71602739726028,14.0,1
2019-06-06,59.99,14.99,45.0,300.2001334222815,30,37,7.0,52.71602739726027,14.0,1
2019-06-07,59.99,14.99,45.0,300.2001334222815,31,38,7.0,52.71602739726028,14.0,1
2019-06-08,59.99,14.99,45.0,300.2001334222815,32,39,7.0,52.71602739726027,14.0,1
2019-06-09,59.99,14.99,45.0,300.2001334222815,33,40,7.0,52.71602739726028,14.0,1
2019-06-10,59.99,14.99,45.0,300.2001334222815,34,41,7.0,52.71602739726028,14.0,1
2019-06-11,59.99,14.99,45.0,300.2001334222815,35,42,7.0,52.71602739726027,14.0,1
2019-06-12,59.99,14.99,45.0,300.2001334222815,36,43,7.0,52.71602739726028,14.0,1
2019-06-13,59.99,14.99,45.0,300.2001334222815,37,44,7.0,52.71602739726027,14.0,1
2019-06-14,14.99,14.99,0.0,0.0,0,0,7.0,52.71602739726028,14.0,0
2019-06-15,14.99,14.99,0.0,0.0,1,1,8.0,52.592739726027396,15.0,0
2019-06-16,14.99,14.99,0.0,0.0,2,2,8.0,52.46945205479452,15.0,0
2019-06-17,14.99,14.99,0.0,0.0,3,3,8.0,52.34616438356165,15.0,0
2019-06-18,59.99,14.99,45.0,300.2001334222815,0,4,8.0,52.22287671232877,15.0,1
2019-06-19,59.99,14.99,45.0,300.2001334222815,1,5,8.0,52.22287671232877,16.0,1
2019-06-20,59.99,14.99,45.0,300.2001334222815,2,6,8.0,52.22287671232876,16.0,1
2019-06-21,59.99,14.99,45.0,300.2001334222815,3,7,8.0,52.22287671232877,16.0,1
2019-06-22,59.99,14.99,45.0,300.2001334222815,4,8,8.0,52.22287671232876,16.0,1
2019-06-23,59.99,14.99,45.0,300.2001334222815,5,9,7.0,52.34616438356165,15.0,1
2019-06-24,59.99,14.99,45.0,300.2001334222815,6,10,7.0,52.469452054794516,15.0,1
2019-06-25,59.99,14.99,45.0,300.2001334222815,7,11,7.0,52.5927397260274,15.0,1
2019-06-26,14.99,14.99,0.0,0.0,0,0,7.0,52.71602739726028,15.0,0
2019-06-27,14.99,14.99,0.0,0.0,1,1,8.0,52.71602739726027,16.0,0
2019-06-28,14.99,14.99,0.0,0.0,2,2,8.0,52.71602739726028,16.0,0
2019-06-29,14.99,14.99,0.0,0.0,3,3,8.0,52.71602739726027,16.0,0
2019-06-30,14.99,14.99,0.0,0.0,4,4,8.0,52.71602739726028,16.0,0
2019-07-01,14.99,14.99,0.0,0.0,5,5,8.0,52.71602739726027,16.0,0
2019-07-02,14.99,14.99,0.0,0.0,6,6,8.0,52.71602739726028,16.0,0
2019-07-03,14.99,14.99,0.0,0.0,7,7,8.0,52.71602739726027,16.0,0
2019-07-04,14.99,14.99,0.0,0.0,8,8,8.0,52.71602739726028,16.0,0
2019-07-05,14.99,14.99,0.0,0.0,9,9,8.0,52.71602739726028,16.0,0
2019-07-06,14.99,14.99,0.0,0.0,10,10,8.0,52.71602739726027,16.0,0
2019-07-07,14.99,14.99,0.0,0.0,11,11,8.0,52.5927397260274,15.0,0
2019-07-08,14.99,14.99,0.0,0.0,12,12,8.0,52.469452054794516,15.0,0
2019-07-09,14.99,14.99,0.0,0.0,13,13,8.0,52.34616438356165,15.0,0
2019-07-10,59.99,14.99,45.0,300.2001334222815,0,14,8.0,52.22287671232876,15.0,0
2019-07-11,59.99,14.99,45.0,300.2001334222815,1,15,8.0,52.22287671232877,16.0,0
2019-07-12,59.99,14.99,45.0,300.2001334222815,2,16,8.0,52.22287671232877,16.0,0
2019-07-13,59.99,14.99,45.0,300.2001334222815,3,17,8.0,52.22287671232876,16.0,0
2019-07-14,59.99,14.99,45.0,300.2001334222815,4,18,8.0,52.22287671232877,16.0,0
2019-07-15,59.99,14.99,45.0,300.2001334222815,5,19,8.0,52.22287671232876,16.0,0
2019-07-16,59.99,14.99,45.0,300.2001334222815,6,20,8.0,52.22287671232877,16.0,0
2019-07-17,59.99,14.99,45.0,300.2001334222815,7,21,8.0,52.22287671232876,16.0,0
2019-07-18,59.99,14.99,45.0,300.2001334222815,8,22,8.0,52.22287671232877,16.0,0
2019-07-19,59.99,14.99,45.0,300.2001334222815,9,23,8.0,52.22287671232876,16.0,0
2019-07-20,59.99,14.99,45.0,300.2001334222815,10,24,8.0,52.22287671232877,16.0,0
2019-07-21,59.99,14.99,45.0,300.2001334222815,11,25,8.0,52.22287671232877,16.0,0
2019-07-22,59.99,14.99,45.0,300.2001334222815,12,26,8.0,52.22287671232876,16.0,0
2019-07-23,59.99,14.99,45.0,300.2001334222815,13,27,8.0,52.22287671232877,16.0,0
2019-07-24,59.99,14.99,45.0,300.2001334222815,14,28,8.0,52.22287671232876,16.0,0
2019-07-25,59.99,14.99,45.0,300.2001334222815,15,29,8.0,52.22287671232877,16.0,0
2019-07-26,59.99,14.99,45.0,300.2001334222815,16,30,8.0,52.22287671232876,16.0,0
2019-07-27,59.99,14.99,45.0,300.2001334222815,17,31,8.0,52.22287671232877,16.0,0
2019-07-28,59.99,14.99,45.0,300.2001334222815,18,32,8.0,52.22287671232876,16.0,0
2019-07-29,59.99,14.99,45.0,300.2001334222815,19,33,8.0,52.22287671232877,16.0,0
2019-07-30,59.99,14.99,45.0,300.2001334222815,20,34,8.0,52.22287671232877,16.0,0
2019-07-31,59.99,14.99,45.0,300.2001334222815,21,35,8.0,52.22287671232876,16.0,0
2019-08-01,59.99,14.99,45.0,300.2001334222815,22,36,8.0,52.22287671232877,16.0,0
2019-08-02,59.99,14.99,45.0,300.2001334222815,23,37,8.0,52.22287671232876,16.0,0
2019-08-03,59.99,14.99,45.0,300.2001334222815,24,38,8.0,52.22287671232877,16.0,0
2019-08-04,59.99,14.99,45.0,300.2001334222815,25,39,8.0,52.22287671232876,16.0,0
2019-08-05,59.99,14.99,45.0,300.2001334222815,26,40,8.0,52.22287671232877,16.0,0
2019-08-06,59.99,14.99,45.0,300.2001334222815,27,41,8.0,52.22287671232877,16.0,0
2019-08-07,59.99,14.99,45.0,300.2001334222815,28,42,8.0,52.22287671232876,16.0,1
2019-08-08,59.99,14.99,45.0,300.2001334222815,29,43,8.0,52.22287671232877,16.0,1
2019-08-09,59.99,14.99,45.0,300.2001334222815,30,44,8.0,52.22287671232876,16.0,1
2019-08-10,59.99,14.99,45.0,300.2001334222815,31,45,8.0,52.22287671232877,16.0,1
2019-08-11,59.99,14.99,45.0,300.2001334222815,32,46,8.0,52.22287671232876,16.0,1
2019-08-12,59.99,14.99,45.0,300.2001334222815,33,47,8.0,52.22287671232877,16.0,1
2019-08-13,59.99,14.99,45.0,300.2001334222815,34,48,8.0,52.22287671232876,16.0,1
2019-08-14,59.99,14.99,45.0,300.2001334222815,35,49,8.0,52.22287671232877,16.0,1
2019-08-15,59.99,14.99,45.0,300.2001334222815,36,50,8.0,52.22287671232877,16.0,1
2019-08-16,59.99,14.99,45.0,300.2001334222815,37,51,8.0,52.22287671232876,16.0,1
2019-08-17,59.99,14.99,45.0,300.2001334222815,38,52,8.0,52.22287671232877,16.0,1
2019-08-18,59.99,14.99,45.0,300.2001334222815,39,53,8.0,52.22287671232876,16.0,1
2019-08-19,59.99,14.99,45.0,300.2001334222815,40,54,8.0,52.22287671232877,16.0,1
2019-08-20,59.99,14.99,45.0,300.2001334222815,41,55,8.0,52.22287671232876,16.0,1
2019-08-21,59.99,14.99,45.0,300.2001334222815,42,56,8.0,52.22287671232877,16.0,1
2019-08-22,59.99,14.99,45.0,300.2001334222815,43,57,8.0,52.22287671232876,16.0,1
2019-08-23,59.99,14.99,45.0,300.2001334222815,44,58,8.0,52.22287671232877,16.0,1
2019-08-24,59.99,14.99,45.0,300.2001334222815,45,59,8.0,52.22287671232877,16.0,1
2019-08-25,59.99,14.99,45.0,300.2001334222815,46,60,8.0,52.22287671232876,16.0,1
2019-08-26,59.99,14.99,45.0,300.2001334222815,47,61,8.0,52.22287671232877,16.0,1
2019-08-27,59.99,14.99,45.0,300.2001334222815,48,62,8.0,52.22287671232876,16.0,1
2019-08-28,59.99,14.99,45.0,300.2001334222815,49,63,8.0,52.22287671232877,16.0,1
2019-08-29,59.99,14.99,45.0,300.2001334222815,50,64,8.0,52.22287671232876,16.0,1
2019-08-30,59.99,14.99,45.0,300.2001334222815,51,65,8.0,52.22287671232877,16.0,1
2019-08-31,59.99,14.99,45.0,300.2001334222815,52,66,8.0,52.22287671232877,16.0,1
2019-09-01,59.99,14.99,45.0,300.2001334222815,53,67,8.0,52.22287671232876,16.0,1
2019-09-02,59.99,14.99,45.0,300.2001334222815,54,68,8.0,52.22287671232877,16.0,1
2019-09-03,59.99,14.99,45.0,300.2001334222815,55,69,8.0,52.22287671232876,16.0,1
2019-09-04,59.99,14.99,45.0,300.2001334222815,56,70,8.0,52.22287671232877,16.0,1
2019-09-05,59.99,14.99,45.0,300.2001334222815,57,71,8.0,52.22287671232876,16.0,1
2019-09-06,14.99,14.99,0.0,0.0,0,0,8.0,52.22287671232877,16.0,0
2019-09-07,14.99,14.99,0.0,0.0,1,1,9.0,52.09958904109589,17.0,0
2019-09-08,14.99,14.99,0.0,0.0,2,2,9.0,51.97630136986302,17.0,0
2019-09-09,14.99,14.99,0.0,0.0,3,3,9.0,51.85301369863014,17.0,0
2019-09-10,59.99,14.99,45.0,300.2001334222815,0,4,9.0,51.729726027397255,17.0,0
2019-09-11,59.99,14.99,45.0,300.2001334222815,1,5,9.0,51.72972602739727,18.0,0
2019-09-12,59.99,14.99,45.0,300.2001334222815,2,6,9.0,51.729726027397255,18.0,0
2019-09-13,59.99,14.99,45.0,300.2001334222815,3,7,9.0,51.72972602739727,18.0,0
2019-09-14,59.99,14.99,45.0,300.2001334222815,4,8,9.0,51.729726027397255,18.0,0
2019-09-15,59.99,14.99,45.0,300.2001334222815,5,9,9.0,51.72972602739727,18.0,0
2019-09-16,59.99,14.99,45.0,300.2001334222815,6,10,9.0,51.72972602739727,18.0,0
2019-09-17,59.99,14.99,45.0,300.2001334222815,7,11,9.0,51.729726027397255,18.0,0
2019-09-18,59.99,14.99,45.0,300.2001334222815,8,12,9.0,51.72972602739727,18.0,0
2019-09-19,59.99,14.99,45.0,300.2001334222815,9,13,9.0,51.729726027397255,18.0,0
2019-09-20,59.99,14.99,45.0,300.2001334222815,10,14,9.0,51.72972602739727,18.0,0
2019-09-21,59.99,14.99,45.0,300.2001334222815,11,15,9.0,51.729726027397255,18.0,0
2019-09-22,59.99,14.99,45.0,300.2001334222815,12,16,9.0,51.72972602739727,18.0,0
2019-09-23,59.99,14.99,45.0,300.2001334222815,13,17,9.0,51.729726027397255,18.0,0
2019-09-24,59.99,14.99,45.0,300.2001334222815,14,18,9.0,51.72972602739727,18.0,0
2019-09-25,59.99,14.99,45.0,300.2001334222815,15,19,9.0,51.72972602739727,18.0,0
2019-09-26,59.99,14.99,45.0,300.2001334222815,16,20,9.0,51.729726027397255,18.0,0
2019-09-27,59.99,14.99,45.0,300.2001334222815,17,21,9.0,51.72972602739727,18.0,0
2019-09-28,59.99,14.99,45.0,300.2001334222815,18,22,9.0,51.729726027397255,18.0,0
2019-09-29,59.99,14.99,45.0,300.2001334222815,19,23,9.0,51.72972602739727,18.0,1
2019-09-30,59.99,14.99,45.0,300.2001334222815,20,24,9.0,51.729726027397255,18.0,1
2019-10-01,59.99,14.99,45.0,300.2001334222815,21,25,9.0,51.72972602739727,18.0,1
2019-10-02,59.99,14.99,45.0,300.2001334222815,22,26,9.0,51.729726027397255,18.0,1
2019-10-03,59.99,14.99,45.0,300.2001334222815,23,27,9.0,51.72972602739727,18.0,1
2019-10-04,59.99,14.99,45.0,300.2001334222815,24,28,9.0,51.72972602739727,18.0,1
2019-10-05,59.99,14.99,45.0,300.2001334222815,25,29,9.0,51.729726027397255,18.0,1
2019-10-06,59.99,14.99,45.0,300.2001334222815,26,30,9.0,51.72972602739727,18.0,1
2019-10-07,59.99,14.99,45.0,300.2001334222815,27,31,9.0,51.729726027397255,18.0,1
2019-10-08,59.99,14.99,45.0,300.2001334222815,28,32,9.0,51.72972602739727,18.0,1
2019-10-09,59.99,14.99,45.0,300.2001334222815,29,33,9.0,51.729726027397255,18.0,1
2019-10-10,59.99,14.99,45.0,300.2001334222815,30,34,9.0,51.72972602739727,18.0,1
2019-10-11,59.99,14.99,45.0,300.2001334222815,31,35,9.0,51.72972602739727,18.0,1
2019-10-12,59.99,14.99,45.0,300.2001334222815,32,36,9.0,51.729726027397255,18.0,1
2019-10-13,59.99,14.99,45.0,300.2001334222815,33,37,9.0,51.72972602739727,18.0,1
2019-10-14,59.99,14.99,45.0,300.2001334222815,34,38,9.0,51.729726027397255,18.0,1
2019-10-15,59.99,14.99,45.0,300.2001334222815,35,39,9.0,51.72972602739727,18.0,1
2019-10-16,59.99,14.99,45.0,300.2001334222815,36,40,9.0,51.729726027397255,18.0,1
2019-10-17,59.99,14.99,45.0,300.2001334222815,37,41,9.0,51.72972602739727,18.0,1
2019-10-18,59.99,14.99,45.0,300.2001334222815,38,42,9.0,51.729726027397255,18.0,1
2019-10-19,59.99,14.99,45.0,300.2001334222815,39,43,9.0,51.72972602739727,18.0,1
2019-10-20,59.99,14.99,45.0,300.2001334222815,40,44,9.0,51.72972602739727,18.0,1
2019-10-21,59.99,14.99,45.0,300.2001334222815,41,45,9.0,51.729726027397255,18.0,1
2019-10-22,59.99,14.99,45.0,300.2001334222815,42,46,9.0,51.72972602739727,18.0,1
2019-10-23,59.99,14.99,45.0,300.2001334222815,43,47,9.0,51.729726027397255,18.0,1
2019-10-24,59.99,14.99,45.0,300.2001334222815,44,48,9.0,51.72972602739727,18.0,1
2019-10-25,59.99,14.99,45.0,300.2001334222815,45,49,9.0,51.729726027397255,18.0,1
2019-10-26,59.99,14.99,45.0,300.2001334222815,46,50,9.0,51.72972602739727,18.0,1
2019-10-27,59.99,14.99,45.0,300.2001334222815,47,51,9.0,51.729726027397255,18.0,1
2019-10-28,59.99,14.99,45.0,300.2001334222815,48,52,9.0,51.72972602739727,18.0,1
2019-10-29,14.99,14.99,0.0,0.0,0,0,9.0,51.72972602739727,18.0,0
2019-10-30,14.99,14.99,0.0,0.0,1,1,10.0,51.60643835616438,19.0,0
2019-10-31,14.99,14.99,0.0,0.0,2,2,9.0,51.60643835616439,18.0,0
2019-11-01,14.99,14.99,0.0,0.0,3,3,9.0,51.60643835616438,18.0,0
2019-11-02,59.99,14.99,45.0,300.2001334222815,0,4,9.0,51.60643835616439,18.0,1
2019-11-03,59.99,14.99,45.0,300.2001334222815,1,5,9.0,51.729726027397255,19.0,1
2019-11-04,59.99,14.99,45.0,300.2001334222815,2,6,9.0,51.85301369863014,19.0,1
2019-11-05,59.99,14.99,45.0,300.2001334222815,3,7,9.0,51.97630136986302,19.0,1
2019-11-06,59.99,14.99,45.0,300.2001334222815,4,8,9.0,52.09958904109589,19.0,1
2019-11-07,59.99,14.99,45.0,300.2001334222815,5,9,9.0,52.099589041095896,18.0,1
2019-11-08,59.99,14.99,45.0,300.2001334222815,6,10,9.0,52.09958904109589,18.0,1
2019-11-09,59.99,14.99,45.0,300.2001334222815,7,11,9.0,52.099589041095896,18.0,1
2019-11-10,59.99,14.99,45.0,300.2001334222815,8,12,9.0,52.09958904109589,18.0,1
2019-11-11,59.99,14.99,45.0,300.2001334222815,9,13,9.0,52.099589041095896,18.0,1
2019-11-12,59.99,14.99,45.0,300.2001334222815,10,14,9.0,52.09958904109589,18.0,1
2019-11-13,59.99,14.99,45.0,300.2001334222815,11,15,9.0,52.099589041095896,18.0,1
2019-11-14,59.99,14.99,45.0,300.2001334222815,12,16,9.0,52.099589041095896,18.0,1
2019-11-15,59.99,14.99,45.0,300.2001334222815,13,17,9.0,52.09958904109589,18.0,1
2019-11-16,59.99,14.99,45.0,300.2001334222815,14,18,9.0,52.099589041095896,18.0,1
2019-11-17,59.99,14.99,45.0,300.2001334222815,15,19,9.0,52.09958904109589,18.0,1
2019-11-18,59.99,14.99,45.0,300.2001334222815,16,20,9.0,52.099589041095896,18.0,1
2019-11-19,59.99,14.99,45.0,300.2001334222815,17,21,9.0,52.09958904109589,18.0,1
2019-11-20,59.99,14.99,45.0,300.2001334222815,18,22,9.0,52.099589041095896,18.0,1
2019-11-21,59.99,14.99,45.0,300.2001334222815,19,23,9.0,52.099589041095896,18.0,1
2019-11-22,59.99,14.99,45.0,300.2001334222815,20,24,9.0,52.099589041095896,18.0,1
2019-11-23,59.99,14.99,45.0,300.2001334222815,21,25,8.0,52.22287671232877,17.0,1
2019-11-24,59.99,14.99,45.0,300.2001334222815,22,26,8.0,52.34616438356164,17.0,1
2019-11-25,59.99,14.99,45.0,300.2001334222815,23,27,8.0,52.46945205479452,17.0,1
2019-11-26,59.99,14.99,45.0,300.2001334222815,24,28,8.0,52.592739726027396,17.0,1
2019-11-27,14.99,14.99,0.0,0.0,0,0,8.0,52.71602739726028,17.0,0
2019-11-28,14.99,14.99,0.0,0.0,1,1,9.0,52.71602739726027,18.0,0
2019-11-29,14.99,14.99,0.0,0.0,2,2,9.0,52.5927397260274,17.0,0
2019-11-30,14.99,14.99,0.0,0.0,3,3,9.0,52.46945205479452,17.0,0
2019-12-01,14.99,14.99,0.0,0.0,4,4,9.0,52.34616438356164,17.0,0
2019-12-02,14.99,14.99,0.0,0.0,5,5,9.0,52.22287671232877,17.0,0
2019-12-03,14.99,14.99,0.0,0.0,6,6,9.0,52.09958904109589,17.0,0
2019-12-04,59.99,14.99,45.0,300.2001334222815,0,7,9.0,51.97630136986302,17.0,1
2019-12-05,59.99,14.99,45.0,300.2001334222815,1,8,9.0,51.97630136986301,18.0,1
2019-12-06,59.99,14.99,45.0,300.2001334222815,2,9,9.0,51.97630136986302,18.0,1
2019-12-07,59.99,14.99,45.0,300.2001334222815,3,10,9.0,51.97630136986301,18.0,1
2019-12-08,59.99,14.99,45.0,300.2001334222815,4,11,9.0,51.97630136986302,18.0,1
2019-12-09,59.99,14.99,45.0,300.2001334222815,5,12,9.0,51.97630136986302,18.0,1
2019-12-10,59.99,14.99,45.0,300.2001334222815,6,13,9.0,51.97630136986301,18.0,1
2019-12-11,59.99,14.99,45.0,300.2001334222815,7,14,9.0,51.97630136986302,18.0,1
2019-12-12,59.99,14.99,45.0,300.2001334222815,8,15,9.0,51.97630136986301,18.0,1
2019-12-13,59.99,14.99,45.0,300.2001334222815,9,16,9.0,51.97630136986302,18.0,1
2019-12-14,59.99,14.99,45.0,300.2001334222815,10,17,9.0,51.97630136986301,18.0,1
2019-12-15,59.99,14.99,45.0,300.2001334222815,11,18,9.0,51.97630136986302,18.0,1
2019-12-16,59.99,14.99,45.0,300.2001334222815,12,19,9.0,51.97630136986302,18.0,1
2019-12-17,59.99,14.99,45.0,300.2001334222815,13,20,9.0,51.97630136986301,18.0,1
2019-12-18,59.99,14.99,45.0,300.2001334222815,14,21,9.0,51.97630136986302,18.0,1
2019-12-19,59.99,14.99,45.0,300.2001334222815,15,22,9.0,51.97630136986301,18.0,1
2019-12-20,14.99,14.99,0.0,0.0,0,0,9.0,51.97630136986302,18.0,0
2019-12-21,14.99,14.99,0.0,0.0,1,1,10.0,51.853013698630136,19.0,0
2019-12-22,14.99,14.99,0.0,0.0,2,2,9.0,51.85301369863014,18.0,0
2019-12-23,14.99,14.99,0.0,0.0,3,3,9.0,51.853013698630136,18.0,0
2019-12-24,14.99,14.99,0.0,0.0,4,4,9.0,51.85301369863014,18.0,0
2019-12-25,14.99,14.99,0.0,0.0,5,5,9.0,51.85301369863014,18.0,0
2019-12-26,14.99,14.99,0.0,0.0,6,6,9.0,51.853013698630136,18.0,0
2019-12-27,14.99,14.99,0.0,0.0,7,7,9.0,51.85301369863014,18.0,0
2019-12-28,14.99,14.99,0.0,0.0,8,8,9.0,51.853013698630136,18.0,0
2019-12-29,14.99,14.99,0.0,0.0,9,9,9.0,51.85301369863014,18.0,0
2019-12-30,14.99,14.99,0.0,0.0,10,10,9.0,51.853013698630136,18.0,0
2019-12-31,14.99,14.99,0.0,0.0,11,11,9.0,51.85301369863014,18.0,0
2020-01-01,14.99,14.99,0.0,0.0,12,12,9.0,51.853013698630136,18.0,0
2020-01-02,14.99,14.99,0.0,0.0,13,13,9.0,51.85301369863014,18.0,0
2020-01-03,59.99,14.99,45.0,300.2001334222815,0,14,9.0,51.85301369863014,18.0,1
2020-01-04,59.99,14.99,45.0,300.2001334222815,1,15,9.0,51.97630136986301,19.0,1
2020-01-05,59.99,14.99,45.0,300.2001334222815,2,16,9.0,51.97630136986302,18.0,1
2020-01-06,59.99,14.99,45.0,300.2001334222815,3,17,9.0,51.97630136986301,18.0,1
2020-01-07,59.99,14.99,45.0,300.2001334222815,4,18,9.0,51.97630136986302,18.0,1
2020-01-08,59.99,14.99,45.0,300.2001334222815,5,19,9.0,51.97630136986301,18.0,1
2020-01-09,59.99,14.99,45.0,300.2001334222815,6,20,9.0,51.97630136986302,18.0,1
2020-01-10,59.99,14.99,45.0,300.2001334222815,7,21,9.0,51.97630136986302,18.0,1
2020-01-11,59.99,14.99,45.0,300.2001334222815,8,22,9.0,51.97630136986301,18.0,1
2020-01-12,59.99,14.99,45.0,300.2001334222815,9,23,9.0,51.97630136986302,18.0,1
2020-01-13,59.99,14.99,45.0,300.2001334222815,10,24,9.0,51.97630136986301,18.0,1
2020-01-14,59.99,14.99,45.0,300.2001334222815,11,25,9.0,51.97630136986302,18.0,1
2020-01-15,59.99,14.99,45.0,300.2001334222815,12,26,9.0,51.97630136986301,18.0,1
2020-01-16,59.99,14.99,45.0,300.2001334222815,13,27,9.0,51.97630136986302,18.0,1
2020-01-17,59.99,14.99,45.0,300.2001334222815,14,28,9.0,51.97630136986301,18.0,1
2020-01-18,59.99,14.99,45.0,300.2001334222815,15,29,9.0,51.97630136986302,18.0,1
2020-01-19,59.99,14.99,45.0,300.2001334222815,16,30,9.0,51.97630136986302,18.0,1
2020-01-20,59.99,14.99,45.0,300.2001334222815,17,31,9.0,51.97630136986301,18.0,1
2020-01-21,59.99,14.99,45.0,300.2001334222815,18,32,9.0,51.97630136986302,18.0,1
2020-01-22,59.99,14.99,45.0,300.2001334222815,19,33,9.0,51.97630136986301,18.0,1
2020-01-23,59.99,14.99,45.0,300.2001334222815,20,34,9.0,51.97630136986302,18.0,1
2020-01-24,14.99,14.99,0.0,0.0,0,0,9.0,51.97630136986301,18.0,0
2020-01-25,14.99,14.99,0.0,0.0,1,1,10.0,51.85301369863014,19.0,0
2020-01-26,14.99,14.99,0.0,0.0,2,2,10.0,51.729726027397255,19.0,0
2020-01-27,14.99,14.99,0.0,0.0,3,3,10.0,51.60643835616439,19.0,0
2020-01-28,59.99,14.99,45.0,300.2001334222815,0,4,10.0,51.483150684931516,19.0,0
2020-01-29,59.99,14.99,45.0,300.2001334222815,1,5,10.0,51.4831506849315,20.0,0
2020-01-30,59.99,14.99,45.0,300.2001334222815,2,6,10.0,51.483150684931516,20.0,0
2020-01-31,59.99,14.99,45.0,300.2001334222815,3,7,10.0,51.4831506849315,20.0,0
2020-02-01,59.99,14.99,45.0,300.2001334222815,4,8,10.0,51.483150684931516,20.0,0
2020-02-02,59.99,14.99,45.0,300.2001334222815,5,9,10.0,51.4831506849315,20.0,0
2020-02-03,59.99,14.99,45.0,300.2001334222815,6,10,10.0,51.483150684931516,20.0,0
2020-02-04,59.99,14.99,45.0,300.2001334222815,7,11,10.0,51.483150684931516,20.0,0
2020-02-05,59.99,14.99,45.0,300.2001334222815,8,12,10.0,51.4831506849315,20.0,0
2020-02-06,59.99,14.99,45.0,300.2001334222815,9,13,9.0,51.60643835616439,19.0,0
2020-02-07,59.99,14.99,45.0,300.2001334222815,10,14,9.0,51.729726027397255,19.0,0
2020-02-08,59.99,14.99,45.0,300.2001334222815,11,15,9.0,51.85301369863014,19.0,0
2020-02-09,59.99,14.99,45.0,300.2001334222815,12,16,9.0,51.97630136986301,19.0,0
2020-02-10,59.99,14.99,45.0,300.2001334222815,13,17,9.0,52.099589041095896,19.0,0
2020-02-11,59.99,14.99,45.0,300.2001334222815,14,18,9.0,52.22287671232876,19.0,0
2020-02-12,59.99,14.99,45.0,300.2001334222815,15,19,9.0,52.34616438356165,19.0,0
2020-02-13,59.99,14.99,45.0,300.2001334222815,16,20,9.0,52.34616438356165,18.0,0
2020-02-14,59.99,14.99,45.0,300.2001334222815,17,21,9.0,52.34616438356164,18.0,0
2020-02-15,59.99,14.99,45.0,300.2001334222815,18,22,9.0,52.34616438356165,18.0,0
2020-02-16,59.99,14.99,45.0,300.2001334222815,19,23,8.0,52.469452054794516,17.0,0
2020-02-17,59.99,14.99,45.0,300.2001334222815,20,24,8.0,52.5927397260274,17.0,0
2020-02-18,59.99,14.99,45.0,300.2001334222815,21,25,8.0,52.71602739726027,17.0,0
2020-02-19,59.99,14.99,45.0,300.2001334222815,22,26,8.0,52.83931506849316,17.0,0
2020-02-20,59.99,14.99,45.0,300.2001334222815,23,27,8.0,52.83931506849315,16.0,0
2020-02-21,59.99,14.99,45.0,300.2001334222815,24,28,8.0,52.83931506849316,16.0,0
2020-02-22,59.99,14.99,45.0,300.2001334222815,25,29,8.0,52.83931506849316,16.0,0
2020-02-23,59.99,14.99,45.0,300.2001334222815,26,30,8.0,52.83931506849315,16.0,0
2020-02-24,59.99,14.99,45.0,300.2001334222815,27,31,8.0,52.83931506849316,16.0,0
2020-02-25,59.99,14.99,45.0,300.2001334222815,28,32,8.0,52.83931506849315,16.0,0
2020-02-26,59.99,14.99,45.0,300.2001334222815,29,33,8.0,52.83931506849316,16.0,0
2020-02-27,59.99,14.99,45.0,300.2001334222815,30,34,8.0,52.83931506849315,16.0,0
2020-02-28,59.99,14.99,45.0,300.2001334222815,31,35,8.0,52.83931506849316,16.0,0
2020-02-29,59.99,14.99,45.0,300.2001334222815,32,36,8.0,52.83931506849316,16.0,0
2020-03-01,59.99,14.99,45.0,300.2001334222815,33,37,8.0,52.83931506849315,16.0,0
2020-03-02,59.99,14.99,45.0,300.2001334222815,34,38,8.0,52.83931506849316,16.0,0
2020-03-03,59.99,14.99,45.0,300.2001334222815,35,39,8.0,52.83931506849315,16.0,0
2020-03-04,59.99,14.99,45.0,300.2001334222815,36,40,8.0,52.83931506849316,16.0,0
2020-03-05,59.99,14.99,45.0,300.2001334222815,37,41,8.0,52.83931506849315,16.0,0
2020-03-06,59.99,14.99,45.0,300.2001334222815,38,42,8.0,52.83931506849316,16.0,0
2020-03-07,59.99,14.99,45.0,300.2001334222815,39,43,8.0,52.83931506849315,16.0,0
2020-03-08,59.99,14.99,45.0,300.2001334222815,40,44,8.0,52.83931506849316,16.0,0
2020-03-09,59.99,14.99,45.0,300.2001334222815,41,45,8.0,52.83931506849316,16.0,0
2020-03-10,59.99,14.99,45.0,300.2001334222815,42,46,8.0,52.83931506849315,16.0,0
2020-03-11,59.99,14.99,45.0,300.2001334222815,43,47,8.0,52.83931506849316,16.0,0
2020-03-12,59.99,14.99,45.0,300.2001334222815,44,48,8.0,52.83931506849315,16.0,0
2020-03-13,59.99,14.99,45.0,300.2001334222815,45,49,8.0,52.83931506849316,16.0,0
2020-03-14,59.99,14.99,45.0,300.2001334222815,46,50,8.0,52.83931506849315,16.0,0
2020-03-15,59.99,14.99,45.0,300.2001334222815,47,51,8.0,52.83931506849316,16.0,0
2020-03-16,59.99,14.99,45.0,300.2001334222815,48,52,8.0,52.83931506849316,16.0,0
2020-03-17,59.99,14.99,45.0,300.2001334222815,49,53,8.0,52.83931506849315,16.0,0
2020-03-18,59.99,14.99,45.0,300.2001334222815,50,54,8.0,52.83931506849316,16.0,1
2020-03-19,59.99,14.99,45.0,300.2001334222815,51,55,8.0,52.83931506849315,16.0,1
2020-03-20,59.99,14.99,45.0,300.2001334222815,52,56,8.0,52.83931506849316,16.0,1
2020-03-21,59.99,14.99,45.0,300.2001334222815,53,57,8.0,52.83931506849315,16.0,1
2020-03-22,59.99,14.99,45.0,300.2001334222815,54,58,8.0,52.83931506849316,16.0,1
2020-03-23,59.99,14.99,45.0,300.2001334222815,55,59,8.0,52.83931506849315,16.0,1
2020-03-24,59.99,14.99,45.0,300.2001334222815,56,60,8.0,52.83931506849316,16.0,1
2020-03-25,59.99,14.99,45.0,300.2001334222815,57,61,8.0,52.83931506849316,16.0,1
2020-03-26,59.99,14.99,45.0,300.2001334222815,58,62,8.0,52.83931506849315,16.0,1
2020-03-27,59.99,14.99,45.0,300.2001334222815,59,63,8.0,52.83931506849316,16.0,1
2020-03-28,59.99,14.99,45.0,300.2001334222815,60,64,8.0,52.83931506849315,16.0,1
2020-03-29,59.99,14.99,45.0,300.2001334222815,61,65,8.0,52.83931506849316,16.0,1
2020-03-30,59.99,14.99,45.0,300.2001334222815,62,66,8.0,52.83931506849315,16.0,1
2020-03-31,59.99,14.99,45.0,300.2001334222815,63,67,8.0,52.83931506849316,16.0,1
2020-04-01,59.99,14.99,45.0,300.2001334222815,64,68,8.0,52.83931506849315,16.0,1
2020-04-02,59.99,14.99,45.0,300.2001334222815,65,69,8.0,52.83931506849316,16.0,1
2020-04-03,59.99,14.99,45.0,300.2001334222815,66,70,8.0,52.83931506849316,16.0,1
2020-04-04,59.99,14.99,45.0,300.2001334222815,67,71,8.0,52.83931506849315,16.0,1
2020-04-05,59.99,14.99,45.0,300.2001334222815,68,72,8.0,52.83931506849316,16.0,1
2020-04-06,59.99,14.99,45.0,300.2001334222815,69,73,8.0,52.83931506849315,16.0,1
2020-04-07,59.99,14.99,45.0,300.2001334222815,70,74,8.0,52.83931506849316,16.0,1
2020-04-08,59.99,14.99,45.0,300.2001334222815,71,75,8.0,52.83931506849315,16.0,1
2020-04-09,59.99,14.99,45.0,300.2001334222815,72,76,8.0,52.83931506849316,16.0,1
2020-04-10,59.99,14.99,45.0,300.2001334222815,73,77,8.0,52.83931506849316,16.0,1
2020-04-11,59.99,14.99,45.0,300.2001334222815,74,78,8.0,52.83931506849315,16.0,1
2020-04-12,59.99,14.99,45.0,300.2001334222815,75,79,8.0,52.83931506849316,16.0,1
2020-04-13,59.99,14.99,45.0,300.2001334222815,76,80,8.0,52.83931506849315,16.0,1
2020-04-14,59.99,14.99,45.0,300.2001334222815,77,81,8.0,52.83931506849316,16.0,1
2020-04-15,59.99,14.99,45.0,300.2001334222815,78,82,8.0,52.83931506849315,16.0,1
2020-04-16,59.99,14.99,45.0,300.2001334222815,79,83,8.0,52.83931506849316,16.0,1
2020-04-17,9.99,9.99,0.0,0.0,0,0,8.0,52.83931506849315,16.0,0
2020-04-18,9.99,9.99,0.0,0.0,1,1,9.0,52.70232876712329,17.0,0
2020-04-19,9.99,9.99,0.0,0.0,2,2,9.0,52.56534246575343,17.0,0
2020-04-20,9.99,9.99,0.0,0.0,3,3,9.0,52.42835616438356,17.0,0
2020-04-21,59.99,9.99,50.0,500.5005005005005,0,4,9.0,52.291369863013706,17.0,1
2020-04-22,59.99,9.99,50.0,500.5005005005005,1,5,9.0,52.29136986301369,18.0,1
2020-04-23,59.99,9.99,50.0,500.5005005005005,2,6,9.0,52.291369863013706,18.0,1
2020-04-24,59.99,9.99,50.0,500.5005005005005,3,7,9.0,52.29136986301369,18.0,1
2020-04-25,59.99,9.99,50.0,500.5005005005005,4,8,9.0,52.291369863013706,18.0,1
2020-04-26,59.99,9.99,50.0,500.5005005005005,5,9,9.0,52.29136986301369,18.0,1
2020-04-27,59.99,9.99,50.0,500.5005005005005,6,10,9.0,52.291369863013706,18.0,1
2020-04-28,59.99,9.99,50.0,500.5005005005005,7,11,9.0,52.291369863013706,18.0,1
2020-04-29,59.99,9.99,50.0,500.5005005005005,8,12,9.0,52.29136986301369,18.0,1
2020-04-30,59.99,9.99,50.0,500.5005005005005,9,13,8.0,52.41465753424658,17.0,1
2020-05-01,14.99,9.99,5.0,50.050050050050054,0,0,8.0,52.537945205479446,17.0,0
2020-05-02,14.99,9.99,5.0,50.050050050050054,1,1,9.0,52.53794520547946,18.0,0
2020-05-03,14.99,9.99,5.0,50.050050050050054,2,2,9.0,52.537945205479446,18.0,0
2020-05-04,14.99,9.99,5.0,50.050050050050054,3,3,9.0,52.53794520547946,18.0,0
2020-05-05,14.99,9.99,5.0,50.050050050050054,4,4,9.0,52.53794520547946,18.0,0
2020-05-06,14.99,9.99,5.0,50.050050050050054,5,5,9.0,52.537945205479446,18.0,0
2020-05-07,59.99,9.99,50.0,500.5005005005005,0,6,9.0,52.41465753424658,17.0,0
2020-05-08,59.99,9.99,50.0,500.5005005005005,1,7,9.0,52.41465753424657,18.0,0
2020-05-09,59.99,9.99,50.0,500.5005005005005,2,8,9.0,52.41465753424658,18.0,0
2020-05-10,59.99,9.99,50.0,500.5005005005005,3,9,9.0,52.41465753424657,18.0,0
2020-05-11,59.99,9.99,50.0,500.5005005005005,4,10,9.0,52.41465753424658,18.0,0
2020-05-12,59.99,9.99,50.0,500.5005005005005,5,11,9.0,52.41465753424657,18.0,0
2020-05-13,59.99,9.99,50.0,500.5005005005005,6,12,9.0,52.41465753424658,18.0,0
2020-05-14,59.99,9.99,50.0,500.5005005005005,7,13,9.0,52.41465753424658,18.0,0
2020-05-15,59.99,9.99,50.0,500.5005005005005,8,14,9.0,52.41465753424657,18.0,0
2020-05-16,59.99,9.99,50.0,500.5005005005005,9,15,9.0,52.41465753424658,18.0,0
2020-05-17,59.99,9.99,50.0,500.5005005005005,10,16,9.0,52.41465753424657,18.0,0
2020-05-18,59.99,9.99,50.0,500.5005005005005,11,17,9.0,52.41465753424658,18.0,0
2020-05-19,59.99,9.99,50.0,500.5005005005005,12,18,9.0,52.41465753424657,18.0,0
2020-05-20,59.99,9.99,50.0,500.5005005005005,13,19,9.0,52.41465753424658,18.0,0
2020-05-21,59.99,9.99,50.0,500.5005005005005,14,20,9.0,52.41465753424658,18.0,0
2020-05-22,59.99,9.99,50.0,500.5005005005005,15,21,9.0,52.41465753424658,18.0,1
2020-05-23,59.99,9.99,50.0,500.5005005005005,16,22,9.0,52.41465753424658,18.0,1
2020-05-24,59.99,9.99,50.0,500.5005005005005,17,23,9.0,52.41465753424657,18.0,1
2020-05-25,59.99,9.99,50.0,500.5005005005005,18,24,9.0,52.41465753424658,18.0,1
2020-05-26,59.99,9.99,50.0,500.5005005005005,19,25,9.0,52.41465753424657,18.0,1
2020-05-27,59.99,9.99,50.0,500.5005005005005,20,26,9.0,52.41465753424658,18.0,1
2020-05-28,59.99,9.99,50.0,500.5005005005005,21,27,9.0,52.41465753424657,18.0,1
2020-05-29,59.99,9.99,50.0,500.5005005005005,22,28,9.0,52.41465753424658,18.0,1
2020-05-30,59.99,9.99,50.0,500.5005005005005,23,29,9.0,52.41465753424658,18.0,1
2020-05-31,59.99,9.99,50.0,500.5005005005005,24,30,9.0,52.41465753424657,18.0,1
2020-06-01,59.99,9.99,50.0,500.5005005005005,25,31,9.0,52.41465753424658,18.0,1
2020-06-02,59.99,9.99,50.0,500.5005005005005,26,32,9.0,52.41465753424657,18.0,1
2020-06-03,59.99,9.99,50.0,500.5005005005005,27,33,9.0,52.41465753424658,18.0,1
2020-06-04,59.99,9.99,50.0,500.5005005005005,28,34,9.0,52.41465753424657,18.0,1
2020-06-05,59.99,9.99,50.0,500.5005005005005,29,35,9.0,52.41465753424658,18.0,1
2020-06-06,59.99,9.99,50.0,500.5005005005005,30,36,9.0,52.41465753424657,18.0,1
2020-06-07,59.99,9.99,50.0,500.5005005005005,31,37,9.0,52.41465753424658,18.0,1
2020-06-08,59.99,9.99,50.0,500.5005005005005,32,38,9.0,52.41465753424658,18.0,1
2020-06-09,59.99,9.99,50.0,500.5005005005005,33,39,9.0,52.41465753424657,18.0,1
2020-06-10,59.99,9.99,50.0,500.5005005005005,34,40,9.0,52.41465753424658,18.0,1
2020-06-11,59.99,9.99,50.0,500.5005005005005,35,41,9.0,52.41465753424657,18.0,1
2020-06-12,59.99,9.99,50.0,500.5005005005005,36,42,9.0,52.41465753424658,18.0,1
2020-06-13,59.99,9.99,50.0,500.5005005005005,37,43,9.0,52.41465753424657,18.0,1
2020-06-14,59.99,9.99,50.0,500.5005005005005,38,44,8.0,52.53794520547946,17.0,1
2020-06-15,59.99,9.99,50.0,500.5005005005005,39,45,8.0,52.66123287671233,17.0,1
2020-06-16,59.99,9.99,50.0,500.5005005005005,40,46,8.0,52.7845205479452,17.0,1
2020-06-17,59.99,9.99,50.0,500.5005005005005,41,47,8.0,52.90780821917809,17.0,1
2020-06-18,59.99,9.99,50.0,500.5005005005005,42,48,8.0,52.90780821917808,16.0,1
2020-06-19,59.99,9.99,50.0,500.5005005005005,43,49,8.0,52.90780821917809,16.0,1
2020-06-20,59.99,9.99,50.0,500.5005005005005,44,50,8.0,52.90780821917808,16.0,1
2020-06-21,14.99,9.99,5.0,50.050050050050054,0,0,8.0,52.90780821917809,16.0,0
2020-06-22,14.99,9.99,5.0,50.050050050050054,1,1,9.0,52.7845205479452,17.0,0
2020-06-23,14.99,9.99,5.0,50.050050050050054,2,2,9.0,52.66123287671233,17.0,0
2020-06-24,14.99,9.99,5.0,50.050050050050054,3,3,9.0,52.53794520547946,17.0,0
2020-06-25,14.99,9.99,5.0,50.050050050050054,4,4,9.0,52.41465753424657,17.0,0
2020-06-26,14.99,9.99,5.0,50.050050050050054,5,5,8.0,52.41465753424658,16.0,0
2020-06-27,14.99,9.99,5.0,50.050050050050054,6,6,8.0,52.41465753424657,16.0,0
2020-06-28,14.99,9.99,5.0,50.050050050050054,7,7,8.0,52.41465753424658,16.0,0
2020-06-29,14.99,9.99,5.0,50.050050050050054,8,8,8.0,52.41465753424657,16.0,0
2020-06-30,14.99,9.99,5.0,50.050050050050054,9,9,8.0,52.41465753424658,16.0,0
2020-07-01,14.99,9.99,5.0,50.050050050050054,10,10,8.0,52.41465753424657,16.0,0
2020-07-02,14.99,9.99,5.0,50.050050050050054,11,11,8.0,52.41465753424658,16.0,0
2020-07-03,14.99,9.99,5.0,50.050050050050054,12,12,8.0,52.41465753424658,16.0,0
2020-07-04,14.99,9.99,5.0,50.050050050050054,13,13,8.0,52.41465753424657,16.0,0
2020-07-05,14.99,9.99,5.0,50.050050050050054,14,14,8.0,52.41465753424658,16.0,0
2020-07-06,14.99,9.99,5.0,50.050050050050054,15,15,8.0,52.41465753424657,16.0,0
2020-07-07,14.99,9.99,5.0,50.050050050050054,16,16,8.0,52.41465753424658,16.0,0
2020-07-08,14.99,9.99,5.0,50.050050050050054,17,17,8.0,52.41465753424657,16.0,0
2020-07-09,14.99,9.99,5.0,50.050050050050054,18,18,8.0,52.41465753424658,16.0,0
2020-07-10,59.99,9.99,50.0,500.5005005005005,0,19,8.0,52.291369863013706,15.0,0
2020-07-11,59.99,9.99,50.0,500.5005005005005,1,20,8.0,52.29136986301369,16.0,0
2020-07-12,59.99,9.99,50.0,500.5005005005005,2,21,8.0,52.291369863013706,16.0,0
2020-07-13,59.99,9.99,50.0,500.5005005005005,3,22,8.0,52.29136986301369,16.0,0
2020-07-14,59.99,9.99,50.0,500.5005005005005,4,23,8.0,52.291369863013706,16.0,0
2020-07-15,59.99,9.99,50.0,500.5005005005005,5,24,8.0,52.29136986301369,16.0,0
2020-07-16,59.99,9.99,50.0,500.5005005005005,6,25,8.0,52.291369863013706,16.0,0
2020-07-17,59.99,9.99,50.0,500.5005005005005,7,26,8.0,52.29136986301369,16.0,0
2020-07-18,59.99,9.99,50.0,500.5005005005005,8,27,8.0,52.291369863013706,16.0,0
2020-07-19,59.99,9.99,50.0,500.5005005005005,9,28,8.0,52.291369863013706,16.0,0
2020-07-20,59.99,9.99,50.0,500.5005005005005,10,29,8.0,52.29136986301369,16.0,0
2020-07-21,59.99,9.99,50.0,500.5005005005005,11,30,8.0,52.291369863013706,16.0,0
2020-07-22,59.99,9.99,50.0,500.5005005005005,12,31,8.0,52.29136986301369,16.0,0
2020-07-23,59.99,9.99,50.0,500.5005005005005,13,32,8.0,52.291369863013706,16.0,0
2020-07-24,59.99,9.99,50.0,500.5005005005005,14,33,8.0,52.29136986301369,16.0,0
2020-07-25,59.99,9.99,50.0,500.5005005005005,15,34,8.0,52.291369863013706,16.0,0
2020-07-26,59.99,9.99,50.0,500.5005005005005,16,35,8.0,52.29136986301369,16.0,0
2020-07-27,59.99,9.99,50.0,500.5005005005005,17,36,8.0,52.291369863013706,16.0,0
2020-07-28,59.99,9.99,50.0,500.5005005005005,18,37,8.0,52.291369863013706,16.0,0
2020-07-29,59.99,9.99,50.0,500.5005005005005,19,38,8.0,52.29136986301369,16.0,0
2020-07-30,59.99,9.99,50.0,500.5005005005005,20,39,8.0,52.291369863013706,16.0,0
2020-07-31,59.99,9.99,50.0,500.5005005005005,21,40,8.0,52.29136986301369,16.0,0
2020-08-01,59.99,9.99,50.0,500.5005005005005,22,41,8.0,52.291369863013706,16.0,0
2020-08-02,59.99,9.99,50.0,500.5005005005005,23,42,8.0,52.29136986301369,16.0,0
2020-08-03,59.99,9.99,50.0,500.5005005005005,24,43,8.0,52.291369863013706,16.0,0
2020-08-04,59.99,9.99,50.0,500.5005005005005,25,44,8.0,52.291369863013706,16.0,0
2020-08-05,59.99,9.99,50.0,500.5005005005005,26,45,8.0,52.29136986301369,16.0,0
2020-08-06,59.99,9.99,50.0,500.5005005005005,27,46,8.0,52.291369863013706,16.0,0
2020-08-07,59.99,9.99,50.0,500.5005005005005,28,47,8.0,52.29136986301369,16.0,0
2020-08-08,59.99,9.99,50.0,500.5005005005005,29,48,8.0,52.291369863013706,16.0,0
2020-08-09,59.99,9.99,50.0,500.5005005005005,30,49,8.0,52.29136986301369,16.0,0
2020-08-10,59.99,9.99,50.0,500.5005005005005,31,50,8.0,52.291369863013706,16.0,0
2020-08-11,59.99,9.99,50.0,500.5005005005005,32,51,8.0,52.29136986301369,16.0,0
2020-08-12,59.99,9.99,50.0,500.5005005005005,33,52,8.0,52.291369863013706,16.0,0
2020-08-13,59.99,9.99,50.0,500.5005005005005,34,53,8.0,52.291369863013706,16.0,0
2020-08-14,59.99,9.99,50.0,500.5005005005005,35,54,8.0,52.29136986301369,16.0,0
2020-08-15,59.99,9.99,50.0,500.5005005005005,36,55,8.0,52.291369863013706,16.0,0
2020-08-16,59.99,9.99,50.0,500.5005005005005,37,56,8.0,52.29136986301369,16.0,0
2020-08-17,59.99,9.99,50.0,500.5005005005005,38,57,8.0,52.291369863013706,16.0,0
2020-08-18,59.99,9.99,50.0,500.5005005005005,39,58,8.0,52.29136986301369,16.0,0
2020-08-19,59.99,9.99,50.0,500.5005005005005,40,59,8.0,52.291369863013706,16.0,0
2020-08-20,59.99,9.99,50.0,500.5005005005005,41,60,8.0,52.291369863013706,16.0,0
2020-08-21,59.99,9.99,50.0,500.5005005005005,42,61,8.0,52.291369863013706,16.0,0
2020-08-22,59.99,9.99,50.0,500.5005005005005,43,62,8.0,52.291369863013706,16.0,0
2020-08-23,59.99,9.99,50.0,500.5005005005005,44,63,8.0,52.29136986301369,16.0,0
2020-08-24,59.99,9.99,50.0,500.5005005005005,45,64,8.0,52.291369863013706,16.0,0
2020-08-25,59.99,9.99,50.0,500.5005005005005,46,65,8.0,52.29136986301369,16.0,0
2020-08-26,59.99,9.99,50.0,500.5005005005005,47,66,8.0,52.291369863013706,16.0,0
2020-08-27,59.99,9.99,50.0,500.5005005005005,48,67,8.0,52.29136986301369,16.0,0
2020-08-28,59.99,9.99,50.0,500.5005005005005,49,68,8.0,52.291369863013706,16.0,0
2020-08-29,59.99,9.99,50.0,500.5005005005005,50,69,8.0,52.291369863013706,16.0,0
2020-08-30,59.99,9.99,50.0,500.5005005005005,51,70,8.0,52.29136986301369,16.0,0
2020-08-31,59.99,9.99,50.0,500.5005005005005,52,71,8.0,52.291369863013706,16.0,0
2020-09-01,59.99,9.99,50.0,500.5005005005005,53,72,8.0,52.29136986301369,16.0,0
2020-09-02,59.99,9.99,50.0,500.5005005005005,54,73,8.0,52.291369863013706,16.0,0
2020-09-03,59.99,9.99,50.0,500.5005005005005,55,74,8.0,52.29136986301369,16.0,0
2020-09-04,59.99,9.99,50.0,500.5005005005005,56,75,8.0,52.291369863013706,16.0,0
2020-09-05,59.99,9.99,50.0,500.5005005005005,57,76,8.0,52.29136986301369,16.0,0
2020-09-06,59.99,9.99,50.0,500.5005005005005,58,77,7.0,52.41465753424658,15.0,0
2020-09-07,59.99,9.99,50.0,500.5005005005005,59,78,7.0,52.53794520547946,15.0,0
2020-09-08,59.99,9.99,50.0,500.5005005005005,60,79,7.0,52.661232876712326,15.0,0
2020-09-09,59.99,9.99,50.0,500.5005005005005,61,80,7.0,52.78452054794521,15.0,0
2020-09-10,59.99,9.99,50.0,500.5005005005005,62,81,7.0,52.7845205479452,14.0,0
2020-09-11,59.99,9.99,50.0,500.5005005005005,63,82,7.0,52.78452054794521,14.0,0
2020-09-12,59.99,9.99,50.0,500.5005005005005,64,83,7.0,52.7845205479452,14.0,0
2020-09-13,59.99,9.99,50.0,500.5005005005005,65,84,7.0,52.78452054794521,14.0,0
2020-09-14,59.99,9.99,50.0,500.5005005005005,66,85,7.0,52.78452054794521,14.0,0
2020-09-15,59.99,9.99,50.0,500.5005005005005,67,86,7.0,52.7845205479452,14.0,0
2020-09-16,59.99,9.99,50.0,500.5005005005005,68,87,7.0,52.78452054794521,14.0,0
2020-09-17,59.99,9.99,50.0,500.5005005005005,69,88,7.0,52.7845205479452,14.0,0
2020-09-18,59.99,9.99,50.0,500.5005005005005,70,89,7.0,52.78452054794521,14.0,0
2020-09-19,59.99,9.99,50.0,500.5005005005005,71,90,7.0,52.7845205479452,14.0,0
2020-09-20,59.99,9.99,50.0,500.5005005005005,72,91,7.0,52.78452054794521,14.0,0
2020-09-21,59.99,9.99,50.0,500.5005005005005,73,92,7.0,52.7845205479452,14.0,0
2020-09-22,59.99,9.99,50.0,500.5005005005005,74,93,7.0,52.78452054794521,14.0,0
2020-09-23,59.99,9.99,50.0,500.5005005005005,75,94,7.0,52.78452054794521,14.0,0
2020-09-24,59.99,9.99,50.0,500.5005005005005,76,95,7.0,52.7845205479452,14.0,0
2020-09-25,59.99,9.99,50.0,500.5005005005005,77,96,7.0,52.78452054794521,14.0,0
2020-09-26,59.99,9.99,50.0,500.5005005005005,78,97,7.0,52.7845205479452,14.0,0
2020-09-27,59.99,9.99,50.0,500.5005005005005,79,98,7.0,52.78452054794521,14.0,0
2020-09-28,59.99,9.99,50.0,500.5005005005005,80,99,7.0,52.7845205479452,14.0,0
2020-09-29,59.99,9.99,50.0,500.5005005005005,81,100,7.0,52.78452054794521,14.0,0
2020-09-30,59.99,9.99,50.0,500.5005005005005,82,101,7.0,52.7845205479452,14.0,0
2020-10-01,59.99,9.99,50.0,500.5005005005005,83,102,7.0,52.78452054794521,14.0,0
2020-10-02,59.99,9.99,50.0,500.5005005005005,84,103,7.0,52.78452054794521,14.0,0
2020-10-03,59.99,9.99,50.0,500.5005005005005,85,104,7.0,52.7845205479452,14.0,0
2020-10-04,59.99,9.99,50.0,500.5005005005005,86,105,7.0,52.78452054794521,14.0,0
2020-10-05,59.99,9.99,50.0,500.5005005005005,87,106,7.0,52.7845205479452,14.0,0
2020-10-06,59.99,9.99,50.0,500.5005005005005,88,107,7.0,52.78452054794521,14.0,0
2020-10-07,59.99,9.99,50.0,500.5005005005005,89,108,7.0,52.7845205479452,14.0,0
2020-10-08,59.99,9.99,50.0,500.5005005005005,90,109,7.0,52.78452054794521,14.0,0
2020-10-09,59.99,9.99,50.0,500.5005005005005,91,110,7.0,52.78452054794521,14.0,0
2020-10-10,59.99,9.99,50.0,500.5005005005005,92,111,7.0,52.7845205479452,14.0,0
2020-10-11,59.99,9.99,50.0,500.5005005005005,93,112,7.0,52.78452054794521,14.0,0
2020-10-12,59.99,9.99,50.0,500.5005005005005,94,113,7.0,52.7845205479452,14.0,0
2020-10-13,59.99,9.99,50.0,500.5005005005005,95,114,7.0,52.78452054794521,14.0,0
2020-10-14,59.99,9.99,50.0,500.5005005005005,96,115,7.0,52.7845205479452,14.0,0
2020-10-15,59.99,9.99,50.0,500.5005005005005,97,116,7.0,52.78452054794521,14.0,0
2020-10-16,59.99,9.99,50.0,500.5005005005005,98,117,7.0,52.7845205479452,14.0,0
2020-10-17,59.99,9.99,50.0,500.5005005005005,99,118,7.0,52.78452054794521,14.0,0
2020-10-18,59.99,9.99,50.0,500.5005005005005,100,119,7.0,52.78452054794521,14.0,0
2020-10-19,59.99,9.99,50.0,500.5005005005005,101,120,7.0,52.7845205479452,14.0,0
2020-10-20,59.99,9.99,50.0,500.5005005005005,102,121,7.0,52.78452054794521,14.0,0
2020-10-21,59.99,9.99,50.0,500.5005005005005,103,122,7.0,52.7845205479452,14.0,0
2020-10-22,59.99,9.99,50.0,500.5005005005005,104,123,7.0,52.78452054794521,14.0,0
2020-10-23,59.99,9.99,50.0,500.5005005005005,105,124,7.0,52.7845205479452,14.0,0
2020-10-24,59.99,9.99,50.0,500.5005005005005,106,125,7.0,52.78452054794521,14.0,0
2020-10-25,59.99,9.99,50.0,500.5005005005005,107,126,7.0,52.78452054794521,14.0,0
2020-10-26,59.99,9.99,50.0,500.5005005005005,108,127,7.0,52.78452054794521,14.0,0
2020-10-27,59.99,9.99,50.0,500.5005005005005,109,128,7.0,52.78452054794521,14.0,1
2020-10-28,59.99,9.99,50.0,500.5005005005005,110,129,7.0,52.7845205479452,14.0,1
2020-10-29,59.99,9.99,50.0,500.5005005005005,111,130,6.0,52.90780821917809,13.0,1
2020-10-30,59.99,9.99,50.0,500.5005005005005,112,131,6.0,53.03109589041095,13.0,1
2020-10-31,59.99,9.99,50.0,500.5005005005005,113,132,6.0,53.15438356164384,13.0,1
2020-11-01,59.99,9.99,50.0,500.5005005005005,114,133,6.0,53.277671232876706,13.0,1
2020-11-02,59.99,9.99,50.0,500.5005005005005,115,134,6.0,53.27767123287672,12.0,1
2020-11-03,59.99,9.99,50.0,500.5005005005005,116,135,6.0,53.27767123287672,12.0,1
2020-11-04,59.99,9.99,50.0,500.5005005005005,117,136,6.0,53.277671232876706,12.0,1
2020-11-05,59.99,9.99,50.0,500.5005005005005,118,137,6.0,53.27767123287672,12.0,1
2020-11-06,59.99,9.99,50.0,500.5005005005005,119,138,6.0,53.277671232876706,12.0,1
2020-11-07,59.99,9.99,50.0,500.5005005005005,120,139,6.0,53.27767123287672,12.0,1
2020-11-08,59.99,9.99,50.0,500.5005005005005,121,140,6.0,53.277671232876706,12.0,1
2020-11-09,59.99,9.99,50.0,500.5005005005005,122,141,6.0,53.27767123287672,12.0,1
2020-11-10,59.99,9.99,50.0,500.5005005005005,123,142,6.0,53.277671232876706,12.0,1
2020-11-11,59.99,9.99,50.0,500.5005005005005,124,143,6.0,53.27767123287672,12.0,1
2020-11-12,59.99,9.99,50.0,500.5005005005005,125,144,6.0,53.27767123287672,12.0,1
2020-11-13,59.99,9.99,50.0,500.5005005005005,126,145,6.0,53.277671232876706,12.0,1
2020-11-14,59.99,9.99,50.0,500.5005005005005,127,146,6.0,53.27767123287672,12.0,1
2020-11-15,59.99,9.99,50.0,500.5005005005005,128,147,6.0,53.277671232876706,12.0,1
2020-11-16,59.99,9.99,50.0,500.5005005005005,129,148,6.0,53.27767123287672,12.0,1
2020-11-17,59.99,9.99,50.0,500.5005005005005,130,149,6.0,53.277671232876706,12.0,1
2020-11-18,59.99,9.99,50.0,500.5005005005005,131,150,6.0,53.27767123287672,12.0,1
2020-11-19,59.99,9.99,50.0,500.5005005005005,132,151,6.0,53.27767123287672,12.0,1
2020-11-20,59.99,9.99,50.0,500.5005005005005,133,152,6.0,53.277671232876706,12.0,1
2020-11-21,59.99,9.99,50.0,500.5005005005005,134,153,6.0,53.27767123287672,12.0,1
2020-11-22,59.99,9.99,50.0,500.5005005005005,135,154,6.0,53.277671232876706,12.0,1
2020-11-23,59.99,9.99,50.0,500.5005005005005,136,155,6.0,53.27767123287672,12.0,1
2020-11-24,59.99,9.99,50.0,500.5005005005005,137,156,6.0,53.277671232876706,12.0,1
2020-11-25,59.99,9.99,50.0,500.5005005005005,138,157,6.0,53.27767123287672,12.0,1
2020-11-26,14.99,9.99,5.0,50.050050050050054,0,0,6.0,53.277671232876706,12.0,0
2020-11-27,14.99,9.99,5.0,50.050050050050054,1,1,6.0,53.27767123287672,12.0,0
2020-11-28,14.99,9.99,5.0,50.050050050050054,2,2,6.0,53.27767123287672,12.0,0
2020-11-29,14.99,9.99,5.0,50.050050050050054,3,3,6.0,53.277671232876706,12.0,0
2020-11-30,14.99,9.99,5.0,50.050050050050054,4,4,6.0,53.27767123287672,12.0,0
2020-12-01,14.99,9.99,5.0,50.050050050050054,5,5,6.0,53.277671232876706,12.0,0
2020-12-02,59.99,9.99,50.0,500.5005005005005,0,6,6.0,53.27767123287672,12.0,1
2020-12-03,59.99,9.99,50.0,500.5005005005005,1,7,6.0,53.40095890410959,13.0,1
2020-12-04,59.99,9.99,50.0,500.5005005005005,2,8,6.0,53.400958904109594,12.0,1
2020-12-05,59.99,9.99,50.0,500.5005005005005,3,9,6.0,53.40095890410959,12.0,1
2020-12-06,59.99,9.99,50.0,500.5005005005005,4,10,6.0,53.400958904109594,12.0,1
2020-12-07,59.99,9.99,50.0,500.5005005005005,5,11,6.0,53.400958904109594,12.0,1
2020-12-08,59.99,9.99,50.0,500.5005005005005,6,12,6.0,53.40095890410959,12.0,1
2020-12-09,59.99,9.99,50.0,500.5005005005005,7,13,6.0,53.400958904109594,12.0,1
2020-12-10,59.99,9.99,50.0,500.5005005005005,8,14,6.0,53.40095890410959,12.0,1
2020-12-11,59.99,9.99,50.0,500.5005005005005,9,15,6.0,53.400958904109594,12.0,1
2020-12-12,59.99,9.99,50.0,500.5005005005005,10,16,6.0,53.40095890410959,12.0,1
2020-12-13,59.99,9.99,50.0,500.5005005005005,11,17,6.0,53.400958904109594,12.0,1
2020-12-14,59.99,9.99,50.0,500.5005005005005,12,18,6.0,53.400958904109594,12.0,1
2020-12-15,59.99,9.99,50.0,500.5005005005005,13,19,6.0,53.40095890410959,12.0,1
2020-12-16,59.99,9.99,50.0,500.5005005005005,14,20,6.0,53.400958904109594,12.0,1
2020-12-17,59.99,9.99,50.0,500.5005005005005,15,21,6.0,53.40095890410959,12.0,1
2020-12-18,59.99,9.99,50.0,500.5005005005005,16,22,6.0,53.400958904109594,12.0,1
2020-12-19,59.99,9.99,50.0,500.5005005005005,17,23,6.0,53.40095890410959,12.0,1
2020-12-20,59.99,9.99,50.0,500.5005005005005,18,24,5.0,53.524246575342474,11.0,1
2020-12-21,59.99,9.99,50.0,500.5005005005005,19,25,5.0,53.64753424657534,11.0,1
2020-12-22,59.99,9.99,50.0,500.5005005005005,20,26,5.0,53.77082191780823,11.0,1
2020-12-23,14.99,9.99,5.0,50.050050050050054,0,0,5.0,53.8941095890411,11.0,0
2020-12-24,14.99,9.99,5.0,50.050050050050054,1,1,6.0,53.89410958904109,12.0,0
2020-12-25,14.99,9.99,5.0,50.050050050050054,2,2,6.0,53.8941095890411,12.0,0
2020-12-26,14.99,9.99,5.0,50.050050050050054,3,3,6.0,53.89410958904109,12.0,0
2020-12-27,14.99,9.99,5.0,50.050050050050054,4,4,6.0,53.8941095890411,12.0,0
2020-12-28,14.99,9.99,5.0,50.050050050050054,5,5,6.0,53.89410958904109,12.0,0
2020-12-29,14.99,9.99,5.0,50.050050050050054,6,6,6.0,53.8941095890411,12.0,0
2020-12-30,14.99,9.99,5.0,50.050050050050054,7,7,6.0,53.89410958904109,12.0,0
2020-12-31,14.99,9.99,5.0,50.050050050050054,8,8,6.0,53.8941095890411,12.0,0
2021-01-01,14.99,9.99,5.0,50.050050050050054,9,9,6.0,53.8941095890411,12.0,0
2021-01-02,14.99,9.99,5.0,50.050050050050054,10,10,6.0,53.89410958904109,12.0,0
2021-01-03,14.99,9.99,5.0,50.050050050050054,11,11,6.0,53.77082191780823,11.0,0
2021-01-04,14.99,9.99,5.0,50.050050050050054,12,12,6.0,53.64753424657534,11.0,0
2021-01-05,14.99,9.99,5.0,50.050050050050054,13,13,6.0,53.524246575342474,11.0,0
2021-01-06,59.99,9.99,50.0,500.5005005005005,0,14,6.0,53.40095890410959,11.0,0
2021-01-07,59.99,9.99,50.0,500.5005005005005,1,15,6.0,53.400958904109594,12.0,0
2021-01-08,59.99,9.99,50.0,500.5005005005005,2,16,6.0,53.400958904109594,12.0,0
2021-01-09,59.99,9.99,50.0,500.5005005005005,3,17,6.0,53.40095890410959,12.0,0
2021-01-10,59.99,9.99,50.0,500.5005005005005,4,18,6.0,53.400958904109594,12.0,0
2021-01-11,59.99,9.99,50.0,500.5005005005005,5,19,6.0,53.40095890410959,12.0,0
2021-01-12,59.99,9.99,50.0,500.5005005005005,6,20,6.0,53.400958904109594,12.0,0
2021-01-13,59.99,9.99,50.0,500.5005005005005,7,21,6.0,53.40095890410959,12.0,1
2021-01-14,59.99,9.99,50.0,500.5005005005005,8,22,6.0,53.400958904109594,12.0,1
2021-01-15,59.99,9.99,50.0,500.5005005005005,9,23,6.0,53.40095890410959,12.0,1
2021-01-16,59.99,9.99,50.0,500.5005005005005,10,24,6.0,53.400958904109594,12.0,1
2021-01-17,59.99,9.99,50.0,500.5005005005005,11,25,6.0,53.400958904109594,12.0,1
2021-01-18,59.99,9.99,50.0,500.5005005005005,12,26,6.0,53.40095890410959,12.0,1
2021-01-19,59.99,9.99,50.0,500.5005005005005,13,27,6.0,53.400958904109594,12.0,1
2021-01-20,59.99,9.99,50.0,500.5005005005005,14,28,6.0,53.40095890410959,12.0,1
2021-01-21,59.99,9.99,50.0,500.5005005005005,15,29,6.0,53.400958904109594,12.0,1
2021-01-22,59.99,9.99,50.0,500.5005005005005,16,30,6.0,53.40095890410959,12.0,1
2021-01-23,59.99,9.99,50.0,500.5005005005005,17,31,6.0,53.400958904109594,12.0,1
2021-01-24,59.99,9.99,50.0,500.5005005005005,18,32,5.0,53.524246575342474,11.0,1
2021-01-25,59.99,9.99,50.0,500.5005005005005,19,33,5.0,53.64753424657535,11.0,1
2021-01-26,59.99,9.99,50.0,500.5005005005005,20,34,5.0,53.77082191780823,11.0,1
2021-01-27,59.99,9.99,50.0,500.5005005005005,21,35,5.0,53.89410958904109,11.0,1
2021-01-28,59.99,9.99,50.0,500.5005005005005,22,36,5.0,53.8941095890411,10.0,1
2021-01-29,59.99,9.99,50.0,500.5005005005005,23,37,5.0,53.89410958904109,10.0,1
2021-01-30,59.99,9.99,50.0,500.5005005005005,24,38,5.0,53.8941095890411,10.0,1
2021-01-31,59.99,9.99,50.0,500.5005005005005,25,39,5.0,53.89410958904109,10.0,1
2021-02-01,59.99,9.99,50.0,500.5005005005005,26,40,5.0,53.8941095890411,10.0,1
2021-02-02,59.99,9.99,50.0,500.5005005005005,27,41,5.0,53.8941095890411,10.0,1
2021-02-03,59.99,9.99,50.0,500.5005005005005,28,42,5.0,53.89410958904109,10.0,1
2021-02-04,59.99,9.99,50.0,500.5005005005005,29,43,5.0,53.8941095890411,10.0,1
2021-02-05,59.99,9.99,50.0,500.5005005005005,30,44,5.0,53.89410958904109,10.0,1
2021-02-06,59.99,9.99,50.0,500.5005005005005,31,45,5.0,53.8941095890411,10.0,1
2021-02-07,59.99,9.99,50.0,500.5005005005005,32,46,5.0,53.89410958904109,10.0,1
2021-02-08,59.99,9.99,50.0,500.5005005005005,33,47,5.0,53.8941095890411,10.0,1
2021-02-09,59.99,9.99,50.0,500.5005005005005,34,48,5.0,53.89410958904109,10.0,1
2021-02-10,59.99,9.99,50.0,500.5005005005005,35,49,5.0,53.8941095890411,10.0,1
2021-02-11,59.99,9.99,50.0,500.5005005005005,36,50,5.0,53.8941095890411,10.0,1
2021-02-12,14.99,9.99,5.0,50.050050050050054,0,0,5.0,53.89410958904109,10.0,0
2021-02-13,14.99,9.99,5.0,50.050050050050054,1,1,6.0,53.77082191780823,11.0,0
2021-02-14,14.99,9.99,5.0,50.050050050050054,2,2,6.0,53.64753424657534,11.0,0
2021-02-15,14.99,9.99,5.0,50.050050050050054,3,3,6.0,53.524246575342474,11.0,0
2021-02-16,59.99,9.99,50.0,500.5005005005005,0,4,6.0,53.40095890410959,11.0,0
2021-02-17,59.99,9.99,50.0,500.5005005005005,1,5,6.0,53.400958904109594,12.0,0
2021-02-18,59.99,9.99,50.0,500.5005005005005,2,6,6.0,53.400958904109594,12.0,0
2021-02-19,59.99,9.99,50.0,500.5005005005005,3,7,6.0,53.40095890410959,12.0,0
2021-02-20,59.99,9.99,50.0,500.5005005005005,4,8,6.0,53.400958904109594,12.0,0
2021-02-21,59.99,9.99,50.0,500.5005005005005,5,9,6.0,53.40095890410959,12.0,0
2021-02-22,59.99,9.99,50.0,500.5005005005005,6,10,6.0,53.400958904109594,12.0,0
2021-02-23,59.99,9.99,50.0,500.5005005005005,7,11,6.0,53.40095890410959,12.0,0
2021-02-24,59.99,9.99,50.0,500.5005005005005,8,12,6.0,53.400958904109594,12.0,0
2021-02-25,59.99,9.99,50.0,500.5005005005005,9,13,6.0,53.40095890410959,12.0,0
2021-02-26,59.99,9.99,50.0,500.5005005005005,10,14,6.0,53.400958904109594,12.0,0
2021-02-27,59.99,9.99,50.0,500.5005005005005,11,15,6.0,53.400958904109594,12.0,0
2021-02-28,59.99,9.99,50.0,500.5005005005005,12,16,6.0,53.40095890410959,12.0,0
2021-03-01,59.99,9.99,50.0,500.5005005005005,13,17,6.0,53.400958904109594,12.0,0
2021-03-02,59.99,9.99,50.0,500.5005005005005,14,18,6.0,53.40095890410959,12.0,0
2021-03-03,59.99,9.99,50.0,500.5005005005005,15,19,6.0,53.400958904109594,12.0,0
2021-03-04,59.99,9.99,50.0,500.5005005005005,16,20,6.0,53.40095890410959,12.0,0
2021-03-05,59.99,9.99,50.0,500.5005005005005,17,21,6.0,53.400958904109594,12.0,0
2021-03-06,59.99,9.99,50.0,500.5005005005005,18,22,6.0,53.40095890410959,12.0,0
2021-03-07,59.99,9.99,50.0,500.5005005005005,19,23,6.0,53.400958904109594,12.0,0
2021-03-08,59.99,9.99,50.0,500.5005005005005,20,24,6.0,53.400958904109594,12.0,0
2021-03-09,59.99,9.99,50.0,500.5005005005005,21,25,6.0,53.40095890410959,12.0,0
2021-03-10,59.99,9.99,50.0,500.5005005005005,22,26,6.0,53.400958904109594,12.0,1
2021-03-11,59.99,9.99,50.0,500.5005005005005,23,27,6.0,53.40095890410959,12.0,1
2021-03-12,59.99,9.99,50.0,500.5005005005005,24,28,6.0,53.400958904109594,12.0,1
2021-03-13,59.99,9.99,50.0,500.5005005005005,25,29,6.0,53.40095890410959,12.0,1
2021-03-14,59.99,9.99,50.0,500.5005005005005,26,30,6.0,53.400958904109594,12.0,1
2021-03-15,59.99,9.99,50.0,500.5005005005005,27,31,6.0,53.400958904109594,12.0,1
2021-03-16,59.99,9.99,50.0,500.5005005005005,28,32,6.0,53.40095890410959,12.0,1
2021-03-17,59.99,9.99,50.0,500.5005005005005,29,33,6.0,53.400958904109594,12.0,1
2021-03-18,59.99,9.99,50.0,500.5005005005005,30,34,6.0,53.40095890410959,12.0,1
2021-03-19,59.99,9.99,50.0,500.5005005005005,31,35,6.0,53.400958904109594,12.0,1
2021-03-20,59.99,9.99,50.0,500.5005005005005,32,36,6.0,53.40095890410959,12.0,1
2021-03-21,59.99,9.99,50.0,500.5005005005005,33,37,6.0,53.400958904109594,12.0,1
2021-03-22,59.99,9.99,50.0,500.5005005005005,34,38,6.0,53.40095890410959,12.0,1
2021-03-23,59.99,9.99,50.0,500.5005005005005,35,39,6.0,53.400958904109594,12.0,1
2021-03-24,59.99,9.99,50.0,500.5005005005005,36,40,6.0,53.400958904109594,12.0,1
2021-03-25,59.99,9.99,50.0,500.5005005005005,37,41,6.0,53.40095890410959,12.0,1
2021-03-26,59.99,9.99,50.0,500.5005005005005,38,42,6.0,53.400958904109594,12.0,1
2021-03-27,59.99,9.99,50.0,500.5005005005005,39,43,6.0,53.40095890410959,12.0,1
2021-03-28,59.99,9.99,50.0,500.5005005005005,40,44,6.0,53.400958904109594,12.0,1
2021-03-29,59.99,9.99,50.0,500.5005005005005,41,45,6.0,53.40095890410959,12.0,1
2021-03-30,59.99,9.99,50.0,500.5005005005005,42,46,6.0,53.400958904109594,12.0,1
2021-03-31,59.99,9.99,50.0,500.5005005005005,43,47,6.0,53.40095890410959,12.0,1
2021-04-01,59.99,9.99,50.0,500.5005005005005,44,48,6.0,53.400958904109594,12.0,1
2021-04-02,59.99,9.99,50.0,500.5005005005005,45,49,6.0,53.400958904109594,12.0,1
2021-04-03,59.99,9.99,50.0,500.5005005005005,46,50,6.0,53.40095890410959,12.0,1
2021-04-04,59.99,9.99,50.0,500.5005005005005,47,51,6.0,53.400958904109594,12.0,1
2021-04-05,59.99,9.99,50.0,500.5005005005005,48,52,6.0,53.40095890410959,12.0,1
2021-04-06,59.99,9.99,50.0,500.5005005005005,49,53,6.0,53.400958904109594,12.0,1
2021-04-07,59.99,9.99,50.0,500.5005005005005,50,54,6.0,53.40095890410959,12.0,1
2021-04-08,59.99,9.99,50.0,500.5005005005005,51,55,6.0,53.400958904109594,12.0,1
2021-04-09,14.99,9.99,5.0,50.050050050050054,0,0,6.0,53.400958904109594,12.0,0
2021-04-10,14.99,9.99,5.0,50.050050050050054,1,1,7.0,53.277671232876706,13.0,0
2021-04-11,14.99,9.99,5.0,50.050050050050054,2,2,7.0,53.15438356164384,13.0,0
2021-04-12,14.99,9.99,5.0,50.050050050050054,3,3,7.0,53.03109589041095,13.0,0
2021-04-13,59.99,9.99,50.0,500.5005005005005,0,4,7.0,52.90780821917809,13.0,0
2021-04-14,59.99,9.99,50.0,500.5005005005005,1,5,7.0,52.90780821917808,14.0,0
2021-04-15,59.99,9.99,50.0,500.5005005005005,2,6,7.0,52.90780821917809,14.0,0
2021-04-16,59.99,9.99,50.0,500.5005005005005,3,7,7.0,52.90780821917808,14.0,0
2021-04-17,59.99,9.99,50.0,500.5005005005005,4,8,7.0,52.90780821917809,14.0,0
2021-04-18,59.99,9.99,50.0,500.5005005005005,5,9,6.0,53.04479452054795,13.0,0
2021-04-19,59.99,9.99,50.0,500.5005005005005,6,10,6.0,53.181780821917805,13.0,0
2021-04-20,59.99,9.99,50.0,500.5005005005005,7,11,6.0,53.31876712328768,13.0,0
2021-04-21,59.99,9.99,50.0,500.5005005005005,8,12,6.0,53.45575342465753,13.0,0
2021-04-22,59.99,9.99,50.0,500.5005005005005,9,13,6.0,53.45575342465754,12.0,0
2021-04-23,59.99,9.99,50.0,500.5005005005005,10,14,6.0,53.45575342465753,12.0,0
2021-04-24,59.99,9.99,50.0,500.5005005005005,11,15,6.0,53.45575342465754,12.0,0
2021-04-25,59.99,9.99,50.0,500.5005005005005,12,16,6.0,53.45575342465754,12.0,0
2021-04-26,59.99,9.99,50.0,500.5005005005005,13,17,6.0,53.45575342465754,12.0,0
2021-04-27,59.99,9.99,50.0,500.5005005005005,14,18,6.0,53.45575342465754,12.0,0
2021-04-28,59.99,9.99,50.0,500.5005005005005,15,19,6.0,53.45575342465753,12.0,0
2021-04-29,59.99,9.99,50.0,500.5005005005005,16,20,6.0,53.45575342465754,12.0,0
2021-04-30,59.99,9.99,50.0,500.5005005005005,17,21,6.0,53.45575342465753,12.0,0
2021-05-01,59.99,9.99,50.0,500.5005005005005,18,22,6.0,53.45575342465754,12.0,0
2021-05-02,59.99,9.99,50.0,500.5005005005005,19,23,5.0,53.57904109589041,11.0,0
2021-05-03,59.99,9.99,50.0,500.5005005005005,20,24,5.0,53.70232876712329,11.0,0
2021-05-04,59.99,9.99,50.0,500.5005005005005,21,25,5.0,53.82561643835617,11.0,0
2021-05-05,59.99,9.99,50.0,500.5005005005005,22,26,5.0,53.94890410958904,11.0,0
2021-05-06,59.99,9.99,50.0,500.5005005005005,23,27,5.0,54.072191780821925,11.0,0
2021-05-07,59.99,9.99,50.0,500.5005005005005,24,28,5.0,54.19547945205479,11.0,0
2021-05-08,59.99,9.99,50.0,500.5005005005005,25,29,5.0,54.1954794520548,10.0,0
2021-05-09,59.99,9.99,50.0,500.5005005005005,26,30,5.0,54.19547945205479,10.0,0
2021-05-10,59.99,9.99,50.0,500.5005005005005,27,31,5.0,54.1954794520548,10.0,0
2021-05-11,59.99,9.99,50.0,500.5005005005005,28,32,5.0,54.19547945205479,10.0,0
2021-05-12,59.99,9.99,50.0,500.5005005005005,29,33,5.0,54.1954794520548,10.0,0
2021-05-13,59.99,9.99,50.0,500.5005005005005,30,34,5.0,54.1954794520548,10.0,0
2021-05-14,59.99,9.99,50.0,500.5005005005005,31,35,5.0,54.19547945205479,10.0,0
2021-05-15,59.99,9.99,50.0,500.5005005005005,32,36,5.0,54.1954794520548,10.0,0
2021-05-16,59.99,9.99,50.0,500.5005005005005,33,37,5.0,54.19547945205479,10.0,0
2021-05-17,59.99,9.99,50.0,500.5005005005005,34,38,5.0,54.1954794520548,10.0,0
2021-05-18,59.99,9.99,50.0,500.5005005005005,35,39,5.0,54.19547945205479,10.0,0
2021-05-19,59.99,9.99,50.0,500.5005005005005,36,40,5.0,54.1954794520548,10.0,0
2021-05-20,59.99,9.99,50.0,500.5005005005005,37,41,5.0,54.1954794520548,10.0,1
2021-05-21,59.99,9.99,50.0,500.5005005005005,38,42,5.0,54.19547945205479,10.0,1
2021-05-22,59.99,9.99,50.0,500.5005005005005,39,43,5.0,54.1954794520548,10.0,1
2021-05-23,59.99,9.99,50.0,500.5005005005005,40,44,5.0,54.19547945205479,10.0,1
2021-05-24,59.99,9.99,50.0,500.5005005005005,41,45,5.0,54.1954794520548,10.0,1
2021-05-25,59.99,9.99,50.0,500.5005005005005,42,46,5.0,54.19547945205479,10.0,1
2021-05-26,59.99,9.99,50.0,500.5005005005005,43,47,5.0,54.1954794520548,10.0,1
2021-05-27,59.99,9.99,50.0,500.5005005005005,44,48,5.0,54.19547945205479,10.0,1
2021-05-28,59.99,9.99,50.0,500.5005005005005,45,49,5.0,54.1954794520548,10.0,1
2021-05-29,59.99,9.99,50.0,500.5005005005005,46,50,5.0,54.1954794520548,10.0,1
2021-05-30,59.99,9.99,50.0,500.5005005005005,47,51,5.0,54.19547945205479,10.0,1
2021-05-31,59.99,9.99,50.0,500.5005005005005,48,52,5.0,54.1954794520548,10.0,1
2021-06-01,59.99,9.99,50.0,500.5005005005005,49,53,5.0,54.19547945205479,10.0,1
2021-06-02,59.99,9.99,50.0,500.5005005005005,50,54,5.0,54.1954794520548,10.0,1
2021-06-03,59.99,9.99,50.0,500.5005005005005,51,55,5.0,54.19547945205479,10.0,1
2021-06-04,59.99,9.99,50.0,500.5005005005005,52,56,5.0,54.1954794520548,10.0,1
2021-06-05,59.99,9.99,50.0,500.5005005005005,53,57,5.0,54.19547945205479,10.0,1
2021-06-06,59.99,9.99,50.0,500.5005005005005,54,58,5.0,54.1954794520548,10.0,1
2021-06-07,59.99,9.99,50.0,500.5005005005005,55,59,5.0,54.1954794520548,10.0,1
2021-06-08,59.99,9.99,50.0,500.5005005005005,56,60,5.0,54.19547945205479,10.0,1
2021-06-09,59.99,9.99,50.0,500.5005005005005,57,61,5.0,54.1954794520548,10.0,1
2021-06-10,59.99,9.99,50.0,500.5005005005005,58,62,5.0,54.19547945205479,10.0,1
2021-06-11,59.99,9.99,50.0,500.5005005005005,59,63,5.0,54.1954794520548,10.0,1
2021-06-12,59.99,9.99,50.0,500.5005005005005,60,64,5.0,54.19547945205479,10.0,1
2021-06-13,59.99,9.99,50.0,500.5005005005005,61,65,5.0,54.1954794520548,10.0,1
2021-06-14,59.99,9.99,50.0,500.5005005005005,62,66,5.0,54.1954794520548,10.0,1
2021-06-15,59.99,9.99,50.0,500.5005005005005,63,67,5.0,54.19547945205479,10.0,1
2021-06-16,59.99,9.99,50.0,500.5005005005005,64,68,5.0,54.1954794520548,10.0,1
2021-06-17,59.99,9.99,50.0,500.5005005005005,65,69,5.0,54.19547945205479,10.0,1
2021-06-18,59.99,9.99,50.0,500.5005005005005,66,70,5.0,54.1954794520548,10.0,1
2021-06-19,14.99,9.99,5.0,50.050050050050054,0,0,5.0,54.19547945205479,10.0,0
2021-06-20,14.99,9.99,5.0,50.050050050050054,1,1,6.0,54.072191780821925,11.0,0
2021-06-21,14.99,9.99,5.0,50.050050050050054,2,2,6.0,53.94890410958904,11.0,0
2021-06-22,14.99,9.99,5.0,50.050050050050054,3,3,5.0,53.948904109589044,10.0,0
2021-06-23,14.99,9.99,5.0,50.050050050050054,4,4,5.0,53.948904109589044,10.0,0
2021-06-24,14.99,9.99,5.0,50.050050050050054,5,5,5.0,53.94890410958904,10.0,0
2021-06-25,14.99,9.99,5.0,50.050050050050054,6,6,5.0,53.948904109589044,10.0,0
2021-06-26,14.99,9.99,5.0,50.050050050050054,7,7,5.0,53.94890410958904,10.0,0
2021-06-27,14.99,9.99,5.0,50.050050050050054,8,8,5.0,53.948904109589044,10.0,0
2021-06-28,14.99,9.99,5.0,50.050050050050054,9,9,5.0,53.94890410958904,10.0,0
2021-06-29,14.99,9.99,5.0,50.050050050050054,10,10,5.0,53.948904109589044,10.0,0
2021-06-30,14.99,9.99,5.0,50.050050050050054,11,11,5.0,53.94890410958904,10.0,0
2021-07-01,14.99,9.99,5.0,50.050050050050054,12,12,5.0,53.948904109589044,10.0,0
2021-07-02,14.99,9.99,5.0,50.050050050050054,13,13,5.0,53.948904109589044,10.0,0
2021-07-03,14.99,9.99,5.0,50.050050050050054,14,14,5.0,53.94890410958904,10.0,0
2021-07-04,14.99,9.99,5.0,50.050050050050054,15,15,5.0,53.948904109589044,10.0,0
2021-07-05,14.99,9.99,5.0,50.050050050050054,16,16,5.0,53.94890410958904,10.0,0
2021-07-06,14.99,9.99,5.0,50.050050050050054,17,17,5.0,53.948904109589044,10.0,0
2021-07-07,14.99,9.99,5.0,50.050050050050054,18,18,5.0,53.94890410958904,10.0,0
2021-07-08,14.99,9.99,5.0,50.050050050050054,19,19,5.0,53.948904109589044,10.0,0
2021-07-09,59.99,9.99,50.0,500.5005005005005,0,20,5.0,53.948904109589044,10.0,0
2021-07-10,59.99,9.99,50.0,500.5005005005005,1,21,5.0,54.07219178082191,11.0,0
2021-07-11,59.99,9.99,50.0,500.5005005005005,2,22,5.0,54.072191780821925,10.0,0
2021-07-12,59.99,9.99,50.0,500.5005005005005,3,23,5.0,54.07219178082191,10.0,0
2021-07-13,59.99,9.99,50.0,500.5005005005005,4,24,5.0,54.072191780821925,10.0,0
2021-07-14,59.99,9.99,50.0,500.5005005005005,5,25,5.0,54.07219178082191,10.0,0
2021-07-15,59.99,9.99,50.0,500.5005005005005,6,26,5.0,54.072191780821925,10.0,0
2021-07-16,59.99,9.99,50.0,500.5005005005005,7,27,5.0,54.07219178082191,10.0,0
2021-07-17,59.99,9.99,50.0,500.5005005005005,8,28,5.0,54.072191780821925,10.0,0
2021-07-18,59.99,9.99,50.0,500.5005005005005,9,29,5.0,54.072191780821925,10.0,0
2021-07-19,59.99,9.99,50.0,500.5005005005005,10,30,5.0,54.07219178082191,10.0,0
2021-07-20,59.99,9.99,50.0,500.5005005005005,11,31,5.0,54.072191780821925,10.0,0
2021-07-21,59.99,9.99,50.0,500.5005005005005,12,32,5.0,54.07219178082191,10.0,0
2021-07-22,59.99,9.99,50.0,500.5005005005005,13,33,5.0,54.072191780821925,10.0,0
2021-07-23,59.99,9.99,50.0,500.5005005005005,14,34,5.0,54.07219178082191,10.0,0
2021-07-24,59.99,9.99,50.0,500.5005005005005,15,35,5.0,54.072191780821925,10.0,0
2021-07-25,59.99,9.99,50.0,500.5005005005005,16,36,5.0,54.072191780821925,10.0,0
2021-07-26,59.99,9.99,50.0,500.5005005005005,17,37,5.0,54.072191780821925,10.0,0
2021-07-27,59.99,9.99,50.0,500.5005005005005,18,38,5.0,54.072191780821925,10.0,0
2021-07-28,59.99,9.99,50.0,500.5005005005005,19,39,5.0,54.07219178082191,10.0,0
2021-07-29,59.99,9.99,50.0,500.5005005005005,20,40,5.0,54.072191780821925,10.0,0
2021-07-30,59.99,9.99,50.0,500.5005005005005,21,41,5.0,54.07219178082191,10.0,0
2021-07-31,59.99,9.99,50.0,500.5005005005005,22,42,5.0,54.072191780821925,10.0,0
2021-08-01,59.99,9.99,50.0,500.5005005005005,23,43,5.0,54.07219178082191,10.0,0
2021-08-02,59.99,9.99,50.0,500.5005005005005,24,44,5.0,54.072191780821925,10.0,0
2021-08-03,59.99,9.99,50.0,500.5005005005005,25,45,5.0,54.072191780821925,10.0,0
2021-08-04,59.99,9.99,50.0,500.5005005005005,26,46,5.0,54.07219178082191,10.0,0
2021-08-05,59.99,9.99,50.0,500.5005005005005,27,47,5.0,54.072191780821925,10.0,0
2021-08-06,59.99,9.99,50.0,500.5005005005005,28,48,5.0,54.07219178082191,10.0,0
2021-08-07,59.99,9.99,50.0,500.5005005005005,29,49,5.0,54.072191780821925,10.0,0
2021-08-08,59.99,9.99,50.0,500.5005005005005,30,50,5.0,54.07219178082191,10.0,0
2021-08-09,59.99,9.99,50.0,500.5005005005005,31,51,5.0,54.072191780821925,10.0,0
2021-08-10,59.99,9.99,50.0,500.5005005005005,32,52,5.0,54.07219178082191,10.0,0
2021-08-11,59.99,9.99,50.0,500.5005005005005,33,53,5.0,54.072191780821925,10.0,0
2021-08-12,59.99,9.99,50.0,500.5005005005005,34,54,5.0,54.072191780821925,10.0,0
2021-08-13,59.99,9.99,50.0,500.5005005005005,35,55,5.0,54.07219178082191,10.0,0
2021-08-14,59.99,9.99,50.0,500.5005005005005,36,56,5.0,54.072191780821925,10.0,0
2021-08-15,59.99,9.99,50.0,500.5005005005005,37,57,5.0,54.07219178082191,10.0,0
2021-08-16,59.99,9.99,50.0,500.5005005005005,38,58,5.0,54.072191780821925,10.0,0
2021-08-17,59.99,9.99,50.0,500.5005005005005,39,59,5.0,54.07219178082191,10.0,0
2021-08-18,59.99,9.99,50.0,500.5005005005005,40,60,5.0,54.072191780821925,10.0,0
2021-08-19,59.99,9.99,50.0,500.5005005005005,41,61,5.0,54.072191780821925,10.0,0
2021-08-20,59.99,9.99,50.0,500.5005005005005,42,62,5.0,54.07219178082191,10.0,0
2021-08-21,59.99,9.99,50.0,500.5005005005005,43,63,5.0,54.072191780821925,10.0,0
2021-08-22,59.99,9.99,50.0,500.5005005005005,44,64,5.0,54.07219178082191,10.0,0
2021-08-23,59.99,9.99,50.0,500.5005005005005,45,65,5.0,54.072191780821925,10.0,0
2021-08-24,59.99,9.99,50.0,500.5005005005005,46,66,5.0,54.07219178082191,10.0,0
2021-08-25,59.99,9.99,50.0,500.5005005005005,47,67,5.0,54.072191780821925,10.0,0
2021-08-26,59.99,9.99,50.0,500.5005005005005,48,68,5.0,54.07219178082191,10.0,0
2021-08-27,59.99,9.99,50.0,500.5005005005005,49,69,5.0,54.072191780821925,10.0,0
2021-08-28,59.99,9.99,50.0,500.5005005005005,50,70,5.0,54.072191780821925,10.0,0
2021-08-29,59.99,9.99,50.0,500.5005005005005,51,71,5.0,54.07219178082191,10.0,0
2021-08-30,59.99,9.99,50.0,500.5005005005005,52,72,5.0,54.072191780821925,10.0,0
2021-08-31,59.99,9.99,50.0,500.5005005005005,53,73,5.0,54.07219178082191,10.0,0
2021-09-01,59.99,9.99,50.0,500.5005005005005,54,74,5.0,54.072191780821925,10.0,0
2021-09-02,59.99,9.99,50.0,500.5005005005005,55,75,5.0,54.07219178082191,10.0,0
2021-09-03,59.99,9.99,50.0,500.5005005005005,56,76,5.0,54.072191780821925,10.0,0
2021-09-04,59.99,9.99,50.0,500.5005005005005,57,77,5.0,54.07219178082191,10.0,0
2021-09-05,59.99,9.99,50.0,500.5005005005005,58,78,5.0,54.072191780821925,10.0,0
2021-09-06,59.99,9.99,50.0,500.5005005005005,59,79,5.0,54.072191780821925,10.0,0
2021-09-07,59.99,9.99,50.0,500.5005005005005,60,80,5.0,54.07219178082191,10.0,0
2021-09-08,59.99,9.99,50.0,500.5005005005005,61,81,5.0,54.072191780821925,10.0,0
2021-09-09,59.99,9.99,50.0,500.5005005005005,62,82,5.0,54.07219178082191,10.0,0
2021-09-10,59.99,9.99,50.0,500.5005005005005,63,83,5.0,54.072191780821925,10.0,0
2021-09-11,59.99,9.99,50.0,500.5005005005005,64,84,5.0,54.07219178082191,10.0,0
2021-09-12,59.99,9.99,50.0,500.5005005005005,65,85,5.0,54.072191780821925,10.0,0
2021-09-13,59.99,9.99,50.0,500.5005005005005,66,86,5.0,54.072191780821925,10.0,0
2021-09-14,59.99,9.99,50.0,500.5005005005005,67,87,5.0,54.07219178082191,10.0,0
2021-09-15,59.99,9.99,50.0,500.5005005005005,68,88,5.0,54.072191780821925,10.0,0
2021-09-16,59.99,9.99,50.0,500.5005005005005,69,89,5.0,54.07219178082191,10.0,0
2021-09-17,59.99,9.99,50.0,500.5005005005005,70,90,5.0,54.072191780821925,10.0,0
2021-09-18,59.99,9.99,50.0,500.5005005005005,71,91,5.0,54.07219178082191,10.0,0
2021-09-19,59.99,9.99,50.0,500.5005005005005,72,92,5.0,54.072191780821925,10.0,0
2021-09-20,59.99,9.99,50.0,500.5005005005005,73,93,5.0,54.07219178082191,10.0,0
2021-09-21,59.99,9.99,50.0,500.5005005005005,74,94,5.0,54.072191780821925,10.0,0
2021-09-22,59.99,9.99,50.0,500.5005005005005,75,95,5.0,54.072191780821925,10.0,0
2021-09-23,59.99,9.99,50.0,500.5005005005005,76,96,5.0,54.07219178082191,10.0,0
2021-09-24,59.99,9.99,50.0,500.5005005005005,77,97,5.0,54.072191780821925,10.0,0
2021-09-25,59.99,9.99,50.0,500.5005005005005,78,98,5.0,54.07219178082191,10.0,0
2021-09-26,59.99,9.99,50.0,500.5005005005005,79,99,5.0,54.072191780821925,10.0,0
2021-09-27,59.99,9.99,50.0,500.5005005005005,80,100,5.0,54.07219178082191,10.0,0
2021-09-28,59.99,9.99,50.0,500.5005005005005,81,101,5.0,54.072191780821925,10.0,0
2021-09-29,59.99,9.99,50.0,500.5005005005005,82,102,5.0,54.072191780821925,10.0,0
2021-09-30,59.99,9.99,50.0,500.5005005005005,83,103,5.0,54.072191780821925,10.0,0
2021-10-01,59.99,9.99,50.0,500.5005005005005,84,104,5.0,54.072191780821925,10.0,0
2021-10-02,59.99,9.99,50.0,500.5005005005005,85,105,5.0,54.07219178082191,10.0,0
2021-10-03,59.99,9.99,50.0,500.5005005005005,86,106,5.0,54.072191780821925,10.0,0
2021-10-04,59.99,9.99,50.0,500.5005005005005,87,107,5.0,54.07219178082191,10.0,0
2021-10-05,59.99,9.99,50.0,500.5005005005005,88,108,5.0,54.072191780821925,10.0,0
2021-10-06,59.99,9.99,50.0,500.5005005005005,89,109,5.0,54.07219178082191,10.0,0
2021-10-07,59.99,9.99,50.0,500.5005005005005,90,110,5.0,54.072191780821925,10.0,0
2021-10-08,59.99,9.99,50.0,500.5005005005005,91,111,5.0,54.072191780821925,10.0,0
2021-10-09,59.99,9.99,50.0,500.5005005005005,92,112,5.0,54.07219178082191,10.0,0
2021-10-10,59.99,9.99,50.0,500.5005005005005,93,113,5.0,54.072191780821925,10.0,0
2021-10-11,59.99,9.99,50.0,500.5005005005005,94,114,5.0,54.07219178082191,10.0,0
2021-10-12,59.99,9.99,50.0,500.5005005005005,95,115,5.0,54.072191780821925,10.0,0
2021-10-13,59.99,9.99,50.0,500.5005005005005,96,116,5.0,54.07219178082191,10.0,0
2021-10-14,59.99,9.99,50.0,500.5005005005005,97,117,5.0,54.072191780821925,10.0,0
2021-10-15,59.99,9.99,50.0,500.5005005005005,98,118,5.0,54.07219178082191,10.0,0
2021-10-16,59.99,9.99,50.0,500.5005005005005,99,119,5.0,54.072191780821925,10.0,0
2021-10-17,59.99,9.99,50.0,500.5005005005005,100,120,5.0,54.072191780821925,10.0,0
2021-10-18,59.99,9.99,50.0,500.5005005005005,101,121,5.0,54.07219178082191,10.0,0
2021-10-19,59.99,9.99,50.0,500.5005005005005,102,122,5.0,54.072191780821925,10.0,0
2021-10-20,59.99,9.99,50.0,500.5005005005005,103,123,5.0,54.07219178082191,10.0,0
2021-10-21,59.99,9.99,50.0,500.5005005005005,104,124,5.0,54.072191780821925,10.0,0
2021-10-22,59.99,9.99,50.0,500.5005005005005,105,125,5.0,54.07219178082191,10.0,0
2021-10-23,59.99,9.99,50.0,500.5005005005005,106,126,5.0,54.072191780821925,10.0,0
2021-10-24,59.99,9.99,50.0,500.5005005005005,107,127,5.0,54.072191780821925,10.0,0
2021-10-25,59.99,9.99,50.0,500.5005005005005,108,128,5.0,54.07219178082191,10.0,0
2021-10-26,59.99,9.99,50.0,500.5005005005005,109,129,5.0,54.072191780821925,10.0,1
2021-10-27,59.99,9.99,50.0,500.5005005005005,110,130,5.0,54.07219178082191,10.0,1
2021-10-28,59.99,9.99,50.0,500.5005005005005,111,131,5.0,54.072191780821925,10.0,1
2021-10-29,59.99,9.99,50.0,500.5005005005005,112,132,5.0,54.07219178082191,10.0,1
2021-10-30,59.99,9.99,50.0,500.5005005005005,113,133,5.0,54.072191780821925,10.0,1
2021-10-31,59.99,9.99,50.0,500.5005005005005,114,134,5.0,54.07219178082191,10.0,1
2021-11-01,59.99,9.99,50.0,500.5005005005005,115,135,5.0,54.072191780821925,10.0,1
2021-11-02,59.99,9.99,50.0,500.5005005005005,116,136,5.0,54.072191780821925,10.0,1
2021-11-03,59.99,9.99,50.0,500.5005005005005,117,137,5.0,54.07219178082191,10.0,1
2021-11-04,59.99,9.99,50.0,500.5005005005005,118,138,5.0,54.072191780821925,10.0,1
2021-11-05,59.99,9.99,50.0,500.5005005005005,119,139,5.0,54.07219178082191,10.0,1
2021-11-06,59.99,9.99,50.0,500.5005005005005,120,140,5.0,54.072191780821925,10.0,1
2021-11-07,59.99,9.99,50.0,500.5005005005005,121,141,5.0,54.07219178082191,10.0,1
2021-11-08,59.99,9.99,50.0,500.5005005005005,122,142,5.0,54.072191780821925,10.0,1
2021-11-09,59.99,9.99,50.0,500.5005005005005,123,143,5.0,54.07219178082191,10.0,1
2021-11-10,59.99,9.99,50.0,500.5005005005005,124,144,5.0,54.072191780821925,10.0,1
2021-11-11,59.99,9.99,50.0,500.5005005005005,125,145,5.0,54.072191780821925,10.0,1
2021-11-12,59.99,9.99,50.0,500.5005005005005,126,146,5.0,54.07219178082191,10.0,1
2021-11-13,59.99,9.99,50.0,500.5005005005005,127,147,5.0,54.072191780821925,10.0,1
2021-11-14,59.99,9.99,50.0,500.5005005005005,128,148,5.0,54.07219178082191,10.0,1
2021-11-15,59.99,9.99,50.0,500.5005005005005,129,149,5.0,54.072191780821925,10.0,1
2021-11-16,59.99,9.99,50.0,500.5005005005005,130,150,5.0,54.07219178082191,10.0,1
2021-11-17,59.99,9.99,50.0,500.5005005005005,131,151,5.0,54.072191780821925,10.0,1
2021-11-18,59.99,9.99,50.0,500.5005005005005,132,152,5.0,54.072191780821925,10.0,1
2021-11-19,59.99,9.99,50.0,500.5005005005005,133,153,5.0,54.07219178082191,10.0,1
2021-11-20,59.99,9.99,50.0,500.5005005005005,134,154,5.0,54.072191780821925,10.0,1
2021-11-21,59.99,9.99,50.0,500.5005005005005,135,155,5.0,54.07219178082191,10.0,1
2021-11-22,59.99,9.99,50.0,500.5005005005005,136,156,5.0,54.072191780821925,10.0,1
2021-11-23,59.99,9.99,50.0,500.5005005005005,137,157,5.0,54.07219178082191,10.0,1
2021-11-24,59.99,9.99,50.0,500.5005005005005,138,158,5.0,54.072191780821925,10.0,1
2021-11-25,29.99,9.99,20.0,200.20020020020021,0,0,5.0,54.07219178082191,10.0,1
2021-11-26,29.99,9.99,20.0,200.20020020020021,1,1,6.0,53.99000000000001,11.0,1
2021-11-27,29.99,9.99,20.0,200.20020020020021,2,2,5.0,54.03109589041097,10.0,1
2021-11-28,29.99,9.99,20.0,200.20020020020021,3,3,5.0,54.07219178082191,10.0,1
2021-11-29,29.99,9.99,20.0,200.20020020020021,4,4,5.0,54.11328767123288,10.0,1
2021-11-30,29.99,9.99,20.0,200.20020020020021,5,5,5.0,54.15438356164383,10.0,1
2021-12-01,29.99,9.99,20.0,200.20020020020021,6,6,5.0,54.1954794520548,10.0,1
2021-12-02,59.99,9.99,50.0,500.5005005005005,0,7,5.0,54.23657534246575,10.0,1
2021-12-03,59.99,9.99,50.0,500.5005005005005,1,8,5.0,54.23657534246576,10.0,1
2021-12-04,59.99,9.99,50.0,500.5005005005005,2,9,5.0,54.23657534246575,10.0,1
2021-12-05,59.99,9.99,50.0,500.5005005005005,3,10,5.0,54.23657534246576,10.0,1
2021-12-06,59.99,9.99,50.0,500.5005005005005,4,11,5.0,54.23657534246576,10.0,1
2021-12-07,59.99,9.99,50.0,500.5005005005005,5,12,5.0,54.23657534246575,10.0,1
2021-12-08,59.99,9.99,50.0,500.5005005005005,6,13,5.0,54.23657534246576,10.0,1
2021-12-09,59.99,9.99,50.0,500.5005005005005,7,14,5.0,54.23657534246575,10.0,1
2021-12-10,59.99,9.99,50.0,500.5005005005005,8,15,5.0,54.23657534246576,10.0,1
2021-12-11,59.99,9.99,50.0,500.5005005005005,9,16,5.0,54.23657534246575,10.0,1
2021-12-12,59.99,9.99,50.0,500.5005005005005,10,17,5.0,54.23657534246576,10.0,1
2021-12-13,59.99,9.99,50.0,500.5005005005005,11,18,5.0,54.23657534246576,10.0,1
2021-12-14,59.99,9.99,50.0,500.5005005005005,12,19,5.0,54.23657534246575,10.0,1
2021-12-15,59.99,9.99,50.0,500.5005005005005,13,20,5.0,54.23657534246576,10.0,1
2021-12-16,59.99,9.99,50.0,500.5005005005005,14,21,5.0,54.23657534246575,10.0,1
2021-12-17,59.99,9.99,50.0,500.5005005005005,15,22,5.0,54.23657534246576,10.0,1
2021-12-18,59.99,9.99,50.0,500.5005005005005,16,23,5.0,54.23657534246575,10.0,1
2021-12-19,59.99,9.99,50.0,500.5005005005005,17,24,5.0,54.23657534246576,10.0,1
2021-12-20,59.99,9.99,50.0,500.5005005005005,18,25,5.0,54.23657534246575,10.0,1
2021-12-21,59.99,9.99,50.0,500.5005005005005,19,26,5.0,54.23657534246576,10.0,1
2021-12-22,59.99,9.99,50.0,500.5005005005005,20,27,5.0,54.23657534246576,10.0,1
2021-12-23,14.99,9.99,5.0,50.050050050050054,0,0,5.0,54.23657534246575,10.0,0
2021-12-24,14.99,9.99,5.0,50.050050050050054,1,1,5.0,54.23657534246576,10.0,0
2021-12-25,14.99,9.99,5.0,50.050050050050054,2,2,5.0,54.23657534246575,10.0,0
2021-12-26,14.99,9.99,5.0,50.050050050050054,3,3,5.0,54.23657534246576,10.0,0
2021-12-27,14.99,9.99,5.0,50.050050050050054,4,4,5.0,54.23657534246575,10.0,0
2021-12-28,14.99,9.99,5.0,50.050050050050054,5,5,5.0,54.23657534246576,10.0,0
2021-12-29,14.99,9.99,5.0,50.050050050050054,6,6,5.0,54.23657534246576,10.0,0
2021-12-30,14.99,9.99,5.0,50.050050050050054,7,7,5.0,54.23657534246576,10.0,0
2021-12-31,14.99,9.99,5.0,50.050050050050054,8,8,5.0,54.23657534246576,10.0,0
2022-01-01,14.99,9.99,5.0,50.050050050050054,9,9,5.0,54.23657534246575,10.0,0
2022-01-02,14.99,9.99,5.0,50.050050050050054,10,10,5.0,54.23657534246576,10.0,0
2022-01-03,14.99,9.99,5.0,50.050050050050054,11,11,5.0,54.23657534246575,10.0,0
2022-01-04,14.99,9.99,5.0,50.050050050050054,12,12,5.0,54.23657534246576,10.0,0
2022-01-05,14.99,9.99,5.0,50.050050050050054,13,13,5.0,54.23657534246575,10.0,0
2022-01-06,59.99,9.99,50.0,500.5005005005005,0,14,5.0,54.23657534246576,10.0,0
2022-01-07,59.99,9.99,50.0,500.5005005005005,1,15,5.0,54.23657534246576,10.0,0
2022-01-08,59.99,9.99,50.0,500.5005005005005,2,16,5.0,54.23657534246575,10.0,0
2022-01-09,59.99,9.99,50.0,500.5005005005005,3,17,5.0,54.23657534246576,10.0,0
2022-01-10,59.99,9.99,50.0,500.5005005005005,4,18,5.0,54.23657534246575,10.0,0
2022-01-11,59.99,9.99,50.0,500.5005005005005,5,19,5.0,54.23657534246576,10.0,0
2022-01-12,59.99,9.99,50.0,500.5005005005005,6,20,5.0,54.23657534246575,10.0,0
2022-01-13,59.99,9.99,50.0,500.5005005005005,7,21,5.0,54.23657534246576,10.0,0
2022-01-14,59.99,9.99,50.0,500.5005005005005,8,22,5.0,54.23657534246575,10.0,0
2022-01-15,59.99,9.99,50.0,500.5005005005005,9,23,5.0,54.23657534246576,10.0,0
2022-01-16,59.99,9.99,50.0,500.5005005005005,10,24,5.0,54.23657534246576,10.0,0
2022-01-17,59.99,9.99,50.0,500.5005005005005,11,25,5.0,54.23657534246575,10.0,0
2022-01-18,59.99,9.99,50.0,500.5005005005005,12,26,5.0,54.23657534246576,10.0,0
2022-01-19,59.99,9.99,50.0,500.5005005005005,13,27,5.0,54.23657534246575,10.0,0
2022-01-20,59.99,9.99,50.0,500.5005005005005,14,28,5.0,54.23657534246576,10.0,0
2022-01-21,59.99,9.99,50.0,500.5005005005005,15,29,5.0,54.23657534246575,10.0,0
2022-01-22,59.99,9.99,50.0,500.5005005005005,16,30,5.0,54.23657534246576,10.0,0
2022-01-23,59.99,9.99,50.0,500.5005005005005,17,31,5.0,54.23657534246576,10.0,0
2022-01-24,59.99,9.99,50.0,500.5005005005005,18,32,5.0,54.23657534246575,10.0,0
2022-01-25,59.99,9.99,50.0,500.5005005005005,19,33,5.0,54.23657534246576,10.0,0
2022-01-26,59.99,9.99,50.0,500.5005005005005,20,34,5.0,54.23657534246575,10.0,0
2022-01-27,59.99,9.99,50.0,500.5005005005005,21,35,5.0,54.23657534246576,10.0,0
2022-01-28,59.99,9.99,50.0,500.5005005005005,22,36,5.0,54.23657534246575,10.0,0
2022-01-29,59.99,9.99,50.0,500.5005005005005,23,37,5.0,54.23657534246576,10.0,0
2022-01-30,59.99,9.99,50.0,500.5005005005005,24,38,5.0,54.23657534246575,10.0,0
2022-01-31,59.99,9.99,50.0,500.5005005005005,25,39,5.0,54.23657534246576,10.0,0
2022-02-01,59.99,9.99,50.0,500.5005005005005,26,40,5.0,54.23657534246576,10.0,0
2022-02-02,59.99,9.99,50.0,500.5005005005005,27,41,5.0,54.23657534246575,10.0,0
2022-02-03,59.99,9.99,50.0,500.5005005005005,28,42,5.0,54.23657534246576,10.0,0
2022-02-04,59.99,9.99,50.0,500.5005005005005,29,43,5.0,54.23657534246575,10.0,0
2022-02-05,59.99,9.99,50.0,500.5005005005005,30,44,5.0,54.23657534246576,10.0,0
2022-02-06,59.99,9.99,50.0,500.5005005005005,31,45,5.0,54.23657534246575,10.0,0
2022-02-07,59.99,9.99,50.0,500.5005005005005,32,46,5.0,54.23657534246576,10.0,0
2022-02-08,59.99,9.99,50.0,500.5005005005005,33,47,5.0,54.23657534246575,10.0,0
2022-02-09,59.99,9.99,50.0,500.5005005005005,34,48,5.0,54.23657534246576,10.0,0
2022-02-10,59.99,9.99,50.0,500.5005005005005,35,49,5.0,54.23657534246576,10.0,0
2022-02-11,59.99,9.99,50.0,500.5005005005005,36,50,5.0,54.23657534246575,10.0,0
2022-02-12,59.99,9.99,50.0,500.5005005005005,37,51,5.0,54.23657534246576,10.0,0
2022-02-13,59.99,9.99,50.0,500.5005005005005,38,52,4.0,54.35986301369863,9.0,0
2022-02-14,59.99,9.99,50.0,500.5005005005005,39,53,4.0,54.483150684931516,9.0,0
2022-02-15,59.99,9.99,50.0,500.5005005005005,40,54,4.0,54.60643835616438,9.0,0
2022-02-16,59.99,9.99,50.0,500.5005005005005,41,55,4.0,54.72972602739727,9.0,0
2022-02-17,59.99,9.99,50.0,500.5005005005005,42,56,4.0,54.72972602739727,8.0,0
2022-02-18,59.99,9.99,50.0,500.5005005005005,43,57,4.0,54.729726027397255,8.0,0
2022-02-19,59.99,9.99,50.0,500.5005005005005,44,58,4.0,54.72972602739727,8.0,0
2022-02-20,59.99,9.99,50.0,500.5005005005005,45,59,4.0,54.729726027397255,8.0,0
2022-02-21,59.99,9.99,50.0,500.5005005005005,46,60,4.0,54.72972602739727,8.0,0
2022-02-22,59.99,9.99,50.0,500.5005005005005,47,61,4.0,54.729726027397255,8.0,0
2022-02-23,59.99,9.99,50.0,500.5005005005005,48,62,4.0,54.72972602739727,8.0,0
2022-02-24,59.99,9.99,50.0,500.5005005005005,49,63,4.0,54.729726027397255,8.0,0
2022-02-25,59.99,9.99,50.0,500.5005005005005,50,64,4.0,54.72972602739727,8.0,0
2022-02-26,59.99,9.99,50.0,500.5005005005005,51,65,4.0,54.72972602739727,8.0,0
2022-02-27,59.99,9.99,50.0,500.5005005005005,52,66,4.0,54.729726027397255,8.0,0
2022-02-28,59.99,9.99,50.0,500.5005005005005,53,67,4.0,54.72972602739727,8.0,0
2022-03-01,59.99,9.99,50.0,500.5005005005005,54,68,4.0,54.729726027397255,8.0,0
2022-03-02,59.99,9.99,50.0,500.5005005005005,55,69,4.0,54.72972602739727,8.0,0
2022-03-03,59.99,9.99,50.0,500.5005005005005,56,70,4.0,54.729726027397255,8.0,0
2022-03-04,59.99,9.99,50.0,500.5005005005005,57,71,4.0,54.72972602739727,8.0,0
2022-03-05,59.99,9.99,50.0,500.5005005005005,58,72,4.0,54.729726027397255,8.0,0
2022-03-06,59.99,9.99,50.0,500.5005005005005,59,73,4.0,54.72972602739727,8.0,0
2022-03-07,59.99,9.99,50.0,500.5005005005005,60,74,4.0,54.72972602739727,8.0,0
2022-03-08,59.99,9.99,50.0,500.5005005005005,61,75,4.0,54.729726027397255,8.0,0
2022-03-09,59.99,9.99,50.0,500.5005005005005,62,76,4.0,54.72972602739727,8.0,0
2022-03-10,59.99,9.99,50.0,500.5005005005005,63,77,4.0,54.729726027397255,8.0,0
2022-03-11,59.99,9.99,50.0,500.5005005005005,64,78,4.0,54.72972602739727,8.0,0
2022-03-12,59.99,9.99,50.0,500.5005005005005,65,79,4.0,54.729726027397255,8.0,0
2022-03-13,59.99,9.99,50.0,500.5005005005005,66,80,4.0,54.72972602739727,8.0,0
2022-03-14,59.99,9.99,50.0,500.5005005005005,67,81,4.0,54.72972602739727,8.0,0
2022-03-15,59.99,9.99,50.0,500.5005005005005,68,82,4.0,54.729726027397255,8.0,0
2022-03-16,59.99,9.99,50.0,500.5005005005005,69,83,4.0,54.72972602739727,8.0,0
2022-03-17,59.99,9.99,50.0,500.5005005005005,70,84,4.0,54.729726027397255,8.0,0
2022-03-18,59.99,9.99,50.0,500.5005005005005,71,85,4.0,54.72972602739727,8.0,0
2022-03-19,59.99,9.99,50.0,500.5005005005005,72,86,4.0,54.729726027397255,8.0,0
2022-03-20,59.99,9.99,50.0,500.5005005005005,73,87,4.0,54.72972602739727,8.0,0
2022-03-21,59.99,9.99,50.0,500.5005005005005,74,88,4.0,54.729726027397255,8.0,0
2022-03-22,59.99,9.99,50.0,500.5005005005005,75,89,4.0,54.72972602739727,8.0,0
2022-03-23,59.99,9.99,50.0,500.5005005005005,76,90,4.0,54.72972602739727,8.0,0
2022-03-24,59.99,9.99,50.0,500.5005005005005,77,91,4.0,54.729726027397255,8.0,0
2022-03-25,59.99,9.99,50.0,500.5005005005005,78,92,4.0,54.72972602739727,8.0,0
2022-03-26,59.99,9.99,50.0,500.5005005005005,79,93,4.0,54.729726027397255,8.0,0
2022-03-27,59.99,9.99,50.0,500.5005005005005,80,94,4.0,54.72972602739727,8.0,0
2022-03-28,59.99,9.99,50.0,500.5005005005005,81,95,4.0,54.729726027397255,8.0,0
2022-03-29,59.99,9.99,50.0,500.5005005005005,82,96,4.0,54.72972602739727,8.0,0
2022-03-30,59.99,9.99,50.0,500.5005005005005,83,97,4.0,54.72972602739727,8.0,0
2022-03-31,59.99,9.99,50.0,500.5005005005005,84,98,4.0,54.72972602739727,8.0,0
2022-04-01,59.99,9.99,50.0,500.5005005005005,85,99,4.0,54.72972602739727,8.0,0
2022-04-02,59.99,9.99,50.0,500.5005005005005,86,100,4.0,54.729726027397255,8.0,0
2022-04-03,59.99,9.99,50.0,500.5005005005005,87,101,4.0,54.72972602739727,8.0,0
2022-04-04,59.99,9.99,50.0,500.5005005005005,88,102,4.0,54.729726027397255,8.0,0
2022-04-05,59.99,9.99,50.0,500.5005005005005,89,103,4.0,54.72972602739727,8.0,0
2022-04-06,59.99,9.99,50.0,500.5005005005005,90,104,4.0,54.729726027397255,8.0,0
2022-04-07,59.99,9.99,50.0,500.5005005005005,91,105,4.0,54.72972602739727,8.0,0
2022-04-08,59.99,9.99,50.0,500.5005005005005,92,106,4.0,54.72972602739727,8.0,0
2022-04-09,59.99,9.99,50.0,500.5005005005005,93,107,4.0,54.729726027397255,8.0,0
2022-04-10,59.99,9.99,50.0,500.5005005005005,94,108,3.0,54.85301369863014,7.0,0
2022-04-11,59.99,9.99,50.0,500.5005005005005,95,109,3.0,54.97630136986301,7.0,0
2022-04-12,59.99,9.99,50.0,500.5005005005005,96,110,3.0,55.099589041095896,7.0,0
2022-04-13,59.99,9.99,50.0,500.5005005005005,97,111,3.0,55.22287671232876,7.0,0
2022-04-14,59.99,9.99,50.0,500.5005005005005,98,112,3.0,55.22287671232877,6.0,0
2022-04-15,59.99,9.99,50.0,500.5005005005005,99,113,3.0,55.22287671232876,6.0,0
2022-04-16,59.99,9.99,50.0,500.5005005005005,100,114,3.0,55.22287671232877,6.0,0
2022-04-17,59.99,9.99,50.0,500.5005005005005,101,115,3.0,55.22287671232877,6.0,0
2022-04-18,59.99,9.99,50.0,500.5005005005005,102,116,3.0,55.22287671232876,6.0,0
2022-04-19,59.99,9.99,50.0,500.5005005005005,103,117,3.0,55.22287671232877,6.0,0
2022-04-20,59.99,9.99,50.0,500.5005005005005,104,118,3.0,55.22287671232876,6.0,0
2022-04-21,59.99,9.99,50.0,500.5005005005005,105,119,3.0,55.22287671232877,6.0,0
2022-04-22,59.99,9.99,50.0,500.5005005005005,106,120,3.0,55.22287671232876,6.0,0
2022-04-23,59.99,9.99,50.0,500.5005005005005,107,121,3.0,55.22287671232877,6.0,0
2022-04-24,59.99,9.99,50.0,500.5005005005005,108,122,3.0,55.22287671232877,6.0,0
2022-04-25,59.99,9.99,50.0,500.5005005005005,109,123,3.0,55.22287671232876,6.0,0
2022-04-26,59.99,9.99,50.0,500.5005005005005,110,124,3.0,55.22287671232877,6.0,0
2022-04-27,59.99,9.99,50.0,500.5005005005005,111,125,3.0,55.22287671232876,6.0,0
2022-04-28,59.99,9.99,50.0,500.5005005005005,112,126,3.0,55.22287671232877,6.0,0
2022-04-29,59.99,9.99,50.0,500.5005005005005,113,127,3.0,55.22287671232876,6.0,0
2022-04-30,59.99,9.99,50.0,500.5005005005005,114,128,3.0,55.22287671232877,6.0,0
2022-05-01,59.99,9.99,50.0,500.5005005005005,115,129,3.0,55.22287671232876,6.0,0
2022-05-02,59.99,9.99,50.0,500.5005005005005,116,130,3.0,55.22287671232877,6.0,0
2022-05-03,59.99,9.99,50.0,500.5005005005005,117,131,3.0,55.22287671232877,6.0,0
2022-05-04,59.99,9.99,50.0,500.5005005005005,118,132,3.0,55.22287671232876,6.0,0
2022-05-05,59.99,9.99,50.0,500.5005005005005,119,133,3.0,55.22287671232877,6.0,0
2022-05-06,59.99,9.99,50.0,500.5005005005005,120,134,3.0,55.22287671232876,6.0,0
2022-05-07,59.99,9.99,50.0,500.5005005005005,121,135,3.0,55.22287671232877,6.0,0
2022-05-08,59.99,9.99,50.0,500.5005005005005,122,136,3.0,55.22287671232876,6.0,0
2022-05-09,59.99,9.99,50.0,500.5005005005005,123,137,3.0,55.22287671232877,6.0,0
2022-05-10,59.99,9.99,50.0,500.5005005005005,124,138,3.0,55.22287671232876,6.0,0
2022-05-11,59.99,9.99,50.0,500.5005005005005,125,139,3.0,55.22287671232877,6.0,0
2022-05-12,59.99,9.99,50.0,500.5005005005005,126,140,3.0,55.22287671232877,6.0,0
2022-05-13,59.99,9.99,50.0,500.5005005005005,127,141,3.0,55.22287671232876,6.0,0
2022-05-14,59.99,9.99,50.0,500.5005005005005,128,142,3.0,55.22287671232877,6.0,0
2022-05-15,59.99,9.99,50.0,500.5005005005005,129,143,3.0,55.22287671232876,6.0,0
2022-05-16,59.99,9.99,50.0,500.5005005005005,130,144,3.0,55.22287671232877,6.0,0
2022-05-17,59.99,9.99,50.0,500.5005005005005,131,145,3.0,55.22287671232876,6.0,0
2022-05-18,59.99,9.99,50.0,500.5005005005005,132,146,3.0,55.22287671232877,6.0,0
2022-05-19,59.99,9.99,50.0,500.5005005005005,133,147,3.0,55.22287671232877,6.0,0
2022-05-20,59.99,9.99,50.0,500.5005005005005,134,148,3.0,55.22287671232876,6.0,0
2022-05-21,59.99,9.99,50.0,500.5005005005005,135,149,3.0,55.22287671232877,6.0,0
2022-05-22,59.99,9.99,50.0,500.5005005005005,136,150,3.0,55.22287671232876,6.0,0
2022-05-23,59.99,9.99,50.0,500.5005005005005,137,151,3.0,55.22287671232877,6.0,0
2022-05-24,59.99,9.99,50.0,500.5005005005005,138,152,3.0,55.22287671232876,6.0,0
2022-05-25,59.99,9.99,50.0,500.5005005005005,139,153,3.0,55.22287671232877,6.0,0
2022-05-26,59.99,9.99,50.0,500.5005005005005,140,154,3.0,55.22287671232876,6.0,0
2022-05-27,59.99,9.99,50.0,500.5005005005005,141,155,3.0,55.22287671232877,6.0,0
2022-05-28,59.99,9.99,50.0,500.5005005005005,142,156,3.0,55.22287671232877,6.0,0
2022-05-29,59.99,9.99,50.0,500.5005005005005,143,157,3.0,55.22287671232876,6.0,0
2022-05-30,59.99,9.99,50.0,500.5005005005005,144,158,3.0,55.22287671232877,6.0,0
2022-05-31,59.99,9.99,50.0,500.5005005005005,145,159,3.0,55.22287671232876,6.0,0
2022-06-01,59.99,9.99,50.0,500.5005005005005,146,160,3.0,55.22287671232877,6.0,0
2022-06-02,59.99,9.99,50.0,500.5005005005005,147,161,3.0,55.22287671232876,6.0,0
2022-06-03,59.99,9.99,50.0,500.5005005005005,148,162,3.0,55.22287671232877,6.0,0
2022-06-04,59.99,9.99,50.0,500.5005005005005,149,163,3.0,55.22287671232877,6.0,0
2022-06-05,59.99,9.99,50.0,500.5005005005005,150,164,3.0,55.22287671232877,6.0,0
2022-06-06,59.99,9.99,50.0,500.5005005005005,151,165,3.0,55.22287671232877,6.0,0
2022-06-07,59.99,9.99,50.0,500.5005005005005,152,166,3.0,55.22287671232876,6.0,0
2022-06-08,59.99,9.99,50.0,500.5005005005005,153,167,3.0,55.22287671232877,6.0,0
2022-06-09,59.99,9.99,50.0,500.5005005005005,154,168,3.0,55.22287671232876,6.0,0
2022-06-10,59.99,9.99,50.0,500.5005005005005,155,169,3.0,55.22287671232877,6.0,0
2022-06-11,59.99,9.99,50.0,500.5005005005005,156,170,3.0,55.22287671232876,6.0,0
2022-06-12,59.99,9.99,50.0,500.5005005005005,157,171,3.0,55.22287671232877,6.0,0
2022-06-13,59.99,9.99,50.0,500.5005005005005,158,172,3.0,55.22287671232877,6.0,0
2022-06-14,59.99,9.99,50.0,500.5005005005005,159,173,3.0,55.22287671232876,6.0,0
2022-06-15,59.99,9.99,50.0,500.5005005005005,160,174,3.0,55.22287671232877,6.0,0
2022-06-16,59.99,9.99,50.0,500.5005005005005,161,175,3.0,55.22287671232876,6.0,0
2022-06-17,59.99,9.99,50.0,500.5005005005005,162,176,3.0,55.22287671232877,6.0,0
2022-06-18,59.99,9.99,50.0,500.5005005005005,163,177,3.0,55.22287671232876,6.0,0
2022-06-19,59.99,9.99,50.0,500.5005005005005,164,178,3.0,55.22287671232877,6.0,0
2022-06-20,59.99,9.99,50.0,500.5005005005005,165,179,2.0,55.34616438356164,5.0,0
2022-06-21,59.99,9.99,50.0,500.5005005005005,166,180,2.0,55.46945205479452,5.0,0
2022-06-22,59.99,9.99,50.0,500.5005005005005,167,181,2.0,55.5927397260274,5.0,0
2022-06-23,59.99,9.99,50.0,500.5005005005005,168,182,2.0,55.71602739726027,5.0,0
2022-06-24,59.99,9.99,50.0,500.5005005005005,169,183,2.0,55.83931506849316,5.0,0
2022-06-25,59.99,9.99,50.0,500.5005005005005,170,184,2.0,55.96260273972602,5.0,0
2022-06-26,59.99,9.99,50.0,500.5005005005005,171,185,2.0,56.08589041095891,5.0,0
2022-06-27,59.99,9.99,50.0,500.5005005005005,172,186,2.0,56.20917808219178,5.0,0
2022-06-28,59.99,9.99,50.0,500.5005005005005,173,187,2.0,56.332465753424664,5.0,0
2022-06-29,59.99,9.99,50.0,500.5005005005005,174,188,2.0,56.45575342465754,5.0,0
2022-06-30,59.99,9.99,50.0,500.5005005005005,175,189,2.0,56.57904109589042,5.0,0
2022-07-01,59.99,9.99,50.0,500.5005005005005,176,190,2.0,56.70232876712329,5.0,0
2022-07-02,59.99,9.99,50.0,500.5005005005005,177,191,2.0,56.825616438356164,5.0,0
2022-07-03,59.99,9.99,50.0,500.5005005005005,178,192,2.0,56.948904109589044,5.0,0
2022-07-04,59.99,9.99,50.0,500.5005005005005,179,193,2.0,57.07219178082191,5.0,0
2022-07-05,59.99,9.99,50.0,500.5005005005005,180,194,2.0,57.1954794520548,5.0,0
2022-07-06,59.99,9.99,50.0,500.5005005005005,181,195,2.0,57.318767123287664,5.0,0
2022-07-07,59.99,9.99,50.0,500.5005005005005,182,196,2.0,57.44205479452055,5.0,0
2022-07-08,59.99,9.99,50.0,500.5005005005005,183,197,2.0,57.56534246575343,5.0,0
2022-07-09,59.99,9.99,50.0,500.5005005005005,184,198,2.0,57.6886301369863,5.0,0
2022-07-10,59.99,9.99,50.0,500.5005005005005,185,199,2.0,57.688630136986305,4.0,0
2022-07-11,59.99,9.99,50.0,500.5005005005005,186,200,2.0,57.6886301369863,4.0,0
2022-07-12,59.99,9.99,50.0,500.5005005005005,187,201,2.0,57.688630136986305,4.0,0
2022-07-13,59.99,9.99,50.0,500.5005005005005,188,202,2.0,57.6886301369863,4.0,0
2022-07-14,59.99,9.99,50.0,500.5005005005005,189,203,2.0,57.688630136986305,4.0,0
2022-07-15,59.99,9.99,50.0,500.5005005005005,190,204,2.0,57.6886301369863,4.0,0
2022-07-16,59.99,9.99,50.0,500.5005005005005,191,205,2.0,57.688630136986305,4.0,0
2022-07-17,59.99,9.99,50.0,500.5005005005005,192,206,2.0,57.688630136986305,4.0,0
2022-07-18,59.99,9.99,50.0,500.5005005005005,193,207,2.0,57.6886301369863,4.0,0
2022-07-19,59.99,9.99,50.0,500.5005005005005,194,208,2.0,57.688630136986305,4.0,0
2022-07-20,59.99,9.99,50.0,500.5005005005005,195,209,2.0,57.6886301369863,4.0,0
2022-07-21,59.99,9.99,50.0,500.5005005005005,196,210,2.0,57.688630136986305,4.0,0
2022-07-22,59.99,9.99,50.0,500.5005005005005,197,211,2.0,57.6886301369863,4.0,0
2022-07-23,59.99,9.99,50.0,500.5005005005005,198,212,2.0,57.688630136986305,4.0,0
2022-07-24,59.99,9.99,50.0,500.5005005005005,199,213,2.0,57.688630136986305,4.0,0
2022-07-25,59.99,9.99,50.0,500.5005005005005,200,214,2.0,57.6886301369863,4.0,0
2022-07-26,59.99,9.99,50.0,500.5005005005005,201,215,2.0,57.688630136986305,4.0,0
2022-07-27,59.99,9.99,50.0,500.5005005005005,202,216,2.0,57.6886301369863,4.0,0
2022-07-28,59.99,9.99,50.0,500.5005005005005,203,217,2.0,57.688630136986305,4.0,0
2022-07-29,59.99,9.99,50.0,500.5005005005005,204,218,2.0,57.6886301369863,4.0,0
2022-07-30,59.99,9.99,50.0,500.5005005005005,205,219,2.0,57.688630136986305,4.0,0
2022-07-31,59.99,9.99,50.0,500.5005005005005,206,220,2.0,57.6886301369863,4.0,0
2022-08-01,59.99,9.99,50.0,500.5005005005005,207,221,2.0,57.688630136986305,4.0,0
2022-08-02,59.99,9.99,50.0,500.5005005005005,208,222,2.0,57.688630136986305,4.0,0
2022-08-03,59.99,9.99,50.0,500.5005005005005,209,223,2.0,57.6886301369863,4.0,0
2022-08-04,59.99,9.99,50.0,500.5005005005005,210,224,2.0,57.688630136986305,4.0,0
2022-08-05,59.99,9.99,50.0,500.5005005005005,211,225,2.0,57.6886301369863,4.0,0
2022-08-06,59.99,9.99,50.0,500.5005005005005,212,226,2.0,57.688630136986305,4.0,0
2022-08-07,59.99,9.99,50.0,500.5005005005005,213,227,2.0,57.6886301369863,4.0,0
2022-08-08,59.99,9.99,50.0,500.5005005005005,214,228,2.0,57.688630136986305,4.0,0
2022-08-09,59.99,9.99,50.0,500.5005005005005,215,229,2.0,57.688630136986305,4.0,0
2022-08-10,59.99,9.99,50.0,500.5005005005005,216,230,2.0,57.688630136986305,4.0,0
2022-08-11,59.99,9.99,50.0,500.5005005005005,217,231,2.0,57.688630136986305,4.0,0
2022-08-12,59.99,9.99,50.0,500.5005005005005,218,232,2.0,57.6886301369863,4.0,0
2022-08-13,59.99,9.99,50.0,500.5005005005005,219,233,2.0,57.688630136986305,4.0,0
2022-08-14,59.99,9.99,50.0,500.5005005005005,220,234,2.0,57.6886301369863,4.0,0
2022-08-15,59.99,9.99,50.0,500.5005005005005,221,235,2.0,57.688630136986305,4.0,0
2022-08-16,59.99,9.99,50.0,500.5005005005005,222,236,2.0,57.6886301369863,4.0,0
2022-08-17,59.99,9.99,50.0,500.5005005005005,223,237,2.0,57.688630136986305,4.0,0
2022-08-18,59.99,9.99,50.0,500.5005005005005,224,238,2.0,57.688630136986305,4.0,0
2022-08-19,59.99,9.99,50.0,500.5005005005005,225,239,2.0,57.6886301369863,4.0,0
2022-08-20,59.99,9.99,50.0,500.5005005005005,226,240,2.0,57.688630136986305,4.0,0
2022-08-21,59.99,9.99,50.0,500.5005005005005,227,241,2.0,57.6886301369863,4.0,0
2022-08-22,59.99,9.99,50.0,500.5005005005005,228,242,2.0,57.688630136986305,4.0,0
2022-08-23,59.99,9.99,50.0,500.5005005005005,229,243,2.0,57.6886301369863,4.0,0
2022-08-24,59.99,9.99,50.0,500.5005005005005,230,244,2.0,57.688630136986305,4.0,0
2022-08-25,59.99,9.99,50.0,500.5005005005005,231,245,2.0,57.6886301369863,4.0,0
2022-08-26,59.99,9.99,50.0,500.5005005005005,232,246,2.0,57.688630136986305,4.0,0
2022-08-27,59.99,9.99,50.0,500.5005005005005,233,247,2.0,57.688630136986305,4.0,0
2022-08-28,59.99,9.99,50.0,500.5005005005005,234,248,2.0,57.6886301369863,4.0,0
2022-08-29,59.99,9.99,50.0,500.5005005005005,235,249,2.0,57.688630136986305,4.0,0
2022-08-30,59.99,9.99,50.0,500.5005005005005,236,250,2.0,57.6886301369863,4.0,0
2022-08-31,59.99,9.99,50.0,500.5005005005005,237,251,2.0,57.688630136986305,4.0,0
2022-09-01,59.99,9.99,50.0,500.5005005005005,238,252,2.0,57.6886301369863,4.0,0
2022-09-02,59.99,9.99,50.0,500.5005005005005,239,253,2.0,57.688630136986305,4.0,0
2022-09-03,59.99,9.99,50.0,500.5005005005005,240,254,2.0,57.688630136986305,4.0,0
2022-09-04,59.99,9.99,50.0,500.5005005005005,241,255,2.0,57.688630136986305,4.0,0
2022-09-05,59.99,9.99,50.0,500.5005005005005,242,256,2.0,57.688630136986305,4.0,0
2022-09-06,59.99,9.99,50.0,500.5005005005005,243,257,2.0,57.6886301369863,4.0,0
2022-09-07,59.99,9.99,50.0,500.5005005005005,244,258,2.0,57.688630136986305,4.0,0
2022-09-08,59.99,9.99,50.0,500.5005005005005,245,259,2.0,57.6886301369863,4.0,0
2022-09-09,59.99,9.99,50.0,500.5005005005005,246,260,2.0,57.688630136986305,4.0,0
2022-09-10,59.99,9.99,50.0,500.5005005005005,247,261,2.0,57.6886301369863,4.0,0
2022-09-11,59.99,9.99,50.0,500.5005005005005,248,262,2.0,57.688630136986305,4.0,0
2022-09-12,59.99,9.99,50.0,500.5005005005005,249,263,2.0,57.688630136986305,4.0,0
2022-09-13,59.99,9.99,50.0,500.5005005005005,250,264,2.0,57.6886301369863,4.0,0
2022-09-14,59.99,9.99,50.0,500.5005005005005,251,265,2.0,57.688630136986305,4.0,0
2022-09-15,59.99,9.99,50.0,500.5005005005005,252,266,2.0,57.6886301369863,4.0,0
2022-09-16,59.99,9.99,50.0,500.5005005005005,253,267,2.0,57.688630136986305,4.0,0
2022-09-17,59.99,9.99,50.0,500.5005005005005,254,268,2.0,57.6886301369863,4.0,0
2022-09-18,59.99,9.99,50.0,500.5005005005005,255,269,2.0,57.688630136986305,4.0,0
2022-09-19,59.99,9.99,50.0,500.5005005005005,256,270,2.0,57.6886301369863,4.0,0
2022-09-20,59.99,9.99,50.0,500.5005005005005,257,271,2.0,57.688630136986305,4.0,0
2022-09-21,59.99,9.99,50.0,500.5005005005005,258,272,2.0,57.688630136986305,4.0,0
2022-09-22,59.99,9.99,50.0,500.5005005005005,259,273,2.0,57.6886301369863,4.0,0
2022-09-23,59.99,9.99,50.0,500.5005005005005,260,274,2.0,57.688630136986305,4.0,0
2022-09-24,59.99,9.99,50.0,500.5005005005005,261,275,2.0,57.6886301369863,4.0,0
2022-09-25,59.99,9.99,50.0,500.5005005005005,262,276,2.0,57.688630136986305,4.0,0
2022-09-26,59.99,9.99,50.0,500.5005005005005,263,277,2.0,57.6886301369863,4.0,0
2022-09-27,59.99,9.99,50.0,500.5005005005005,264,278,2.0,57.688630136986305,4.0,0
2022-09-28,59.99,9.99,50.0,500.5005005005005,265,279,2.0,57.688630136986305,4.0,0
2022-09-29,59.99,9.99,50.0,500.5005005005005,266,280,2.0,57.6886301369863,4.0,0
2022-09-30,59.99,9.99,50.0,500.5005005005005,267,281,2.0,57.688630136986305,4.0,0
2022-10-01,59.99,9.99,50.0,500.5005005005005,268,282,2.0,57.6886301369863,4.0,0
2022-10-02,59.99,9.99,50.0,500.5005005005005,269,283,2.0,57.688630136986305,4.0,0
2022-10-03,59.99,9.99,50.0,500.5005005005005,270,284,2.0,57.6886301369863,4.0,0
2022-10-04,59.99,9.99,50.0,500.5005005005005,271,285,2.0,57.688630136986305,4.0,0
2022-10-05,59.99,9.99,50.0,500.5005005005005,272,286,2.0,57.6886301369863,4.0,0
2022-10-06,59.99,9.99,50.0,500.5005005005005,273,287,2.0,57.688630136986305,4.0,0
2022-10-07,59.99,9.99,50.0,500.5005005005005,274,288,2.0,57.688630136986305,4.0,0
2022-10-08,59.99,9.99,50.0,500.5005005005005,275,289,2.0,57.6886301369863,4.0,0
2022-10-09,59.99,9.99,50.0,500.5005005005005,276,290,2.0,57.688630136986305,4.0,0
2022-10-10,59.99,9.99,50.0,500.5005005005005,277,291,2.0,57.6886301369863,4.0,0
2022-10-11,59.99,9.99,50.0,500.5005005005005,278,292,2.0,57.688630136986305,4.0,0
2022-10-12,59.99,9.99,50.0,500.5005005005005,279,293,2.0,57.6886301369863,4.0,0
2022-10-13,59.99,9.99,50.0,500.5005005005005,280,294,2.0,57.688630136986305,4.0,0
2022-10-14,59.99,9.99,50.0,500.5005005005005,281,295,2.0,57.6886301369863,4.0,0
2022-10-15,59.99,9.99,50.0,500.5005005005005,282,296,2.0,57.688630136986305,4.0,0
2022-10-16,59.99,9.99,50.0,500.5005005005005,283,297,2.0,57.688630136986305,4.0,0
2022-10-17,59.99,9.99,50.0,500.5005005005005,284,298,2.0,57.6886301369863,4.0,0
2022-10-18,59.99,9.99,50.0,500.5005005005005,285,299,2.0,57.688630136986305,4.0,0
2022-10-19,59.99,9.99,50.0,500.5005005005005,286,300,2.0,57.6886301369863,4.0,0
2022-10-20,59.99,9.99,50.0,500.5005005005005,287,301,2.0,57.688630136986305,4.0,0
2022-10-21,59.99,9.99,50.0,500.5005005005005,288,302,2.0,57.6886301369863,4.0,0
2022-10-22,59.99,9.99,50.0,500.5005005005005,289,303,2.0,57.688630136986305,4.0,0
2022-10-23,59.99,9.99,50.0,500.5005005005005,290,304,2.0,57.688630136986305,4.0,0
2022-10-24,59.99,9.99,50.0,500.5005005005005,291,305,2.0,57.6886301369863,4.0,0
2022-10-25,59.99,9.99,50.0,500.5005005005005,292,306,2.0,57.688630136986305,4.0,0
2022-10-26,59.99,9.99,50.0,500.5005005005005,293,307,2.0,57.6886301369863,4.0,0
2022-10-27,59.99,9.99,50.0,500.5005005005005,294,308,2.0,57.688630136986305,4.0,0
2022-10-28,59.99,9.99,50.0,500.5005005005005,295,309,2.0,57.6886301369863,4.0,0
2022-10-29,59.99,9.99,50.0,500.5005005005005,296,310,2.0,57.688630136986305,4.0,0
2022-10-30,59.99,9.99,50.0,500.5005005005005,297,311,2.0,57.6886301369863,4.0,0
2022-10-31,59.99,9.99,50.0,500.5005005005005,298,312,2.0,57.688630136986305,4.0,0
2022-11-01,59.99,9.99,50.0,500.5005005005005,299,313,2.0,57.688630136986305,4.0,0
2022-11-02,59.99,9.99,50.0,500.5005005005005,300,314,2.0,57.6886301369863,4.0,0
2022-11-03,59.99,9.99,50.0,500.5005005005005,301,315,2.0,57.688630136986305,4.0,0
2022-11-04,59.99,9.99,50.0,500.5005005005005,302,316,2.0,57.6886301369863,4.0,0
2022-11-05,59.99,9.99,50.0,500.5005005005005,303,317,2.0,57.688630136986305,4.0,0
2022-11-06,59.99,9.99,50.0,500.5005005005005,304,318,2.0,57.6886301369863,4.0,0
2022-11-07,59.99,9.99,50.0,500.5005005005005,305,319,2.0,57.688630136986305,4.0,0
2022-11-08,59.99,9.99,50.0,500.5005005005005,306,320,2.0,57.688630136986305,4.0,0
2022-11-09,59.99,9.99,50.0,500.5005005005005,307,321,2.0,57.688630136986305,4.0,0
2022-11-10,59.99,9.99,50.0,500.5005005005005,308,322,2.0,57.688630136986305,4.0,0
2022-11-11,59.99,9.99,50.0,500.5005005005005,309,323,2.0,57.6886301369863,4.0,0
2022-11-12,59.99,9.99,50.0,500.5005005005005,310,324,2.0,57.688630136986305,4.0,0
2022-11-13,59.99,9.99,50.0,500.5005005005005,311,325,2.0,57.6886301369863,4.0,0
2022-11-14,59.99,9.99,50.0,500.5005005005005,312,326,2.0,57.688630136986305,4.0,0
2022-11-15,59.99,9.99,50.0,500.5005005005005,313,327,2.0,57.6886301369863,4.0,0
2022-11-16,59.99,9.99,50.0,500.5005005005005,314,328,2.0,57.688630136986305,4.0,0
2022-11-17,59.99,9.99,50.0,500.5005005005005,315,329,2.0,57.688630136986305,4.0,0
2022-11-18,59.99,9.99,50.0,500.5005005005005,316,330,2.0,57.6886301369863,4.0,0
2022-11-19,59.99,9.99,50.0,500.5005005005005,317,331,2.0,57.688630136986305,4.0,0
2022-11-20,59.99,9.99,50.0,500.5005005005005,318,332,2.0,57.6886301369863,4.0,0
2022-11-21,59.99,9.99,50.0,500.5005005005005,319,333,2.0,57.688630136986305,4.0,0
2022-11-22,59.99,9.99,50.0,500.5005005005005,320,334,2.0,57.6886301369863,4.0,0
2022-11-23,59.99,9.99,50.0,500.5005005005005,321,335,2.0,57.688630136986305,4.0,0
2022-11-24,59.99,9.99,50.0,500.5005005005005,322,336,2.0,57.6886301369863,4.0,0
2022-11-25,59.99,9.99,50.0,500.5005005005005,323,337,2.0,57.688630136986305,4.0,0
2022-11-26,59.99,9.99,50.0,500.5005005005005,324,338,1.0,57.77082191780823,3.0,0
2022-11-27,59.99,9.99,50.0,500.5005005005005,325,339,1.0,57.853013698630136,3.0,0
2022-11-28,59.99,9.99,50.0,500.5005005005005,326,340,1.0,57.93520547945206,3.0,0
2022-11-29,59.99,9.99,50.0,500.5005005005005,327,341,1.0,58.01739726027397,3.0,0
2022-11-30,59.99,9.99,50.0,500.5005005005005,328,342,1.0,58.099589041095896,3.0,0
2022-12-01,59.99,9.99,50.0,500.5005005005005,329,343,1.0,58.181780821917805,3.0,0
2022-12-02,59.99,9.99,50.0,500.5005005005005,330,344,1.0,58.263972602739734,3.0,0
2022-12-03,59.99,9.99,50.0,500.5005005005005,331,345,1.0,58.263972602739734,2.0,0
2022-12-04,59.99,9.99,50.0,500.5005005005005,332,346,1.0,58.263972602739734,2.0,0
2022-12-05,59.99,9.99,50.0,500.5005005005005,333,347,1.0,58.263972602739734,2.0,0
2022-12-06,59.99,9.99,50.0,500.5005005005005,334,348,1.0,58.26397260273972,2.0,0
2022-12-07,59.99,9.99,50.0,500.5005005005005,335,349,1.0,58.263972602739734,2.0,0
2022-12-08,59.99,9.99,50.0,500.5005005005005,336,350,1.0,58.26397260273972,2.0,0
2022-12-09,59.99,9.99,50.0,500.5005005005005,337,351,1.0,58.263972602739734,2.0,0
2022-12-10,59.99,9.99,50.0,500.5005005005005,338,352,1.0,58.26397260273972,2.0,0
2022-12-11,59.99,9.99,50.0,500.5005005005005,339,353,1.0,58.263972602739734,2.0,0
2022-12-12,59.99,9.99,50.0,500.5005005005005,340,354,1.0,58.263972602739734,2.0,0
2022-12-13,59.99,9.99,50.0,500.5005005005005,341,355,1.0,58.26397260273972,2.0,0
2022-12-14,59.99,9.99,50.0,500.5005005005005,342,356,1.0,58.263972602739734,2.0,0
2022-12-15,59.99,9.99,50.0,500.5005005005005,343,357,1.0,58.26397260273972,2.0,0
2022-12-16,59.99,9.99,50.0,500.5005005005005,344,358,1.0,58.263972602739734,2.0,0
2022-12-17,59.99,9.99,50.0,500.5005005005005,345,359,1.0,58.26397260273972,2.0,0
2022-12-18,59.99,9.99,50.0,500.5005005005005,346,360,1.0,58.263972602739734,2.0,0
2022-12-19,59.99,9.99,50.0,500.5005005005005,347,361,1.0,58.26397260273972,2.0,0
2022-12-20,59.99,9.99,50.0,500.5005005005005,348,362,1.0,58.263972602739734,2.0,0
2022-12-21,59.99,9.99,50.0,500.5005005005005,349,363,1.0,58.263972602739734,2.0,0
2022-12-22,59.99,9.99,50.0,500.5005005005005,350,364,1.0,58.26397260273972,2.0,0
2022-12-23,59.99,9.99,50.0,500.5005005005005,351,365,1.0,58.263972602739734,2.0,0
2022-12-24,59.99,9.99,50.0,500.5005005005005,352,366,0.0,58.3872602739726,1.0,0
2022-12-25,59.99,9.99,50.0,500.5005005005005,353,367,0.0,58.51054794520549,1.0,0
2022-12-26,59.99,9.99,50.0,500.5005005005005,354,368,0.0,58.633835616438354,1.0,0
2022-12-27,59.99,9.99,50.0,500.5005005005005,355,369,0.0,58.75712328767124,1.0,0
2022-12-28,59.99,9.99,50.0,500.5005005005005,356,370,0.0,58.880410958904115,1.0,0
2022-12-29,59.99,9.99,50.0,500.5005005005005,357,371,0.0,59.00369863013698,1.0,0
2022-12-30,59.99,9.99,50.0,500.5005005005005,358,372,0.0,59.12698630136987,1.0,0
2022-12-31,59.99,9.99,50.0,500.5005005005005,359,373,0.0,59.250273972602734,1.0,0
2023-01-01,59.99,9.99,50.0,500.5005005005005,360,374,0.0,59.37356164383562,1.0,0
2023-01-02,59.99,9.99,50.0,500.5005005005005,361,375,0.0,59.49684931506849,1.0,0
2023-01-03,59.99,9.99,50.0,500.5005005005005,362,376,0.0,59.620136986301375,1.0,0
2023-01-04,59.99,9.99,50.0,500.5005005005005,363,377,0.0,59.74342465753424,1.0,0
2023-01-05,59.99,9.99,50.0,500.5005005005005,364,378,0.0,59.86671232876713,1.0,0
2023-01-06,59.99,9.99,50.0,500.5005005005005,365,379,0.0,59.99,1.0,0
2023-01-07,59.99,9.99,50.0,500.5005005005005,366,380,0.0,59.99,0.0,0
2023-01-08,59.99,9.99,50.0,500.5005005005005,367,381,0.0,59.99,0.0,0
2023-01-09,59.99,9.99,50.0,500.5005005005005,368,382,0.0,59.99,0.0,0
2023-01-10,59.99,9.99,50.0,500.5005005005005,369,383,0.0,59.99,0.0,0
2023-01-11,59.99,9.99,50.0,500.5005005005005,370,384,0.0,59.99,0.0,0
2023-01-12,59.99,9.99,50.0,500.5005005005005,371,385,0.0,59.99,0.0,0
2023-01-13,59.99,9.99,50.0,500.5005005005005,372,386,0.0,59.99,0.0,0
2023-01-14,59.99,9.99,50.0,500.5005005005005,373,387,0.0,59.99,0.0,0
2023-01-15,59.99,9.99,50.0,500.5005005005005,374,388,0.0,59.99,0.0,0
2023-01-16,59.99,9.99,50.0,500.5005005005005,375,389,0.0,59.99,0.0,0
2023-01-17,59.99,9.99,50.0,500.5005005005005,376,390,0.0,59.99,0.0,0
2023-01-18,59.99,9.99,50.0,500.5005005005005,377,391,0.0,59.99,0.0,0
2023-01-19,59.99,9.99,50.0,500.5005005005005,378,392,0.0,59.99,0.0,0
2023-01-20,59.99,9.99,50.0,500.5005005005005,379,393,0.0,59.99,0.0,0
2023-01-21,59.99,9.99,50.0,500.5005005005005,380,394,0.0,59.99,0.0,0
2023-01-22,59.99,9.99,50.0,500.5005005005005,381,395,0.0,59.99,0.0,0
2023-01-23,59.99,9.99,50.0,500.5005005005005,382,396,0.0,59.99,0.0,0
2023-01-24,59.99,9.99,50.0,500.5005005005005,383,397,0.0,59.99,0.0,0
2023-01-25,59.99,9.99,50.0,500.5005005005005,384,398,0.0,59.99,0.0,0
2023-01-26,59.99,9.99,50.0,500.5005005005005,385,399,0.0,59.99,0.0,0
2023-01-27,59.99,9.99,50.0,500.5005005005005,386,400,0.0,59.99,0.0,0
2023-01-28,59.99,9.99,50.0,500.5005005005005,387,401,0.0,59.99,0.0,0
2023-01-29,59.99,9.99,50.0,500.5005005005005,388,402,0.0,59.99,0.0,0
2023-01-30,59.99,9.99,50.0,500.5005005005005,389,403,0.0,59.99,0.0,0
2023-01-31,59.99,9.99,50.0,500.5005005005005,390,404,0.0,59.99,0.0,0
2023-02-01,59.99,9.99,50.0,500.5005005005005,391,405,0.0,59.99,0.0,0
2023-02-02,59.99,9.99,50.0,500.5005005005005,392,406,0.0,59.99,0.0,0
2023-02-03,59.99,9.99,50.0,500.5005005005005,393,407,0.0,59.99,0.0,0
2023-02-04,59.99,9.99,50.0,500.5005005005005,394,408,0.0,59.99,0.0,0
2023-02-05,59.99,9.99,50.0,500.5005005005005,395,409,0.0,59.99,0.0,0
2023-02-06,59.99,9.99,50.0,500.5005005005005,396,410,0.0,59.99,0.0,0
2023-02-07,59.99,9.99,50.0,500.5005005005005,397,411,0.0,59.99,0.0,0
2023-02-08,59.99,9.99,50.0,500.5005005005005,398,412,0.0,59.99,0.0,0
2023-02-09,59.99,9.99,50.0,500.5005005005005,399,413,0.0,59.99,0.0,0
2023-02-10,59.99,9.99,50.0,500.5005005005005,400,414,0.0,59.99,0.0,0
2023-02-11,59.99,9.99,50.0,500.5005005005005,401,415,0.0,59.99,0.0,0
2023-02-12,59.99,9.99,50.0,500.5005005005005,402,416,0.0,59.99,0.0,0
2023-02-13,59.99,9.99,50.0,500.5005005005005,403,417,0.0,59.99,0.0,0
2023-02-14,59.99,9.99,50.0,500.5005005005005,404,418,0.0,59.99,0.0,0
2023-02-15,59.99,9.99,50.0,500.5005005005005,405,419,0.0,59.99,0.0,0
2023-02-16,59.99,9.99,50.0,500.5005005005005,406,420,0.0,59.99,0.0,0
2023-02-17,59.99,9.99,50.0,500.5005005005005,407,421,0.0,59.99,0.0,0
2023-02-18,59.99,9.99,50.0,500.5005005005005,408,422,0.0,59.99,0.0,0
2023-02-19,59.99,9.99,50.0,500.5005005005005,409,423,0.0,59.99,0.0,0
2023-02-20,59.99,9.99,50.0,500.5005005005005,410,424,0.0,59.99,0.0,0
2023-02-21,59.99,9.99,50.0,500.5005005005005,411,425,0.0,59.99,0.0,0
2023-02-22,59.99,9.99,50.0,500.5005005005005,412,426,0.0,59.99,0.0,0
2023-02-23,59.99,9.99,50.0,500.5005005005005,413,427,0.0,59.99,0.0,0
2023-02-24,59.99,9.99,50.0,500.5005005005005,414,428,0.0,59.99,0.0,0
2023-02-25,59.99,9.99,50.0,500.5005005005005,415,429,0.0,59.99,0.0,0
2023-02-26,59.99,9.99,50.0,500.5005005005005,416,430,0.0,59.99,0.0,0
2023-02-27,59.99,9.99,50.0,500.5005005005005,417,431,0.0,59.99,0.0,0
2023-02-28,59.99,9.99,50.0,500.5005005005005,418,432,0.0,59.99,0.0,0
2023-03-01,59.99,9.99,50.0,500.5005005005005,419,433,0.0,59.99,0.0,0
2023-03-02,59.99,9.99,50.0,500.5005005005005,420,434,0.0,59.99,0.0,0
2023-03-03,59.99,9.99,50.0,500.5005005005005,421,435,0.0,59.99,0.0,0
2023-03-04,59.99,9.99,50.0,500.5005005005005,422,436,0.0,59.99,0.0,0
2023-03-05,59.99,9.99,50.0,500.5005005005005,423,437,0.0,59.99,0.0,0
2023-03-06,59.99,9.99,50.0,500.5005005005005,424,438,0.0,59.99,0.0,0
2023-03-07,59.99,9.99,50.0,500.5005005005005,425,439,0.0,59.99,0.0,0
2023-03-08,59.99,9.99,50.0,500.5005005005005,426,440,0.0,59.99,0.0,0
2023-03-09,59.99,9.99,50.0,500.5005005005005,427,441,0.0,59.99,0.0,0
2023-03-10,59.99,9.99,50.0,500.5005005005005,428,442,0.0,59.99,0.0,0
2023-03-11,59.99,9.99,50.0,500.5005005005005,429,443,0.0,59.99,0.0,0
2023-03-12,59.99,9.99,50.0,500.5005005005005,430,444,0.0,59.99,0.0,0
2023-03-13,59.99,9.99,50.0,500.5005005005005,431,445,0.0,59.99,0.0,0
2023-03-14,59.99,9.99,50.0,500.5005005005005,432,446,0.0,59.99,0.0,0
2023-03-15,59.99,9.99,50.0,500.5005005005005,433,447,0.0,59.99,0.0,0
2023-03-16,59.99,9.99,50.0,500.5005005005005,434,448,0.0,59.99,0.0,0
2023-03-17,59.99,9.99,50.0,500.5005005005005,435,449,0.0,59.99,0.0,0
2023-03-18,59.99,9.99,50.0,500.5005005005005,436,450,0.0,59.99,0.0,0
2023-03-19,59.99,9.99,50.0,500.5005005005005,437,451,0.0,59.99,0.0,0
2023-03-20,59.99,9.99,50.0,500.5005005005005,438,452,0.0,59.99,0.0,0
2023-03-21,59.99,9.99,50.0,500.5005005005005,439,453,0.0,59.99,0.0,0
2023-03-22,59.99,9.99,50.0,500.5005005005005,440,454,0.0,59.99,0.0,0
2023-03-23,59.99,9.99,50.0,500.5005005005005,441,455,0.0,59.99,0.0,0
2023-03-24,59.99,9.99,50.0,500.5005005005005,442,456,0.0,59.99,0.0,0
2023-03-25,59.99,9.99,50.0,500.5005005005005,443,457,0.0,59.99,0.0,0
2023-03-26,59.99,9.99,50.0,500.5005005005005,444,458,0.0,59.99,0.0,0
2023-03-27,59.99,9.99,50.0,500.5005005005005,445,459,0.0,59.99,0.0,0
2023-03-28,59.99,9.99,50.0,500.5005005005005,446,460,0.0,59.99,0.0,0
2023-03-29,59.99,9.99,50.0,500.5005005005005,447,461,0.0,59.99,0.0,0
2023-03-30,59.99,9.99,50.0,500.5005005005005,448,462,0.0,59.99,0.0,0
2023-03-31,59.99,9.99,50.0,500.5005005005005,449,463,0.0,59.99,0.0,0
2023-04-01,59.99,9.99,50.0,500.5005005005005,450,464,0.0,59.99,0.0,0
2023-04-02,59.99,9.99,50.0,500.5005005005005,451,465,0.0,59.99,0.0,0
2023-04-03,59.99,9.99,50.0,500.5005005005005,452,466,0.0,59.99,0.0,0
2023-04-04,59.99,9.99,50.0,500.5005005005005,453,467,0.0,59.99,0.0,0
2023-04-05,59.99,9.99,50.0,500.5005005005005,454,468,0.0,59.99,0.0,0
2023-04-06,59.99,9.99,50.0,500.5005005005005,455,469,0.0,59.99,0.0,0
2023-04-07,59.99,9.99,50.0,500.5005005005005,456,470,0.0,59.99,0.0,0
2023-04-08,59.99,9.99,50.0,500.5005005005005,457,471,0.0,59.99,0.0,0
2023-04-09,59.99,9.99,50.0,500.5005005005005,458,472,0.0,59.99,0.0,0
2023-04-10,59.99,9.99,50.0,500.5005005005005,459,473,0.0,59.99,0.0,0
2023-04-11,59.99,9.99,50.0,500.5005005005005,460,474,0.0,59.99,0.0,0
2023-04-12,59.99,9.99,50.0,500.5005005005005,461,475,0.0,59.99,0.0,0
2023-04-13,59.99,9.99,50.0,500.5005005005005,462,476,0.0,59.99,0.0,0
2023-04-14,59.99,9.99,50.0,500.5005005005005,463,477,0.0,59.99,0.0,0
2023-04-15,59.99,9.99,50.0,500.5005005005005,464,478,0.0,59.99,0.0,0
2023-04-16,59.99,9.99,50.0,500.5005005005005,465,479,0.0,59.99,0.0,0
2023-04-17,59.99,9.99,50.0,500.5005005005005,466,480,0.0,59.99,0.0,0
2023-04-18,59.99,9.99,50.0,500.5005005005005,467,481,0.0,59.99,0.0,0
2023-04-19,59.99,9.99,50.0,500.5005005005005,468,482,0.0,59.99,0.0,0
2023-04-20,59.99,9.99,50.0,500.5005005005005,469,483,0.0,59.99,0.0,0
2023-04-21,59.99,9.99,50.0,500.5005005005005,470,484,0.0,59.99,0.0,0
2023-04-22,59.99,9.99,50.0,500.5005005005005,471,485,0.0,59.99,0.0,0
2023-04-23,59.99,9.99,50.0,500.5005005005005,472,486,0.0,59.99,0.0,0
2023-04-24,59.99,9.99,50.0,500.5005005005005,473,487,0.0,59.99,0.0,0
2023-04-25,59.99,9.99,50.0,500.5005005005005,474,488,0.0,59.99,0.0,0
2023-04-26,59.99,9.99,50.0,500.5005005005005,475,489,0.0,59.99,0.0,0
2023-04-27,59.99,9.99,50.0,500.5005005005005,476,490,0.0,59.99,0.0,0
2023-04-28,59.99,9.99,50.0,500.5005005005005,477,491,0.0,59.99,0.0,0
2023-04-29,59.99,9.99,50.0,500.5005005005005,478,492,0.0,59.99,0.0,0
2023-04-30,59.99,9.99,50.0,500.5005005005005,479,493,0.0,59.99,0.0,0
2023-05-01,59.99,9.99,50.0,500.5005005005005,480,494,0.0,59.99,0.0,0
2023-05-02,59.99,9.99,50.0,500.5005005005005,481,495,0.0,59.99,0.0,0
2023-05-03,59.99,9.99,50.0,500.5005005005005,482,496,0.0,59.99,0.0,0
2023-05-04,59.99,9.99,50.0,500.5005005005005,483,497,0.0,59.99,0.0,0
2023-05-05,59.99,9.99,50.0,500.5005005005005,484,498,0.0,59.99,0.0,0
2023-05-06,59.99,9.99,50.0,500.5005005005005,485,499,0.0,59.99,0.0,0
2023-05-07,59.99,9.99,50.0,500.5005005005005,486,500,0.0,59.99,0.0,0
2023-05-08,59.99,9.99,50.0,500.5005005005005,487,501,0.0,59.99,0.0,0
2023-05-09,59.99,9.99,50.0,500.5005005005005,488,502,0.0,59.99,0.0,0
2023-05-10,59.99,9.99,50.0,500.5005005005005,489,503,0.0,59.99,0.0,0
2023-05-11,59.99,9.99,50.0,500.5005005005005,490,504,0.0,59.99,0.0,0
2023-05-12,59.99,9.99,50.0,500.5005005005005,491,505,0.0,59.99,0.0,0
2023-05-13,59.99,9.99,50.0,500.5005005005005,492,506,0.0,59.99,0.0,0
2023-05-14,59.99,9.99,50.0,500.5005005005005,493,507,0.0,59.99,0.0,0
2023-05-15,59.99,9.99,50.0,500.5005005005005,494,508,0.0,59.99,0.0,0
2023-05-16,59.99,9.99,50.0,500.5005005005005,495,509,0.0,59.99,0.0,0
2023-05-17,59.99,9.99,50.0,500.5005005005005,496,510,0.0,59.99,0.0,0
2023-05-18,59.99,9.99,50.0,500.5005005005005,497,511,0.0,59.99,0.0,0
2023-05-19,59.99,9.99,50.0,500.5005005005005,498,512,0.0,59.99,0.0,0
2023-05-20,59.99,9.99,50.0,500.5005005005005,499,513,0.0,59.99,0.0,0
2023-05-21,59.99,9.99,50.0,500.5005005005005,500,514,0.0,59.99,0.0,0
2023-05-22,59.99,9.99,50.0,500.5005005005005,501,515,0.0,59.99,0.0,0
2023-05-23,59.99,9.99,50.0,500.5005005005005,502,516,0.0,59.99,0.0,0
2023-05-24,59.99,9.99,50.0,500.5005005005005,503,517,0.0,59.99,0.0,0
2023-05-25,59.99,9.99,50.0,500.5005005005005,504,518,0.0,59.99,0.0,0
2023-05-26,59.99,9.99,50.0,500.5005005005005,505,519,0.0,59.99,0.0,0
2023-05-27,59.99,9.99,50.0,500.5005005005005,506,520,0.0,59.99,0.0,0
2023-05-28,59.99,9.99,50.0,500.5005005005005,507,521,0.0,59.99,0.0,0
2023-05-29,59.99,9.99,50.0,500.5005005005005,508,522,0.0,59.99,0.0,0
2023-05-30,59.99,9.99,50.0,500.5005005005005,509,523,0.0,59.99,0.0,0
2023-05-31,59.99,9.99,50.0,500.5005005005005,510,524,0.0,59.99,0.0,1
2023-06-01,59.99,9.99,50.0,500.5005005005005,511,525,0.0,59.99,0.0,1
2023-06-02,59.99,9.99,50.0,500.5005005005005,512,526,0.0,59.99,0.0,1
2023-06-03,59.99,9.99,50.0,500.5005005005005,513,527,0.0,59.99,0.0,1
2023-06-04,59.99,9.99,50.0,500.5005005005005,514,528,0.0,59.99,0.0,1
2023-06-05,59.99,9.99,50.0,500.5005005005005,515,529,0.0,59.99,0.0,1
2023-06-06,59.99,9.99,50.0,500.5005005005005,516,530,0.0,59.99,0.0,1
2023-06-07,59.99,9.99,50.0,500.5005005005005,517,531,0.0,59.99,0.0,1
2023-06-08,59.99,9.99,50.0,500.5005005005005,518,532,0.0,59.99,0.0,1
2023-06-09,59.99,9.99,50.0,500.5005005005005,519,533,0.0,59.99,0.0,1
2023-06-10,59.99,9.99,50.0,500.5005005005005,520,534,0.0,59.99,0.0,1
2023-06-11,59.99,9.99,50.0,500.5005005005005,521,535,0.0,59.99,0.0,1
2023-06-12,59.99,9.99,50.0,500.5005005005005,522,536,0.0,59.99,0.0,1
2023-06-13,59.99,9.99,50.0,500.5005005005005,523,537,0.0,59.99,0.0,1
2023-06-14,59.99,9.99,50.0,500.5005005005005,524,538,0.0,59.99,0.0,1
2023-06-15,59.99,9.99,50.0,500.5005005005005,525,539,0.0,59.99,0.0,1
2023-06-16,59.99,9.99,50.0,500.5005005005005,526,540,0.0,59.99,0.0,1
2023-06-17,59.99,9.99,50.0,500.5005005005005,527,541,0.0,59.99,0.0,1
2023-06-18,59.99,9.99,50.0,500.5005005005005,528,542,0.0,59.99,0.0,1
2023-06-19,59.99,9.99,50.0,500.5005005005005,529,543,0.0,59.99,0.0,1
2023-06-20,59.99,9.99,50.0,500.5005005005005,530,544,0.0,59.99,0.0,1
2023-06-21,59.99,9.99,50.0,500.5005005005005,531,545,0.0,59.99,0.0,1
2023-06-22,59.99,9.99,50.0,500.5005005005005,532,546,0.0,59.99,0.0,1
2023-06-23,59.99,9.99,50.0,500.5005005005005,533,547,0.0,59.99,0.0,1
2023-06-24,59.99,9.99,50.0,500.5005005005005,534,548,0.0,59.99,0.0,1
2023-06-25,59.99,9.99,50.0,500.5005005005005,535,549,0.0,59.99,0.0,1
2023-06-26,59.99,9.99,50.0,500.5005005005005,536,550,0.0,59.99,0.0,1
2023-06-27,59.99,9.99,50.0,500.5005005005005,537,551,0.0,59.99,0.0,1
2023-06-28,59.99,9.99,50.0,500.5005005005005,538,552,0.0,59.99,0.0,1
2023-06-29,59.99,9.99,50.0,500.5005005005005,539,553,0.0,59.99,0.0,1
2023-06-30,29.99,9.99,20.0,200.20020020020021,0,0,0.0,59.99,0.0,0
2023-07-01,29.99,9.99,20.0,200.20020020020021,1,1,1.0,59.90780821917808,1.0,0
2023-07-02,29.99,9.99,20.0,200.20020020020021,2,2,1.0,59.82561643835617,1.0,0
2023-07-03,29.99,9.99,20.0,200.20020020020021,3,3,1.0,59.74342465753424,1.0,0
2023-07-04,29.99,9.99,20.0,200.20020020020021,4,4,1.0,59.66123287671233,1.0,0
2023-07-05,29.99,9.99,20.0,200.20020020020021,5,5,1.0,59.57904109589041,1.0,0
2023-07-06,29.99,9.99,20.0,200.20020020020021,6,6,1.0,59.4968493150685,1.0,0
2023-07-07,29.99,9.99,20.0,200.20020020020021,7,7,1.0,59.41465753424658,1.0,0
2023-07-08,29.99,9.99,20.0,200.20020020020021,8,8,1.0,59.33246575342466,1.0,0
2023-07-09,29.99,9.99,20.0,200.20020020020021,9,9,1.0,59.25027397260275,1.0,0
2023-07-10,29.99,9.99,20.0,200.20020020020021,10,10,1.0,59.16808219178082,1.0,0
2023-07-11,29.99,9.99,20.0,200.20020020020021,11,11,1.0,59.08589041095891,1.0,0
2023-07-12,29.99,9.99,20.0,200.20020020020021,12,12,1.0,59.00369863013698,1.0,0
2023-07-13,29.99,9.99,20.0,200.20020020020021,13,13,1.0,58.92150684931507,1.0,0
2023-07-14,59.99,9.99,50.0,500.5005005005005,0,14,1.0,58.83931506849316,1.0,0
2023-07-15,59.99,9.99,50.0,500.5005005005005,1,15,1.0,58.83931506849316,2.0,0
2023-07-16,59.99,9.99,50.0,500.5005005005005,2,16,1.0,58.83931506849316,2.0,0
2023-07-17,59.99,9.99,50.0,500.5005005005005,3,17,1.0,58.83931506849315,2.0,0
2023-07-18,59.99,9.99,50.0,500.5005005005005,4,18,1.0,58.83931506849316,2.0,0
2023-07-19,59.99,9.99,50.0,500.5005005005005,5,19,1.0,58.83931506849315,2.0,0
2023-07-20,59.99,9.99,50.0,500.5005005005005,6,20,1.0,58.83931506849316,2.0,0
2023-07-21,59.99,9.99,50.0,500.5005005005005,7,21,1.0,58.83931506849315,2.0,0
2023-07-22,59.99,9.99,50.0,500.5005005005005,8,22,1.0,58.83931506849316,2.0,0
2023-07-23,59.99,9.99,50.0,500.5005005005005,9,23,1.0,58.83931506849316,2.0,0
2023-07-24,59.99,9.99,50.0,500.5005005005005,10,24,1.0,58.83931506849315,2.0,0
2023-07-25,59.99,9.99,50.0,500.5005005005005,11,25,1.0,58.83931506849316,2.0,0
2023-07-26,59.99,9.99,50.0,500.5005005005005,12,26,1.0,58.83931506849315,2.0,0
2023-07-27,59.99,9.99,50.0,500.5005005005005,13,27,1.0,58.83931506849316,2.0,0
2023-07-28,59.99,9.99,50.0,500.5005005005005,14,28,1.0,58.83931506849315,2.0,0
2023-07-29,59.99,9.99,50.0,500.5005005005005,15,29,1.0,58.83931506849316,2.0,0
2023-07-30,59.99,9.99,50.0,500.5005005005005,16,30,1.0,58.83931506849315,2.0,0
2023-07-31,59.99,9.99,50.0,500.5005005005005,17,31,1.0,58.83931506849316,2.0,0
2023-08-01,59.99,9.99,50.0,500.5005005005005,18,32,1.0,58.83931506849316,2.0,0
2023-08-02,59.99,9.99,50.0,500.5005005005005,19,33,1.0,58.83931506849315,2.0,0
2023-08-03,59.99,9.99,50.0,500.5005005005005,20,34,1.0,58.83931506849316,2.0,0
2023-08-04,59.99,9.99,50.0,500.5005005005005,21,35,1.0,58.83931506849315,2.0,0
2023-08-05,59.99,9.99,50.0,500.5005005005005,22,36,1.0,58.83931506849316,2.0,0
2023-08-06,59.99,9.99,50.0,500.5005005005005,23,37,1.0,58.83931506849315,2.0,0
2023-08-07,59.99,9.99,50.0,500.5005005005005,24,38,1.0,58.83931506849316,2.0,0
2023-08-08,59.99,9.99,50.0,500.5005005005005,25,39,1.0,58.83931506849316,2.0,0
2023-08-09,59.99,9.99,50.0,500.5005005005005,26,40,1.0,58.83931506849315,2.0,1
2023-08-10,59.99,9.99,50.0,500.5005005005005,27,41,1.0,58.83931506849316,2.0,1
2023-08-11,59.99,9.99,50.0,500.5005005005005,28,42,1.0,58.83931506849315,2.0,1
2023-08-12,59.99,9.99,50.0,500.5005005005005,29,43,1.0,58.83931506849316,2.0,1
2023-08-13,59.99,9.99,50.0,500.5005005005005,30,44,1.0,58.83931506849315,2.0,1
2023-08-14,59.99,9.99,50.0,500.5005005005005,31,45,1.0,58.83931506849316,2.0,1
2023-08-15,59.99,9.99,50.0,500.5005005005005,32,46,1.0,58.83931506849315,2.0,1
2023-08-16,59.99,9.99,50.0,500.5005005005005,33,47,1.0,58.83931506849316,2.0,1
2023-08-17,59.99,9.99,50.0,500.5005005005005,34,48,1.0,58.83931506849316,2.0,1
2023-08-18,59.99,9.99,50.0,500.5005005005005,35,49,1.0,58.83931506849315,2.0,1
2023-08-19,59.99,9.99,50.0,500.5005005005005,36,50,1.0,58.83931506849316,2.0,1
2023-08-20,59.99,9.99,50.0,500.5005005005005,37,51,1.0,58.83931506849315,2.0,1
2023-08-21,59.99,9.99,50.0,500.5005005005005,38,52,1.0,58.83931506849316,2.0,1
2023-08-22,59.99,9.99,50.0,500.5005005005005,39,53,1.0,58.83931506849315,2.0,1
2023-08-23,59.99,9.99,50.0,500.5005005005005,40,54,1.0,58.83931506849316,2.0,1
2023-08-24,59.99,9.99,50.0,500.5005005005005,41,55,1.0,58.83931506849315,2.0,1
2023-08-25,59.99,9.99,50.0,500.5005005005005,42,56,1.0,58.83931506849316,2.0,1
2023-08-26,59.99,9.99,50.0,500.5005005005005,43,57,1.0,58.83931506849316,2.0,1
2023-08-27,59.99,9.99,50.0,500.5005005005005,44,58,1.0,58.83931506849315,2.0,1
2023-08-28,59.99,9.99,50.0,500.5005005005005,45,59,1.0,58.83931506849316,2.0,1
2023-08-29,59.99,9.99,50.0,500.5005005005005,46,60,1.0,58.83931506849315,2.0,1
2023-08-30,59.99,9.99,50.0,500.5005005005005,47,61,1.0,58.83931506849316,2.0,1
2023-08-31,59.99,9.99,50.0,500.5005005005005,48,62,1.0,58.83931506849315,2.0,1
2023-09-01,59.99,9.99,50.0,500.5005005005005,49,63,1.0,58.83931506849316,2.0,1
2023-09-02,59.99,9.99,50.0,500.5005005005005,50,64,1.0,58.83931506849316,2.0,1
2023-09-03,59.99,9.99,50.0,500.5005005005005,51,65,1.0,58.83931506849315,2.0,1
2023-09-04,59.99,9.99,50.0,500.5005005005005,52,66,1.0,58.83931506849316,2.0,1
2023-09-05,59.99,9.99,50.0,500.5005005005005,53,67,1.0,58.83931506849315,2.0,1
2023-09-06,59.99,9.99,50.0,500.5005005005005,54,68,1.0,58.83931506849316,2.0,1
2023-09-07,59.99,9.99,50.0,500.5005005005005,55,69,1.0,58.83931506849315,2.0,1
2023-09-08,29.99,9.99,20.0,200.20020020020021,0,0,1.0,58.83931506849316,2.0,0
2023-09-09,29.99,9.99,20.0,200.20020020020021,1,1,2.0,58.75712328767123,3.0,0
2023-09-10,29.99,9.99,20.0,200.20020020020021,2,2,2.0,58.67493150684932,3.0,0
2023-09-11,29.99,9.99,20.0,200.20020020020021,3,3,2.0,58.5927397260274,3.0,0
2023-09-12,59.99,9.99,50.0,500.5005005005005,0,4,2.0,58.510547945205474,3.0,0
2023-09-13,59.99,9.99,50.0,500.5005005005005,1,5,2.0,58.51054794520549,4.0,0
2023-09-14,59.99,9.99,50.0,500.5005005005005,2,6,2.0,58.510547945205474,4.0,0
2023-09-15,59.99,9.99,50.0,500.5005005005005,3,7,2.0,58.51054794520549,4.0,0
2023-09-16,59.99,9.99,50.0,500.5005005005005,4,8,2.0,58.510547945205474,4.0,0
2023-09-17,59.99,9.99,50.0,500.5005005005005,5,9,2.0,58.51054794520549,4.0,0
2023-09-18,59.99,9.99,50.0,500.5005005005005,6,10,2.0,58.51054794520549,4.0,0
2023-09-19,59.99,9.99,50.0,500.5005005005005,7,11,2.0,58.51054794520549,4.0,0
2023-09-20,59.99,9.99,50.0,500.5005005005005,8,12,2.0,58.51054794520549,4.0,0
2023-09-21,59.99,9.99,50.0,500.5005005005005,9,13,2.0,58.510547945205474,4.0,0
2023-09-22,59.99,9.99,50.0,500.5005005005005,10,14,2.0,58.51054794520549,4.0,0
2023-09-23,59.99,9.99,50.0,500.5005005005005,11,15,2.0,58.510547945205474,4.0,0
2023-09-24,59.99,9.99,50.0,500.5005005005005,12,16,2.0,58.51054794520549,4.0,0
2023-09-25,59.99,9.99,50.0,500.5005005005005,13,17,2.0,58.510547945205474,4.0,0
2023-09-26,59.99,9.99,50.0,500.5005005005005,14,18,2.0,58.51054794520549,4.0,0
2023-09-27,59.99,9.99,50.0,500.5005005005005,15,19,2.0,58.51054794520549,4.0,0
2023-09-28,59.99,9.99,50.0,500.5005005005005,16,20,2.0,58.510547945205474,4.0,0
2023-09-29,59.99,9.99,50.0,500.5005005005005,17,21,2.0,58.51054794520549,4.0,0
2023-09-30,59.99,9.99,50.0,500.5005005005005,18,22,2.0,58.510547945205474,4.0,0
2023-10-01,59.99,9.99,50.0,500.5005005005005,19,23,2.0,58.51054794520549,4.0,0
2023-10-02,59.99,9.99,50.0,500.5005005005005,20,24,2.0,58.510547945205474,4.0,0
2023-10-03,59.99,9.99,50.0,500.5005005005005,21,25,2.0,58.51054794520549,4.0,0
2023-10-04,59.99,9.99,50.0,500.5005005005005,22,26,2.0,58.510547945205474,4.0,0
2023-10-05,59.99,9.99,50.0,500.5005005005005,23,27,2.0,58.51054794520549,4.0,0
2023-10-06,59.99,9.99,50.0,500.5005005005005,24,28,2.0,58.51054794520549,4.0,0
2023-10-07,59.99,9.99,50.0,500.5005005005005,25,29,2.0,58.510547945205474,4.0,0
2023-10-08,59.99,9.99,50.0,500.5005005005005,26,30,2.0,58.51054794520549,4.0,0
2023-10-09,59.99,9.99,50.0,500.5005005005005,27,31,2.0,58.510547945205474,4.0,0
2023-10-10,59.99,9.99,50.0,500.5005005005005,28,32,2.0,58.51054794520549,4.0,0
2023-10-11,59.99,9.99,50.0,500.5005005005005,29,33,2.0,58.510547945205474,4.0,0
2023-10-12,59.99,9.99,50.0,500.5005005005005,30,34,2.0,58.51054794520549,4.0,0
2023-10-13,59.99,9.99,50.0,500.5005005005005,31,35,2.0,58.51054794520549,4.0,0
2023-10-14,59.99,9.99,50.0,500.5005005005005,32,36,2.0,58.510547945205474,4.0,0
2023-10-15,59.99,9.99,50.0,500.5005005005005,33,37,2.0,58.51054794520549,4.0,0
2023-10-16,59.99,9.99,50.0,500.5005005005005,34,38,2.0,58.510547945205474,4.0,0
2023-10-17,59.99,9.99,50.0,500.5005005005005,35,39,2.0,58.51054794520549,4.0,0
2023-10-18,59.99,9.99,50.0,500.5005005005005,36,40,2.0,58.510547945205474,4.0,0
2023-10-19,59.99,9.99,50.0,500.5005005005005,37,41,2.0,58.51054794520549,4.0,0
2023-10-20,59.99,9.99,50.0,500.5005005005005,38,42,2.0,58.510547945205474,4.0,0
2023-10-21,59.99,9.99,50.0,500.5005005005005,39,43,2.0,58.51054794520549,4.0,0
2023-10-22,59.99,9.99,50.0,500.5005005005005,40,44,2.0,58.51054794520549,4.0,0
2023-10-23,59.99,9.99,50.0,500.5005005005005,41,45,2.0,58.510547945205474,4.0,1
2023-10-24,59.99,9.99,50.0,500.5005005005005,42,46,2.0,58.51054794520549,4.0,1
2023-10-25,59.99,9.99,50.0,500.5005005005005,43,47,2.0,58.510547945205474,4.0,1
2023-10-26,59.99,9.99,50.0,500.5005005005005,44,48,2.0,58.51054794520549,4.0,1
2023-10-27,59.99,9.99,50.0,500.5005005005005,45,49,2.0,58.510547945205474,4.0,1
2023-10-28,59.99,9.99,50.0,500.5005005005005,46,50,2.0,58.51054794520549,4.0,1
2023-10-29,59.99,9.99,50.0,500.5005005005005,47,51,2.0,58.510547945205474,4.0,1
2023-10-30,59.99,9.99,50.0,500.5005005005005,48,52,2.0,58.51054794520549,4.0,1
2023-10-31,59.99,9.99,50.0,500.5005005005005,49,53,2.0,58.51054794520549,4.0,1
2023-11-01,59.99,9.99,50.0,500.5005005005005,50,54,2.0,58.510547945205474,4.0,1
2023-11-02,59.99,9.99,50.0,500.5005005005005,51,55,2.0,58.51054794520549,4.0,1
2023-11-03,59.99,9.99,50.0,500.5005005005005,52,56,2.0,58.510547945205474,4.0,1
2023-11-04,59.99,9.99,50.0,500.5005005005005,53,57,2.0,58.51054794520549,4.0,1
2023-11-05,59.99,9.99,50.0,500.5005005005005,54,58,2.0,58.510547945205474,4.0,1
2023-11-06,59.99,9.99,50.0,500.5005005005005,55,59,2.0,58.51054794520549,4.0,1
2023-11-07,59.99,9.99,50.0,500.5005005005005,56,60,2.0,58.51054794520549,4.0,1
2023-11-08,59.99,9.99,50.0,500.5005005005005,57,61,2.0,58.510547945205474,4.0,1
2023-11-09,59.99,9.99,50.0,500.5005005005005,58,62,2.0,58.51054794520549,4.0,1
2023-11-10,59.99,9.99,50.0,500.5005005005005,59,63,2.0,58.510547945205474,4.0,1
2023-11-11,59.99,9.99,50.0,500.5005005005005,60,64,2.0,58.51054794520549,4.0,1
2023-11-12,59.99,9.99,50.0,500.5005005005005,61,65,2.0,58.510547945205474,4.0,1
2023-11-13,59.99,9.99,50.0,500.5005005005005,62,66,2.0,58.51054794520549,4.0,1
2023-11-14,59.99,9.99,50.0,500.5005005005005,63,67,2.0,58.510547945205474,4.0,1
2023-11-15,59.99,9.99,50.0,500.5005005005005,64,68,2.0,58.51054794520549,4.0,1
2023-11-16,59.99,9.99,50.0,500.5005005005005,65,69,2.0,58.51054794520549,4.0,1
2023-11-17,59.99,9.99,50.0,500.5005005005005,66,70,2.0,58.510547945205474,4.0,1
2023-11-18,59.99,9.99,50.0,500.5005005005005,67,71,2.0,58.51054794520549,4.0,1
2023-11-19,59.99,9.99,50.0,500.5005005005005,68,72,2.0,58.510547945205474,4.0,1
2023-11-20,59.99,9.99,50.0,500.5005005005005,69,73,2.0,58.51054794520549,4.0,1
2023-11-21,59.99,9.99,50.0,500.5005005005005,70,74,2.0,58.510547945205474,4.0,1
2023-11-22,29.99,9.99,20.0,200.20020020020021,0,0,2.0,58.51054794520549,4.0,0
2023-11-23,29.99,9.99,20.0,200.20020020020021,1,1,3.0,58.428356164383565,5.0,0
2023-11-24,29.99,9.99,20.0,200.20020020020021,2,2,3.0,58.34616438356165,5.0,0
2023-11-25,29.99,9.99,20.0,200.20020020020021,3,3,3.0,58.263972602739734,5.0,0
2023-11-26,29.99,9.99,20.0,200.20020020020021,4,4,3.0,58.181780821917805,5.0,0
2023-11-27,29.99,9.99,20.0,200.20020020020021,5,5,3.0,58.099589041095896,5.0,0
2023-11-28,29.99,9.99,20.0,200.20020020020021,6,6,3.0,58.01739726027397,5.0,0
2023-11-29,59.99,9.99,50.0,500.5005005005005,0,7,3.0,57.93520547945206,5.0,0
2023-11-30,59.99,9.99,50.0,500.5005005005005,1,8,3.0,57.93520547945205,6.0,0
2023-12-01,59.99,9.99,50.0,500.5005005005005,2,9,3.0,57.93520547945206,6.0,0
2023-12-02,59.99,9.99,50.0,500.5005005005005,3,10,3.0,57.93520547945206,6.0,0
2023-12-03,59.99,9.99,50.0,500.5005005005005,4,11,3.0,57.93520547945205,6.0,0
2023-12-04,59.99,9.99,50.0,500.5005005005005,5,12,3.0,57.93520547945206,6.0,0
2023-12-05,59.99,9.99,50.0,500.5005005005005,6,13,3.0,57.93520547945205,6.0,0
2023-12-06,59.99,9.99,50.0,500.5005005005005,7,14,3.0,57.93520547945206,6.0,0
2023-12-07,59.99,9.99,50.0,500.5005005005005,8,15,3.0,57.93520547945205,6.0,0
2023-12-08,59.99,9.99,50.0,500.5005005005005,9,16,3.0,57.93520547945206,6.0,0
2023-12-09,59.99,9.99,50.0,500.5005005005005,10,17,3.0,57.93520547945205,6.0,0
2023-12-10,59.99,9.99,50.0,500.5005005005005,11,18,3.0,57.93520547945206,6.0,0
2023-12-11,59.99,9.99,50.0,500.5005005005005,12,19,3.0,57.93520547945206,6.0,0
2023-12-12,59.99,9.99,50.0,500.5005005005005,13,20,3.0,57.93520547945205,6.0,0
2023-12-13,59.99,9.99,50.0,500.5005005005005,14,21,3.0,57.93520547945206,6.0,0
2023-12-14,59.99,9.99,50.0,500.5005005005005,15,22,3.0,57.93520547945205,6.0,0
2023-12-15,59.99,9.99,50.0,500.5005005005005,16,23,3.0,57.93520547945206,6.0,0
2023-12-16,59.99,9.99,50.0,500.5005005005005,17,24,3.0,57.93520547945205,6.0,0
2023-12-17,59.99,9.99,50.0,500.5005005005005,18,25,3.0,57.93520547945206,6.0,0
2023-12-18,59.99,9.99,50.0,500.5005005005005,19,26,3.0,57.93520547945206,6.0,0
2023-12-19,59.99,9.99,50.0,500.5005005005005,20,27,3.0,57.93520547945206,6.0,0
2023-12-20,59.99,9.99,50.0,500.5005005005005,21,28,3.0,57.93520547945206,6.0,0
2023-12-21,59.99,9.99,50.0,500.5005005005005,22,29,3.0,57.93520547945205,6.0,0
2023-12-22,59.99,9.99,50.0,500.5005005005005,23,30,3.0,57.93520547945206,6.0,0
2023-12-23,59.99,9.99,50.0,500.5005005005005,24,31,3.0,57.93520547945205,6.0,0
2023-12-24,59.99,9.99,50.0,500.5005005005005,25,32,3.0,57.93520547945206,6.0,0
2023-12-25,59.99,9.99,50.0,500.5005005005005,26,33,3.0,57.93520547945205,6.0,0
2023-12-26,59.99,9.99,50.0,500.5005005005005,27,34,3.0,57.93520547945206,6.0,0
2023-12-27,59.99,9.99,50.0,500.5005005005005,28,35,3.0,57.93520547945206,6.0,0
2023-12-28,59.99,9.99,50.0,500.5005005005005,29,36,3.0,57.93520547945205,6.0,0
2023-12-29,59.99,9.99,50.0,500.5005005005005,30,37,3.0,57.93520547945206,6.0,0
2023-12-30,59.99,9.99,50.0,500.5005005005005,31,38,3.0,57.93520547945205,6.0,0
2023-12-31,59.99,9.99,50.0,500.5005005005005,32,39,3.0,57.93520547945206,6.0,0
2024-01-01,59.99,9.99,50.0,500.5005005005005,33,40,3.0,57.93520547945205,6.0,0
2024-01-02,59.99,9.99,50.0,500.5005005005005,34,41,3.0,57.93520547945206,6.0,0
2024-01-03,59.99,9.99,50.0,500.5005005005005,35,42,3.0,57.93520547945205,6.0,0
2024-01-04,59.99,9.99,50.0,500.5005005005005,36,43,3.0,57.93520547945206,6.0,0
2024-01-05,59.99,9.99,50.0,500.5005005005005,37,44,3.0,57.93520547945206,6.0,0
2024-01-06,59.99,9.99,50.0,500.5005005005005,38,45,3.0,57.93520547945205,6.0,0
2024-01-07,59.99,9.99,50.0,500.5005005005005,39,46,3.0,57.93520547945206,6.0,0
2024-01-08,59.99,9.99,50.0,500.5005005005005,40,47,3.0,57.93520547945205,6.0,0
2024-01-09,59.99,9.99,50.0,500.5005005005005,41,48,3.0,57.93520547945206,6.0,0
2024-01-10,59.99,9.99,50.0,500.5005005005005,42,49,3.0,57.93520547945205,6.0,1
2024-01-11,59.99,9.99,50.0,500.5005005005005,43,50,3.0,57.93520547945206,6.0,1
2024-01-12,59.99,9.99,50.0,500.5005005005005,44,51,3.0,57.93520547945206,6.0,1
2024-01-13,59.99,9.99,50.0,500.5005005005005,45,52,3.0,57.93520547945205,6.0,1
2024-01-14,59.99,9.99,50.0,500.5005005005005,46,53,3.0,57.93520547945206,6.0,1
2024-01-15,59.99,9.99,50.0,500.5005005005005,47,54,3.0,57.93520547945205,6.0,1
2024-01-16,59.99,9.99,50.0,500.5005005005005,48,55,3.0,57.93520547945206,6.0,1
2024-01-17,59.99,9.99,50.0,500.5005005005005,49,56,3.0,57.93520547945205,6.0,1
2024-01-18,59.99,9.99,50.0,500.5005005005005,50,57,3.0,57.93520547945206,6.0,1
2024-01-19,59.99,9.99,50.0,500.5005005005005,51,58,3.0,57.93520547945205,6.0,1
2024-01-20,59.99,9.99,50.0,500.5005005005005,52,59,3.0,57.93520547945206,6.0,1
2024-01-21,59.99,9.99,50.0,500.5005005005005,53,60,3.0,57.93520547945206,6.0,1
2024-01-22,59.99,9.99,50.0,500.5005005005005,54,61,3.0,57.93520547945205,6.0,1
2024-01-23,59.99,9.99,50.0,500.5005005005005,55,62,3.0,57.93520547945206,6.0,1
2024-01-24,59.99,9.99,50.0,500.5005005005005,56,63,3.0,57.93520547945205,6.0,1
2024-01-25,59.99,9.99,50.0,500.5005005005005,57,64,3.0,57.93520547945206,6.0,1
2024-01-26,59.99,9.99,50.0,500.5005005005005,58,65,3.0,57.93520547945205,6.0,1
2024-01-27,59.99,9.99,50.0,500.5005005005005,59,66,3.0,57.93520547945206,6.0,1
2024-01-28,59.99,9.99,50.0,500.5005005005005,60,67,3.0,57.93520547945205,6.0,1
2024-01-29,59.99,9.99,50.0,500.5005005005005,61,68,3.0,57.93520547945206,6.0,1
2024-01-30,59.99,9.99,50.0,500.5005005005005,62,69,3.0,57.93520547945206,6.0,1
2024-01-31,59.99,9.99,50.0,500.5005005005005,63,70,3.0,57.93520547945205,6.0,1
2024-02-01,59.99,9.99,50.0,500.5005005005005,64,71,3.0,57.93520547945206,6.0,1
2024-02-02,59.99,9.99,50.0,500.5005005005005,65,72,3.0,57.93520547945205,6.0,1
2024-02-03,59.99,9.99,50.0,500.5005005005005,66,73,3.0,57.93520547945206,6.0,1
2024-02-04,59.99,9.99,50.0,500.5005005005005,67,74,3.0,57.93520547945205,6.0,1
2024-02-05,59.99,9.99,50.0,500.5005005005005,68,75,3.0,57.93520547945206,6.0,1
2024-02-06,59.99,9.99,50.0,500.5005005005005,69,76,3.0,57.93520547945206,6.0,1
2024-02-07,59.99,9.99,50.0,500.5005005005005,70,77,3.0,57.93520547945205,6.0,1
2024-02-08,59.99,9.99,50.0,500.5005005005005,71,78,3.0,57.93520547945206,6.0,1
2024-02-09,29.99,9.99,20.0,200.20020020020021,0,0,3.0,57.93520547945205,6.0,0
2024-02-10,29.99,9.99,20.0,200.20020020020021,1,1,4.0,57.85301369863014,7.0,0
2024-02-11,29.99,9.99,20.0,200.20020020020021,2,2,4.0,57.77082191780821,7.0,0
2024-02-12,29.99,9.99,20.0,200.20020020020021,3,3,4.0,57.688630136986305,7.0,0
2024-02-13,29.99,9.99,20.0,200.20020020020021,4,4,4.0,57.60643835616438,7.0,0
2024-02-14,29.99,9.99,20.0,200.20020020020021,5,5,4.0,57.524246575342474,7.0,0
2024-02-15,29.99,9.99,20.0,200.20020020020021,6,6,4.0,57.44205479452055,7.0,0
2024-02-16,29.99,9.99,20.0,200.20020020020021,7,7,4.0,57.35986301369863,7.0,0
2024-02-17,29.99,9.99,20.0,200.20020020020021,8,8,4.0,57.27767123287672,7.0,0
2024-02-18,29.99,9.99,20.0,200.20020020020021,9,9,4.0,57.19547945205479,7.0,0
2024-02-19,29.99,9.99,20.0,200.20020020020021,10,10,4.0,57.11328767123288,7.0,0
2024-02-20,29.99,9.99,20.0,200.20020020020021,11,11,4.0,57.03109589041095,7.0,0
2024-02-21,29.99,9.99,20.0,200.20020020020021,12,12,4.0,56.948904109589044,7.0,0
2024-02-22,29.99,9.99,20.0,200.20020020020021,13,13,4.0,56.86671232876712,7.0,0
2024-02-23,59.99,9.99,50.0,500.5005005005005,0,14,4.0,56.78452054794521,7.0,0
2024-02-24,59.99,9.99,50.0,500.5005005005005,1,15,4.0,56.78452054794521,8.0,0
2024-02-25,59.99,9.99,50.0,500.5005005005005,2,16,4.0,56.7845205479452,8.0,0
2024-02-26,59.99,9.99,50.0,500.5005005005005,3,17,4.0,56.78452054794521,8.0,0
2024-02-27,59.99,9.99,50.0,500.5005005005005,4,18,4.0,56.7845205479452,8.0,0
2024-02-28,59.99,9.99,50.0,500.5005005005005,5,19,4.0,56.78452054794521,8.0,0
2024-02-29,59.99,9.99,50.0,500.5005005005005,6,20,4.0,56.7845205479452,8.0,0
2024-03-01,59.99,9.99,50.0,500.5005005005005,7,21,4.0,56.78452054794521,8.0,0
2024-03-02,59.99,9.99,50.0,500.5005005005005,8,22,4.0,56.78452054794521,8.0,0
2024-03-03,59.99,9.99,50.0,500.5005005005005,9,23,4.0,56.7845205479452,8.0,0
2024-03-04,59.99,9.99,50.0,500.5005005005005,10,24,4.0,56.78452054794521,8.0,0
2024-03-05,59.99,9.99,50.0,500.5005005005005,11,25,4.0,56.7845205479452,8.0,0
2024-03-06,59.99,9.99,50.0,500.5005005005005,12,26,4.0,56.78452054794521,8.0,0
2024-03-07,59.99,9.99,50.0,500.5005005005005,13,27,4.0,56.7845205479452,8.0,0
2024-03-08,59.99,9.99,50.0,500.5005005005005,14,28,4.0,56.78452054794521,8.0,0
2024-03-09,59.99,9.99,50.0,500.5005005005005,15,29,4.0,56.7845205479452,8.0,0
2024-03-10,59.99,9.99,50.0,500.5005005005005,16,30,4.0,56.78452054794521,8.0,0
2024-03-11,59.99,9.99,50.0,500.5005005005005,17,31,4.0,56.78452054794521,8.0,0
2024-03-12,59.99,9.99,50.0,500.5005005005005,18,32,4.0,56.7845205479452,8.0,0
2024-03-13,59.99,9.99,50.0,500.5005005005005,19,33,4.0,56.78452054794521,8.0,0
2024-03-14,59.99,9.99,50.0,500.5005005005005,20,34,4.0,56.7845205479452,8.0,0
2024-03-15,59.99,9.99,50.0,500.5005005005005,21,35,4.0,56.78452054794521,8.0,0
2024-03-16,59.99,9.99,50.0,500.5005005005005,22,36,4.0,56.7845205479452,8.0,0
2024-03-17,59.99,9.99,50.0,500.5005005005005,23,37,4.0,56.78452054794521,8.0,0
2024-03-18,59.99,9.99,50.0,500.5005005005005,24,38,4.0,56.78452054794521,8.0,0
2024-03-19,59.99,9.99,50.0,500.5005005005005,25,39,4.0,56.7845205479452,8.0,0
2024-03-20,59.99,9.99,50.0,500.5005005005005,26,40,4.0,56.78452054794521,8.0,0
2024-03-21,59.99,9.99,50.0,500.5005005005005,27,41,4.0,56.7845205479452,8.0,0
2024-03-22,59.99,9.99,50.0,500.5005005005005,28,42,4.0,56.78452054794521,8.0,0
2024-03-23,59.99,9.99,50.0,500.5005005005005,29,43,4.0,56.7845205479452,8.0,0
2024-03-24,59.99,9.99,50.0,500.5005005005005,30,44,4.0,56.78452054794521,8.0,0
2024-03-25,59.99,9.99,50.0,500.5005005005005,31,45,4.0,56.7845205479452,8.0,0
2024-03-26,59.99,9.99,50.0,500.5005005005005,32,46,4.0,56.78452054794521,8.0,0
2024-03-27,59.99,9.99,50.0,500.5005005005005,33,47,4.0,56.78452054794521,8.0,0
2024-03-28,59.99,9.99,50.0,500.5005005005005,34,48,4.0,56.7845205479452,8.0,0
2024-03-29,59.99,9.99,50.0,500.5005005005005,35,49,4.0,56.78452054794521,8.0,0
2024-03-30,59.99,9.99,50.0,500.5005005005005,36,50,4.0,56.7845205479452,8.0,0
2024-03-31,59.99,9.99,50.0,500.5005005005005,37,51,4.0,56.78452054794521,8.0,0
2024-04-01,59.99,9.99,50.0,500.5005005005005,38,52,4.0,56.7845205479452,8.0,0
2024-04-02,59.99,9.99,50.0,500.5005005005005,39,53,4.0,56.78452054794521,8.0,0
2024-04-03,59.99,9.99,50.0,500.5005005005005,40,54,4.0,56.7845205479452,8.0,0
2024-04-04,59.99,9.99,50.0,500.5005005005005,41,55,4.0,56.78452054794521,8.0,0
2024-04-05,59.99,9.99,50.0,500.5005005005005,42,56,4.0,56.78452054794521,8.0,0
2024-04-06,59.99,9.99,50.0,500.5005005005005,43,57,4.0,56.7845205479452,8.0,0
2024-04-07,59.99,9.99,50.0,500.5005005005005,44,58,4.0,56.78452054794521,8.0,0
2024-04-08,59.99,9.99,50.0,500.5005005005005,45,59,4.0,56.7845205479452,8.0,0
2024-04-09,59.99,9.99,50.0,500.5005005005005,46,60,4.0,56.78452054794521,8.0,0
2024-04-10,59.99,9.99,50.0,500.5005005005005,47,61,4.0,56.7845205479452,8.0,1
2024-04-11,59.99,9.99,50.0,500.5005005005005,48,62,4.0,56.78452054794521,8.0,1
2024-04-12,59.99,9.99,50.0,500.5005005005005,49,63,4.0,56.78452054794521,8.0,1
2024-04-13,59.99,9.99,50.0,500.5005005005005,50,64,4.0,56.7845205479452,8.0,1
2024-04-14,59.99,9.99,50.0,500.5005005005005,51,65,4.0,56.78452054794521,8.0,1
2024-04-15,59.99,9.99,50.0,500.5005005005005,52,66,4.0,56.7845205479452,8.0,1
2024-04-16,59.99,9.99,50.0,500.5005005005005,53,67,4.0,56.78452054794521,8.0,1
2024-04-17,59.99,9.99,50.0,500.5005005005005,54,68,4.0,56.7845205479452,8.0,1
2024-04-18,59.99,9.99,50.0,500.5005005005005,55,69,4.0,56.78452054794521,8.0,1
2024-04-19,59.99,9.99,50.0,500.5005005005005,56,70,4.0,56.7845205479452,8.0,1
2024-04-20,59.99,9.99,50.0,500.5005005005005,57,71,4.0,56.78452054794521,8.0,1
2024-04-21,59.99,9.99,50.0,500.5005005005005,58,72,4.0,56.78452054794521,8.0,1
2024-04-22,59.99,9.99,50.0,500.5005005005005,59,73,4.0,56.7845205479452,8.0,1
2024-04-23,59.99,9.99,50.0,500.5005005005005,60,74,4.0,56.78452054794521,8.0,1
2024-04-24,59.99,9.99,50.0,500.5005005005005,61,75,4.0,56.7845205479452,8.0,1
2024-04-25,59.99,9.99,50.0,500.5005005005005,62,76,4.0,56.78452054794521,8.0,1
2024-04-26,59.99,9.99,50.0,500.5005005005005,63,77,4.0,56.7845205479452,8.0,1
2024-04-27,59.99,9.99,50.0,500.5005005005005,64,78,4.0,56.78452054794521,8.0,1
2024-04-28,59.99,9.99,50.0,500.5005005005005,65,79,4.0,56.7845205479452,8.0,1
2024-04-29,59.99,9.99,50.0,500.5005005005005,66,80,4.0,56.78452054794521,8.0,1
2024-04-30,59.99,9.99,50.0,500.5005005005005,67,81,4.0,56.78452054794521,8.0,1
2024-05-01,59.99,9.99,50.0,500.5005005005005,68,82,4.0,56.7845205479452,8.0,1
2024-05-02,59.99,9.99,50.0,500.5005005005005,69,83,4.0,56.78452054794521,8.0,1
2024-05-03,59.99,9.99,50.0,500.5005005005005,70,84,4.0,56.7845205479452,8.0,1
2024-05-04,59.99,9.99,50.0,500.5005005005005,71,85,4.0,56.78452054794521,8.0,1
2024-05-05,59.99,9.99,50.0,500.5005005005005,72,86,4.0,56.7845205479452,8.0,1
2024-05-06,59.99,9.99,50.0,500.5005005005005,73,87,4.0,56.78452054794521,8.0,1
2024-05-07,59.99,9.99,50.0,500.5005005005005,74,88,4.0,56.78452054794521,8.0,1
2024-05-08,59.99,9.99,50.0,500.5005005005005,75,89,4.0,56.7845205479452,8.0,1
2024-05-09,59.99,9.99,50.0,500.5005005005005,76,90,4.0,56.78452054794521,8.0,1
2024-05-10,29.99,9.99,20.0,200.20020020020021,0,0,4.0,56.7845205479452,8.0,0
2024-05-11,29.99,9.99,20.0,200.20020020020021,1,1,5.0,56.70232876712329,9.0,0
2024-05-12,29.99,9.99,20.0,200.20020020020021,2,2,5.0,56.62013698630137,9.0,0
2024-05-13,29.99,9.99,20.0,200.20020020020021,3,3,5.0,56.53794520547946,9.0,0
2024-05-14,29.99,9.99,20.0,200.20020020020021,4,4,5.0,56.45575342465753,9.0,0
2024-05-15,29.99,9.99,20.0,200.20020020020021,5,5,5.0,56.37356164383562,9.0,0
2024-05-16,29.99,9.99,20.0,200.20020020020021,6,6,5.0,56.291369863013706,9.0,0
2024-05-17,59.99,9.99,50.0,500.5005005005005,0,7,5.0,56.20917808219178,9.0,0
2024-05-18,59.99,9.99,50.0,500.5005005005005,1,8,5.0,56.209178082191784,10.0,0
2024-05-19,59.99,9.99,50.0,500.5005005005005,2,9,5.0,56.20917808219178,10.0,0
2024-05-20,59.99,9.99,50.0,500.5005005005005,3,10,5.0,56.209178082191784,10.0,0
2024-05-21,59.99,9.99,50.0,500.5005005005005,4,11,5.0,56.20917808219178,10.0,0
2024-05-22,59.99,9.99,50.0,500.5005005005005,5,12,5.0,56.209178082191784,10.0,0
2024-05-23,59.99,9.99,50.0,500.5005005005005,6,13,5.0,56.20917808219178,10.0,0
2024-05-24,59.99,9.99,50.0,500.5005005005005,7,14,5.0,56.20917808219178,10.0,0
2024-05-25,59.99,9.99,50.0,500.5005005005005,8,15,5.0,56.209178082191784,10.0,0
2024-05-26,59.99,9.99,50.0,500.5005005005005,9,16,5.0,56.20917808219178,10.0,0
2024-05-27,59.99,9.99,50.0,500.5005005005005,10,17,5.0,56.209178082191784,10.0,0
2024-05-28,59.99,9.99,50.0,500.5005005005005,11,18,5.0,56.20917808219178,10.0,0
2024-05-29,59.99,9.99,50.0,500.5005005005005,12,19,5.0,56.209178082191784,10.0,0
2024-05-30,59.99,9.99,50.0,500.5005005005005,13,20,5.0,56.20917808219178,10.0,0
2024-05-31,59.99,9.99,50.0,500.5005005005005,14,21,5.0,56.209178082191784,10.0,0
2024-06-01,59.99,9.99,50.0,500.5005005005005,15,22,5.0,56.209178082191784,10.0,0
2024-06-02,59.99,9.99,50.0,500.5005005005005,16,23,5.0,56.20917808219178,10.0,0
2024-06-03,59.99,9.99,50.0,500.5005005005005,17,24,5.0,56.209178082191784,10.0,0
2024-06-04,59.99,9.99,50.0,500.5005005005005,18,25,5.0,56.20917808219178,10.0,0
2024-06-05,59.99,9.99,50.0,500.5005005005005,19,26,5.0,56.209178082191784,10.0,0
2024-06-06,59.99,9.99,50.0,500.5005005005005,20,27,5.0,56.20917808219178,10.0,0
2024-06-07,59.99,9.99,50.0,500.5005005005005,21,28,5.0,56.209178082191784,10.0,0
2024-06-08,59.99,9.99,50.0,500.5005005005005,22,29,5.0,56.20917808219178,10.0,0
2024-06-09,59.99,9.99,50.0,500.5005005005005,23,30,5.0,56.209178082191784,10.0,0
2024-06-10,59.99,9.99,50.0,500.5005005005005,24,31,5.0,56.209178082191784,10.0,0
2024-06-11,59.99,9.99,50.0,500.5005005005005,25,32,5.0,56.20917808219178,10.0,0
2024-06-12,59.99,9.99,50.0,500.5005005005005,26,33,5.0,56.209178082191784,10.0,0
2024-06-13,59.99,9.99,50.0,500.5005005005005,27,34,5.0,56.20917808219178,10.0,0
2024-06-14,59.99,9.99,50.0,500.5005005005005,28,35,5.0,56.209178082191784,10.0,0
2024-06-15,59.99,9.99,50.0,500.5005005005005,29,36,5.0,56.20917808219178,10.0,0
2024-06-16,59.99,9.99,50.0,500.5005005005005,30,37,5.0,56.209178082191784,10.0,0
2024-06-17,59.99,9.99,50.0,500.5005005005005,31,38,5.0,56.209178082191784,10.0,0
2024-06-18,59.99,9.99,50.0,500.5005005005005,32,39,5.0,56.20917808219178,10.0,0
2024-06-19,59.99,9.99,50.0,500.5005005005005,33,40,5.0,56.209178082191784,10.0,0
2024-06-20,59.99,9.99,50.0,500.5005005005005,34,41,5.0,56.20917808219178,10.0,0
2024-06-21,59.99,9.99,50.0,500.5005005005005,35,42,5.0,56.209178082191784,10.0,0
2024-06-22,59.99,9.99,50.0,500.5005005005005,36,43,5.0,56.20917808219178,10.0,0
2024-06-23,59.99,9.99,50.0,500.5005005005005,37,44,5.0,56.209178082191784,10.0,0
2024-06-24,59.99,9.99,50.0,500.5005005005005,38,45,5.0,56.20917808219178,10.0,0
2024-06-25,59.99,9.99,50.0,500.5005005005005,39,46,5.0,56.209178082191784,10.0,0
2024-06-26,59.99,9.99,50.0,500.5005005005005,40,47,5.0,56.209178082191784,10.0,0
2024-06-27,59.99,9.99,50.0,500.5005005005005,41,48,5.0,56.20917808219178,10.0,0
2024-06-28,59.99,9.99,50.0,500.5005005005005,42,49,5.0,56.209178082191784,10.0,0
2024-06-29,59.99,9.99,50.0,500.5005005005005,43,50,5.0,56.20917808219178,10.0,0
2024-06-30,59.99,9.99,50.0,500.5005005005005,44,51,4.0,56.291369863013706,9.0,0
2024-07-01,59.99,9.99,50.0,500.5005005005005,45,52,4.0,56.373561643835615,9.0,0
2024-07-02,59.99,9.99,50.0,500.5005005005005,46,53,4.0,56.45575342465754,9.0,0
2024-07-03,59.99,9.99,50.0,500.5005005005005,47,54,4.0,56.537945205479446,9.0,0
2024-07-04,59.99,9.99,50.0,500.5005005005005,48,55,4.0,56.620136986301375,9.0,0
2024-07-05,59.99,9.99,50.0,500.5005005005005,49,56,4.0,56.70232876712329,9.0,0
2024-07-06,59.99,9.99,50.0,500.5005005005005,50,57,4.0,56.7845205479452,9.0,0
2024-07-07,59.99,9.99,50.0,500.5005005005005,51,58,4.0,56.86671232876713,9.0,0
2024-07-08,59.99,9.99,50.0,500.5005005005005,52,59,4.0,56.94890410958904,9.0,0
2024-07-09,59.99,9.99,50.0,500.5005005005005,53,60,4.0,57.03109589041097,9.0,0
2024-07-10,59.99,9.99,50.0,500.5005005005005,54,61,4.0,57.113287671232875,9.0,0
2024-07-11,59.99,9.99,50.0,500.5005005005005,55,62,4.0,57.1954794520548,9.0,0
2024-07-12,59.99,9.99,50.0,500.5005005005005,56,63,4.0,57.27767123287672,9.0,0
2024-07-13,59.99,9.99,50.0,500.5005005005005,57,64,4.0,57.35986301369863,9.0,0
2024-07-14,59.99,9.99,50.0,500.5005005005005,58,65,4.0,57.359863013698636,8.0,0
2024-07-15,59.99,9.99,50.0,500.5005005005005,59,66,4.0,57.35986301369863,8.0,0
2024-07-16,59.99,9.99,50.0,500.5005005005005,60,67,4.0,57.359863013698636,8.0,0
2024-07-17,59.99,9.99,50.0,500.5005005005005,61,68,4.0,57.35986301369863,8.0,0
2024-07-18,59.99,9.99,50.0,500.5005005005005,62,69,4.0,57.359863013698636,8.0,0
2024-07-19,59.99,9.99,50.0,500.5005005005005,63,70,4.0,57.35986301369863,8.0,0
2024-07-20,59.99,9.99,50.0,500.5005005005005,64,71,4.0,57.359863013698636,8.0,0
2024-07-21,59.99,9.99,50.0,500.5005005005005,65,72,4.0,57.359863013698636,8.0,0
2024-07-22,59.99,9.99,50.0,500.5005005005005,66,73,4.0,57.35986301369863,8.0,0
2024-07-23,59.99,9.99,50.0,500.5005005005005,67,74,4.0,57.359863013698636,8.0,0
2024-07-24,59.99,9.99,50.0,500.5005005005005,68,75,4.0,57.35986301369863,8.0,0
2024-07-25,59.99,9.99,50.0,500.5005005005005,69,76,4.0,57.359863013698636,8.0,0
2024-07-26,59.99,9.99,50.0,500.5005005005005,70,77,4.0,57.35986301369863,8.0,0
2024-07-27,59.99,9.99,50.0,500.5005005005005,71,78,4.0,57.359863013698636,8.0,0
2024-07-28,59.99,9.99,50.0,500.5005005005005,72,79,4.0,57.35986301369863,8.0,0
2024-07-29,59.99,9.99,50.0,500.5005005005005,73,80,4.0,57.359863013698636,8.0,0
2024-07-30,59.99,9.99,50.0,500.5005005005005,74,81,4.0,57.359863013698636,8.0,0
2024-07-31,59.99,9.99,50.0,500.5005005005005,75,82,4.0,57.35986301369863,8.0,0
2024-08-01,59.99,9.99,50.0,500.5005005005005,76,83,4.0,57.359863013698636,8.0,0
2024-08-02,59.99,9.99,50.0,500.5005005005005,77,84,4.0,57.35986301369863,8.0,0
2024-08-03,59.99,9.99,50.0,500.5005005005005,78,85,4.0,57.359863013698636,8.0,0
2024-08-04,59.99,9.99,50.0,500.5005005005005,79,86,4.0,57.35986301369863,8.0,0
2024-08-05,59.99,9.99,50.0,500.5005005005005,80,87,4.0,57.359863013698636,8.0,0
2024-08-06,59.99,9.99,50.0,500.5005005005005,81,88,4.0,57.359863013698636,8.0,0
2024-08-07,59.99,9.99,50.0,500.5005005005005,82,89,4.0,57.35986301369863,8.0,0
2024-08-08,59.99,9.99,50.0,500.5005005005005,83,90,4.0,57.359863013698636,8.0,0
2024-08-09,59.99,9.99,50.0,500.5005005005005,84,91,4.0,57.35986301369863,8.0,0
2024-08-10,59.99,9.99,50.0,500.5005005005005,85,92,4.0,57.359863013698636,8.0,0
2024-08-11,59.99,9.99,50.0,500.5005005005005,86,93,4.0,57.35986301369863,8.0,0
2024-08-12,59.99,9.99,50.0,500.5005005005005,87,94,4.0,57.359863013698636,8.0,0
2024-08-13,59.99,9.99,50.0,500.5005005005005,88,95,4.0,57.35986301369863,8.0,0
2024-08-14,59.99,9.99,50.0,500.5005005005005,89,96,4.0,57.359863013698636,8.0,0
2024-08-15,59.99,9.99,50.0,500.5005005005005,90,97,4.0,57.359863013698636,8.0,0
2024-08-16,59.99,9.99,50.0,500.5005005005005,91,98,4.0,57.35986301369863,8.0,0
2024-08-17,59.99,9.99,50.0,500.5005005005005,92,99,4.0,57.359863013698636,8.0,0
2024-08-18,59.99,9.99,50.0,500.5005005005005,93,100,4.0,57.35986301369863,8.0,0
2024-08-19,59.99,9.99,50.0,500.5005005005005,94,101,4.0,57.359863013698636,8.0,0
2024-08-20,59.99,9.99,50.0,500.5005005005005,95,102,4.0,57.35986301369863,8.0,0
2024-08-21,59.99,9.99,50.0,500.5005005005005,96,103,4.0,57.359863013698636,8.0,0
2024-08-22,59.99,9.99,50.0,500.5005005005005,97,104,4.0,57.359863013698636,8.0,0
2024-08-23,59.99,9.99,50.0,500.5005005005005,98,105,4.0,57.359863013698636,8.0,0
2024-08-24,59.99,9.99,50.0,500.5005005005005,99,106,4.0,57.359863013698636,8.0,0
2024-08-25,59.99,9.99,50.0,500.5005005005005,100,107,4.0,57.35986301369863,8.0,0
2024-08-26,59.99,9.99,50.0,500.5005005005005,101,108,4.0,57.359863013698636,8.0,0
2024-08-27,59.99,9.99,50.0,500.5005005005005,102,109,4.0,57.35986301369863,8.0,0
2024-08-28,59.99,9.99,50.0,500.5005005005005,103,110,4.0,57.359863013698636,8.0,1
2024-08-29,59.99,9.99,50.0,500.5005005005005,104,111,4.0,57.35986301369863,8.0,1
2024-08-30,59.99,9.99,50.0,500.5005005005005,105,112,4.0,57.359863013698636,8.0,1
2024-08-31,59.99,9.99,50.0,500.5005005005005,106,113,4.0,57.359863013698636,8.0,1
2024-09-01,59.99,9.99,50.0,500.5005005005005,107,114,4.0,57.35986301369863,8.0,1
2024-09-02,59.99,9.99,50.0,500.5005005005005,108,115,4.0,57.359863013698636,8.0,1
2024-09-03,59.99,9.99,50.0,500.5005005005005,109,116,4.0,57.35986301369863,8.0,1
2024-09-04,59.99,9.99,50.0,500.5005005005005,110,117,4.0,57.359863013698636,8.0,1
2024-09-05,59.99,9.99,50.0,500.5005005005005,111,118,4.0,57.35986301369863,8.0,1
2024-09-06,59.99,9.99,50.0,500.5005005005005,112,119,4.0,57.359863013698636,8.0,1
2024-09-07,59.99,9.99,50.0,500.5005005005005,113,120,4.0,57.35986301369863,8.0,1
2024-09-08,59.99,9.99,50.0,500.5005005005005,114,121,3.0,57.44205479452055,7.0,1
2024-09-09,59.99,9.99,50.0,500.5005005005005,115,122,3.0,57.524246575342474,7.0,1
2024-09-10,59.99,9.99,50.0,500.5005005005005,116,123,3.0,57.60643835616438,7.0,1
2024-09-11,59.99,9.99,50.0,500.5005005005005,117,124,3.0,57.688630136986305,7.0,1
2024-09-12,59.99,9.99,50.0,500.5005005005005,118,125,3.0,57.6886301369863,6.0,1
2024-09-13,59.99,9.99,50.0,500.5005005005005,119,126,3.0,57.688630136986305,6.0,1
2024-09-14,59.99,9.99,50.0,500.5005005005005,120,127,3.0,57.6886301369863,6.0,1
2024-09-15,59.99,9.99,50.0,500.5005005005005,121,128,3.0,57.688630136986305,6.0,1
2024-09-16,59.99,9.99,50.0,500.5005005005005,122,129,3.0,57.688630136986305,6.0,1
2024-09-17,59.99,9.99,50.0,500.5005005005005,123,130,3.0,57.6886301369863,6.0,1
2024-09-18,59.99,9.99,50.0,500.5005005005005,124,131,3.0,57.688630136986305,6.0,1
2024-09-19,59.99,9.99,50.0,500.5005005005005,125,132,3.0,57.6886301369863,6.0,1
2024-09-20,59.99,9.99,50.0,500.5005005005005,126,133,3.0,57.688630136986305,6.0,1
2024-09-21,59.99,9.99,50.0,500.5005005005005,127,134,3.0,57.6886301369863,6.0,1
2024-09-22,59.99,9.99,50.0,500.5005005005005,128,135,3.0,57.688630136986305,6.0,1
2024-09-23,59.99,9.99,50.0,500.5005005005005,129,136,3.0,57.6886301369863,6.0,1
2024-09-24,59.99,9.99,50.0,500.5005005005005,130,137,3.0,57.688630136986305,6.0,1
2024-09-25,59.99,9.99,50.0,500.5005005005005,131,138,3.0,57.688630136986305,6.0,1
2024-09-26,59.99,9.99,50.0,500.5005005005005,132,139,3.0,57.6886301369863,6.0,1
2024-09-27,29.99,9.99,20.0,200.20020020020021,0,0,3.0,57.688630136986305,6.0,0
2024-09-28,29.99,9.99,20.0,200.20020020020021,1,1,4.0,57.60643835616438,7.0,0
2024-09-29,29.99,9.99,20.0,200.20020020020021,2,2,4.0,57.524246575342474,7.0,0
2024-09-30,29.99,9.99,20.0,200.20020020020021,3,3,4.0,57.442054794520544,7.0,0
2024-10-01,29.99,9.99,20.0,200.20020020020021,4,4,4.0,57.359863013698636,7.0,0
2024-10-02,29.99,9.99,20.0,200.20020020020021,5,5,4.0,57.277671232876706,7.0,0
2024-10-03,29.99,9.99,20.0,200.20020020020021,6,6,4.0,57.1954794520548,7.0,0
2024-10-04,29.99,9.99,20.0,200.20020020020021,7,7,4.0,57.11328767123288,7.0,0
2024-10-05,29.99,9.99,20.0,200.20020020020021,8,8,4.0,57.03109589041095,7.0,0
2024-10-06,29.99,9.99,20.0,200.20020020020021,9,9,4.0,56.948904109589044,7.0,0
2024-10-07,29.99,9.99,20.0,200.20020020020021,10,10,4.0,56.86671232876712,7.0,0
2024-10-08,29.99,9.99,20.0,200.20020020020021,11,11,4.0,56.78452054794521,7.0,0
2024-10-09,29.99,9.99,20.0,200.20020020020021,12,12,4.0,56.702328767123284,7.0,0
2024-10-10,29.99,9.99,20.0,200.20020020020021,13,13,4.0,56.620136986301375,7.0,0
2024-10-11,59.99,9.99,50.0,500.5005005005005,0,14,4.0,56.53794520547946,7.0,0
2024-10-12,59.99,9.99,50.0,500.5005005005005,1,15,4.0,56.537945205479446,8.0,0
2024-10-13,59.99,9.99,50.0,500.5005005005005,2,16,4.0,56.53794520547946,8.0,0
2024-10-14,59.99,9.99,50.0,500.5005005005005,3,17,4.0,56.537945205479446,8.0,0
2024-10-15,59.99,9.99,50.0,500.5005005005005,4,18,4.0,56.53794520547946,8.0,0
2024-10-16,59.99,9.99,50.0,500.5005005005005,5,19,4.0,56.537945205479446,8.0,0
2024-10-17,59.99,9.99,50.0,500.5005005005005,6,20,4.0,56.53794520547946,8.0,0
2024-10-18,59.99,9.99,50.0,500.5005005005005,7,21,4.0,56.537945205479446,8.0,0
2024-10-19,59.99,9.99,50.0,500.5005005005005,8,22,4.0,56.53794520547946,8.0,0
2024-10-20,59.99,9.99,50.0,500.5005005005005,9,23,4.0,56.53794520547946,8.0,0
2024-10-21,59.99,9.99,50.0,500.5005005005005,10,24,4.0,56.537945205479446,8.0,0
2024-10-22,59.99,9.99,50.0,500.5005005005005,11,25,4.0,56.53794520547946,8.0,0
2024-10-23,59.99,9.99,50.0,500.5005005005005,12,26,4.0,56.537945205479446,8.0,0
2024-10-24,59.99,9.99,50.0,500.5005005005005,13,27,4.0,56.53794520547946,8.0,0
2024-10-25,59.99,9.99,50.0,500.5005005005005,14,28,4.0,56.537945205479446,8.0,0
2024-10-26,59.99,9.99,50.0,500.5005005005005,15,29,4.0,56.53794520547946,8.0,0
2024-10-27,59.99,9.99,50.0,500.5005005005005,16,30,4.0,56.537945205479446,8.0,0
2024-10-28,59.99,9.99,50.0,500.5005005005005,17,31,4.0,56.53794520547946,8.0,0
2024-10-29,59.99,9.99,50.0,500.5005005005005,18,32,4.0,56.53794520547946,8.0,1
2024-10-30,59.99,9.99,50.0,500.5005005005005,19,33,4.0,56.537945205479446,8.0,1
2024-10-31,59.99,9.99,50.0,500.5005005005005,20,34,4.0,56.53794520547946,8.0,1
2024-11-01,59.99,9.99,50.0,500.5005005005005,21,35,4.0,56.537945205479446,8.0,1
2024-11-02,59.99,9.99,50.0,500.5005005005005,22,36,4.0,56.53794520547946,8.0,1
2024-11-03,59.99,9.99,50.0,500.5005005005005,23,37,4.0,56.537945205479446,8.0,1
2024-11-04,59.99,9.99,50.0,500.5005005005005,24,38,4.0,56.53794520547946,8.0,1
2024-11-05,59.99,9.99,50.0,500.5005005005005,25,39,4.0,56.53794520547946,8.0,1
2024-11-06,59.99,9.99,50.0,500.5005005005005,26,40,4.0,56.537945205479446,8.0,1
2024-11-07,59.99,9.99,50.0,500.5005005005005,27,41,4.0,56.53794520547946,8.0,1
2024-11-08,59.99,9.99,50.0,500.5005005005005,28,42,4.0,56.537945205479446,8.0,1
2024-11-09,59.99,9.99,50.0,500.5005005005005,29,43,4.0,56.53794520547946,8.0,1
2024-11-10,59.99,9.99,50.0,500.5005005005005,30,44,4.0,56.537945205479446,8.0,1
2024-11-11,59.99,9.99,50.0,500.5005005005005,31,45,4.0,56.53794520547946,8.0,1
2024-11-12,59.99,9.99,50.0,500.5005005005005,32,46,4.0,56.537945205479446,8.0,1
2024-11-13,59.99,9.99,50.0,500.5005005005005,33,47,4.0,56.53794520547946,8.0,1
2024-11-14,59.99,9.99,50.0,500.5005005005005,34,48,4.0,56.53794520547946,8.0,1
2024-11-15,59.99,9.99,50.0,500.5005005005005,35,49,4.0,56.537945205479446,8.0,1
2024-11-16,59.99,9.99,50.0,500.5005005005005,36,50,4.0,56.53794520547946,8.0,1
2024-11-17,59.99,9.99,50.0,500.5005005005005,37,51,4.0,56.537945205479446,8.0,1
2024-11-18,59.99,9.99,50.0,500.5005005005005,38,52,4.0,56.53794520547946,8.0,1
2024-11-19,59.99,9.99,50.0,500.5005005005005,39,53,4.0,56.537945205479446,8.0,1
2024-11-20,59.99,9.99,50.0,500.5005005005005,40,54,4.0,56.53794520547946,8.0,1
2024-11-21,59.99,9.99,50.0,500.5005005005005,41,55,4.0,56.53794520547946,8.0,1
2024-11-22,59.99,9.99,50.0,500.5005005005005,42,56,3.0,56.62013698630137,7.0,1
2024-11-23,59.99,9.99,50.0,500.5005005005005,43,57,3.0,56.70232876712329,7.0,1
2024-11-24,59.99,9.99,50.0,500.5005005005005,44,58,3.0,56.7845205479452,7.0,1
2024-11-25,59.99,9.99,50.0,500.5005005005005,45,59,3.0,56.86671232876713,7.0,1
2024-11-26,59.99,9.99,50.0,500.5005005005005,46,60,3.0,56.94890410958904,7.0,1
2024-11-27,59.99,9.99,50.0,500.5005005005005,47,61,3.0,57.03109589041097,7.0,1
2024-11-28,29.99,9.99,20.0,200.20020020020021,0,0,3.0,57.113287671232875,7.0,0
2024-11-29,29.99,9.99,20.0,200.20020020020021,1,1,4.0,57.03109589041097,7.0,0
2024-11-30,29.99,9.99,20.0,200.20020020020021,2,2,4.0,56.948904109589044,7.0,0
2024-12-01,29.99,9.99,20.0,200.20020020020021,3,3,4.0,56.86671232876712,7.0,0
2024-12-02,29.99,9.99,20.0,200.20020020020021,4,4,4.0,56.78452054794521,7.0,0
2024-12-03,29.99,9.99,20.0,200.20020020020021,5,5,4.0,56.702328767123284,7.0,0
2024-12-04,29.99,9.99,20.0,200.20020020020021,6,6,4.0,56.620136986301375,7.0,0
2024-12-05,59.99,9.99,50.0,500.5005005005005,0,7,4.0,56.537945205479446,7.0,0
2024-12-06,59.99,9.99,50.0,500.5005005005005,1,8,4.0,56.53794520547946,8.0,0
2024-12-07,59.99,9.99,50.0,500.5005005005005,2,9,4.0,56.537945205479446,8.0,0
2024-12-08,59.99,9.99,50.0,500.5005005005005,3,10,4.0,56.53794520547946,8.0,0
2024-12-09,59.99,9.99,50.0,500.5005005005005,4,11,4.0,56.53794520547946,8.0,0
2024-12-10,59.99,9.99,50.0,500.5005005005005,5,12,4.0,56.537945205479446,8.0,0
2024-12-11,59.99,9.99,50.0,500.5005005005005,6,13,4.0,56.53794520547946,8.0,0
2024-12-12,59.99,9.99,50.0,500.5005005005005,7,14,4.0,56.537945205479446,8.0,0
2024-12-13,59.99,9.99,50.0,500.5005005005005,8,15,4.0,56.53794520547946,8.0,0
2024-12-14,59.99,9.99,50.0,500.5005005005005,9,16,4.0,56.537945205479446,8.0,0
2024-12-15,59.99,9.99,50.0,500.5005005005005,10,17,4.0,56.53794520547946,8.0,0
2024-12-16,59.99,9.99,50.0,500.5005005005005,11,18,4.0,56.53794520547946,8.0,0
2024-12-17,59.99,9.99,50.0,500.5005005005005,12,19,4.0,56.537945205479446,8.0,0
2024-12-18,59.99,9.99,50.0,500.5005005005005,13,20,4.0,56.53794520547946,8.0,0
2024-12-19,59.99,9.99,50.0,500.5005005005005,14,21,4.0,56.537945205479446,8.0,0
2024-12-20,59.99,9.99,50.0,500.5005005005005,15,22,4.0,56.53794520547946,8.0,0
2024-12-21,59.99,9.99,50.0,500.5005005005005,16,23,4.0,56.537945205479446,8.0,0
2024-12-22,59.99,9.99,50.0,500.5005005005005,17,24,4.0,56.53794520547946,8.0,0
2024-12-23,59.99,9.99,50.0,500.5005005005005,18,25,4.0,56.537945205479446,8.0,0
2024-12-24,59.99,9.99,50.0,500.5005005005005,19,26,4.0,56.53794520547946,8.0,0
2024-12-25,59.99,9.99,50.0,500.5005005005005,20,27,4.0,56.53794520547946,8.0,0
2024-12-26,59.99,9.99,50.0,500.5005005005005,21,28,4.0,56.537945205479446,8.0,0
2024-12-27,59.99,9.99,50.0,500.5005005005005,22,29,4.0,56.53794520547946,8.0,0
2024-12-28,59.99,9.99,50.0,500.5005005005005,23,30,4.0,56.537945205479446,8.0,0
2024-12-29,59.99,9.99,50.0,500.5005005005005,24,31,4.0,56.53794520547946,8.0,1
2024-12-30,59.99,9.99,50.0,500.5005005005005,25,32,4.0,56.537945205479446,8.0,1
2024-12-31,59.99,9.99,50.0,500.5005005005005,26,33,4.0,56.53794520547946,8.0,1
2025-01-01,59.99,9.99,50.0,500.5005005005005,27,34,4.0,56.537945205479446,8.0,1
2025-01-02,59.99,9.99,50.0,500.5005005005005,28,35,4.0,56.53794520547946,8.0,1
2025-01-03,59.99,9.99,50.0,500.5005005005005,29,36,4.0,56.53794520547946,8.0,1
2025-01-04,59.99,9.99,50.0,500.5005005005005,30,37,4.0,56.537945205479446,8.0,1
2025-01-05,59.99,9.99,50.0,500.5005005005005,31,38,4.0,56.53794520547946,8.0,1
2025-01-06,59.99,9.99,50.0,500.5005005005005,32,39,4.0,56.537945205479446,8.0,1
2025-01-07,59.99,9.99,50.0,500.5005005005005,33,40,4.0,56.53794520547946,8.0,1
2025-01-08,59.99,9.99,50.0,500.5005005005005,34,41,4.0,56.537945205479446,8.0,1
2025-01-09,59.99,9.99,50.0,500.5005005005005,35,42,4.0,56.53794520547946,8.0,1
2025-01-10,59.99,9.99,50.0,500.5005005005005,36,43,4.0,56.53794520547946,8.0,1
2025-01-11,59.99,9.99,50.0,500.5005005005005,37,44,4.0,56.537945205479446,8.0,1
2025-01-12,59.99,9.99,50.0,500.5005005005005,38,45,4.0,56.53794520547946,8.0,1
2025-01-13,59.99,9.99,50.0,500.5005005005005,39,46,4.0,56.537945205479446,8.0,1
2025-01-14,59.99,9.99,50.0,500.5005005005005,40,47,4.0,56.53794520547946,8.0,1
2025-01-15,59.99,9.99,50.0,500.5005005005005,41,48,4.0,56.537945205479446,8.0,1
2025-01-16,59.99,9.99,50.0,500.5005005005005,42,49,4.0,56.53794520547946,8.0,1
2025-01-17,59.99,9.99,50.0,500.5005005005005,43,50,4.0,56.537945205479446,8.0,1
2025-01-18,59.99,9.99,50.0,500.5005005005005,44,51,4.0,56.53794520547946,8.0,1
2025-01-19,59.99,9.99,50.0,500.5005005005005,45,52,4.0,56.53794520547946,8.0,1
2025-01-20,59.99,9.99,50.0,500.5005005005005,46,53,4.0,56.537945205479446,8.0,1
2025-01-21,59.99,9.99,50.0,500.5005005005005,47,54,4.0,56.53794520547946,8.0,1
2025-01-22,59.99,9.99,50.0,500.5005005005005,48,55,4.0,56.537945205479446,8.0,1
2025-01-23,59.99,9.99,50.0,500.5005005005005,49,56,4.0,56.53794520547946,8.0,1
2025-01-24,59.99,9.99,50.0,500.5005005005005,50,57,4.0,56.537945205479446,8.0,1
2025-01-25,59.99,9.99,50.0,500.5005005005005,51,58,4.0,56.53794520547946,8.0,1
2025-01-26,59.99,9.99,50.0,500.5005005005005,52,59,4.0,56.537945205479446,8.0,1
2025-01-27,59.99,9.99,50.0,500.5005005005005,53,60,4.0,56.53794520547946,8.0,1
2025-01-28,29.99,9.99,20.0,200.20020020020021,0,0,4.0,56.53794520547946,8.0,0
2025-01-29,29.99,9.99,20.0,200.20020020020021,1,1,5.0,56.45575342465753,9.0,0
2025-01-30,29.99,9.99,20.0,200.20020020020021,2,2,5.0,56.37356164383562,9.0,0
2025-01-31,29.99,9.99,20.0,200.20020020020021,3,3,5.0,56.29136986301369,9.0,0
2025-02-01,29.99,9.99,20.0,200.20020020020021,4,4,5.0,56.209178082191784,9.0,0
2025-02-02,29.99,9.99,20.0,200.20020020020021,5,5,5.0,56.12698630136986,9.0,0
2025-02-03,29.99,9.99,20.0,200.20020020020021,6,6,5.0,56.04479452054795,9.0,0
2025-02-04,59.99,9.99,50.0,500.5005005005005,0,7,5.0,55.96260273972603,9.0,0
2025-02-05,59.99,9.99,50.0,500.5005005005005,1,8,5.0,55.96260273972602,10.0,0
2025-02-06,59.99,9.99,50.0,500.5005005005005,2,9,5.0,55.96260273972603,10.0,0
2025-02-07,59.99,9.99,50.0,500.5005005005005,3,10,5.0,55.96260273972602,10.0,0
2025-02-08,59.99,9.99,50.0,500.5005005005005,4,11,5.0,55.96260273972603,10.0,0
2025-02-09,59.99,9.99,50.0,500.5005005005005,5,12,4.0,56.04479452054794,9.0,0
2025-02-10,59.99,9.99,50.0,500.5005005005005,6,13,4.0,56.12698630136987,9.0,0
2025-02-11,59.99,9.99,50.0,500.5005005005005,7,14,4.0,56.20917808219178,9.0,0
2025-02-12,59.99,9.99,50.0,500.5005005005005,8,15,4.0,56.291369863013706,9.0,0
2025-02-13,59.99,9.99,50.0,500.5005005005005,9,16,4.0,56.37356164383562,9.0,0
2025-02-14,59.99,9.99,50.0,500.5005005005005,10,17,4.0,56.45575342465753,9.0,0
2025-02-15,59.99,9.99,50.0,500.5005005005005,11,18,4.0,56.53794520547946,9.0,0
2025-02-16,59.99,9.99,50.0,500.5005005005005,12,19,4.0,56.62013698630137,9.0,0
2025-02-17,59.99,9.99,50.0,500.5005005005005,13,20,4.0,56.70232876712329,9.0,0
2025-02-18,59.99,9.99,50.0,500.5005005005005,14,21,4.0,56.7845205479452,9.0,0
2025-02-19,59.99,9.99,50.0,500.5005005005005,15,22,4.0,56.86671232876713,9.0,0
2025-02-20,59.99,9.99,50.0,500.5005005005005,16,23,4.0,56.948904109589044,9.0,0
2025-02-21,59.99,9.99,50.0,500.5005005005005,17,24,4.0,57.03109589041097,9.0,0
2025-02-22,59.99,9.99,50.0,500.5005005005005,18,25,4.0,57.11328767123288,9.0,0
2025-02-23,59.99,9.99,50.0,500.5005005005005,19,26,4.0,57.113287671232875,8.0,0
2025-02-24,59.99,9.99,50.0,500.5005005005005,20,27,4.0,57.11328767123288,8.0,0
2025-02-25,59.99,9.99,50.0,500.5005005005005,21,28,4.0,57.113287671232875,8.0,0
2025-02-26,59.99,9.99,50.0,500.5005005005005,22,29,4.0,57.11328767123288,8.0,0
2025-02-27,59.99,9.99,50.0,500.5005005005005,23,30,4.0,57.113287671232875,8.0,0
2025-02-28,59.99,9.99,50.0,500.5005005005005,24,31,4.0,57.11328767123288,8.0,0
2025-03-01,59.99,9.99,50.0,500.5005005005005,25,32,4.0,57.11328767123288,8.0,0
2025-03-02,59.99,9.99,50.0,500.5005005005005,26,33,4.0,57.113287671232875,8.0,0
2025-03-03,59.99,9.99,50.0,500.5005005005005,27,34,4.0,57.11328767123288,8.0,0
2025-03-04,59.99,9.99,50.0,500.5005005005005,28,35,4.0,57.113287671232875,8.0,0
2025-03-05,59.99,9.99,50.0,500.5005005005005,29,36,4.0,57.11328767123288,8.0,0
2025-03-06,59.99,9.99,50.0,500.5005005005005,30,37,4.0,57.113287671232875,8.0,0
2025-03-07,59.99,9.99,50.0,500.5005005005005,31,38,4.0,57.11328767123288,8.0,0
2025-03-08,59.99,9.99,50.0,500.5005005005005,32,39,4.0,57.113287671232875,8.0,0
2025-03-09,59.99,9.99,50.0,500.5005005005005,33,40,4.0,57.11328767123288,8.0,0
2025-03-10,59.99,9.99,50.0,500.5005005005005,34,41,4.0,57.11328767123288,8.0,0
2025-03-11,59.99,9.99,50.0,500.5005005005005,35,42,4.0,57.113287671232875,8.0,0
2025-03-12,59.99,9.99,50.0,500.5005005005005,36,43,4.0,57.11328767123288,8.0,0
2025-03-13,59.99,9.99,50.0,500.5005005005005,37,44,4.0,57.113287671232875,8.0,0
2025-03-14,59.99,9.99,50.0,500.5005005005005,38,45,4.0,57.11328767123288,8.0,0
2025-03-15,59.99,9.99,50.0,500.5005005005005,39,46,4.0,57.113287671232875,8.0,0
2025-03-16,59.99,9.99,50.0,500.5005005005005,40,47,4.0,57.11328767123288,8.0,0
2025-03-17,59.99,9.99,50.0,500.5005005005005,41,48,4.0,57.11328767123288,8.0,0
2025-03-18,59.99,9.99,50.0,500.5005005005005,42,49,4.0,57.113287671232875,8.0,0
2025-03-19,59.99,9.99,50.0,500.5005005005005,43,50,4.0,57.11328767123288,8.0,0
2025-03-20,59.99,9.99,50.0,500.5005005005005,44,51,4.0,57.113287671232875,8.0,0
2025-03-21,59.99,9.99,50.0,500.5005005005005,45,52,4.0,57.11328767123288,8.0,0
2025-03-22,59.99,9.99,50.0,500.5005005005005,46,53,4.0,57.113287671232875,8.0,0
2025-03-23,59.99,9.99,50.0,500.5005005005005,47,54,4.0,57.11328767123288,8.0,0
2025-03-24,59.99,9.99,50.0,500.5005005005005,48,55,4.0,57.113287671232875,8.0,0
2025-03-25,59.99,9.99,50.0,500.5005005005005,49,56,4.0,57.11328767123288,8.0,0
2025-03-26,59.99,9.99,50.0,500.5005005005005,50,57,4.0,57.11328767123288,8.0,0
2025-03-27,59.99,9.99,50.0,500.5005005005005,51,58,4.0,57.113287671232875,8.0,0
2025-03-28,59.99,9.99,50.0,500.5005005005005,52,59,4.0,57.11328767123288,8.0,0
2025-03-29,59.99,9.99,50.0,500.5005005005005,53,60,4.0,57.113287671232875,8.0,0
2025-03-30,59.99,9.99,50.0,500.5005005005005,54,61,4.0,57.11328767123288,8.0,0
2025-03-31,59.99,9.99,50.0,500.5005005005005,55,62,4.0,57.113287671232875,8.0,0
2025-04-01,59.99,9.99,50.0,500.5005005005005,56,63,4.0,57.11328767123288,8.0,0
2025-04-02,59.99,9.99,50.0,500.5005005005005,57,64,4.0,57.113287671232875,8.0,1
2025-04-03,59.99,9.99,50.0,500.5005005005005,58,65,4.0,57.11328767123288,8.0,1
2025-04-04,59.99,9.99,50.0,500.5005005005005,59,66,4.0,57.11328767123288,8.0,1
2025-04-05,59.99,9.99,50.0,500.5005005005005,60,67,4.0,57.113287671232875,8.0,1
2025-04-06,59.99,9.99,50.0,500.5005005005005,61,68,4.0,57.11328767123288,8.0,1
2025-04-07,59.99,9.99,50.0,500.5005005005005,62,69,4.0,57.113287671232875,8.0,1
2025-04-08,59.99,9.99,50.0,500.5005005005005,63,70,4.0,57.11328767123288,8.0,1
2025-04-09,59.99,9.99,50.0,500.5005005005005,64,71,4.0,57.113287671232875,8.0,1
2025-04-10,59.99,9.99,50.0,500.5005005005005,65,72,4.0,57.11328767123288,8.0,1
2025-04-11,59.99,9.99,50.0,500.5005005005005,66,73,4.0,57.11328767123288,8.0,1
2025-04-12,59.99,9.99,50.0,500.5005005005005,67,74,4.0,57.113287671232875,8.0,1
2025-04-13,59.99,9.99,50.0,500.5005005005005,68,75,4.0,57.11328767123288,8.0,1
2025-04-14,59.99,9.99,50.0,500.5005005005005,69,76,4.0,57.113287671232875,8.0,1
2025-04-15,59.99,9.99,50.0,500.5005005005005,70,77,4.0,57.11328767123288,8.0,1
2025-04-16,59.99,9.99,50.0,500.5005005005005,71,78,4.0,57.113287671232875,8.0,1
2025-04-17,59.99,9.99,50.0,500.5005005005005,72,79,4.0,57.11328767123288,8.0,1
2025-04-18,59.99,9.99,50.0,500.5005005005005,73,80,4.0,57.113287671232875,8.0,1
2025-04-19,59.99,9.99,50.0,500.5005005005005,74,81,4.0,57.11328767123288,8.0,1
2025-04-20,59.99,9.99,50.0,500.5005005005005,75,82,4.0,57.11328767123288,8.0,1
2025-04-21,59.99,9.99,50.0,500.5005005005005,76,83,4.0,57.113287671232875,8.0,1
2025-04-22,59.99,9.99,50.0,500.5005005005005,77,84,4.0,57.11328767123288,8.0,1
2025-04-23,59.99,9.99,50.0,500.5005005005005,78,85,4.0,57.113287671232875,8.0,1
2025-04-24,59.99,9.99,50.0,500.5005005005005,79,86,4.0,57.11328767123288,8.0,1
2025-04-25,59.99,9.99,50.0,500.5005005005005,80,87,4.0,57.113287671232875,8.0,1
2025-04-26,59.99,9.99,50.0,500.5005005005005,81,88,4.0,57.11328767123288,8.0,1
2025-04-27,59.99,9.99,50.0,500.5005005005005,82,89,4.0,57.113287671232875,8.0,1
2025-04-28,59.99,9.99,50.0,500.5005005005005,83,90,4.0,57.11328767123288,8.0,1
2025-04-29,59.99,9.99,50.0,500.5005005005005,84,91,4.0,57.11328767123288,8.0,1
2025-04-30,59.99,9.99,50.0,500.5005005005005,85,92,4.0,57.113287671232875,8.0,1
2025-05-01,59.99,9.99,50.0,500.5005005005005,86,93,4.0,57.11328767123288,8.0,1
2025-05-02,29.99,9.99,20.0,200.20020020020021,0,0,4.0,57.113287671232875,8.0,0
2025-05-03,29.99,9.99,20.0,200.20020020020021,1,1,5.0,57.03109589041097,9.0,0
2025-05-04,29.99,9.99,20.0,200.20020020020021,2,2,5.0,56.94890410958904,9.0,0
2025-05-05,29.99,9.99,20.0,200.20020020020021,3,3,5.0,56.86671232876713,9.0,0
2025-05-06,29.99,9.99,20.0,200.20020020020021,4,4,5.0,56.78452054794521,9.0,0
2025-05-07,29.99,9.99,20.0,200.20020020020021,5,5,5.0,56.702328767123284,9.0,0
2025-05-08,29.99,9.99,20.0,200.20020020020021,6,6,5.0,56.620136986301375,9.0,0
2025-05-09,29.99,9.99,20.0,200.20020020020021,7,7,5.0,56.537945205479446,9.0,0
2025-05-10,29.99,9.99,20.0,200.20020020020021,8,8,5.0,56.45575342465754,9.0,0
2025-05-11,29.99,9.99,20.0,200.20020020020021,9,9,4.0,56.45575342465753,8.0,0
2025-05-12,29.99,9.99,20.0,200.20020020020021,10,10,4.0,56.45575342465754,8.0,0
2025-05-13,29.99,9.99,20.0,200.20020020020021,11,11,4.0,56.45575342465753,8.0,0
2025-05-14,29.99,9.99,20.0,200.20020020020021,12,12,4.0,56.45575342465754,8.0,0
2025-05-15,29.99,9.99,20.0,200.20020020020021,13,13,4.0,56.45575342465754,8.0,0
2025-05-16,59.99,9.99,50.0,500.5005005005005,0,14,4.0,56.45575342465753,8.0,0
2025-05-17,59.99,9.99,50.0,500.5005005005005,1,15,4.0,56.53794520547946,9.0,0
2025-05-18,59.99,9.99,50.0,500.5005005005005,2,16,4.0,56.537945205479446,8.0,0
2025-05-19,59.99,9.99,50.0,500.5005005005005,3,17,4.0,56.53794520547946,8.0,0
2025-05-20,59.99,9.99,50.0,500.5005005005005,4,18,4.0,56.537945205479446,8.0,0
2025-05-21,59.99,9.99,50.0,500.5005005005005,5,19,4.0,56.53794520547946,8.0,0
2025-05-22,59.99,9.99,50.0,500.5005005005005,6,20,4.0,56.537945205479446,8.0,0
2025-05-23,59.99,9.99,50.0,500.5005005005005,7,21,4.0,56.53794520547946,8.0,0
2025-05-24,59.99,9.99,50.0,500.5005005005005,8,22,4.0,56.53794520547946,8.0,0
2025-05-25,59.99,9.99,50.0,500.5005005005005,9,23,4.0,56.537945205479446,8.0,0
2025-05-26,59.99,9.99,50.0,500.5005005005005,10,24,4.0,56.53794520547946,8.0,0
2025-05-27,59.99,9.99,50.0,500.5005005005005,11,25,4.0,56.537945205479446,8.0,0
2025-05-28,59.99,9.99,50.0,500.5005005005005,12,26,4.0,56.53794520547946,8.0,0
2025-05-29,59.99,9.99,50.0,500.5005005005005,13,27,4.0,56.537945205479446,8.0,0
2025-05-30,59.99,9.99,50.0,500.5005005005005,14,28,4.0,56.53794520547946,8.0,0
2025-05-31,59.99,9.99,50.0,500.5005005005005,15,29,4.0,56.53794520547946,8.0,0
2025-06-01,59.99,9.99,50.0,500.5005005005005,16,30,4.0,56.537945205479446,8.0,0
2025-06-02,59.99,9.99,50.0,500.5005005005005,17,31,4.0,56.53794520547946,8.0,0
2025-06-03,59.99,9.99,50.0,500.5005005005005,18,32,4.0,56.537945205479446,8.0,0
2025-06-04,59.99,9.99,50.0,500.5005005005005,19,33,4.0,56.53794520547946,8.0,0
2025-06-05,59.99,9.99,50.0,500.5005005005005,20,34,4.0,56.537945205479446,8.0,0
2025-06-06,59.99,9.99,50.0,500.5005005005005,21,35,4.0,56.53794520547946,8.0,0
2025-06-07,59.99,9.99,50.0,500.5005005005005,22,36,4.0,56.537945205479446,8.0,0
2025-06-08,59.99,9.99,50.0,500.5005005005005,23,37,4.0,56.53794520547946,8.0,0
2025-06-09,59.99,9.99,50.0,500.5005005005005,24,38,4.0,56.53794520547946,8.0,0
2025-06-10,59.99,9.99,50.0,500.5005005005005,25,39,4.0,56.537945205479446,8.0,0
2025-06-11,59.99,9.99,50.0,500.5005005005005,26,40,4.0,56.53794520547946,8.0,0
2025-06-12,59.99,9.99,50.0,500.5005005005005,27,41,4.0,56.537945205479446,8.0,0
2025-06-13,59.99,9.99,50.0,500.5005005005005,28,42,4.0,56.53794520547946,8.0,0
2025-06-14,59.99,9.99,50.0,500.5005005005005,29,43,4.0,56.537945205479446,8.0,0
2025-06-15,59.99,9.99,50.0,500.5005005005005,30,44,4.0,56.53794520547946,8.0,0
2025-06-16,59.99,9.99,50.0,500.5005005005005,31,45,4.0,56.53794520547946,8.0,0
2025-06-17,59.99,9.99,50.0,500.5005005005005,32,46,4.0,56.537945205479446,8.0,0
2025-06-18,59.99,9.99,50.0,500.5005005005005,33,47,4.0,56.53794520547946,8.0,0
2025-06-19,59.99,9.99,50.0,500.5005005005005,34,48,4.0,56.537945205479446,8.0,0
2025-06-20,59.99,9.99,50.0,500.5005005005005,35,49,4.0,56.53794520547946,8.0,0
2025-06-21,59.99,9.99,50.0,500.5005005005005,36,50,4.0,56.537945205479446,8.0,0
2025-06-22,59.99,9.99,50.0,500.5005005005005,37,51,4.0,56.53794520547946,8.0,0
2025-06-23,59.99,9.99,50.0,500.5005005005005,38,52,4.0,56.537945205479446,8.0,0
2025-06-24,59.99,9.99,50.0,500.5005005005005,39,53,4.0,56.53794520547946,8.0,0
2025-06-25,59.99,9.99,50.0,500.5005005005005,40,54,4.0,56.53794520547946,8.0,0
2025-06-26,59.99,9.99,50.0,500.5005005005005,41,55,4.0,56.537945205479446,8.0,0
2025-06-27,59.99,9.99,50.0,500.5005005005005,42,56,4.0,56.53794520547946,8.0,0
2025-06-28,59.99,9.99,50.0,500.5005005005005,43,57,4.0,56.537945205479446,8.0,0
2025-06-29,59.99,9.99,50.0,500.5005005005005,44,58,4.0,56.53794520547946,8.0,0
2025-06-30,59.99,9.99,50.0,500.5005005005005,45,59,4.0,56.537945205479446,8.0,0
2025-07-01,59.99,9.99,50.0,500.5005005005005,46,60,4.0,56.53794520547946,8.0,0
2025-07-02,59.99,9.99,50.0,500.5005005005005,47,61,4.0,56.537945205479446,8.0,0
2025-07-03,59.99,9.99,50.0,500.5005005005005,48,62,4.0,56.53794520547946,8.0,0
2025-07-04,59.99,9.99,50.0,500.5005005005005,49,63,4.0,56.53794520547946,8.0,0
2025-07-05,59.99,9.99,50.0,500.5005005005005,50,64,4.0,56.537945205479446,8.0,0
2025-07-06,59.99,9.99,50.0,500.5005005005005,51,65,4.0,56.53794520547946,8.0,0
2025-07-07,59.99,9.99,50.0,500.5005005005005,52,66,4.0,56.537945205479446,8.0,0
2025-07-08,59.99,9.99,50.0,500.5005005005005,53,67,4.0,56.53794520547946,8.0,0
2025-07-09,59.99,9.99,50.0,500.5005005005005,54,68,4.0,56.537945205479446,8.0,0
2025-07-10,59.99,9.99,50.0,500.5005005005005,55,69,4.0,56.53794520547946,8.0,0
2025-07-11,59.99,9.99,50.0,500.5005005005005,56,70,4.0,56.53794520547946,8.0,0
2025-07-12,59.99,9.99,50.0,500.5005005005005,57,71,4.0,56.537945205479446,8.0,0
2025-07-13,59.99,9.99,50.0,500.5005005005005,58,72,4.0,56.53794520547946,8.0,0
2025-07-14,59.99,9.99,50.0,500.5005005005005,59,73,4.0,56.537945205479446,8.0,0
2025-07-15,59.99,9.99,50.0,500.5005005005005,60,74,4.0,56.53794520547946,8.0,0
2025-07-16,59.99,9.99,50.0,500.5005005005005,61,75,4.0,56.537945205479446,8.0,0
2025-07-17,59.99,9.99,50.0,500.5005005005005,62,76,4.0,56.53794520547946,8.0,0
2025-07-18,59.99,9.99,50.0,500.5005005005005,63,77,4.0,56.537945205479446,8.0,0
2025-07-19,59.99,9.99,50.0,500.5005005005005,64,78,4.0,56.53794520547946,8.0,0
2025-07-20,59.99,9.99,50.0,500.5005005005005,65,79,4.0,56.53794520547946,8.0,0
2025-07-21,59.99,9.99,50.0,500.5005005005005,66,80,4.0,56.537945205479446,8.0,0
2025-07-22,59.99,9.99,50.0,500.5005005005005,67,81,4.0,56.53794520547946,8.0,0
2025-07-23,59.99,9.99,50.0,500.5005005005005,68,82,4.0,56.537945205479446,8.0,0
2025-07-24,59.99,9.99,50.0,500.5005005005005,69,83,4.0,56.53794520547946,8.0,0
2025-07-25,59.99,9.99,50.0,500.5005005005005,70,84,4.0,56.537945205479446,8.0,0
2025-07-26,59.99,9.99,50.0,500.5005005005005,71,85,4.0,56.53794520547946,8.0,0
2025-07-27,59.99,9.99,50.0,500.5005005005005,72,86,4.0,56.537945205479446,8.0,0
2025-07-28,59.99,9.99,50.0,500.5005005005005,73,87,4.0,56.53794520547946,8.0,0
2025-07-29,59.99,9.99,50.0,500.5005005005005,74,88,4.0,56.53794520547946,8.0,0
2025-07-30,59.99,9.99,50.0,500.5005005005005,75,89,4.0,56.537945205479446,8.0,0
2025-07-31,59.99,9.99,50.0,500.5005005005005,76,90,4.0,56.53794520547946,8.0,0
2025-08-01,59.99,9.99,50.0,500.5005005005005,77,91,4.0,56.537945205479446,8.0,0
2025-08-02,59.99,9.99,50.0,500.5005005005005,78,92,4.0,56.53794520547946,8.0,0
2025-08-03,59.99,9.99,50.0,500.5005005005005,79,93,4.0,56.537945205479446,8.0,0
2025-08-04,59.99,9.99,50.0,500.5005005005005,80,94,4.0,56.53794520547946,8.0,0
2025-08-05,59.99,9.99,50.0,500.5005005005005,81,95,4.0,56.53794520547946,8.0,0
2025-08-06,59.99,9.99,50.0,500.5005005005005,82,96,4.0,56.537945205479446,8.0,0
2025-08-07,59.99,9.99,50.0,500.5005005005005,83,97,4.0,56.53794520547946,8.0,0
2025-08-08,59.99,9.99,50.0,500.5005005005005,84,98,4.0,56.537945205479446,8.0,0
2025-08-09,59.99,9.99,50.0,500.5005005005005,85,99,4.0,56.53794520547946,8.0,0
2025-08-10,59.99,9.99,50.0,500.5005005005005,86,100,4.0,56.537945205479446,8.0,0
2025-08-11,59.99,9.99,50.0,500.5005005005005,87,101,4.0,56.53794520547946,8.0,0
2025-08-12,59.99,9.99,50.0,500.5005005005005,88,102,4.0,56.537945205479446,8.0,0
2025-08-13,59.99,9.99,50.0,500.5005005005005,89,103,4.0,56.53794520547946,8.0,0
2025-08-14,59.99,9.99,50.0,500.5005005005005,90,104,4.0,56.53794520547946,8.0,0
2025-08-15,59.99,9.99,50.0,500.5005005005005,91,105,4.0,56.537945205479446,8.0,0
2025-08-16,59.99,9.99,50.0,500.5005005005005,92,106,4.0,56.53794520547946,8.0,0
2025-08-17,59.99,9.99,50.0,500.5005005005005,93,107,4.0,56.537945205479446,8.0,0
2025-08-18,59.99,9.99,50.0,500.5005005005005,94,108,4.0,56.53794520547946,8.0,0
2025-08-19,59.99,9.99,50.0,500.5005005005005,95,109,4.0,56.537945205479446,8.0,0
2025-08-20,59.99,9.99,50.0,500.5005005005005,96,110,4.0,56.53794520547946,8.0,0
2025-08-21,59.99,9.99,50.0,500.5005005005005,97,111,4.0,56.53794520547946,8.0,0
2025-08-22,59.99,9.99,50.0,500.5005005005005,98,112,4.0,56.537945205479446,8.0,0
2025-08-23,59.99,9.99,50.0,500.5005005005005,99,113,4.0,56.53794520547946,8.0,0
2025-08-24,59.99,9.99,50.0,500.5005005005005,100,114,4.0,56.537945205479446,8.0,0
2025-08-25,59.99,9.99,50.0,500.5005005005005,101,115,4.0,56.53794520547946,8.0,0
2025-08-26,59.99,9.99,50.0,500.5005005005005,102,116,4.0,56.537945205479446,8.0,0
2025-08-27,59.99,9.99,50.0,500.5005005005005,103,117,4.0,56.53794520547946,8.0,0
2025-08-28,59.99,9.99,50.0,500.5005005005005,104,118,4.0,56.537945205479446,8.0,0
2025-08-29,59.99,9.99,50.0,500.5005005005005,105,119,4.0,56.53794520547946,8.0,0
2025-08-30,59.99,9.99,50.0,500.5005005005005,106,120,4.0,56.53794520547946,8.0,0
2025-08-31,59.99,9.99,50.0,500.5005005005005,107,121,4.0,56.537945205479446,8.0,1
2025-09-01,59.99,9.99,50.0,500.5005005005005,108,122,4.0,56.53794520547946,8.0,1
2025-09-02,59.99,9.99,50.0,500.5005005005005,109,123,4.0,56.537945205479446,8.0,1
2025-09-03,59.99,9.99,50.0,500.5005005005005,110,124,4.0,56.53794520547946,8.0,1
2025-09-04,59.99,9.99,50.0,500.5005005005005,111,125,4.0,56.537945205479446,8.0,1
2025-09-05,59.99,9.99,50.0,500.5005005005005,112,126,4.0,56.53794520547946,8.0,1
2025-09-06,59.99,9.99,50.0,500.5005005005005,113,127,4.0,56.537945205479446,8.0,1
2025-09-07,59.99,9.99,50.0,500.5005005005005,114,128,4.0,56.53794520547946,8.0,1
2025-09-08,59.99,9.99,50.0,500.5005005005005,115,129,4.0,56.53794520547946,8.0,1
2025-09-09,59.99,9.99,50.0,500.5005005005005,116,130,4.0,56.537945205479446,8.0,1
2025-09-10,59.99,9.99,50.0,500.5005005005005,117,131,4.0,56.53794520547946,8.0,1
2025-09-11,59.99,9.99,50.0,500.5005005005005,118,132,4.0,56.537945205479446,8.0,1
2025-09-12,59.99,9.99,50.0,500.5005005005005,119,133,4.0,56.53794520547946,8.0,1
2025-09-13,59.99,9.99,50.0,500.5005005005005,120,134,4.0,56.537945205479446,8.0,1
2025-09-14,59.99,9.99,50.0,500.5005005005005,121,135,4.0,56.53794520547946,8.0,1
2025-09-15,59.99,9.99,50.0,500.5005005005005,122,136,4.0,56.53794520547946,8.0,1
2025-09-16,59.99,9.99,50.0,500.5005005005005,123,137,4.0,56.537945205479446,8.0,1
2025-09-17,59.99,9.99,50.0,500.5005005005005,124,138,4.0,56.53794520547946,8.0,1
2025-09-18,59.99,9.99,50.0,500.5005005005005,125,139,4.0,56.537945205479446,8.0,1
2025-09-19,59.99,9.99,50.0,500.5005005005005,126,140,4.0,56.53794520547946,8.0,1
2025-09-20,59.99,9.99,50.0,500.5005005005005,127,141,4.0,56.537945205479446,8.0,1
2025-09-21,59.99,9.99,50.0,500.5005005005005,128,142,4.0,56.53794520547946,8.0,1
2025-09-22,59.99,9.99,50.0,500.5005005005005,129,143,4.0,56.537945205479446,8.0,1
2025-09-23,59.99,9.99,50.0,500.5005005005005,130,144,4.0,56.53794520547946,8.0,1
2025-09-24,59.99,9.99,50.0,500.5005005005005,131,145,4.0,56.53794520547946,8.0,1
2025-09-25,59.99,9.99,50.0,500.5005005005005,132,146,4.0,56.537945205479446,8.0,1
2025-09-26,59.99,9.99,50.0,500.5005005005005,133,147,4.0,56.53794520547946,8.0,1
2025-09-27,59.99,9.99,50.0,500.5005005005005,134,148,4.0,56.537945205479446,8.0,1
2025-09-28,59.99,9.99,50.0,500.5005005005005,135,149,3.0,56.620136986301375,7.0,1
2025-09-29,59.99,9.99,50.0,500.5005005005005,136,150,3.0,56.702328767123284,7.0,1
2025-09-30,29.99,9.99,20.0,200.20020020020021,0,0,3.0,56.78452054794521,7.0,0
2025-10-01,29.99,9.99,20.0,200.20020020020021,1,1,4.0,56.7845205479452,8.0,0
2025-10-02,29.99,9.99,20.0,200.20020020020021,2,2,4.0,56.78452054794521,8.0,0
2025-10-03,29.99,9.99,20.0,200.20020020020021,3,3,4.0,56.78452054794521,8.0,0
2025-10-04,29.99,9.99,20.0,200.20020020020021,4,4,4.0,56.7845205479452,8.0,0
2025-10-05,29.99,9.99,20.0,200.20020020020021,5,5,4.0,56.78452054794521,8.0,0
2025-10-06,29.99,9.99,20.0,200.20020020020021,6,6,4.0,56.7845205479452,8.0,0
2025-10-07,59.99,9.99,50.0,500.5005005005005,0,7,4.0,56.78452054794521,8.0,0
2025-10-08,59.99,9.99,50.0,500.5005005005005,1,8,4.0,56.86671232876712,9.0,0
2025-10-09,59.99,9.99,50.0,500.5005005005005,2,9,4.0,56.948904109589044,9.0,0
2025-10-10,59.99,9.99,50.0,500.5005005005005,3,10,4.0,57.03109589041097,9.0,0
2025-10-11,59.99,9.99,50.0,500.5005005005005,4,11,4.0,57.113287671232875,9.0,0
2025-10-12,59.99,9.99,50.0,500.5005005005005,5,12,4.0,57.11328767123288,8.0,0
2025-10-13,59.99,9.99,50.0,500.5005005005005,6,13,4.0,57.113287671232875,8.0,0
2025-10-14,59.99,9.99,50.0,500.5005005005005,7,14,4.0,57.11328767123288,8.0,0
2025-10-15,59.99,9.99,50.0,500.5005005005005,8,15,4.0,57.113287671232875,8.0,0
2025-10-16,59.99,9.99,50.0,500.5005005005005,9,16,4.0,57.11328767123288,8.0,0
2025-10-17,59.99,9.99,50.0,500.5005005005005,10,17,4.0,57.113287671232875,8.0,0
2025-10-18,59.99,9.99,50.0,500.5005005005005,11,18,4.0,57.11328767123288,8.0,0
2025-10-19,59.99,9.99,50.0,500.5005005005005,12,19,4.0,57.11328767123288,8.0,0
2025-10-20,59.99,9.99,50.0,500.5005005005005,13,20,4.0,57.113287671232875,8.0,0
2025-10-21,59.99,9.99,50.0,500.5005005005005,14,21,4.0,57.11328767123288,8.0,0
2025-10-22,59.99,9.99,50.0,500.5005005005005,15,22,4.0,57.113287671232875,8.0,1
2025-10-23,59.99,9.99,50.0,500.5005005005005,16,23,4.0,57.11328767123288,8.0,1
2025-10-24,59.99,9.99,50.0,500.5005005005005,17,24,4.0,57.113287671232875,8.0,1
2025-10-25,59.99,9.99,50.0,500.5005005005005,18,25,4.0,57.11328767123288,8.0,1
2025-10-26,59.99,9.99,50.0,500.5005005005005,19,26,4.0,57.113287671232875,8.0,1
2025-10-27,59.99,9.99,50.0,500.5005005005005,20,27,4.0,57.11328767123288,8.0,1
2025-10-28,59.99,9.99,50.0,500.5005005005005,21,28,4.0,57.11328767123288,8.0,1
2025-10-29,59.99,9.99,50.0,500.5005005005005,22,29,4.0,57.113287671232875,8.0,1
2025-10-30,59.99,9.99,50.0,500.5005005005005,23,30,4.0,57.11328767123288,8.0,1
2025-10-31,59.99,9.99,50.0,500.5005005005005,24,31,4.0,57.113287671232875,8.0,1
2025-11-01,59.99,9.99,50.0,500.5005005005005,25,32,4.0,57.11328767123288,8.0,1
2025-11-02,59.99,9.99,50.0,500.5005005005005,26,33,4.0,57.113287671232875,8.0,1
2025-11-03,59.99,9.99,50.0,500.5005005005005,27,34,4.0,57.11328767123288,8.0,1
2025-11-04,59.99,9.99,50.0,500.5005005005005,28,35,4.0,57.11328767123288,8.0,1
2025-11-05,59.99,9.99,50.0,500.5005005005005,29,36,4.0,57.113287671232875,8.0,1
2025-11-06,59.99,9.99,50.0,500.5005005005005,30,37,4.0,57.11328767123288,8.0,1
2025-11-07,59.99,9.99,50.0,500.5005005005005,31,38,4.0,57.113287671232875,8.0,1
2025-11-08,59.99,9.99,50.0,500.5005005005005,32,39,4.0,57.11328767123288,8.0,1
2025-11-09,59.99,9.99,50.0,500.5005005005005,33,40,4.0,57.113287671232875,8.0,1
2025-11-10,59.99,9.99,50.0,500.5005005005005,34,41,4.0,57.11328767123288,8.0,1
2025-11-11,59.99,9.99,50.0,500.5005005005005,35,42,4.0,57.113287671232875,8.0,1
2025-11-12,59.99,9.99,50.0,500.5005005005005,36,43,4.0,57.11328767123288,8.0,1
2025-11-13,59.99,9.99,50.0,500.5005005005005,37,44,4.0,57.11328767123288,8.0,1
2025-11-14,59.99,9.99,50.0,500.5005005005005,38,45,4.0,57.113287671232875,8.0,1
2025-11-15,59.99,9.99,50.0,500.5005005005005,39,46,4.0,57.11328767123288,8.0,1
2025-11-16,59.99,9.99,50.0,500.5005005005005,40,47,4.0,57.113287671232875,8.0,1
2025-11-17,59.99,9.99,50.0,500.5005005005005,41,48,4.0,57.11328767123288,8.0,1
2025-11-18,59.99,9.99,50.0,500.5005005005005,42,49,4.0,57.113287671232875,8.0,1
2025-11-19,59.99,9.99,50.0,500.5005005005005,43,50,4.0,57.11328767123288,8.0,1
2025-11-20,59.99,9.99,50.0,500.5005005005005,44,51,4.0,57.11328767123288,8.0,1
2025-11-21,29.99,9.99,20.0,200.20020020020021,0,0,4.0,57.113287671232875,8.0,0
2025-11-22,29.99,9.99,20.0,200.20020020020021,1,1,5.0,57.03109589041097,9.0,0
2025-11-23,29.99,9.99,20.0,200.20020020020021,2,2,5.0,56.94890410958904,9.0,0
2025-11-24,29.99,9.99,20.0,200.20020020020021,3,3,5.0,56.86671232876713,9.0,0
2025-11-25,29.99,9.99,20.0,200.20020020020021,4,4,5.0,56.7845205479452,9.0,0
2025-11-26,29.99,9.99,20.0,200.20020020020021,5,5,5.0,56.70232876712329,9.0,0
2025-11-27,29.99,9.99,20.0,200.20020020020021,6,6,5.0,56.62013698630137,9.0,0
2025-11-28,29.99,9.99,20.0,200.20020020020021,7,7,5.0,56.53794520547946,9.0,0
2025-11-29,29.99,9.99,20.0,200.20020020020021,8,8,4.0,56.53794520547946,8.0,0
2025-11-30,29.99,9.99,20.0,200.20020020020021,9,9,4.0,56.537945205479446,8.0,0
2025-12-01,29.99,9.99,20.0,200.20020020020021,10,10,4.0,56.53794520547946,8.0,0
2025-12-02,29.99,9.99,20.0,200.20020020020021,11,11,4.0,56.537945205479446,8.0,0
2025-12-03,29.99,9.99,20.0,200.20020020020021,12,12,4.0,56.53794520547946,8.0,0
2025-12-04,29.99,9.99,20.0,200.20020020020021,13,13,4.0,56.537945205479446,8.0,0
2025-12-05,59.99,9.99,50.0,500.5005005005005,0,14,4.0,56.53794520547946,8.0,0
2025-12-06,59.99,9.99,50.0,500.5005005005005,1,15,4.0,56.537945205479446,8.0,0
2025-12-07,59.99,9.99,50.0,500.5005005005005,2,16,4.0,56.53794520547946,8.0,0
2025-12-08,59.99,9.99,50.0,500.5005005005005,3,17,4.0,56.53794520547946,8.0,0
2025-12-09,59.99,9.99,50.0,500.5005005005005,4,18,4.0,56.537945205479446,8.0,0
2025-12-10,59.99,9.99,50.0,500.5005005005005,5,19,4.0,56.53794520547946,8.0,0
2025-12-11,59.99,9.99,50.0,500.5005005005005,6,20,4.0,56.537945205479446,8.0,0
2025-12-12,59.99,9.99,50.0,500.5005005005005,7,21,4.0,56.53794520547946,8.0,0
2025-12-13,59.99,9.99,50.0,500.5005005005005,8,22,4.0,56.537945205479446,8.0,0
2025-12-14,59.99,9.99,50.0,500.5005005005005,9,23,4.0,56.53794520547946,8.0,0
2025-12-15,59.99,9.99,50.0,500.5005005005005,10,24,4.0,56.53794520547946,8.0,0
2025-12-16,59.99,9.99,50.0,500.5005005005005,11,25,4.0,56.537945205479446,8.0,0
2025-12-17,59.99,9.99,50.0,500.5005005005005,12,26,4.0,56.53794520547946,8.0,0
2025-12-18,59.99,9.99,50.0,500.5005005005005,13,27,4.0,56.537945205479446,8.0,0
2025-12-19,59.99,9.99,50.0,500.5005005005005,14,28,4.0,56.53794520547946,8.0,0
2025-12-20,59.99,9.99,50.0,500.5005005005005,15,29,4.0,56.537945205479446,8.0,0
2025-12-21,59.99,9.99,50.0,500.5005005005005,16,30,4.0,56.53794520547946,8.0,0
2025-12-22,59.99,9.99,50.0,500.5005005005005,17,31,4.0,56.537945205479446,8.0,0
2025-12-23,59.99,9.99,50.0,500.5005005005005,18,32,4.0,56.53794520547946,8.0,0
2025-12-24,59.99,9.99,50.0,500.5005005005005,19,33,4.0,56.53794520547946,8.0,0
2025-12-25,59.99,9.99,50.0,500.5005005005005,20,34,4.0,56.537945205479446,8.0,0
2025-12-26,59.99,9.99,50.0,500.5005005005005,21,35,4.0,56.53794520547946,8.0,0
2025-12-27,59.99,9.99,50.0,500.5005005005005,22,36,4.0,56.537945205479446,8.0,0
2025-12-28,59.99,9.99,50.0,500.5005005005005,23,37,4.0,56.53794520547946,8.0,0
2025-12-29,59.99,9.99,50.0,500.5005005005005,24,38,4.0,56.537945205479446,8.0,0
2025-12-30,59.99,9.99,50.0,500.5005005005005,25,39,4.0,56.53794520547946,8.0,0
2025-12-31,59.99,9.99,50.0,500.5005005005005,26,40,4.0,56.537945205479446,8.0,0
2026-01-01,59.99,9.99,50.0,500.5005005005005,27,41,4.0,56.53794520547946,8.0,0
2026-01-02,59.99,9.99,50.0,500.5005005005005,28,42,4.0,56.53794520547946,8.0,0
2026-01-03,59.99,9.99,50.0,500.5005005005005,29,43,4.0,56.537945205479446,8.0,0
2026-01-04,59.99,9.99,50.0,500.5005005005005,30,44,4.0,56.53794520547946,8.0,0
2026-01-05,59.99,9.99,50.0,500.5005005005005,31,45,4.0,56.537945205479446,8.0,0
2026-01-06,59.99,9.99,50.0,500.5005005005005,32,46,4.0,56.53794520547946,8.0,0
2026-01-07,59.99,9.99,50.0,500.5005005005005,33,47,4.0,56.537945205479446,8.0,0
2026-01-08,59.99,9.99,50.0,500.5005005005005,34,48,4.0,56.53794520547946,8.0,0
2026-01-09,59.99,9.99,50.0,500.5005005005005,35,49,4.0,56.53794520547946,8.0,0
2026-01-10,59.99,9.99,50.0,500.5005005005005,36,50,4.0,56.537945205479446,8.0,0
2026-01-11,59.99,9.99,50.0,500.5005005005005,37,51,4.0,56.53794520547946,8.0,0
2026-01-12,59.99,9.99,50.0,500.5005005005005,38,52,4.0,56.537945205479446,8.0,0
2026-01-13,59.99,9.99,50.0,500.5005005005005,39,53,4.0,56.53794520547946,8.0,0
2026-01-14,59.99,9.99,50.0,500.5005005005005,40,54,4.0,56.537945205479446,8.0,1
2026-01-15,59.99,9.99,50.0,500.5005005005005,41,55,4.0,56.53794520547946,8.0,1
2026-01-16,59.99,9.99,50.0,500.5005005005005,42,56,4.0,56.537945205479446,8.0,1
2026-01-17,59.99,9.99,50.0,500.5005005005005,43,57,4.0,56.53794520547946,8.0,1
2026-01-18,59.99,9.99,50.0,500.5005005005005,44,58,4.0,56.53794520547946,8.0,1
2026-01-19,59.99,9.99,50.0,500.5005005005005,45,59,4.0,56.537945205479446,8.0,1
2026-01-20,59.99,9.99,50.0,500.5005005005005,46,60,4.0,56.53794520547946,8.0,1
2026-01-21,59.99,9.99,50.0,500.5005005005005,47,61,4.0,56.537945205479446,8.0,1
2026-01-22,59.99,9.99,50.0,500.5005005005005,48,62,4.0,56.53794520547946,8.0,1
2026-01-23,59.99,9.99,50.0,500.5005005005005,49,63,4.0,56.537945205479446,8.0,1
2026-01-24,59.99,9.99,50.0,500.5005005005005,50,64,4.0,56.53794520547946,8.0,1
2026-01-25,59.99,9.99,50.0,500.5005005005005,51,65,4.0,56.537945205479446,8.0,1
2026-01-26,59.99,9.99,50.0,500.5005005005005,52,66,4.0,56.53794520547946,8.0,1
2026-01-27,59.99,9.99,50.0,500.5005005005005,53,67,4.0,56.53794520547946,8.0,1
2026-01-28,59.99,9.99,50.0,500.5005005005005,54,68,4.0,56.537945205479446,8.0,1
2026-01-29,59.99,9.99,50.0,500.5005005005005,55,69,3.0,56.620136986301375,7.0,1
2026-01-30,59.99,9.99,50.0,500.5005005005005,56,70,3.0,56.702328767123284,7.0,1
2026-01-31,59.99,9.99,50.0,500.5005005005005,57,71,3.0,56.78452054794521,7.0,1
2026-02-01,59.99,9.99,50.0,500.5005005005005,58,72,3.0,56.86671232876712,7.0,1
2026-02-02,59.99,9.99,50.0,500.5005005005005,59,73,3.0,56.948904109589044,7.0,1
2026-02-03,59.99,9.99,50.0,500.5005005005005,60,74,3.0,57.03109589041097,7.0,1
2026-02-04,59.99,9.99,50.0,500.5005005005005,61,75,3.0,57.113287671232875,7.0,1
2026-02-05,59.99,9.99,50.0,500.5005005005005,62,76,3.0,57.11328767123288,6.0,1
2026-02-06,59.99,9.99,50.0,500.5005005005005,63,77,3.0,57.113287671232875,6.0,1
2026-02-07,59.99,9.99,50.0,500.5005005005005,64,78,3.0,57.11328767123288,6.0,1
2026-02-08,59.99,9.99,50.0,500.5005005005005,65,79,3.0,57.113287671232875,6.0,1
2026-02-09,59.99,9.99,50.0,500.5005005005005,66,80,3.0,57.11328767123288,6.0,1
2026-02-10,59.99,9.99,50.0,500.5005005005005,67,81,3.0,57.113287671232875,6.0,1
2026-02-11,59.99,9.99,50.0,500.5005005005005,68,82,3.0,57.11328767123288,6.0,1
2026-02-12,59.99,9.99,50.0,500.5005005005005,69,83,3.0,57.11328767123288,6.0,1
2026-02-13,29.99,9.99,20.0,200.20020020020021,0,0,3.0,57.113287671232875,6.0,0
2026-02-14,29.99,9.99,20.0,200.20020020020021,1,1,4.0,57.03109589041097,7.0,0
2026-02-15,29.99,9.99,20.0,200.20020020020021,2,2,4.0,56.94890410958904,7.0,0
2026-02-16,29.99,9.99,20.0,200.20020020020021,3,3,4.0,56.86671232876713,7.0,0
2026-02-17,29.99,9.99,20.0,200.20020020020021,4,4,4.0,56.7845205479452,7.0,0
2026-02-18,29.99,9.99,20.0,200.20020020020021,5,5,4.0,56.70232876712329,7.0,0
2026-02-19,29.99,9.99,20.0,200.20020020020021,6,6,4.0,56.62013698630137,7.0,0
2026-02-20,29.99,9.99,20.0,200.20020020020021,7,7,4.0,56.537945205479446,7.0,0
2026-02-21,29.99,9.99,20.0,200.20020020020021,8,8,4.0,56.45575342465754,7.0,0
2026-02-22,29.99,9.99,20.0,200.20020020020021,9,9,4.0,56.373561643835615,7.0,0
2026-02-23,29.99,9.99,20.0,200.20020020020021,10,10,4.0,56.291369863013706,7.0,0
2026-02-24,29.99,9.99,20.0,200.20020020020021,11,11,4.0,56.20917808219178,7.0,0
2026-02-25,29.99,9.99,20.0,200.20020020020021,12,12,4.0,56.12698630136987,7.0,0
2026-02-26,29.99,9.99,20.0,200.20020020020021,13,13,4.0,56.04479452054794,7.0,0
2026-02-27,59.99,9.99,50.0,500.5005005005005,0,14,4.0,55.96260273972603,7.0,0
2026-02-28,59.99,9.99,50.0,500.5005005005005,1,15,4.0,55.96260273972603,8.0,0
2026-03-01,59.99,9.99,50.0,500.5005005005005,2,16,4.0,55.96260273972602,8.0,0
2026-03-02,59.99,9.99,50.0,500.5005005005005,3,17,4.0,55.96260273972603,8.0,0
2026-03-03,59.99,9.99,50.0,500.5005005005005,4,18,4.0,55.96260273972602,8.0,0
2026-03-04,59.99,9.99,50.0,500.5005005005005,5,19,4.0,55.96260273972603,8.0,0
2026-03-05,59.99,9.99,50.0,500.5005005005005,6,20,4.0,55.96260273972602,8.0,0
2026-03-06,59.99,9.99,50.0,500.5005005005005,7,21,4.0,55.96260273972603,8.0,0
2026-03-07,59.99,9.99,50.0,500.5005005005005,8,22,4.0,55.96260273972602,8.0,0
2026-03-08,59.99,9.99,50.0,500.5005005005005,9,23,4.0,55.96260273972603,8.0,0
2026-03-09,59.99,9.99,50.0,500.5005005005005,10,24,4.0,55.96260273972603,8.0,0
2026-03-10,59.99,9.99,50.0,500.5005005005005,11,25,4.0,55.96260273972602,8.0,0
2026-03-11,59.99,9.99,50.0,500.5005005005005,12,26,4.0,55.96260273972603,8.0,0
2026-03-12,59.99,9.99,50.0,500.5005005005005,13,27,4.0,55.96260273972602,8.0,0
2026-03-13,59.99,9.99,50.0,500.5005005005005,14,28,4.0,55.96260273972603,8.0,0
2026-03-14,59.99,9.99,50.0,500.5005005005005,15,29,4.0,55.96260273972602,8.0,0
2026-03-15,59.99,9.99,50.0,500.5005005005005,16,30,4.0,55.96260273972603,8.0,0
2026-03-16,59.99,9.99,50.0,500.5005005005005,17,31,4.0,55.96260273972603,8.0,0
2026-03-17,59.99,9.99,50.0,500.5005005005005,18,32,4.0,55.96260273972602,8.0,0
2026-03-18,59.99,9.99,50.0,500.5005005005005,19,33,4.0,55.96260273972603,8.0,0
2026-03-19,59.99,9.99,50.0,500.5005005005005,20,34,4.0,55.96260273972602,8.0,0
2026-03-20,59.99,9.99,50.0,500.5005005005005,21,35,4.0,55.96260273972603,8.0,0
2026-03-21,59.99,9.99,50.0,500.5005005005005,22,36,4.0,55.96260273972602,8.0,0
2026-03-22,59.99,9.99,50.0,500.5005005005005,23,37,4.0,55.96260273972603,8.0,1
2026-03-23,59.99,9.99,50.0,500.5005005005005,24,38,4.0,55.96260273972602,8.0,1
2026-03-24,59.99,9.99,50.0,500.5005005005005,25,39,4.0,55.96260273972603,8.0,1
2026-03-25,59.99,9.99,50.0,500.5005005005005,26,40,4.0,55.96260273972603,8.0,1
2026-03-26,59.99,9.99,50.0,500.5005005005005,27,41,4.0,55.96260273972602,8.0,1
2026-03-27,59.99,9.99,50.0,500.5005005005005,28,42,4.0,55.96260273972603,8.0,1
2026-03-28,59.99,9.99,50.0,500.5005005005005,29,43,4.0,55.96260273972602,8.0,1
2026-03-29,59.99,9.99,50.0,500.5005005005005,30,44,4.0,55.96260273972603,8.0,1
2026-03-30,59.99,9.99,50.0,500.5005005005005,31,45,4.0,55.96260273972602,8.0,1
2026-03-31,59.99,9.99,50.0,500.5005005005005,32,46,4.0,55.96260273972603,8.0,1
2026-04-01,59.99,9.99,50.0,500.5005005005005,33,47,4.0,55.96260273972602,8.0,1
2026-04-02,59.99,9.99,50.0,500.5005005005005,34,48,4.0,55.96260273972603,8.0,1
2026-04-03,59.99,9.99,50.0,500.5005005005005,35,49,4.0,55.96260273972603,8.0,1
2026-04-04,59.99,9.99,50.0,500.5005005005005,36,50,4.0,55.96260273972602,8.0,1
2026-04-05,59.99,9.99,50.0,500.5005005005005,37,51,4.0,55.96260273972603,8.0,1
2026-04-06,59.99,9.99,50.0,500.5005005005005,38,52,4.0,55.96260273972602,8.0,1
2026-04-07,59.99,9.99,50.0,500.5005005005005,39,53,4.0,55.96260273972603,8.0,1
2026-04-08,59.99,9.99,50.0,500.5005005005005,40,54,4.0,55.96260273972602,8.0,1
2026-04-09,59.99,9.99,50.0,500.5005005005005,41,55,4.0,55.96260273972603,8.0,1
2026-04-10,59.99,9.99,50.0,500.5005005005005,42,56,4.0,55.96260273972603,8.0,1
2026-04-11,59.99,9.99,50.0,500.5005005005005,43,57,4.0,55.96260273972602,8.0,1
2026-04-12,59.99,9.99,50.0,500.5005005005005,44,58,4.0,55.96260273972603,8.0,1
2026-04-13,59.99,9.99,50.0,500.5005005005005,45,59,4.0,55.96260273972602,8.0,1
2026-04-14,59.99,9.99,50.0,500.5005005005005,46,60,4.0,55.96260273972603,8.0,1
2026-04-15,59.99,9.99,50.0,500.5005005005005,47,61,4.0,55.96260273972602,8.0,1
2026-04-16,59.99,9.99,50.0,500.5005005005005,48,62,4.0,55.96260273972603,8.0,1
2026-04-17,59.99,9.99,50.0,500.5005005005005,49,63,4.0,55.96260273972602,8.0,1
2026-04-18,59.99,9.99,50.0,500.5005005005005,50,64,4.0,55.96260273972603,8.0,1
2026-04-19,59.99,9.99,50.0,500.5005005005005,51,65,4.0,55.96260273972603,8.0,1
2026-04-20,59.99,9.99,50.0,500.5005005005005,52,66,4.0,55.96260273972602,8.0,1
2026-04-21,29.99,9.99,20.0,200.20020020020021,0,0,4.0,55.96260273972603,8.0,0
2026-04-22,29.99,9.99,20.0,200.20020020020021,1,1,5.0,55.88041095890411,9.0,0
2026-04-23,29.99,9.99,20.0,200.20020020020021,2,2,5.0,55.7982191780822,9.0,0
2026-04-24,29.99,9.99,20.0,200.20020020020021,3,3,5.0,55.71602739726027,9.0,0
2026-04-25,29.99,9.99,20.0,200.20020020020021,4,4,5.0,55.63383561643836,9.0,0
2026-04-26,29.99,9.99,20.0,200.20020020020021,5,5,5.0,55.55164383561643,9.0,0
2026-04-27,29.99,9.99,20.0,200.20020020020021,6,6,5.0,55.46945205479452,9.0,0
2026-04-28,59.99,9.99,50.0,500.5005005005005,0,7,5.0,55.38726027397261,9.0,0
2026-04-29,59.99,9.99,50.0,500.5005005005005,1,8,5.0,55.3872602739726,10.0,0
2026-04-30,59.99,9.99,50.0,500.5005005005005,2,9,5.0,55.38726027397261,10.0,0
2026-05-01,59.99,9.99,50.0,500.5005005005005,3,10,5.0,55.3872602739726,10.0,0
2026-05-02,59.99,9.99,50.0,500.5005005005005,4,11,5.0,55.38726027397261,10.0,0
2026-05-03,59.99,9.99,50.0,500.5005005005005,5,12,4.0,55.469452054794516,9.0,0
2026-05-04,59.99,9.99,50.0,500.5005005005005,6,13,4.0,55.551643835616446,9.0,0
2026-05-05,59.99,9.99,50.0,500.5005005005005,7,14,4.0,55.63383561643836,9.0,0
2026-05-06,59.99,9.99,50.0,500.5005005005005,8,15,4.0,55.71602739726027,9.0,0
2026-05-07,59.99,9.99,50.0,500.5005005005005,9,16,4.0,55.7982191780822,9.0,0
2026-05-08,59.99,9.99,50.0,500.5005005005005,10,17,4.0,55.88041095890411,9.0,0
2026-05-09,59.99,9.99,50.0,500.5005005005005,11,18,4.0,55.96260273972603,9.0,0
2026-05-10,59.99,9.99,50.0,500.5005005005005,12,19,4.0,56.04479452054794,9.0,0
2026-05-11,59.99,9.99,50.0,500.5005005005005,13,20,4.0,56.12698630136987,9.0,0
2026-05-12,59.99,9.99,50.0,500.5005005005005,14,21,4.0,56.20917808219178,9.0,0
2026-05-13,59.99,9.99,50.0,500.5005005005005,15,22,4.0,56.291369863013706,9.0,0
2026-05-14,59.99,9.99,50.0,500.5005005005005,16,23,4.0,56.37356164383562,9.0,0
2026-05-15,59.99,9.99,50.0,500.5005005005005,17,24,4.0,56.45575342465753,9.0,0
2026-05-16,59.99,9.99,50.0,500.5005005005005,18,25,4.0,56.53794520547946,9.0,0
2026-05-17,59.99,9.99,50.0,500.5005005005005,19,26,4.0,56.537945205479446,8.0,0
2026-05-18,59.99,9.99,50.0,500.5005005005005,20,27,4.0,56.53794520547946,8.0,0
2026-05-19,59.99,9.99,50.0,500.5005005005005,21,28,4.0,56.537945205479446,8.0,0
2026-05-20,59.99,9.99,50.0,500.5005005005005,22,29,4.0,56.53794520547946,8.0,0
2026-05-21,59.99,9.99,50.0,500.5005005005005,23,30,4.0,56.537945205479446,8.0,0
2026-05-22,59.99,9.99,50.0,500.5005005005005,24,31,4.0,56.53794520547946,8.0,0
2026-05-23,59.99,9.99,50.0,500.5005005005005,25,32,4.0,56.53794520547946,8.0,0
2026-05-24,59.99,9.99,50.0,500.5005005005005,26,33,4.0,56.537945205479446,8.0,0
2026-05-25,59.99,9.99,50.0,500.5005005005005,27,34,4.0,56.53794520547946,8.0,0
2026-05-26,59.99,9.99,50.0,500.5005005005005,28,35,4.0,56.537945205479446,8.0,0
2026-05-27,59.99,9.99,50.0,500.5005005005005,29,36,4.0,56.53794520547946,8.0,0
2026-05-28,59.99,9.99,50.0,500.5005005005005,30,37,4.0,56.537945205479446,8.0,0
2026-05-29,59.99,9.99,50.0,500.5005005005005,31,38,4.0,56.53794520547946,8.0,0
2026-05-30,59.99,9.99,50.0,500.5005005005005,32,39,4.0,56.53794520547946,8.0,0
2026-05-31,59.99,9.99,50.0,500.5005005005005,33,40,4.0,56.537945205479446,8.0,0
2026-06-01,59.99,9.99,50.0,500.5005005005005,34,41,4.0,56.53794520547946,8.0,0
2026-06-02,59.99,9.99,50.0,500.5005005005005,35,42,4.0,56.537945205479446,8.0,0
2026-06-03,59.99,9.99,50.0,500.5005005005005,36,43,4.0,56.53794520547946,8.0,0
2026-06-04,59.99,9.99,50.0,500.5005005005005,37,44,4.0,56.537945205479446,8.0,0
2026-06-05,59.99,9.99,50.0,500.5005005005005,38,45,4.0,56.53794520547946,8.0,0
2026-06-06,59.99,9.99,50.0,500.5005005005005,39,46,4.0,56.537945205479446,8.0,0
2026-06-07,59.99,9.99,50.0,500.5005005005005,40,47,4.0,56.53794520547946,8.0,0
2026-06-08,59.99,9.99,50.0,500.5005005005005,41,48,4.0,56.53794520547946,8.0,0
2026-06-09,59.99,9.99,50.0,500.5005005005005,42,49,4.0,56.537945205479446,8.0,0
2026-06-10,59.99,9.99,50.0,500.5005005005005,43,50,4.0,56.53794520547946,8.0,0
2026-06-11,59.99,9.99,50.0,500.5005005005005,44,51,4.0,56.537945205479446,8.0,0
2026-06-12,59.99,9.99,50.0,500.5005005005005,45,52,4.0,56.53794520547946,8.0,0
2026-06-13,59.99,9.99,50.0,500.5005005005005,46,53,4.0,56.537945205479446,8.0,0
2026-06-14,59.99,9.99,50.0,500.5005005005005,47,54,4.0,56.53794520547946,8.0,0
2026-06-15,59.99,9.99,50.0,500.5005005005005,48,55,4.0,56.53794520547946,8.0,0
2026-06-16,59.99,9.99,50.0,500.5005005005005,49,56,4.0,56.537945205479446,8.0,0
2026-06-17,59.99,9.99,50.0,500.5005005005005,50,57,4.0,56.53794520547946,8.0,0
2026-06-18,59.99,9.99,50.0,500.5005005005005,51,58,4.0,56.537945205479446,8.0,0
2026-06-19,59.99,9.99,50.0,500.5005005005005,52,59,4.0,56.53794520547946,8.0,0
2026-06-20,59.99,9.99,50.0,500.5005005005005,53,60,4.0,56.537945205479446,8.0,0
2026-06-21,59.99,9.99,50.0,500.5005005005005,54,61,4.0,56.53794520547946,8.0,0
2026-06-22,59.99,9.99,50.0,500.5005005005005,55,62,4.0,56.537945205479446,8.0,0
2026-06-23,59.99,9.99,50.0,500.5005005005005,56,63,4.0,56.53794520547946,8.0,0
2026-06-24,59.99,9.99,50.0,500.5005005005005,57,64,4.0,56.53794520547946,8.0,0
2026-06-25,59.99,9.99,50.0,500.5005005005005,58,65,4.0,56.537945205479446,8.0,0
2026-06-26,59.99,9.99,50.0,500.5005005005005,59,66,4.0,56.53794520547946,8.0,0
2026-06-27,59.99,9.99,50.0,500.5005005005005,60,67,4.0,56.537945205479446,8.0,0
2026-06-28,59.99,9.99,50.0,500.5005005005005,61,68,4.0,56.53794520547946,8.0,0
2026-06-29,59.99,9.99,50.0,500.5005005005005,62,69,4.0,56.537945205479446,8.0,0
2026-06-30,59.99,9.99,50.0,500.5005005005005,63,70,4.0,56.53794520547946,8.0,0
2026-07-01,59.99,9.99,50.0,500.5005005005005,64,71,4.0,56.537945205479446,8.0,0
2026-07-02,59.99,9.99,50.0,500.5005005005005,65,72,4.0,56.53794520547946,8.0,0
2026-07-03,59.99,9.99,50.0,500.5005005005005,66,73,4.0,56.53794520547946,8.0,0
2026-07-04,59.99,9.99,50.0,500.5005005005005,67,74,4.0,56.537945205479446,8.0,0
2026-07-05,59.99,9.99,50.0,500.5005005005005,68,75,4.0,56.53794520547946,8.0,0
2026-07-06,59.99,9.99,50.0,500.5005005005005,69,76,4.0,56.537945205479446,8.0,0
2026-07-07,59.99,9.99,50.0,500.5005005005005,70,77,4.0,56.53794520547946,8.0,0
2026-07-08,59.99,9.99,50.0,500.5005005005005,71,78,4.0,56.537945205479446,8.0,0
2026-07-09,59.99,9.99,50.0,500.5005005005005,72,79,4.0,56.53794520547946,8.0,0
2026-07-10,59.99,9.99,50.0,500.5005005005005,73,80,4.0,56.53794520547946,8.0,0
2026-07-11,59.99,9.99,50.0,500.5005005005005,74,81,4.0,56.537945205479446,8.0,0
2026-07-12,59.99,9.99,50.0,500.5005005005005,75,82,4.0,56.53794520547946,8.0,0
2026-07-13,59.99,9.99,50.0,500.5005005005005,76,83,4.0,56.537945205479446,8.0,0
2026-07-14,59.99,9.99,50.0,500.5005005005005,77,84,4.0,56.53794520547946,8.0,0
2026-07-15,59.99,9.99,50.0,500.5005005005005,78,85,4.0,56.537945205479446,8.0,0
2026-07-16,59.99,9.99,50.0,500.5005005005005,79,86,4.0,56.53794520547946,8.0,0
2026-07-17,59.99,9.99,50.0,500.5005005005005,80,87,4.0,56.537945205479446,8.0,0
2026-07-18,59.99,9.99,50.0,500.5005005005005,81,88,4.0,56.53794520547946,8.0,0
2026-07-19,59.99,9.99,50.0,500.5005005005005,82,89,4.0,56.53794520547946,8.0,0
2026-07-20,59.99,9.99,50.0,500.5005005005005,83,90,4.0,56.537945205479446,8.0,0
2026-07-21,59.99,9.99,50.0,500.5005005005005,84,91,4.0,56.53794520547946,8.0,0
2026-07-22,59.99,9.99,50.0,500.5005005005005,85,92,4.0,56.537945205479446,8.0,0
2026-07-23,59.99,9.99,50.0,500.5005005005005,86,93,4.0,56.53794520547946,8.0,0
2026-07-24,59.99,9.99,50.0,500.5005005005005,87,94,4.0,56.537945205479446,8.0,0
2026-07-25,59.99,9.99,50.0,500.5005005005005,88,95,4.0,56.53794520547946,8.0,0
2026-07-26,59.99,9.99,50.0,500.5005005005005,89,96,4.0,56.537945205479446,8.0,0
2026-07-27,59.99,9.99,50.0,500.5005005005005,90,97,4.0,56.53794520547946,8.0,0
2026-07-28,59.99,9.99,50.0,500.5005005005005,91,98,4.0,56.53794520547946,8.0,0
2026-07-29,59.99,9.99,50.0,500.5005005005005,92,99,4.0,56.537945205479446,8.0,0
2026-07-30,59.99,9.99,50.0,500.5005005005005,93,100,4.0,56.53794520547946,8.0,0
2026-07-31,59.99,9.99,50.0,500.5005005005005,94,101,4.0,56.537945205479446,8.0,0
2026-08-01,59.99,9.99,50.0,500.5005005005005,95,102,4.0,56.53794520547946,8.0,0
2026-08-02,59.99,9.99,50.0,500.5005005005005,96,103,4.0,56.537945205479446,8.0,0
2026-08-03,59.99,9.99,50.0,500.5005005005005,97,104,4.0,56.53794520547946,8.0,0
2026-08-04,59.99,9.99,50.0,500.5005005005005,98,105,4.0,56.53794520547946,8.0,0
2026-08-05,59.99,9.99,50.0,500.5005005005005,99,106,4.0,56.537945205479446,8.0,0
2026-08-06,59.99,9.99,50.0,500.5005005005005,100,107,4.0,56.53794520547946,8.0,0
2026-08-07,59.99,9.99,50.0,500.5005005005005,101,108,4.0,56.537945205479446,8.0,0
2026-08-08,59.99,9.99,50.0,500.5005005005005,102,109,4.0,56.53794520547946,8.0,0
2026-08-09,59.99,9.99,50.0,500.5005005005005,103,110,4.0,56.537945205479446,8.0,0
2026-08-10,59.99,9.99,50.0,500.5005005005005,104,111,4.0,56.53794520547946,8.0,0
2026-08-11,59.99,9.99,50.0,500.5005005005005,105,112,4.0,56.537945205479446,8.0,0
2026-08-12,59.99,9.99,50.0,500.5005005005005,106,113,4.0,56.53794520547946,8.0,0
2026-08-13,59.99,9.99,50.0,500.5005005005005,107,114,4.0,56.53794520547946,8.0,0
2026-08-14,59.99,9.99,50.0,500.5005005005005,108,115,4.0,56.537945205479446,8.0,0
2026-08-15,59.99,9.99,50.0,500.5005005005005,109,116,4.0,56.53794520547946,8.0,0
2026-08-16,59.99,9.99,50.0,500.5005005005005,110,117,4.0,56.537945205479446,8.0,0
2026-08-17,59.99,9.99,50.0,500.5005005005005,111,118,4.0,56.53794520547946,8.0,0
2026-08-18,59.99,9.99,50.0,500.5005005005005,112,119,4.0,56.537945205479446,8.0,0
2026-08-19,59.99,9.99,50.0,500.5005005005005,113,120,4.0,56.53794520547946,8.0,0
2026-08-20,59.99,9.99,50.0,500.5005005005005,114,121,4.0,56.53794520547946,8.0,0
2026-08-21,59.99,9.99,50.0,500.5005005005005,115,122,4.0,56.537945205479446,8.0,0
2026-08-22,59.99,9.99,50.0,500.5005005005005,116,123,4.0,56.53794520547946,8.0,0
2026-08-23,59.99,9.99,50.0,500.5005005005005,117,124,4.0,56.537945205479446,8.0,0
2026-08-24,59.99,9.99,50.0,500.5005005005005,118,125,4.0,56.53794520547946,8.0,0
2026-08-25,59.99,9.99,50.0,500.5005005005005,119,126,4.0,56.537945205479446,8.0,0
2026-08-26,59.99,9.99,50.0,500.5005005005005,120,127,4.0,56.53794520547946,8.0,1
2026-08-27,59.99,9.99,50.0,500.5005005005005,121,128,4.0,56.537945205479446,8.0,1
2026-08-28,59.99,9.99,50.0,500.5005005005005,122,129,4.0,56.53794520547946,8.0,1
2026-08-29,59.99,9.99,50.0,500.5005005005005,123,130,4.0,56.53794520547946,8.0,1
2026-08-30,59.99,9.99,50.0,500.5005005005005,124,131,4.0,56.537945205479446,8.0,1
2026-08-31,59.99,9.99,50.0,500.5005005005005,125,132,4.0,56.53794520547946,8.0,1
2026-09-01,59.99,9.99,50.0,500.5005005005005,126,133,4.0,56.537945205479446,8.0,0
