Date,Price,historical_low,price_above_low,percent_above_low,days_since_price_change,days_since_sale,sales_last_365_days,avg_price_last_365_days,price_changes_last_365_days,cheaper_within_30_days
2022-02-25,59.99,59.99,0.0,0.0,0,0,0.0,59.99,0.0,0
2022-02-26,59.99,59.99,0.0,0.0,1,1,0.0,59.99,0.0,0
2022-02-27,59.99,59.99,0.0,0.0,2,2,0.0,59.99,0.0,0
2022-02-28,59.99,59.99,0.0,0.0,3,3,0.0,59.99,0.0,0
2022-03-01,59.99,59.99,0.0,0.0,4,4,0.0,59.99,0.0,0
2022-03-02,59.99,59.99,0.0,0.0,5,5,0.0,59.99,0.0,0
2022-03-03,59.99,59.99,0.0,0.0,6,6,0.0,59.99,0.0,0
2022-03-04,59.99,59.99,0.0,0.0,7,7,0.0,59.99,0.0,0
2022-03-05,59.99,59.99,0.0,0.0,8,8,0.0,59.99,0.0,0
2022-03-06,59.99,59.99,0.0,0.0,9,9,0.0,59.99,0.0,0
2022-03-07,59.99,59.99,0.0,0.0,10,10,0.0,59.99,0.0,0
2022-03-08,59.99,59.99,0.0,0.0,11,11,0.0,59.99,0.0,0
2022-03-09,59.99,59.99,0.0,0.0,12,12,0.0,59.99,0.0,0
2022-03-10,59.99,59.99,0.0,0.0,13,13,0.0,59.99,0.0,0
2022-03-11,59.99,59.99,0.0,0.0,14,14,0.0,59.99,0.0,0
2022-03-12,59.99,59.99,0.0,0.0,15,15,0.0,59.99,0.0,0
2022-03-13,59.99,59.99,0.0,0.0,16,16,0.0,59.99,0.0,0
2022-03-14,59.99,59.99,0.0,0.0,17,17,0.0,59.99,0.0,0
2022-03-15,59.99,59.99,0.0,0.0,18,18,0.0,59.99,0.0,0
2022-03-16,59.99,59.99,0.0,0.0,19,19,0.0,59.99,0.0,0
2022-03-17,59.99,59.99,0.0,0.0,20,20,0.0,59.99,0.0,0
2022-03-18,59.99,59.99,0.0,0.0,21,21,0.0,59.99,0.0,0
2022-03-19,59.99,59.99,0.0,0.0,22,22,0.0,59.99,0.0,0
2022-03-20,59.99,59.99,0.0,0.0,23,23,0.0,59.99,0.0,0
2022-03-21,59.99,59.99,0.0,0.0,24,24,0.0,59.99,0.0,0
2022-03-22,59.99,59.99,0.0,0.0,25,25,0.0,59.99,0.0,0
2022-03-23,59.99,59.99,0.0,0.0,26,26,0.0,59.99,0.0,0
2022-03-24,59.99,59.99,0.0,0.0,27,27,0.0,59.99,0.0,0
2022-03-25,59.99,59.99,0.0,0.0,28,28,0.0,59.99,0.0,0
2022-03-26,59.99,59.99,0.0,0.0,29,29,0.0,59.99,0.0,0
2022-03-27,59.99,59.99,0.0,0.0,30,30,0.0,59.99,0.0,0
2022-03-28,59.99,59.99,0.0,0.0,31,31,0.0,59.99,0.0,0
2022-03-29,59.99,59.99,0.0,0.0,32,32,0.0,59.99,0.0,0
2022-03-30,59.99,59.99,0.0,0.0,33,33,0.0,59.99,0.0,0
2022-03-31,59.99,59.99,0.0,0.0,34,34,0.0,59.99,0.0,0
2022-04-01,59.99,59.99,0.0,0.0,35,35,0.0,59.99,0.0,0
2022-04-02,59.99,59.99,0.0,0.0,36,36,0.0,59.99,0.0,0
2022-04-03,59.99,59.99,0.0,0.0,37,37,0.0,59.99,0.0,0
2022-04-04,59.99,59.99,0.0,0.0,38,38,0.0,59.99,0.0,0
2022-04-05,59.99,59.99,0.0,0.0,39,39,0.0,59.99,0.0,0
2022-04-06,59.99,59.99,0.0,0.0,40,40,0.0,59.99,0.0,0
2022-04-07,59.99,59.99,0.0,0.0,41,41,0.0,59.99,0.0,0
2022-04-08,59.99,59.99,0.0,0.0,42,42,0.0,59.99,0.0,0
2022-04-09,59.99,59.99,0.0,0.0,43,43,0.0,59.99,0.0,0
2022-04-10,59.99,59.99,0.0,0.0,44,44,0.0,59.99,0.0,0
2022-04-11,59.99,59.99,0.0,0.0,45,45,0.0,59.99,0.0,0
2022-04-12,59.99,59.99,0.0,0.0,46,46,0.0,59.99,0.0,0
2022-04-13,59.99,59.99,0.0,0.0,47,47,0.0,59.99,0.0,0
2022-04-14,59.99,59.99,0.0,0.0,48,48,0.0,59.99,0.0,0
2022-04-15,59.99,59.99,0.0,0.0,49,49,0.0,59.99,0.0,0
2022-04-16,59.99,59.99,0.0,0.0,50,50,0.0,59.99,0.0,0
2022-04-17,59.99,59.99,0.0,0.0,51,51,0.0,59.99,0.0,0
2022-04-18,59.99,59.99,0.0,0.0,52,52,0.0,59.99,0.0,0
2022-04-19,59.99,59.99,0.0,0.0,53,53,0.0,59.99,0.0,0
2022-04-20,59.99,59.99,0.0,0.0,54,54,0.0,59.99,0.0,0
2022-04-21,59.99,59.99,0.0,0.0,55,55,0.0,59.99,0.0,0
2022-04-22,59.99,59.99,0.0,0.0,56,56,0.0,59.99,0.0,0
2022-04-23,59.99,59.99,0.0,0.0,57,57,0.0,59.99,0.0,0
2022-04-24,59.99,59.99,0.0,0.0,58,58,0.0,59.99,0.0,0
2022-04-25,59.99,59.99,0.0,0.0,59,59,0.0,59.99,0.0,0
2022-04-26,59.99,59.99,0.0,0.0,60,60,0.0,59.99,0.0,0
2022-04-27,59.99,59.99,0.0,0.0,61,61,0.0,59.99,0.0,0
2022-04-28,59.99,59.99,0.0,0.0,62,62,0.0,59.99,0.0,0
2022-04-29,59.99,59.99,0.0,0.0,63,63,0.0,59.99,0.0,0
2022-04-30,59.99,59.99,0.0,0.0,64,64,0.0,59.99,0.0,0
2022-05-01,59.99,59.99,0.0,0.0,65,65,0.0,59.99,0.0,0
2022-05-02,59.99,59.99,0.0,0.0,66,66,0.0,59.99,0.0,0
2022-05-03,59.99,59.99,0.0,0.0,67,67,0.0,59.99,0.0,0
2022-05-04,59.99,59.99,0.0,0.0,68,68,0.0,59.99,0.0,0
2022-05-05,59.99,59.99,0.0,0.0,69,69,0.0,59.99,0.0,0
2022-05-06,59.99,59.99,0.0,0.0,70,70,0.0,59.99,0.0,0
2022-05-07,59.99,59.99,0.0,0.0,71,71,0.0,59.99,0.0,0
2022-05-08,59.99,59.99,0.0,0.0,72,72,0.0,59.99,0.0,0
2022-05-09,59.99,59.99,0.0,0.0,73,73,0.0,59.99,0.0,0
2022-05-10,59.99,59.99,0.0,0.0,74,74,0.0,59.99,0.0,0
2022-05-11,59.99,59.99,0.0,0.0,75,75,0.0,59.99,0.0,0
2022-05-12,59.99,59.99,0.0,0.0,76,76,0.0,59.99,0.0,0
2022-05-13,59.99,59.99,0.0,0.0,77,77,0.0,59.99,0.0,0
2022-05-14,59.99,59.99,0.0,0.0,78,78,0.0,59.99,0.0,0
2022-05-15,59.99,59.99,0.0,0.0,79,79,0.0,59.99,0.0,0
2022-05-16,59.99,59.99,0.0,0.0,80,80,0.0,59.99,0.0,0
2022-05-17,59.99,59.99,0.0,0.0,81,81,0.0,59.99,0.0,0
2022-05-18,59.99,59.99,0.0,0.0,82,82,0.0,59.99,0.0,0
2022-05-19,59.99,59.99,0.0,0.0,83,83,0.0,59.99,0.0,0
2022-05-20,59.99,59.99,0.0,0.0,84,84,0.0,59.99,0.0,0
2022-05-21,59.99,59.99,0.0,0.0,85,85,0.0,59.99,0.0,0
2022-05-22,59.99,59.99,0.0,0.0,86,86,0.0,59.99,0.0,0
2022-05-23,59.99,59.99,0.0,0.0,87,87,0.0,59.99,0.0,0
2022-05-24,59.99,59.99,0.0,0.0,88,88,0.0,59.99,0.0,0
2022-05-25,59.99,59.99,0.0,0.0,89,89,0.0,59.99,0.0,0
2022-05-26,59.99,59.99,0.0,0.0,90,90,0.0,59.99,0.0,0
2022-05-27,59.99,59.99,0.0,0.0,91,91,0.0,59.99,0.0,0
2022-05-28,59.99,59.99,0.0,0.0,92,92,0.0,59.99,0.0,0
2022-05-29,59.99,59.99,0.0,0.0,93,93,0.0,59.99,0.0,0
2022-05-30,59.99,59.99,0.0,0.0,94,94,0.0,59.99,0.0,0
2022-05-31,59.99,59.99,0.0,0.0,95,95,0.0,59.99,0.0,0
2022-06-01,59.99,59.99,0.0,0.0,96,96,0.0,59.99,0.0,0
2022-06-02,59.99,59.99,0.0,0.0,97,97,0.0,59.99,0.0,0
2022-06-03,59.99,59.99,0.0,0.0,98,98,0.0,59.99,0.0,0
2022-06-04,59.99,59.99,0.0,0.0,99,99,0.0,59.99,0.0,0
2022-06-05,59.99,59.99,0.0,0.0,100,100,0.0,59.99,0.0,0
2022-06-06,59.99,59.99,0.0,0.0,101,101,0.0,59.99,0.0,0
2022-06-07,59.99,59.99,0.0,0.0,102,102,0.0,59.99,0.0,0
2022-06-08,59.99,59.99,0.0,0.0,103,103,0.0,59.99,0.0,0
2022-06-09,59.99,59.99,0.0,0.0,104,104,0.0,59.99,0.0,0
2022-06-10,59.99,59.99,0.0,0.0,105,105,0.0,59.99,0.0,0
2022-06-11,59.99,59.99,0.0,0.0,106,106,0.0,59.99,0.0,0
2022-06-12,59.99,59.99,0.0,0.0,107,107,0.0,59.99,0.0,0
2022-06-13,59.99,59.99,0.0,0.0,108,108,0.0,59.99,0.0,0
2022-06-14,59.99,59.99,0.0,0.0,109,109,0.0,59.99,0.0,0
2022-06-15,59.99,59.99,0.0,0.0,110,110,0.0,59.99,0.0,0
2022-06-16,59.99,59.99,0.0,0.0,111,111,0.0,59.99,0.0,0
2022-06-17,59.99,59.99,0.0,0.0,112,112,0.0,59.99,0.0,0
2022-06-18,59.99,59.99,0.0,0.0,113,113,0.0,59.99,0.0,0
2022-06-19,59.99,59.99,0.0,0.0,114,114,0.0,59.99,0.0,0
2022-06-20,59.99,59.99,0.0,0.0,115,115,0.0,59.99,0.0,0
2022-06-21,59.99,59.99,0.0,0.0,116,116,0.0,59.99,0.0,0
2022-06-22,59.99,59.99,0.0,0.0,117,117,0.0,59.99,0.0,0
2022-06-23,59.99,59.99,0.0,0.0,118,118,0.0,59.99,0.0,0
2022-06-24,59.99,59.99,0.0,0.0,119,119,0.0,59.99,0.0,0
2022-06-25,59.99,59.99,0.0,0.0,120,120,0.0,59.99,0.0,0
2022-06-26,59.99,59.99,0.0,0.0,121,121,0.0,59.99,0.0,0
2022-06-27,59.99,59.99,0.0,0.0,122,122,0.0,59.99,0.0,0
2022-06-28,59.99,59.99,0.0,0.0,123,123,0.0,59.99,0.0,0
2022-06-29,59.99,59.99,0.0,0.0,124,124,0.0,59.99,0.0,0
2022-06-30,59.99,59.99,0.0,0.0,125,125,0.0,59.99,0.0,0
2022-07-01,59.99,59.99,0.0,0.0,126,126,0.0,59.99,0.0,0
2022-07-02,59.99,59.99,0.0,0.0,127,127,0.0,59.99,0.0,0
2022-07-03,59.99,59.99,0.0,0.0,128,128,0.0,59.99,0.0,0
2022-07-04,59.99,59.99,0.0,0.0,129,129,0.0,59.99,0.0,0
2022-07-05,59.99,59.99,0.0,0.0,130,130,0.0,59.99,0.0,0
2022-07-06,59.99,59.99,0.0,0.0,131,131,0.0,59.99,0.0,0
2022-07-07,59.99,59.99,0.0,0.0,132,132,0.0,59.99,0.0,0
2022-07-08,59.99,59.99,0.0,0.0,133,133,0.0,59.99,0.0,0
2022-07-09,59.99,59.99,0.0,0.0,134,134,0.0,59.99,0.0,0
2022-07-10,59.99,59.99,0.0,0.0,135,135,0.0,59.99,0.0,0
2022-07-11,59.99,59.99,0.0,0.0,136,136,0.0,59.99,0.0,0
2022-07-12,59.99,59.99,0.0,0.0,137,137,0.0,59.99,0.0,0
2022-07-13,59.99,59.99,0.0,0.0,138,138,0.0,59.99,0.0,0
2022-07-14,59.99,59.99,0.0,0.0,139,139,0.0,59.99,0.0,0
2022-07-15,59.99,59.99,0.0,0.0,140,140,0.0,59.99,0.0,0
2022-07-16,59.99,59.99,0.0,0.0,141,141,0.0,59.99,0.0,0
2022-07-17,59.99,59.99,0.0,0.0,142,142,0.0,59.99,0.0,0
2022-07-18,59.99,59.99,0.0,0.0,143,143,0.0,59.99,0.0,0
2022-07-19,59.99,59.99,0.0,0.0,144,144,0.0,59.99,0.0,0
2022-07-20,59.99,59.99,0.0,0.0,145,145,0.0,59.99,0.0,0
2022-07-21,59.99,59.99,0.0,0.0,146,146,0.0,59.99,0.0,0
2022-07-22,59.99,59.99,0.0,0.0,147,147,0.0,59.99,0.0,0
2022-07-23,59.99,59.99,0.0,0.0,148,148,0.0,59.99,0.0,0
2022-07-24,59.99,59.99,0.0,0.0,149,149,0.0,59.99,0.0,0
2022-07-25,59.99,59.99,0.0,0.0,150,150,0.0,59.99,0.0,0
2022-07-26,59.99,59.99,0.0,0.0,151,151,0.0,59.99,0.0,0
2022-07-27,59.99,59.99,0.0,0.0,152,152,0.0,59.99,0.0,0
2022-07-28,59.99,59.99,0.0,0.0,153,153,0.0,59.99,0.0,0
2022-07-29,59.99,59.99,0.0,0.0,154,154,0.0,59.99,0.0,0
2022-07-30,59.99,59.99,0.0,0.0,155,155,0.0,59.99,0.0,0
2022-07-31,59.99,59.99,0.0,0.0,156,156,0.0,59.99,0.0,0
2022-08-01,59.99,59.99,0.0,0.0,157,157,0.0,59.99,0.0,0
2022-08-02,59.99,59.99,0.0,0.0,158,158,0.0,59.99,0.0,0
2022-08-03,59.99,59.99,0.0,0.0,159,159,0.0,59.99,0.0,0
2022-08-04,59.99,59.99,0.0,0.0,160,160,0.0,59.99,0.0,0
2022-08-05,59.99,59.99,0.0,0.0,161,161,0.0,59.99,0.0,0
2022-08-06,59.99,59.99,0.0,0.0,162,162,0.0,59.99,0.0,0
2022-08-07,59.99,59.99,0.0,0.0,163,163,0.0,59.99,0.0,0
2022-08-08,59.99,59.99,0.0,0.0,164,164,0.0,59.99,0.0,0
2022-08-09,59.99,59.99,0.0,0.0,165,165,0.0,59.99,0.0,0
2022-08-10,59.99,59.99,0.0,0.0,166,166,0.0,59.99,0.0,0
2022-08-11,59.99,59.99,0.0,0.0,167,167,0.0,59.99,0.0,0
2022-08-12,59.99,59.99,0.0,0.0,168,168,0.0,59.99,0.0,0
2022-08-13,59.99,59.99,0.0,0.0,169,169,0.0,59.99,0.0,0
2022-08-14,59.99,59.99,0.0,0.0,170,170,0.0,59.99,0.0,0
2022-08-15,59.99,59.99,0.0,0.0,171,171,0.0,59.99,0.0,0
2022-08-16,59.99,59.99,0.0,0.0,172,172,0.0,59.99,0.0,0
2022-08-17,59.99,59.99,0.0,0.0,173,173,0.0,59.99,0.0,0
2022-08-18,59.99,59.99,0.0,0.0,174,174,0.0,59.99,0.0,0
2022-08-19,59.99,59.99,0.0,0.0,175,175,0.0,59.99,0.0,0
2022-08-20,59.99,59.99,0.0,0.0,176,176,0.0,59.99,0.0,0
2022-08-21,59.99,59.99,0.0,0.0,177,177,0.0,59.99,0.0,0
2022-08-22,59.99,59.99,0.0,0.0,178,178,0.0,59.99,0.0,0
2022-08-23,59.99,59.99,0.0,0.0,179,179,0.0,59.99,0.0,0
2022-08-24,59.99,59.99,0.0,0.0,180,180,0.0,59.99,0.0,0
2022-08-25,59.99,59.99,0.0,0.0,181,181,0.0,59.99,0.0,0
2022-08-26,59.99,59.99,0.0,0.0,182,182,0.0,59.99,0.0,0
2022-08-27,59.99,59.99,0.0,0.0,183,183,0.0,59.99,0.0,0
2022-08-28,59.99,59.99,0.0,0.0,184,184,0.0,59.99,0.0,0
2022-08-29,59.99,59.99,0.0,0.0,185,185,0.0,59.99,0.0,0
2022-08-30,59.99,59.99,0.0,0.0,186,186,0.0,59.99,0.0,0
2022-08-31,59.99,59.99,0.0,0.0,187,187,0.0,59.99,0.0,0
2022-09-01,59.99,59.99,0.0,0.0,188,188,0.0,59.99,0.0,0
2022-09-02,59.99,59.99,0.0,0.0,189,189,0.0,59.99,0.0,0
2022-09-03,59.99,59.99,0.0,0.0,190,190,0.0,59.99,0.0,0
2022-09-04,59.99,59.99,0.0,0.0,191,191,0.0,59.99,0.0,0
2022-09-05,59.99,59.99,0.0,0.0,192,192,0.0,59.99,0.0,0
2022-09-06,59.99,59.99,0.0,0.0,193,193,0.0,59.99,0.0,0
2022-09-07,59.99,59.99,0.0,0.0,194,194,0.0,59.99,0.0,0
2022-09-08,59.99,59.99,0.0,0.0,195,195,0.0,59.99,0.0,0
2022-09-09,59.99,59.99,0.0,0.0,196,196,0.0,59.99,0.0,0
2022-09-10,59.99,59.99,0.0,0.0,197,197,0.0,59.99,0.0,0
2022-09-11,59.99,59.99,0.0,0.0,198,198,0.0,59.99,0.0,0
2022-09-12,59.99,59.99,0.0,0.0,199,199,0.0,59.99,0.0,0
2022-09-13,59.99,59.99,0.0,0.0,200,200,0.0,59.99,0.0,0
2022-09-14,59.99,59.99,0.0,0.0,201,201,0.0,59.99,0.0,0
2022-09-15,59.99,59.99,0.0,0.0,202,202,0.0,59.99,0.0,0
2022-09-16,59.99,59.99,0.0,0.0,203,203,0.0,59.99,0.0,0
2022-09-17,59.99,59.99,0.0,0.0,204,204,0.0,59.99,0.0,0
2022-09-18,59.99,59.99,0.0,0.0,205,205,0.0,59.99,0.0,0
2022-09-19,59.99,59.99,0.0,0.0,206,206,0.0,59.99,0.0,0
2022-09-20,59.99,59.99,0.0,0.0,207,207,0.0,59.99,0.0,0
2022-09-21,59.99,59.99,0.0,0.0,208,208,0.0,59.99,0.0,0
2022-09-22,59.99,59.99,0.0,0.0,209,209,0.0,59.99,0.0,0
2022-09-23,59.99,59.99,0.0,0.0,210,210,0.0,59.99,0.0,0
2022-09-24,59.99,59.99,0.0,0.0,211,211,0.0,59.99,0.0,0
2022-09-25,59.99,59.99,0.0,0.0,212,212,0.0,59.99,0.0,0
2022-09-26,59.99,59.99,0.0,0.0,213,213,0.0,59.99,0.0,0
2022-09-27,59.99,59.99,0.0,0.0,214,214,0.0,59.99,0.0,0
2022-09-28,59.99,59.99,0.0,0.0,215,215,0.0,59.99,0.0,0
2022-09-29,59.99,59.99,0.0,0.0,216,216,0.0,59.99,0.0,0
2022-09-30,59.99,59.99,0.0,0.0,217,217,0.0,59.99,0.0,0
2022-10-01,59.99,59.99,0.0,0.0,218,218,0.0,59.99,0.0,0
2022-10-02,59.99,59.99,0.0,0.0,219,219,0.0,59.99,0.0,0
2022-10-03,59.99,59.99,0.0,0.0,220,220,0.0,59.99,0.0,0
2022-10-04,59.99,59.99,0.0,0.0,221,221,0.0,59.99,0.0,0
2022-10-05,59.99,59.99,0.0,0.0,222,222,0.0,59.99,0.0,0
2022-10-06,59.99,59.99,0.0,0.0,223,223,0.0,59.99,0.0,0
2022-10-07,59.99,59.99,0.0,0.0,224,224,0.0,59.99,0.0,0
2022-10-08,59.99,59.99,0.0,0.0,225,225,0.0,59.99,0.0,0
2022-10-09,59.99,59.99,0.0,0.0,226,226,0.0,59.99,0.0,0
2022-10-10,59.99,59.99,0.0,0.0,227,227,0.0,59.99,0.0,0
2022-10-11,59.99,59.99,0.0,0.0,228,228,0.0,59.99,0.0,0
2022-10-12,59.99,59.99,0.0,0.0,229,229,0.0,59.99,0.0,0
2022-10-13,59.99,59.99,0.0,0.0,230,230,0.0,59.99,0.0,0
2022-10-14,59.99,59.99,0.0,0.0,231,231,0.0,59.99,0.0,0
2022-10-15,59.99,59.99,0.0,0.0,232,232,0.0,59.99,0.0,0
2022-10-16,59.99,59.99,0.0,0.0,233,233,0.0,59.99,0.0,0
2022-10-17,59.99,59.99,0.0,0.0,234,234,0.0,59.99,0.0,0
2022-10-18,59.99,59.99,0.0,0.0,235,235,0.0,59.99,0.0,0
2022-10-19,59.99,59.99,0.0,0.0,236,236,0.0,59.99,0.0,0
2022-10-20,59.99,59.99,0.0,0.0,237,237,0.0,59.99,0.0,0
2022-10-21,59.99,59.99,0.0,0.0,238,238,0.0,59.99,0.0,0
2022-10-22,59.99,59.99,0.0,0.0,239,239,0.0,59.99,0.0,0
2022-10-23,59.99,59.99,0.0,0.0,240,240,0.0,59.99,0.0,0
2022-10-24,59.99,59.99,0.0,0.0,241,241,0.0,59.99,0.0,0
2022-10-25,59.99,59.99,0.0,0.0,242,242,0.0,59.99,0.0,0
2022-10-26,59.99,59.99,0.0,0.0,243,243,0.0,59.99,0.0,0
2022-10-27,59.99,59.99,0.0,0.0,244,244,0.0,59.99,0.0,0
2022-10-28,59.99,59.99,0.0,0.0,245,245,0.0,59.99,0.0,0
2022-10-29,59.99,59.99,0.0,0.0,246,246,0.0,59.99,0.0,0
2022-10-30,59.99,59.99,0.0,0.0,247,247,0.0,59.99,0.0,0
2022-10-31,59.99,59.99,0.0,0.0,248,248,0.0,59.99,0.0,0
2022-11-01,59.99,59.99,0.0,0.0,249,249,0.0,59.99,0.0,0
2022-11-02,59.99,59.99,0.0,0.0,250,250,0.0,59.99,0.0,0
2022-11-03,59.99,59.99,0.0,0.0,251,251,0.0,59.99,0.0,0
2022-11-04,59.99,59.99,0.0,0.0,252,252,0.0,59.99,0.0,0
2022-11-05,59.99,59.99,0.0,0.0,253,253,0.0,59.99,0.0,0
2022-11-06,59.99,59.99,0.0,0.0,254,254,0.0,59.99,0.0,0
2022-11-07,59.99,59.99,0.0,0.0,255,255,0.0,59.99,0.0,0
2022-11-08,59.99,59.99,0.0,0.0,256,256,0.0,59.99,0.0,0
2022-11-09,59.99,59.99,0.0,0.0,257,257,0.0,59.99,0.0,0
2022-11-10,59.99,59.99,0.0,0.0,258,258,0.0,59.99,0.0,0
2022-11-11,59.99,59.99,0.0,0.0,259,259,0.0,59.99,0.0,0
2022-11-12,59.99,59.99,0.0,0.0,260,260,0.0,59.99,0.0,0
2022-11-13,59.99,59.99,0.0,0.0,261,261,0.0,59.99,0.0,0
2022-11-14,59.99,59.99,0.0,0.0,262,262,0.0,59.99,0.0,0
2022-11-15,59.99,59.99,0.0,0.0,263,263,0.0,59.99,0.0,0
2022-11-16,59.99,59.99,0.0,0.0,264,264,0.0,59.99,0.0,0
2022-11-17,59.99,59.99,0.0,0.0,265,265,0.0,59.99,0.0,0
2022-11-18,59.99,59.99,0.0,0.0,266,266,0.0,59.99,0.0,0
2022-11-19,59.99,59.99,0.0,0.0,267,267,0.0,59.99,0.0,0
2022-11-20,59.99,59.99,0.0,0.0,268,268,0.0,59.99,0.0,0
2022-11-21,59.99,59.99,0.0,0.0,269,269,0.0,59.99,0.0,0
2022-11-22,59.99,59.99,0.0,0.0,270,270,0.0,59.99,0.0,0
2022-11-23,59.99,59.99,0.0,0.0,271,271,0.0,59.99,0.0,1
2022-11-24,59.99,59.99,0.0,0.0,272,272,0.0,59.99,0.0,1
2022-11-25,59.99,59.99,0.0,0.0,273,273,0.0,59.99,0.0,1
2022-11-26,59.99,59.99,0.0,0.0,274,274,0.0,59.99,0.0,1
2022-11-27,59.99,59.99,0.0,0.0,275,275,0.0,59.99,0.0,1
2022-11-28,59.99,59.99,0.0,0.0,276,276,0.0,59.99,0.0,1
2022-11-29,59.99,59.99,0.0,0.0,277,277,0.0,59.99,0.0,1
2022-11-30,59.99,59.99,0.0,0.0,278,278,0.0,59.99,0.0,1
2022-12-01,59.99,59.99,0.0,0.0,279,279,0.0,59.99,0.0,1
2022-12-02,59.99,59.99,0.0,0.0,280,280,0.0,59.99,0.0,1
2022-12-03,59.99,59.99,0.0,0.0,281,281,0.0,59.99,0.0,1
2022-12-04,59.99,59.99,0.0,0.0,282,282,0.0,59.99,0.0,1
2022-12-05,59.99,59.99,0.0,0.0,283,283,0.0,59.99,0.0,1
2022-12-06,59.99,59.99,0.0,0.0,284,284,0.0,59.99,0.0,1
2022-12-07,59.99,59.99,0.0,0.0,285,285,0.0,59.99,0.0,1
2022-12-08,59.99,59.99,0.0,0.0,286,286,0.0,59.99,0.0,1
2022-12-09,59.99,59.99,0.0,0.0,287,287,0.0,59.99,0.0,1
2022-12-10,59.99,59.99,0.0,0.0,288,288,0.0,59.99,0.0,1
2022-12-11,59.99,59.99,0.0,0.0,289,289,0.0,59.99,0.0,1
2022-12-12,59.99,59.99,0.0,0.0,290,290,0.0,59.99,0.0,1
2022-12-13,59.99,59.99,0.0,0.0,291,291,0.0,59.99,0.0,1
2022-12-14,59.99,59.99,0.0,0.0,292,292,0.0,59.99,0.0,1
2022-12-15,59.99,59.99,0.0,0.0,293,293,0.0,59.99,0.0,1
2022-12-16,59.99,59.99,0.0,0.0,294,294,0.0,59.99,0.0,1
2022-12-17,59.99,59.99,0.0,0.0,295,295,0.0,59.99,0.0,1
2022-12-18,59.99,59.99,0.0,0.0,296,296,0.0,59.99,0.0,1
2022-12-19,59.99,59.99,0.0,0.0,297,297,0.0,59.99,0.0,1
2022-12-20,59.99,59.99,0.0,0.0,298,298,0.0,59.99,0.0,1
2022-12-21,59.99,59.99,0.0,0.0,299,299,0.0,59.99,0.0,1
2022-12-22,59.99,59.99,0.0,0.0,300,300,0.0,59.99,0.0,1
2022-12-23,41.99,41.99,0.0,0.0,0,0,0.0,59.99,0.0,0
2022-12-24,41.99,41.99,0.0,0.0,1,1,1.0,59.930397350993374,1.0,0
2022-12-25,41.99,41.99,0.0,0.0,2,2,1.0,59.87118811881189,1.0,0
2022-12-26,41.99,41.99,0.0,0.0,3,3,1.0,59.81236842105263,1.0,0
2022-12-27,41.99,41.99,0.0,0.0,4,4,1.0,59.75393442622951,1.0,0
2022-12-28,41.99,41.99,0.0,0.0,5,5,1.0,59.69588235294118,1.0,0
2022-12-29,41.99,41.99,0.0,0.0,6,6,1.0,59.63820846905538,1.0,0
2022-12-30,41.99,41.99,0.0,0.0,7,7,1.0,59.580909090909095,1.0,0
2022-12-31,41.99,41.99,0.0,0.0,8,8,1.0,59.523980582524274,1.0,0
2023-01-01,41.99,41.99,0.0,0.0,9,9,1.0,59.46741935483871,1.0,0
2023-01-02,41.99,41.99,0.0,0.0,10,10,1.0,59.41122186495177,1.0,0
2023-01-03,41.99,41.99,0.0,0.0,11,11,1.0,59.355384615384615,1.0,0
2023-01-04,41.99,41.99,0.0,0.0,12,12,1.0,59.29990415335463,1.0,0
2023-01-05,41.99,41.99,0.0,0.0,13,13,1.0,59.2447770700637,1.0,0
2023-01-06,59.99,41.99,18.0,42.86734936889736,0,14,1.0,59.190000000000005,1.0,0
2023-01-07,59.99,41.99,18.0,42.86734936889736,1,15,1.0,59.19253164556962,2.0,0
2023-01-08,59.99,41.99,18.0,42.86734936889736,2,16,1.0,59.19504731861199,2.0,0
2023-01-09,59.99,41.99,18.0,42.86734936889736,3,17,1.0,59.19754716981132,2.0,0
2023-01-10,59.99,41.99,18.0,42.86734936889736,4,18,1.0,59.20003134796239,2.0,0
2023-01-11,59.99,41.99,18.0,42.86734936889736,5,19,1.0,59.2025,2.0,0
2023-01-12,59.99,41.99,18.0,42.86734936889736,6,20,1.0,59.20495327102804,2.0,0
2023-01-13,59.99,41.99,18.0,42.86734936889736,7,21,1.0,59.20739130434782,2.0,0
2023-01-14,59.99,41.99,18.0,42.86734936889736,8,22,1.0,59.20981424148607,2.0,0
2023-01-15,59.99,41.99,18.0,42.86734936889736,9,23,1.0,59.21222222222223,2.0,0
2023-01-16,59.99,41.99,18.0,42.86734936889736,10,24,1.0,59.214615384615385,2.0,0
2023-01-17,59.99,41.99,18.0,42.86734936889736,11,25,1.0,59.21699386503068,2.0,0
2023-01-18,59.99,41.99,18.0,42.86734936889736,12,26,1.0,59.219357798165134,2.0,0
2023-01-19,59.99,41.99,18.0,42.86734936889736,13,27,1.0,59.221707317073175,2.0,0
2023-01-20,59.99,41.99,18.0,42.86734936889736,14,28,1.0,59.22404255319149,2.0,0
2023-01-21,59.99,41.99,18.0,42.86734936889736,15,29,1.0,59.22636363636364,2.0,0
2023-01-22,59.99,41.99,18.0,42.86734936889736,16,30,1.0,59.22867069486406,2.0,0
2023-01-23,59.99,41.99,18.0,42.86734936889736,17,31,1.0,59.230963855421685,2.0,0
2023-01-24,59.99,41.99,18.0,42.86734936889736,18,32,1.0,59.23324324324325,2.0,0
2023-01-25,59.99,41.99,18.0,42.86734936889736,19,33,1.0,59.23550898203593,2.0,0
2023-01-26,59.99,41.99,18.0,42.86734936889736,20,34,1.0,59.23776119402986,2.0,0
2023-01-27,59.99,41.99,18.0,42.86734936889736,21,35,1.0,59.239999999999995,2.0,0
2023-01-28,59.99,41.99,18.0,42.86734936889736,22,36,1.0,59.242225519287835,2.0,0
2023-01-29,59.99,41.99,18.0,42.86734936889736,23,37,1.0,59.244437869822484,2.0,0
2023-01-30,59.99,41.99,18.0,42.86734936889736,24,38,1.0,59.246637168141596,2.0,0
2023-01-31,59.99,41.99,18.0,42.86734936889736,25,39,1.0,59.24882352941177,2.0,0
2023-02-01,59.99,41.99,18.0,42.86734936889736,26,40,1.0,59.25099706744868,2.0,0
2023-02-02,59.99,41.99,18.0,42.86734936889736,27,41,1.0,59.253157894736844,2.0,0
2023-02-03,59.99,41.99,18.0,42.86734936889736,28,42,1.0,59.25530612244898,2.0,0
2023-02-04,59.99,41.99,18.0,42.86734936889736,29,43,1.0,59.25744186046512,2.0,0
2023-02-05,59.99,41.99,18.0,42.86734936889736,30,44,1.0,59.259565217391305,2.0,0
2023-02-06,59.99,41.99,18.0,42.86734936889736,31,45,1.0,59.26167630057804,2.0,0
2023-02-07,59.99,41.99,18.0,42.86734936889736,32,46,1.0,59.263775216138335,2.0,0
2023-02-08,59.99,41.99,18.0,42.86734936889736,33,47,1.0,59.26586206896552,2.0,0
2023-02-09,59.99,41.99,18.0,42.86734936889736,34,48,1.0,59.267936962750724,2.0,0
2023-02-10,59.99,41.99,18.0,42.86734936889736,35,49,1.0,59.27,2.0,0
2023-02-11,59.99,41.99,18.0,42.86734936889736,36,50,1.0,59.27205128205129,2.0,0
2023-02-12,59.99,41.99,18.0,42.86734936889736,37,51,1.0,59.27409090909091,2.0,0
2023-02-13,59.99,41.99,18.0,42.86734936889736,38,52,1.0,59.276118980169976,2.0,0
2023-02-14,59.99,41.99,18.0,42.86734936889736,39,53,1.0,59.278135593220334,2.0,0
2023-02-15,59.99,41.99,18.0,42.86734936889736,40,54,1.0,59.28014084507043,2.0,0
2023-02-16,59.99,41.99,18.0,42.86734936889736,41,55,1.0,59.28213483146068,2.0,0
2023-02-17,59.99,41.99,18.0,42.86734936889736,42,56,1.0,59.28411764705882,2.0,0
2023-02-18,59.99,41.99,18.0,42.86734936889736,43,57,1.0,59.28608938547487,2.0,0
2023-02-19,59.99,41.99,18.0,42.86734936889736,44,58,1.0,59.28805013927577,2.0,0
2023-02-20,59.99,41.99,18.0,42.86734936889736,45,59,1.0,59.290000000000006,2.0,0
2023-02-21,59.99,41.99,18.0,42.86734936889736,46,60,1.0,59.29193905817174,2.0,0
2023-02-22,59.99,41.99,18.0,42.86734936889736,47,61,1.0,59.29386740331492,2.0,0
2023-02-23,59.99,41.99,18.0,42.86734936889736,48,62,1.0,59.29578512396694,2.0,0
2023-02-24,59.99,41.99,18.0,42.86734936889736,49,63,1.0,59.29769230769231,2.0,0
2023-02-25,59.99,41.99,18.0,42.86734936889736,50,64,1.0,59.2995890410959,2.0,0
2023-02-26,59.99,41.99,18.0,42.86734936889736,51,65,1.0,59.299589041095885,2.0,0
2023-02-27,59.99,41.99,18.0,42.86734936889736,52,66,1.0,59.2995890410959,2.0,0
2023-02-28,59.99,41.99,18.0,42.86734936889736,53,67,1.0,59.299589041095885,2.0,0
2023-03-01,59.99,41.99,18.0,42.86734936889736,54,68,1.0,59.2995890410959,2.0,0
2023-03-02,59.99,41.99,18.0,42.86734936889736,55,69,1.0,59.299589041095885,2.0,0
2023-03-03,59.99,41.99,18.0,42.86734936889736,56,70,1.0,59.2995890410959,2.0,0
2023-03-04,59.99,41.99,18.0,42.86734936889736,57,71,1.0,59.2995890410959,2.0,0
2023-03-05,59.99,41.99,18.0,42.86734936889736,58,72,1.0,59.2995890410959,2.0,0
2023-03-06,59.99,41.99,18.0,42.86734936889736,59,73,1.0,59.2995890410959,2.0,0
2023-03-07,59.99,41.99,18.0,42.86734936889736,60,74,1.0,59.299589041095885,2.0,0
2023-03-08,59.99,41.99,18.0,42.86734936889736,61,75,1.0,59.2995890410959,2.0,0
2023-03-09,59.99,41.99,18.0,42.86734936889736,62,76,1.0,59.299589041095885,2.0,0
2023-03-10,59.99,41.99,18.0,42.86734936889736,63,77,1.0,59.2995890410959,2.0,0
2023-03-11,59.99,41.99,18.0,42.86734936889736,64,78,1.0,59.299589041095885,2.0,0
2023-03-12,59.99,41.99,18.0,42.86734936889736,65,79,1.0,59.2995890410959,2.0,0
2023-03-13,59.99,41.99,18.0,42.86734936889736,66,80,1.0,59.2995890410959,2.0,0
2023-03-14,59.99,41.99,18.0,42.86734936889736,67,81,1.0,59.299589041095885,2.0,0
2023-03-15,59.99,41.99,18.0,42.86734936889736,68,82,1.0,59.2995890410959,2.0,0
2023-03-16,59.99,41.99,18.0,42.86734936889736,69,83,1.0,59.299589041095885,2.0,0
2023-03-17,59.99,41.99,18.0,42.86734936889736,70,84,1.0,59.2995890410959,2.0,0
2023-03-18,59.99,41.99,18.0,42.86734936889736,71,85,1.0,59.299589041095885,2.0,0
2023-03-19,59.99,41.99,18.0,42.86734936889736,72,86,1.0,59.2995890410959,2.0,0
2023-03-20,59.99,41.99,18.0,42.86734936889736,73,87,1.0,59.299589041095885,2.0,0
2023-03-21,59.99,41.99,18.0,42.86734936889736,74,88,1.0,59.2995890410959,2.0,0
2023-03-22,59.99,41.99,18.0,42.86734936889736,75,89,1.0,59.2995890410959,2.0,0
2023-03-23,59.99,41.99,18.0,42.86734936889736,76,90,1.0,59.299589041095885,2.0,0
2023-03-24,59.99,41.99,18.0,42.86734936889736,77,91,1.0,59.2995890410959,2.0,0
2023-03-25,59.99,41.99,18.0,42.86734936889736,78,92,1.0,59.299589041095885,2.0,0
2023-03-26,59.99,41.99,18.0,42.86734936889736,79,93,1.0,59.2995890410959,2.0,0
2023-03-27,59.99,41.99,18.0,42.86734936889736,80,94,1.0,59.299589041095885,2.0,0
2023-03-28,59.99,41.99,18.0,42.86734936889736,81,95,1.0,59.2995890410959,2.0,0
2023-03-29,59.99,41.99,18.0,42.86734936889736,82,96,1.0,59.2995890410959,2.0,0
2023-03-30,59.99,41.99,18.0,42.86734936889736,83,97,1.0,59.2995890410959,2.0,0
2023-03-31,59.99,41.99,18.0,42.86734936889736,84,98,1.0,59.2995890410959,2.0,0
2023-04-01,59.99,41.99,18.0,42.86734936889736,85,99,1.0,59.299589041095885,2.0,0
2023-04-02,59.99,41.99,18.0,42.86734936889736,86,100,1.0,59.2995890410959,2.0,0
2023-04-03,59.99,41.99,18.0,42.86734936889736,87,101,1.0,59.299589041095885,2.0,0
2023-04-04,59.99,41.99,18.0,42.86734936889736,88,102,1.0,59.2995890410959,2.0,0
2023-04-05,59.99,41.99,18.0,42.86734936889736,89,103,1.0,59.299589041095885,2.0,0
2023-04-06,59.99,41.99,18.0,42.86734936889736,90,104,1.0,59.2995890410959,2.0,0
2023-04-07,59.99,41.99,18.0,42.86734936889736,91,105,1.0,59.2995890410959,2.0,0
2023-04-08,59.99,41.99,18.0,42.86734936889736,92,106,1.0,59.299589041095885,2.0,0
2023-04-09,59.99,41.99,18.0,42.86734936889736,93,107,1.0,59.2995890410959,2.0,0
2023-04-10,59.99,41.99,18.0,42.86734936889736,94,108,1.0,59.299589041095885,2.0,0
2023-04-11,59.99,41.99,18.0,42.86734936889736,95,109,1.0,59.2995890410959,2.0,0
2023-04-12,59.99,41.99,18.0,42.86734936889736,96,110,1.0,59.299589041095885,2.0,0
2023-04-13,59.99,41.99,18.0,42.86734936889736,97,111,1.0,59.2995890410959,2.0,0
2023-04-14,59.99,41.99,18.0,42.86734936889736,98,112,1.0,59.2995890410959,2.0,0
2023-04-15,59.99,41.99,18.0,42.86734936889736,99,113,1.0,59.2995890410959,2.0,0
2023-04-16,59.99,41.99,18.0,42.86734936889736,100,114,1.0,59.2995890410959,2.0,0
2023-04-17,59.99,41.99,18.0,42.86734936889736,101,115,1.0,59.299589041095885,2.0,0
2023-04-18,59.99,41.99,18.0,42.86734936889736,102,116,1.0,59.2995890410959,2.0,0
2023-04-19,59.99,41.99,18.0,42.86734936889736,103,117,1.0,59.299589041095885,2.0,0
2023-04-20,59.99,41.99,18.0,42.86734936889736,104,118,1.0,59.2995890410959,2.0,0
2023-04-21,59.99,41.99,18.0,42.86734936889736,105,119,1.0,59.299589041095885,2.0,0
2023-04-22,59.99,41.99,18.0,42.86734936889736,106,120,1.0,59.2995890410959,2.0,0
2023-04-23,59.99,41.99,18.0,42.86734936889736,107,121,1.0,59.2995890410959,2.0,0
2023-04-24,59.99,41.99,18.0,42.86734936889736,108,122,1.0,59.299589041095885,2.0,0
2023-04-25,59.99,41.99,18.0,42.86734936889736,109,123,1.0,59.2995890410959,2.0,0
2023-04-26,59.99,41.99,18.0,42.86734936889736,110,124,1.0,59.299589041095885,2.0,0
2023-04-27,59.99,41.99,18.0,42.86734936889736,111,125,1.0,59.2995890410959,2.0,0
2023-04-28,59.99,41.99,18.0,42.86734936889736,112,126,1.0,59.299589041095885,2.0,0
2023-04-29,59.99,41.99,18.0,42.86734936889736,113,127,1.0,59.2995890410959,2.0,0
2023-04-30,59.99,41.99,18.0,42.86734936889736,114,128,1.0,59.299589041095885,2.0,0
2023-05-01,59.99,41.99,18.0,42.86734936889736,115,129,1.0,59.2995890410959,2.0,0
2023-05-02,59.99,41.99,18.0,42.86734936889736,116,130,1.0,59.2995890410959,2.0,0
2023-05-03,59.99,41.99,18.0,42.86734936889736,117,131,1.0,59.299589041095885,2.0,0
2023-05-04,59.99,41.99,18.0,42.86734936889736,118,132,1.0,59.2995890410959,2.0,0
2023-05-05,59.99,41.99,18.0,42.86734936889736,119,133,1.0,59.299589041095885,2.0,0
2023-05-06,59.99,41.99,18.0,42.86734936889736,120,134,1.0,59.2995890410959,2.0,0
2023-05-07,59.99,41.99,18.0,42.86734936889736,121,135,1.0,59.299589041095885,2.0,0
2023-05-08,59.99,41.99,18.0,42.86734936889736,122,136,1.0,59.2995890410959,2.0,0
2023-05-09,59.99,41.99,18.0,42.86734936889736,123,137,1.0,59.2995890410959,2.0,0
2023-05-10,59.99,41.99,18.0,42.86734936889736,124,138,1.0,59.2995890410959,2.0,0
2023-05-11,59.99,41.99,18.0,42.86734936889736,125,139,1.0,59.2995890410959,2.0,0
2023-05-12,59.99,41.99,18.0,42.86734936889736,126,140,1.0,59.299589041095885,2.0,0
2023-05-13,59.99,41.99,18.0,42.86734936889736,127,141,1.0,59.2995890410959,2.0,0
2023-05-14,59.99,41.99,18.0,42.86734936889736,128,142,1.0,59.299589041095885,2.0,0
2023-05-15,59.99,41.99,18.0,42.86734936889736,129,143,1.0,59.2995890410959,2.0,0
2023-05-16,59.99,41.99,18.0,42.86734936889736,130,144,1.0,59.299589041095885,2.0,0
2023-05-17,59.99,41.99,18.0,42.86734936889736,131,145,1.0,59.2995890410959,2.0,0
2023-05-18,59.99,41.99,18.0,42.86734936889736,132,146,1.0,59.2995890410959,2.0,0
2023-05-19,59.99,41.99,18.0,42.86734936889736,133,147,1.0,59.299589041095885,2.0,0
2023-05-20,59.99,41.99,18.0,42.86734936889736,134,148,1.0,59.2995890410959,2.0,0
2023-05-21,59.99,41.99,18.0,42.86734936889736,135,149,1.0,59.299589041095885,2.0,0
2023-05-22,59.99,41.99,18.0,42.86734936889736,136,150,1.0,59.2995890410959,2.0,0
2023-05-23,59.99,41.99,18.0,42.86734936889736,137,151,1.0,59.299589041095885,2.0,0
2023-05-24,59.99,41.99,18.0,42.86734936889736,138,152,1.0,59.2995890410959,2.0,0
2023-05-25,59.99,41.99,18.0,42.86734936889736,139,153,1.0,59.299589041095885,2.0,0
2023-05-26,59.99,41.99,18.0,42.86734936889736,140,154,1.0,59.2995890410959,2.0,0
2023-05-27,59.99,41.99,18.0,42.86734936889736,141,155,1.0,59.2995890410959,2.0,0
2023-05-28,59.99,41.99,18.0,42.86734936889736,142,156,1.0,59.299589041095885,2.0,0
2023-05-29,59.99,41.99,18.0,42.86734936889736,143,157,1.0,59.2995890410959,2.0,0
2023-05-30,59.99,41.99,18.0,42.86734936889736,144,158,1.0,59.299589041095885,2.0,0
2023-05-31,59.99,41.99,18.0,42.86734936889736,145,159,1.0,59.2995890410959,2.0,1
2023-06-01,59.99,41.99,18.0,42.86734936889736,146,160,1.0,59.299589041095885,2.0,1
2023-06-02,59.99,41.99,18.0,42.86734936889736,147,161,1.0,59.2995890410959,2.0,1
2023-06-03,59.99,41.99,18.0,42.86734936889736,148,162,1.0,59.2995890410959,2.0,1
2023-06-04,59.99,41.99,18.0,42.86734936889736,149,163,1.0,59.2995890410959,2.0,1
2023-06-05,59.99,41.99,18.0,42.86734936889736,150,164,1.0,59.2995890410959,2.0,1
2023-06-06,59.99,41.99,18.0,42.86734936889736,151,165,1.0,59.299589041095885,2.0,1
2023-06-07,59.99,41.99,18.0,42.86734936889736,152,166,1.0,59.2995890410959,2.0,1
2023-06-08,59.99,41.99,18.0,42.86734936889736,153,167,1.0,59.299589041095885,2.0,1
2023-06-09,59.99,41.99,18.0,42.86734936889736,154,168,1.0,59.2995890410959,2.0,1
2023-06-10,59.99,41.99,18.0,42.86734936889736,155,169,1.0,59.299589041095885,2.0,1
2023-06-11,59.99,41.99,18.0,42.86734936889736,156,170,1.0,59.2995890410959,2.0,1
2023-06-12,59.99,41.99,18.0,42.86734936889736,157,171,1.0,59.2995890410959,2.0,1
2023-06-13,59.99,41.99,18.0,42.86734936889736,158,172,1.0,59.299589041095885,2.0,1
2023-06-14,59.99,41.99,18.0,42.86734936889736,159,173,1.0,59.2995890410959,2.0,1
2023-06-15,59.99,41.99,18.0,42.86734936889736,160,174,1.0,59.299589041095885,2.0,1
2023-06-16,59.99,41.99,18.0,42.86734936889736,161,175,1.0,59.2995890410959,2.0,1
2023-06-17,59.99,41.99,18.0,42.86734936889736,162,176,1.0,59.299589041095885,2.0,1
2023-06-18,59.99,41.99,18.0,42.86734936889736,163,177,1.0,59.2995890410959,2.0,1
2023-06-19,59.99,41.99,18.0,42.86734936889736,164,178,1.0,59.2995890410959,2.0,1
2023-06-20,59.99,41.99,18.0,42.86734936889736,165,179,1.0,59.2995890410959,2.0,1
2023-06-21,59.99,41.99,18.0,42.86734936889736,166,180,1.0,59.2995890410959,2.0,1
2023-06-22,59.99,41.99,18.0,42.86734936889736,167,181,1.0,59.299589041095885,2.0,1
2023-06-23,59.99,41.99,18.0,42.86734936889736,168,182,1.0,59.2995890410959,2.0,1
2023-06-24,59.99,41.99,18.0,42.86734936889736,169,183,1.0,59.299589041095885,2.0,1
2023-06-25,59.99,41.99,18.0,42.86734936889736,170,184,1.0,59.2995890410959,2.0,1
2023-06-26,59.99,41.99,18.0,42.86734936889736,171,185,1.0,59.299589041095885,2.0,1
2023-06-27,59.99,41.99,18.0,42.86734936889736,172,186,1.0,59.2995890410959,2.0,1
2023-06-28,59.99,41.99,18.0,42.86734936889736,173,187,1.0,59.2995890410959,2.0,1
2023-06-29,59.99,41.99,18.0,42.86734936889736,174,188,1.0,59.299589041095885,2.0,1
2023-06-30,41.99,41.99,0.0,0.0,0,0,1.0,59.2995890410959,2.0,0
2023-07-01,41.99,41.99,0.0,0.0,1,1,2.0,59.250273972602734,3.0,0
2023-07-02,41.99,41.99,0.0,0.0,2,2,2.0,59.2009589041096,3.0,0
2023-07-03,41.99,41.99,0.0,0.0,3,3,2.0,59.15164383561643,3.0,0
2023-07-04,41.99,41.99,0.0,0.0,4,4,2.0,59.102328767123296,3.0,0
2023-07-05,41.99,41.99,0.0,0.0,5,5,2.0,59.05301369863013,3.0,0
2023-07-06,41.99,41.99,0.0,0.0,6,6,2.0,59.003698630136995,3.0,0
2023-07-07,41.99,41.99,0.0,0.0,7,7,2.0,58.954383561643844,3.0,0
2023-07-08,41.99,41.99,0.0,0.0,8,8,2.0,58.90506849315068,3.0,0
2023-07-09,41.99,41.99,0.0,0.0,9,9,2.0,58.85575342465754,3.0,0
2023-07-10,41.99,41.99,0.0,0.0,10,10,2.0,58.80643835616438,3.0,0
2023-07-11,41.99,41.99,0.0,0.0,11,11,2.0,58.75712328767124,3.0,0
2023-07-12,41.99,41.99,0.0,0.0,12,12,2.0,58.70780821917808,3.0,0
2023-07-13,41.99,41.99,0.0,0.0,13,13,2.0,58.65849315068494,3.0,0
2023-07-14,59.99,41.99,18.0,42.86734936889736,0,14,2.0,58.60917808219179,3.0,0
2023-07-15,59.99,41.99,18.0,42.86734936889736,1,15,2.0,58.60917808219179,4.0,0
2023-07-16,59.99,41.99,18.0,42.86734936889736,2,16,2.0,58.60917808219179,4.0,0
2023-07-17,59.99,41.99,18.0,42.86734936889736,3,17,2.0,58.609178082191775,4.0,0
2023-07-18,59.99,41.99,18.0,42.86734936889736,4,18,2.0,58.60917808219179,4.0,0
2023-07-19,59.99,41.99,18.0,42.86734936889736,5,19,2.0,58.609178082191775,4.0,0
2023-07-20,59.99,41.99,18.0,42.86734936889736,6,20,2.0,58.60917808219179,4.0,0
2023-07-21,59.99,41.99,18.0,42.86734936889736,7,21,2.0,58.609178082191775,4.0,0
2023-07-22,59.99,41.99,18.0,42.86734936889736,8,22,2.0,58.60917808219179,4.0,0
2023-07-23,59.99,41.99,18.0,42.86734936889736,9,23,2.0,58.60917808219179,4.0,0
2023-07-24,59.99,41.99,18.0,42.86734936889736,10,24,2.0,58.609178082191775,4.0,0
2023-07-25,59.99,41.99,18.0,42.86734936889736,11,25,2.0,58.60917808219179,4.0,0
2023-07-26,59.99,41.99,18.0,42.86734936889736,12,26,2.0,58.609178082191775,4.0,0
2023-07-27,59.99,41.99,18.0,42.86734936889736,13,27,2.0,58.60917808219179,4.0,0
2023-07-28,59.99,41.99,18.0,42.86734936889736,14,28,2.0,58.609178082191775,4.0,0
2023-07-29,59.99,41.99,18.0,42.86734936889736,15,29,2.0,58.60917808219179,4.0,0
2023-07-30,59.99,41.99,18.0,42.86734936889736,16,30,2.0,58.609178082191775,4.0,0
2023-07-31,59.99,41.99,18.0,42.86734936889736,17,31,2.0,58.60917808219179,4.0,0
2023-08-01,59.99,41.99,18.0,42.86734936889736,18,32,2.0,58.60917808219179,4.0,0
2023-08-02,59.99,41.99,18.0,42.86734936889736,19,33,2.0,58.609178082191775,4.0,0
2023-08-03,59.99,41.99,18.0,42.86734936889736,20,34,2.0,58.60917808219179,4.0,0
2023-08-04,59.99,41.99,18.0,42.86734936889736,21,35,2.0,58.609178082191775,4.0,0
2023-08-05,59.99,41.99,18.0,42.86734936889736,22,36,2.0,58.60917808219179,4.0,0
2023-08-06,59.99,41.99,18.0,42.86734936889736,23,37,2.0,58.609178082191775,4.0,0
2023-08-07,59.99,41.99,18.0,42.86734936889736,24,38,2.0,58.60917808219179,4.0,0
2023-08-08,59.99,41.99,18.0,42.86734936889736,25,39,2.0,58.60917808219179,4.0,0
2023-08-09,59.99,41.99,18.0,42.86734936889736,26,40,2.0,58.60917808219179,4.0,0
2023-08-10,59.99,41.99,18.0,42.86734936889736,27,41,2.0,58.60917808219179,4.0,0
2023-08-11,59.99,41.99,18.0,42.86734936889736,28,42,2.0,58.609178082191775,4.0,0
2023-08-12,59.99,41.99,18.0,42.86734936889736,29,43,2.0,58.60917808219179,4.0,0
2023-08-13,59.99,41.99,18.0,42.86734936889736,30,44,2.0,58.609178082191775,4.0,0
2023-08-14,59.99,41.99,18.0,42.86734936889736,31,45,2.0,58.60917808219179,4.0,0
2023-08-15,59.99,41.99,18.0,42.86734936889736,32,46,2.0,58.609178082191775,4.0,0
2023-08-16,59.99,41.99,18.0,42.86734936889736,33,47,2.0,58.60917808219179,4.0,0
2023-08-17,59.99,41.99,18.0,42.86734936889736,34,48,2.0,58.60917808219179,4.0,0
2023-08-18,59.99,41.99,18.0,42.86734936889736,35,49,2.0,58.609178082191775,4.0,0
2023-08-19,59.99,41.99,18.0,42.86734936889736,36,50,2.0,58.60917808219179,4.0,0
2023-08-20,59.99,41.99,18.0,42.86734936889736,37,51,2.0,58.609178082191775,4.0,0
2023-08-21,59.99,41.99,18.0,42.86734936889736,38,52,2.0,58.60917808219179,4.0,0
2023-08-22,59.99,41.99,18.0,42.86734936889736,39,53,2.0,58.609178082191775,4.0,0
2023-08-23,59.99,41.99,18.0,42.86734936889736,40,54,2.0,58.60917808219179,4.0,0
2023-08-24,59.99,41.99,18.0,42.86734936889736,41,55,2.0,58.609178082191775,4.0,0
2023-08-25,59.99,41.99,18.0,42.86734936889736,42,56,2.0,58.60917808219179,4.0,0
2023-08-26,59.99,41.99,18.0,42.86734936889736,43,57,2.0,58.60917808219179,4.0,0
2023-08-27,59.99,41.99,18.0,42.86734936889736,44,58,2.0,58.609178082191775,4.0,0
2023-08-28,59.99,41.99,18.0,42.86734936889736,45,59,2.0,58.60917808219179,4.0,0
2023-08-29,59.99,41.99,18.0,42.86734936889736,46,60,2.0,58.609178082191775,4.0,0
2023-08-30,59.99,41.99,18.0,42.86734936889736,47,61,2.0,58.60917808219179,4.0,0
2023-08-31,59.99,41.99,18.0,42.86734936889736,48,62,2.0,58.609178082191775,4.0,0
2023-09-01,59.99,41.99,18.0,42.86734936889736,49,63,2.0,58.60917808219179,4.0,0
2023-09-02,59.99,41.99,18.0,42.86734936889736,50,64,2.0,58.60917808219179,4.0,0
2023-09-03,59.99,41.99,18.0,42.86734936889736,51,65,2.0,58.609178082191775,4.0,0
2023-09-04,59.99,41.99,18.0,42.86734936889736,52,66,2.0,58.60917808219179,4.0,0
2023-09-05,59.99,41.99,18.0,42.86734936889736,53,67,2.0,58.609178082191775,4.0,0
2023-09-06,59.99,41.99,18.0,42.86734936889736,54,68,2.0,58.60917808219179,4.0,1
2023-09-07,59.99,41.99,18.0,42.86734936889736,55,69,2.0,58.609178082191775,4.0,1
2023-09-08,59.99,41.99,18.0,42.86734936889736,56,70,2.0,58.60917808219179,4.0,1
2023-09-09,59.99,41.99,18.0,42.86734936889736,57,71,2.0,58.609178082191775,4.0,1
2023-09-10,59.99,41.99,18.0,42.86734936889736,58,72,2.0,58.60917808219179,4.0,1
2023-09-11,59.99,41.99,18.0,42.86734936889736,59,73,2.0,58.60917808219179,4.0,1
2023-09-12,59.99,41.99,18.0,42.86734936889736,60,74,2.0,58.609178082191775,4.0,1
2023-09-13,59.99,41.99,18.0,42.86734936889736,61,75,2.0,58.60917808219179,4.0,1
2023-09-14,59.99,41.99,18.0,42.86734936889736,62,76,2.0,58.609178082191775,4.0,1
2023-09-15,59.99,41.99,18.0,42.86734936889736,63,77,2.0,58.60917808219179,4.0,1
2023-09-16,59.99,41.99,18.0,42.86734936889736,64,78,2.0,58.609178082191775,4.0,1
2023-09-17,59.99,41.99,18.0,42.86734936889736,65,79,2.0,58.60917808219179,4.0,1
2023-09-18,59.99,41.99,18.0,42.86734936889736,66,80,2.0,58.60917808219179,4.0,1
2023-09-19,59.99,41.99,18.0,42.86734936889736,67,81,2.0,58.60917808219179,4.0,1
2023-09-20,59.99,41.99,18.0,42.86734936889736,68,82,2.0,58.60917808219179,4.0,1
2023-09-21,59.99,41.99,18.0,42.86734936889736,69,83,2.0,58.609178082191775,4.0,1
2023-09-22,59.99,41.99,18.0,42.86734936889736,70,84,2.0,58.60917808219179,4.0,1
2023-09-23,59.99,41.99,18.0,42.86734936889736,71,85,2.0,58.609178082191775,4.0,1
2023-09-24,59.99,41.99,18.0,42.86734936889736,72,86,2.0,58.60917808219179,4.0,1
2023-09-25,59.99,41.99,18.0,42.86734936889736,73,87,2.0,58.609178082191775,4.0,1
2023-09-26,59.99,41.99,18.0,42.86734936889736,74,88,2.0,58.60917808219179,4.0,1
2023-09-27,59.99,41.99,18.0,42.86734936889736,75,89,2.0,58.60917808219179,4.0,1
2023-09-28,59.99,41.99,18.0,42.86734936889736,76,90,2.0,58.609178082191775,4.0,1
2023-09-29,59.99,41.99,18.0,42.86734936889736,77,91,2.0,58.60917808219179,4.0,1
2023-09-30,59.99,41.99,18.0,42.86734936889736,78,92,2.0,58.609178082191775,4.0,1
2023-10-01,59.99,41.99,18.0,42.86734936889736,79,93,2.0,58.60917808219179,4.0,1
2023-10-02,59.99,41.99,18.0,42.86734936889736,80,94,2.0,58.609178082191775,4.0,1
2023-10-03,59.99,41.99,18.0,42.86734936889736,81,95,2.0,58.60917808219179,4.0,1
2023-10-04,59.99,41.99,18.0,42.86734936889736,82,96,2.0,58.609178082191775,4.0,1
2023-10-05,59.99,41.99,18.0,42.86734936889736,83,97,2.0,58.60917808219179,4.0,1
2023-10-06,39.59,39.59,0.0,0.0,0,0,2.0,58.60917808219179,4.0,0
2023-10-07,39.59,39.59,0.0,0.0,1,1,3.0,58.55328767123288,5.0,0
2023-10-08,39.59,39.59,0.0,0.0,2,2,3.0,58.49739726027398,5.0,0
2023-10-09,39.59,39.59,0.0,0.0,3,3,3.0,58.44150684931506,5.0,0
2023-10-10,39.59,39.59,0.0,0.0,4,4,3.0,58.385616438356166,5.0,0
2023-10-11,39.59,39.59,0.0,0.0,5,5,3.0,58.32972602739726,5.0,0
2023-10-12,39.59,39.59,0.0,0.0,6,6,3.0,58.273835616438355,5.0,0
2023-10-13,39.59,39.59,0.0,0.0,7,7,3.0,58.21794520547945,5.0,0
2023-10-14,39.59,39.59,0.0,0.0,8,8,3.0,58.16205479452055,5.0,0
2023-10-15,39.59,39.59,0.0,0.0,9,9,3.0,58.10616438356164,5.0,0
2023-10-16,39.59,39.59,0.0,0.0,10,10,3.0,58.05027397260274,5.0,0
2023-10-17,39.59,39.59,0.0,0.0,11,11,3.0,57.994383561643836,5.0,0
2023-10-18,39.59,39.59,0.0,0.0,12,12,3.0,57.93849315068493,5.0,0
2023-10-19,39.59,39.59,0.0,0.0,13,13,3.0,57.88260273972603,5.0,0
2023-10-20,59.99,39.59,20.4,51.528163677696384,0,14,3.0,57.82671232876712,5.0,0
2023-10-21,59.99,39.59,20.4,51.528163677696384,1,15,3.0,57.82671232876714,6.0,0
2023-10-22,59.99,39.59,20.4,51.528163677696384,2,16,3.0,57.82671232876712,6.0,0
2023-10-23,59.99,39.59,20.4,51.528163677696384,3,17,3.0,57.82671232876712,6.0,0
2023-10-24,59.99,39.59,20.4,51.528163677696384,4,18,3.0,57.82671232876712,6.0,0
2023-10-25,59.99,39.59,20.4,51.528163677696384,5,19,3.0,57.82671232876712,6.0,0
2023-10-26,59.99,39.59,20.4,51.528163677696384,6,20,3.0,57.82671232876712,6.0,0
2023-10-27,59.99,39.59,20.4,51.528163677696384,7,21,3.0,57.82671232876712,6.0,0
2023-10-28,59.99,39.59,20.4,51.528163677696384,8,22,3.0,57.82671232876714,6.0,0
2023-10-29,59.99,39.59,20.4,51.528163677696384,9,23,3.0,57.82671232876712,6.0,0
2023-10-30,59.99,39.59,20.4,51.528163677696384,10,24,3.0,57.82671232876714,6.0,0
2023-10-31,59.99,39.59,20.4,51.528163677696384,11,25,3.0,57.82671232876712,6.0,0
2023-11-01,59.99,39.59,20.4,51.528163677696384,12,26,3.0,57.82671232876712,6.0,0
2023-11-02,59.99,39.59,20.4,51.528163677696384,13,27,3.0,57.82671232876712,6.0,0
2023-11-03,59.99,39.59,20.4,51.528163677696384,14,28,3.0,57.82671232876712,6.0,0
2023-11-04,59.99,39.59,20.4,51.528163677696384,15,29,3.0,57.82671232876712,6.0,0
2023-11-05,59.99,39.59,20.4,51.528163677696384,16,30,3.0,57.82671232876712,6.0,0
2023-11-06,59.99,39.59,20.4,51.528163677696384,17,31,3.0,57.82671232876714,6.0,0
2023-11-07,59.99,39.59,20.4,51.528163677696384,18,32,3.0,57.82671232876712,6.0,0
2023-11-08,59.99,39.59,20.4,51.528163677696384,19,33,3.0,57.82671232876714,6.0,0
2023-11-09,59.99,39.59,20.4,51.528163677696384,20,34,3.0,57.82671232876712,6.0,0
2023-11-10,59.99,39.59,20.4,51.528163677696384,21,35,3.0,57.82671232876712,6.0,0
2023-11-11,59.99,39.59,20.4,51.528163677696384,22,36,3.0,57.82671232876712,6.0,0
2023-11-12,59.99,39.59,20.4,51.528163677696384,23,37,3.0,57.82671232876712,6.0,0
2023-11-13,59.99,39.59,20.4,51.528163677696384,24,38,3.0,57.82671232876714,6.0,0
2023-11-14,59.99,39.59,20.4,51.528163677696384,25,39,3.0,57.82671232876712,6.0,0
2023-11-15,59.99,39.59,20.4,51.528163677696384,26,40,3.0,57.82671232876714,6.0,0
2023-11-16,59.99,39.59,20.4,51.528163677696384,27,41,3.0,57.82671232876712,6.0,0
2023-11-17,59.99,39.59,20.4,51.528163677696384,28,42,3.0,57.82671232876712,6.0,0
2023-11-18,59.99,39.59,20.4,51.528163677696384,29,43,3.0,57.82671232876712,6.0,0
2023-11-19,59.99,39.59,20.4,51.528163677696384,30,44,3.0,57.82671232876712,6.0,0
2023-11-20,59.99,39.59,20.4,51.528163677696384,31,45,3.0,57.82671232876712,6.0,0
2023-11-21,59.99,39.59,20.4,51.528163677696384,32,46,3.0,57.82671232876712,6.0,0
2023-11-22,59.99,39.59,20.4,51.528163677696384,33,47,3.0,57.82671232876714,6.0,1
2023-11-23,59.99,39.59,20.4,51.528163677696384,34,48,3.0,57.82671232876712,6.0,1
2023-11-24,59.99,39.59,20.4,51.528163677696384,35,49,3.0,57.82671232876714,6.0,1
2023-11-25,59.99,39.59,20.4,51.528163677696384,36,50,3.0,57.82671232876712,6.0,1
2023-11-26,59.99,39.59,20.4,51.528163677696384,37,51,3.0,57.82671232876712,6.0,1
2023-11-27,59.99,39.59,20.4,51.528163677696384,38,52,3.0,57.82671232876712,6.0,1
2023-11-28,59.99,39.59,20.4,51.528163677696384,39,53,3.0,57.82671232876712,6.0,1
2023-11-29,59.99,39.59,20.4,51.528163677696384,40,54,3.0,57.82671232876712,6.0,1
2023-11-30,59.99,39.59,20.4,51.528163677696384,41,55,3.0,57.82671232876712,6.0,1
2023-12-01,59.99,39.59,20.4,51.528163677696384,42,56,3.0,57.82671232876714,6.0,1
2023-12-02,59.99,39.59,20.4,51.528163677696384,43,57,3.0,57.82671232876712,6.0,1
2023-12-03,59.99,39.59,20.4,51.528163677696384,44,58,3.0,57.82671232876712,6.0,1
2023-12-04,59.99,39.59,20.4,51.528163677696384,45,59,3.0,57.82671232876712,6.0,1
2023-12-05,59.99,39.59,20.4,51.528163677696384,46,60,3.0,57.82671232876712,6.0,1
2023-12-06,59.99,39.59,20.4,51.528163677696384,47,61,3.0,57.82671232876712,6.0,1
2023-12-07,59.99,39.59,20.4,51.528163677696384,48,62,3.0,57.82671232876712,6.0,1
2023-12-08,59.99,39.59,20.4,51.528163677696384,49,63,3.0,57.82671232876714,6.0,1
2023-12-09,59.99,39.59,20.4,51.528163677696384,50,64,3.0,57.82671232876712,6.0,1
2023-12-10,59.99,39.59,20.4,51.528163677696384,51,65,3.0,57.82671232876714,6.0,1
2023-12-11,59.99,39.59,20.4,51.528163677696384,52,66,3.0,57.82671232876712,6.0,1
2023-12-12,59.99,39.59,20.4,51.528163677696384,53,67,3.0,57.82671232876712,6.0,1
2023-12-13,59.99,39.59,20.4,51.528163677696384,54,68,3.0,57.82671232876712,6.0,1
2023-12-14,59.99,39.59,20.4,51.528163677696384,55,69,3.0,57.82671232876712,6.0,1
2023-12-15,59.99,39.59,20.4,51.528163677696384,56,70,3.0,57.82671232876712,6.0,1
2023-12-16,59.99,39.59,20.4,51.528163677696384,57,71,3.0,57.82671232876712,6.0,1
2023-12-17,59.99,39.59,20.4,51.528163677696384,58,72,3.0,57.82671232876714,6.0,1
2023-12-18,59.99,39.59,20.4,51.528163677696384,59,73,3.0,57.82671232876712,6.0,1
2023-12-19,59.99,39.59,20.4,51.528163677696384,60,74,3.0,57.82671232876714,6.0,1
2023-12-20,59.99,39.59,20.4,51.528163677696384,61,75,3.0,57.82671232876712,6.0,1
2023-12-21,59.99,39.59,20.4,51.528163677696384,62,76,3.0,57.82671232876712,6.0,1
2023-12-22,35.99,35.99,0.0,0.0,0,0,3.0,57.82671232876712,6.0,0
2023-12-23,35.99,35.99,0.0,0.0,1,1,4.0,57.760958904109586,7.0,0
2023-12-24,35.99,35.99,0.0,0.0,2,2,3.0,57.74452054794521,6.0,0
2023-12-25,35.99,35.99,0.0,0.0,3,3,3.0,57.72808219178082,6.0,0
2023-12-26,35.99,35.99,0.0,0.0,4,4,3.0,57.71164383561645,6.0,0
2023-12-27,35.99,35.99,0.0,0.0,5,5,3.0,57.695205479452056,6.0,0
2023-12-28,35.99,35.99,0.0,0.0,6,6,3.0,57.67876712328767,6.0,0
2023-12-29,35.99,35.99,0.0,0.0,7,7,3.0,57.662328767123284,6.0,0
2023-12-30,35.99,35.99,0.0,0.0,8,8,3.0,57.645890410958906,6.0,0
2023-12-31,35.99,35.99,0.0,0.0,9,9,3.0,57.62945205479452,6.0,0
2024-01-01,35.99,35.99,0.0,0.0,10,10,3.0,57.613013698630134,6.0,0
2024-01-02,35.99,35.99,0.0,0.0,11,11,3.0,57.59657534246576,6.0,0
2024-01-03,35.99,35.99,0.0,0.0,12,12,3.0,57.58013698630137,6.0,0
2024-01-04,35.99,35.99,0.0,0.0,13,13,3.0,57.563698630137,6.0,0
2024-01-05,59.99,35.99,24.0,66.6851903306474,0,14,3.0,57.547260273972604,6.0,0
2024-01-06,59.99,35.99,24.0,66.6851903306474,1,15,3.0,57.596575342465755,7.0,0
2024-01-07,59.99,35.99,24.0,66.6851903306474,2,16,3.0,57.596575342465755,6.0,0
2024-01-08,59.99,35.99,24.0,66.6851903306474,3,17,3.0,57.596575342465755,6.0,0
2024-01-09,59.99,35.99,24.0,66.6851903306474,4,18,3.0,57.596575342465755,6.0,0
2024-01-10,59.99,35.99,24.0,66.6851903306474,5,19,3.0,57.596575342465755,6.0,0
2024-01-11,59.99,35.99,24.0,66.6851903306474,6,20,3.0,57.59657534246576,6.0,0
2024-01-12,59.99,35.99,24.0,66.6851903306474,7,21,3.0,57.596575342465755,6.0,0
2024-01-13,59.99,35.99,24.0,66.6851903306474,8,22,3.0,57.59657534246576,6.0,0
2024-01-14,59.99,35.99,24.0,66.6851903306474,9,23,3.0,57.596575342465755,6.0,0
2024-01-15,59.99,35.99,24.0,66.6851903306474,10,24,3.0,57.596575342465755,6.0,0
2024-01-16,59.99,35.99,24.0,66.6851903306474,11,25,3.0,57.596575342465755,6.0,0
2024-01-17,59.99,35.99,24.0,66.6851903306474,12,26,3.0,57.596575342465755,6.0,0
2024-01-18,59.99,35.99,24.0,66.6851903306474,13,27,3.0,57.59657534246576,6.0,0
2024-01-19,59.99,35.99,24.0,66.6851903306474,14,28,3.0,57.596575342465755,6.0,0
2024-01-20,59.99,35.99,24.0,66.6851903306474,15,29,3.0,57.59657534246576,6.0,0
2024-01-21,59.99,35.99,24.0,66.6851903306474,16,30,3.0,57.596575342465755,6.0,0
2024-01-22,59.99,35.99,24.0,66.6851903306474,17,31,3.0,57.596575342465755,6.0,0
2024-01-23,59.99,35.99,24.0,66.6851903306474,18,32,3.0,57.596575342465755,6.0,0
2024-01-24,59.99,35.99,24.0,66.6851903306474,19,33,3.0,57.596575342465755,6.0,0
2024-01-25,59.99,35.99,24.0,66.6851903306474,20,34,3.0,57.596575342465755,6.0,0
2024-01-26,59.99,35.99,24.0,66.6851903306474,21,35,3.0,57.596575342465755,6.0,0
2024-01-27,59.99,35.99,24.0,66.6851903306474,22,36,3.0,57.59657534246576,6.0,0
2024-01-28,59.99,35.99,24.0,66.6851903306474,23,37,3.0,57.596575342465755,6.0,0
2024-01-29,59.99,35.99,24.0,66.6851903306474,24,38,3.0,57.59657534246576,6.0,0
2024-01-30,59.99,35.99,24.0,66.6851903306474,25,39,3.0,57.596575342465755,6.0,0
2024-01-31,59.99,35.99,24.0,66.6851903306474,26,40,3.0,57.596575342465755,6.0,0
2024-02-01,59.99,35.99,24.0,66.6851903306474,27,41,3.0,57.596575342465755,6.0,0
2024-02-02,59.99,35.99,24.0,66.6851903306474,28,42,3.0,57.596575342465755,6.0,0
2024-02-03,59.99,35.99,24.0,66.6851903306474,29,43,3.0,57.596575342465755,6.0,0
2024-02-04,59.99,35.99,24.0,66.6851903306474,30,44,3.0,57.596575342465755,6.0,0
2024-02-05,59.99,35.99,24.0,66.6851903306474,31,45,3.0,57.59657534246576,6.0,0
2024-02-06,59.99,35.99,24.0,66.6851903306474,32,46,3.0,57.596575342465755,6.0,0
2024-02-07,59.99,35.99,24.0,66.6851903306474,33,47,3.0,57.596575342465755,6.0,0
2024-02-08,59.99,35.99,24.0,66.6851903306474,34,48,3.0,57.596575342465755,6.0,0
2024-02-09,59.99,35.99,24.0,66.6851903306474,35,49,3.0,57.596575342465755,6.0,0
2024-02-10,59.99,35.99,24.0,66.6851903306474,36,50,3.0,57.596575342465755,6.0,0
2024-02-11,59.99,35.99,24.0,66.6851903306474,37,51,3.0,57.596575342465755,6.0,0
2024-02-12,59.99,35.99,24.0,66.6851903306474,38,52,3.0,57.59657534246576,6.0,0
2024-02-13,59.99,35.99,24.0,66.6851903306474,39,53,3.0,57.596575342465755,6.0,0
2024-02-14,59.99,35.99,24.0,66.6851903306474,40,54,3.0,57.59657534246576,6.0,0
2024-02-15,59.99,35.99,24.0,66.6851903306474,41,55,3.0,57.596575342465755,6.0,0
2024-02-16,59.99,35.99,24.0,66.6851903306474,42,56,3.0,57.596575342465755,6.0,0
2024-02-17,59.99,35.99,24.0,66.6851903306474,43,57,3.0,57.596575342465755,6.0,0
2024-02-18,59.99,35.99,24.0,66.6851903306474,44,58,3.0,57.596575342465755,6.0,0
2024-02-19,59.99,35.99,24.0,66.6851903306474,45,59,3.0,57.596575342465755,6.0,0
2024-02-20,59.99,35.99,24.0,66.6851903306474,46,60,3.0,57.596575342465755,6.0,0
2024-02-21,59.99,35.99,24.0,66.6851903306474,47,61,3.0,57.59657534246576,6.0,0
2024-02-22,59.99,35.99,24.0,66.6851903306474,48,62,3.0,57.596575342465755,6.0,0
2024-02-23,59.99,35.99,24.0,66.6851903306474,49,63,3.0,57.59657534246576,6.0,0
2024-02-24,59.99,35.99,24.0,66.6851903306474,50,64,3.0,57.596575342465755,6.0,0
2024-02-25,59.99,35.99,24.0,66.6851903306474,51,65,3.0,57.596575342465755,6.0,0
2024-02-26,59.99,35.99,24.0,66.6851903306474,52,66,3.0,57.596575342465755,6.0,0
2024-02-27,59.99,35.99,24.0,66.6851903306474,53,67,3.0,57.596575342465755,6.0,0
2024-02-28,59.99,35.99,24.0,66.6851903306474,54,68,3.0,57.596575342465755,6.0,0
2024-02-29,59.99,35.99,24.0,66.6851903306474,55,69,3.0,57.596575342465755,6.0,0
2024-03-01,59.99,35.99,24.0,66.6851903306474,56,70,3.0,57.59657534246576,6.0,0
2024-03-02,59.99,35.99,24.0,66.6851903306474,57,71,3.0,57.596575342465755,6.0,0
2024-03-03,59.99,35.99,24.0,66.6851903306474,58,72,3.0,57.596575342465755,6.0,0
2024-03-04,59.99,35.99,24.0,66.6851903306474,59,73,3.0,57.596575342465755,6.0,0
2024-03-05,59.99,35.99,24.0,66.6851903306474,60,74,3.0,57.596575342465755,6.0,0
2024-03-06,59.99,35.99,24.0,66.6851903306474,61,75,3.0,57.596575342465755,6.0,0
2024-03-07,59.99,35.99,24.0,66.6851903306474,62,76,3.0,57.596575342465755,6.0,0
2024-03-08,59.99,35.99,24.0,66.6851903306474,63,77,3.0,57.59657534246576,6.0,0
2024-03-09,59.99,35.99,24.0,66.6851903306474,64,78,3.0,57.596575342465755,6.0,0
2024-03-10,59.99,35.99,24.0,66.6851903306474,65,79,3.0,57.59657534246576,6.0,0
2024-03-11,59.99,35.99,24.0,66.6851903306474,66,80,3.0,57.596575342465755,6.0,0
2024-03-12,59.99,35.99,24.0,66.6851903306474,67,81,3.0,57.596575342465755,6.0,0
2024-03-13,59.99,35.99,24.0,66.6851903306474,68,82,3.0,57.596575342465755,6.0,0
2024-03-14,59.99,35.99,24.0,66.6851903306474,69,83,3.0,57.596575342465755,6.0,0
2024-03-15,59.99,35.99,24.0,66.6851903306474,70,84,3.0,57.596575342465755,6.0,0
2024-03-16,59.99,35.99,24.0,66.6851903306474,71,85,3.0,57.596575342465755,6.0,0
2024-03-17,59.99,35.99,24.0,66.6851903306474,72,86,3.0,57.59657534246576,6.0,0
2024-03-18,59.99,35.99,24.0,66.6851903306474,73,87,3.0,57.596575342465755,6.0,0
2024-03-19,59.99,35.99,24.0,66.6851903306474,74,88,3.0,57.59657534246576,6.0,0
2024-03-20,59.99,35.99,24.0,66.6851903306474,75,89,3.0,57.596575342465755,6.0,0
2024-03-21,59.99,35.99,24.0,66.6851903306474,76,90,3.0,57.596575342465755,6.0,0
2024-03-22,59.99,35.99,24.0,66.6851903306474,77,91,3.0,57.596575342465755,6.0,0
2024-03-23,59.99,35.99,24.0,66.6851903306474,78,92,3.0,57.596575342465755,6.0,0
2024-03-24,59.99,35.99,24.0,66.6851903306474,79,93,3.0,57.596575342465755,6.0,0
2024-03-25,59.99,35.99,24.0,66.6851903306474,80,94,3.0,57.596575342465755,6.0,0
2024-03-26,59.99,35.99,24.0,66.6851903306474,81,95,3.0,57.59657534246576,6.0,0
2024-03-27,59.99,35.99,24.0,66.6851903306474,82,96,3.0,57.596575342465755,6.0,0
2024-03-28,59.99,35.99,24.0,66.6851903306474,83,97,3.0,57.596575342465755,6.0,0
2024-03-29,59.99,35.99,24.0,66.6851903306474,84,98,3.0,57.596575342465755,6.0,0
2024-03-30,59.99,35.99,24.0,66.6851903306474,85,99,3.0,57.596575342465755,6.0,0
2024-03-31,59.99,35.99,24.0,66.6851903306474,86,100,3.0,57.596575342465755,6.0,0
2024-04-01,59.99,35.99,24.0,66.6851903306474,87,101,3.0,57.596575342465755,6.0,0
2024-04-02,59.99,35.99,24.0,66.6851903306474,88,102,3.0,57.59657534246576,6.0,0
2024-04-03,59.99,35.99,24.0,66.6851903306474,89,103,3.0,57.596575342465755,6.0,0
2024-04-04,59.99,35.99,24.0,66.6851903306474,90,104,3.0,57.59657534246576,6.0,0
2024-04-05,59.99,35.99,24.0,66.6851903306474,91,105,3.0,57.596575342465755,6.0,0
2024-04-06,59.99,35.99,24.0,66.6851903306474,92,106,3.0,57.596575342465755,6.0,0
2024-04-07,59.99,35.99,24.0,66.6851903306474,93,107,3.0,57.596575342465755,6.0,0
2024-04-08,59.99,35.99,24.0,66.6851903306474,94,108,3.0,57.596575342465755,6.0,0
2024-04-09,59.99,35.99,24.0,66.6851903306474,95,109,3.0,57.596575342465755,6.0,0
2024-04-10,59.99,35.99,24.0,66.6851903306474,96,110,3.0,57.596575342465755,6.0,0
2024-04-11,59.99,35.99,24.0,66.6851903306474,97,111,3.0,57.59657534246576,6.0,0
2024-04-12,59.99,35.99,24.0,66.6851903306474,98,112,3.0,57.596575342465755,6.0,0
2024-04-13,59.99,35.99,24.0,66.6851903306474,99,113,3.0,57.596575342465755,6.0,0
2024-04-14,59.99,35.99,24.0,66.6851903306474,100,114,3.0,57.596575342465755,6.0,0
2024-04-15,59.99,35.99,24.0,66.6851903306474,101,115,3.0,57.596575342465755,6.0,0
2024-04-16,59.99,35.99,24.0,66.6851903306474,102,116,3.0,57.596575342465755,6.0,0
2024-04-17,59.99,35.99,24.0,66.6851903306474,103,117,3.0,57.596575342465755,6.0,0
2024-04-18,59.99,35.99,24.0,66.6851903306474,104,118,3.0,57.59657534246576,6.0,0
2024-04-19,59.99,35.99,24.0,66.6851903306474,105,119,3.0,57.596575342465755,6.0,0
2024-04-20,59.99,35.99,24.0,66.6851903306474,106,120,3.0,57.59657534246576,6.0,0
2024-04-21,59.99,35.99,24.0,66.6851903306474,107,121,3.0,57.596575342465755,6.0,0
2024-04-22,59.99,35.99,24.0,66.6851903306474,108,122,3.0,57.596575342465755,6.0,0
2024-04-23,59.99,35.99,24.0,66.6851903306474,109,123,3.0,57.596575342465755,6.0,0
2024-04-24,59.99,35.99,24.0,66.6851903306474,110,124,3.0,57.596575342465755,6.0,0
2024-04-25,59.99,35.99,24.0,66.6851903306474,111,125,3.0,57.596575342465755,6.0,0
2024-04-26,59.99,35.99,24.0,66.6851903306474,112,126,3.0,57.596575342465755,6.0,0
2024-04-27,59.99,35.99,24.0,66.6851903306474,113,127,3.0,57.59657534246576,6.0,0
2024-04-28,59.99,35.99,24.0,66.6851903306474,114,128,3.0,57.596575342465755,6.0,0
2024-04-29,59.99,35.99,24.0,66.6851903306474,115,129,3.0,57.59657534246576,6.0,0
2024-04-30,59.99,35.99,24.0,66.6851903306474,116,130,3.0,57.596575342465755,6.0,0
2024-05-01,59.99,35.99,24.0,66.6851903306474,117,131,3.0,57.596575342465755,6.0,0
2024-05-02,59.99,35.99,24.0,66.6851903306474,118,132,3.0,57.596575342465755,6.0,0
2024-05-03,59.99,35.99,24.0,66.6851903306474,119,133,3.0,57.596575342465755,6.0,0
2024-05-04,59.99,35.99,24.0,66.6851903306474,120,134,3.0,57.596575342465755,6.0,0
2024-05-05,59.99,35.99,24.0,66.6851903306474,121,135,3.0,57.596575342465755,6.0,0
2024-05-06,59.99,35.99,24.0,66.6851903306474,122,136,3.0,57.59657534246576,6.0,0
2024-05-07,59.99,35.99,24.0,66.6851903306474,123,137,3.0,57.596575342465755,6.0,0
2024-05-08,59.99,35.99,24.0,66.6851903306474,124,138,3.0,57.596575342465755,6.0,0
2024-05-09,59.99,35.99,24.0,66.6851903306474,125,139,3.0,57.596575342465755,6.0,0
2024-05-10,59.99,35.99,24.0,66.6851903306474,126,140,3.0,57.596575342465755,6.0,0
2024-05-11,59.99,35.99,24.0,66.6851903306474,127,141,3.0,57.596575342465755,6.0,0
2024-05-12,59.99,35.99,24.0,66.6851903306474,128,142,3.0,57.596575342465755,6.0,0
2024-05-13,59.99,35.99,24.0,66.6851903306474,129,143,3.0,57.59657534246576,6.0,0
2024-05-14,59.99,35.99,24.0,66.6851903306474,130,144,3.0,57.596575342465755,6.0,0
2024-05-15,59.99,35.99,24.0,66.6851903306474,131,145,3.0,57.59657534246576,6.0,0
2024-05-16,59.99,35.99,24.0,66.6851903306474,132,146,3.0,57.596575342465755,6.0,0
2024-05-17,59.99,35.99,24.0,66.6851903306474,133,147,3.0,57.596575342465755,6.0,0
2024-05-18,59.99,35.99,24.0,66.6851903306474,134,148,3.0,57.596575342465755,6.0,0
2024-05-19,59.99,35.99,24.0,66.6851903306474,135,149,3.0,57.596575342465755,6.0,0
2024-05-20,59.99,35.99,24.0,66.6851903306474,136,150,3.0,57.596575342465755,6.0,0
2024-05-21,59.99,35.99,24.0,66.6851903306474,137,151,3.0,57.596575342465755,6.0,0
2024-05-22,59.99,35.99,24.0,66.6851903306474,138,152,3.0,57.59657534246576,6.0,0
2024-05-23,59.99,35.99,24.0,66.6851903306474,139,153,3.0,57.596575342465755,6.0,0
2024-05-24,59.99,35.99,24.0,66.6851903306474,140,154,3.0,57.59657534246576,6.0,0
2024-05-25,59.99,35.99,24.0,66.6851903306474,141,155,3.0,57.596575342465755,6.0,0
2024-05-26,59.99,35.99,24.0,66.6851903306474,142,156,3.0,57.596575342465755,6.0,0
2024-05-27,59.99,35.99,24.0,66.6851903306474,143,157,3.0,57.596575342465755,6.0,0
2024-05-28,59.99,35.99,24.0,66.6851903306474,144,158,3.0,57.596575342465755,6.0,0
2024-05-29,59.99,35.99,24.0,66.6851903306474,145,159,3.0,57.596575342465755,6.0,1
2024-05-30,59.99,35.99,24.0,66.6851903306474,146,160,3.0,57.596575342465755,6.0,1
2024-05-31,59.99,35.99,24.0,66.6851903306474,147,161,3.0,57.59657534246576,6.0,1
2024-06-01,59.99,35.99,24.0,66.6851903306474,148,162,3.0,57.596575342465755,6.0,1
2024-06-02,59.99,35.99,24.0,66.6851903306474,149,163,3.0,57.596575342465755,6.0,1
2024-06-03,59.99,35.99,24.0,66.6851903306474,150,164,3.0,57.596575342465755,6.0,1
2024-06-04,59.99,35.99,24.0,66.6851903306474,151,165,3.0,57.596575342465755,6.0,1
2024-06-05,59.99,35.99,24.0,66.6851903306474,152,166,3.0,57.596575342465755,6.0,1
2024-06-06,59.99,35.99,24.0,66.6851903306474,153,167,3.0,57.596575342465755,6.0,1
2024-06-07,59.99,35.99,24.0,66.6851903306474,154,168,3.0,57.59657534246576,6.0,1
2024-06-08,59.99,35.99,24.0,66.6851903306474,155,169,3.0,57.596575342465755,6.0,1
2024-06-09,59.99,35.99,24.0,66.6851903306474,156,170,3.0,57.59657534246576,6.0,1
2024-06-10,59.99,35.99,24.0,66.6851903306474,157,171,3.0,57.596575342465755,6.0,1
2024-06-11,59.99,35.99,24.0,66.6851903306474,158,172,3.0,57.596575342465755,6.0,1
2024-06-12,59.99,35.99,24.0,66.6851903306474,159,173,3.0,57.596575342465755,6.0,1
2024-06-13,59.99,35.99,24.0,66.6851903306474,160,174,3.0,57.596575342465755,6.0,1
2024-06-14,59.99,35.99,24.0,66.6851903306474,161,175,3.0,57.596575342465755,6.0,1
2024-06-15,59.99,35.99,24.0,66.6851903306474,162,176,3.0,57.596575342465755,6.0,1
2024-06-16,59.99,35.99,24.0,66.6851903306474,163,177,3.0,57.59657534246576,6.0,1
2024-06-17,59.99,35.99,24.0,66.6851903306474,164,178,3.0,57.596575342465755,6.0,1
2024-06-18,59.99,35.99,24.0,66.6851903306474,165,179,3.0,57.596575342465755,6.0,1
2024-06-19,59.99,35.99,24.0,66.6851903306474,166,180,3.0,57.596575342465755,6.0,1
2024-06-20,59.99,35.99,24.0,66.6851903306474,167,181,3.0,57.596575342465755,6.0,1
2024-06-21,59.99,35.99,24.0,66.6851903306474,168,182,3.0,57.596575342465755,6.0,1
2024-06-22,59.99,35.99,24.0,66.6851903306474,169,183,3.0,57.596575342465755,6.0,1
2024-06-23,59.99,35.99,24.0,66.6851903306474,170,184,3.0,57.59657534246576,6.0,1
2024-06-24,59.99,35.99,24.0,66.6851903306474,171,185,3.0,57.596575342465755,6.0,1
2024-06-25,59.99,35.99,24.0,66.6851903306474,172,186,3.0,57.59657534246576,6.0,1
2024-06-26,59.99,35.99,24.0,66.6851903306474,173,187,3.0,57.596575342465755,6.0,1
2024-06-27,59.99,35.99,24.0,66.6851903306474,174,188,3.0,57.596575342465755,6.0,1
2024-06-28,41.99,35.99,6.0,16.67129758266185,0,0,3.0,57.596575342465755,6.0,0
2024-06-29,41.99,35.99,6.0,16.67129758266185,1,1,4.0,57.547260273972604,7.0,0
2024-06-30,41.99,35.99,6.0,16.67129758266185,2,2,3.0,57.547260273972604,6.0,0
2024-07-01,41.99,35.99,6.0,16.67129758266185,3,3,3.0,57.547260273972604,6.0,0
2024-07-02,41.99,35.99,6.0,16.67129758266185,4,4,3.0,57.54726027397261,6.0,0
2024-07-03,41.99,35.99,6.0,16.67129758266185,5,5,3.0,57.547260273972604,6.0,0
2024-07-04,41.99,35.99,6.0,16.67129758266185,6,6,3.0,57.54726027397261,6.0,0
2024-07-05,41.99,35.99,6.0,16.67129758266185,7,7,3.0,57.547260273972604,6.0,0
2024-07-06,41.99,35.99,6.0,16.67129758266185,8,8,3.0,57.547260273972604,6.0,0
2024-07-07,41.99,35.99,6.0,16.67129758266185,9,9,3.0,57.547260273972604,6.0,0
2024-07-08,41.99,35.99,6.0,16.67129758266185,10,10,3.0,57.547260273972604,6.0,0
2024-07-09,41.99,35.99,6.0,16.67129758266185,11,11,3.0,57.547260273972604,6.0,0
2024-07-10,41.99,35.99,6.0,16.67129758266185,12,12,3.0,57.547260273972604,6.0,0
2024-07-11,41.99,35.99,6.0,16.67129758266185,13,13,3.0,57.54726027397261,6.0,0
2024-07-12,59.99,35.99,24.0,66.6851903306474,0,14,3.0,57.547260273972604,6.0,0
2024-07-13,59.99,35.99,24.0,66.6851903306474,1,15,3.0,57.596575342465755,7.0,0
2024-07-14,59.99,35.99,24.0,66.6851903306474,2,16,3.0,57.596575342465755,6.0,0
2024-07-15,59.99,35.99,24.0,66.6851903306474,3,17,3.0,57.596575342465755,6.0,0
2024-07-16,59.99,35.99,24.0,66.6851903306474,4,18,3.0,57.596575342465755,6.0,0
2024-07-17,59.99,35.99,24.0,66.6851903306474,5,19,3.0,57.596575342465755,6.0,0
2024-07-18,59.99,35.99,24.0,66.6851903306474,6,20,3.0,57.59657534246576,6.0,0
2024-07-19,59.99,35.99,24.0,66.6851903306474,7,21,3.0,57.596575342465755,6.0,0
2024-07-20,59.99,35.99,24.0,66.6851903306474,8,22,3.0,57.59657534246576,6.0,0
2024-07-21,59.99,35.99,24.0,66.6851903306474,9,23,3.0,57.596575342465755,6.0,0
2024-07-22,59.99,35.99,24.0,66.6851903306474,10,24,3.0,57.596575342465755,6.0,0
2024-07-23,59.99,35.99,24.0,66.6851903306474,11,25,3.0,57.596575342465755,6.0,0
2024-07-24,59.99,35.99,24.0,66.6851903306474,12,26,3.0,57.596575342465755,6.0,0
2024-07-25,59.99,35.99,24.0,66.6851903306474,13,27,3.0,57.596575342465755,6.0,0
2024-07-26,59.99,35.99,24.0,66.6851903306474,14,28,3.0,57.596575342465755,6.0,0
2024-07-27,59.99,35.99,24.0,66.6851903306474,15,29,3.0,57.59657534246576,6.0,0
2024-07-28,59.99,35.99,24.0,66.6851903306474,16,30,3.0,57.596575342465755,6.0,0
2024-07-29,59.99,35.99,24.0,66.6851903306474,17,31,3.0,57.59657534246576,6.0,0
2024-07-30,59.99,35.99,24.0,66.6851903306474,18,32,3.0,57.596575342465755,6.0,0
2024-07-31,59.99,35.99,24.0,66.6851903306474,19,33,3.0,57.596575342465755,6.0,0
2024-08-01,59.99,35.99,24.0,66.6851903306474,20,34,3.0,57.596575342465755,6.0,0
2024-08-02,59.99,35.99,24.0,66.6851903306474,21,35,3.0,57.596575342465755,6.0,0
2024-08-03,59.99,35.99,24.0,66.6851903306474,22,36,3.0,57.596575342465755,6.0,0
2024-08-04,59.99,35.99,24.0,66.6851903306474,23,37,3.0,57.596575342465755,6.0,0
2024-08-05,59.99,35.99,24.0,66.6851903306474,24,38,3.0,57.59657534246576,6.0,0
2024-08-06,59.99,35.99,24.0,66.6851903306474,25,39,3.0,57.596575342465755,6.0,0
2024-08-07,59.99,35.99,24.0,66.6851903306474,26,40,3.0,57.596575342465755,6.0,0
2024-08-08,59.99,35.99,24.0,66.6851903306474,27,41,3.0,57.596575342465755,6.0,0
2024-08-09,59.99,35.99,24.0,66.6851903306474,28,42,3.0,57.596575342465755,6.0,0
2024-08-10,59.99,35.99,24.0,66.6851903306474,29,43,3.0,57.596575342465755,6.0,0
2024-08-11,59.99,35.99,24.0,66.6851903306474,30,44,3.0,57.596575342465755,6.0,0
2024-08-12,59.99,35.99,24.0,66.6851903306474,31,45,3.0,57.59657534246576,6.0,0
2024-08-13,59.99,35.99,24.0,66.6851903306474,32,46,3.0,57.596575342465755,6.0,0
2024-08-14,59.99,35.99,24.0,66.6851903306474,33,47,3.0,57.59657534246576,6.0,0
2024-08-15,59.99,35.99,24.0,66.6851903306474,34,48,3.0,57.596575342465755,6.0,0
2024-08-16,59.99,35.99,24.0,66.6851903306474,35,49,3.0,57.596575342465755,6.0,0
2024-08-17,59.99,35.99,24.0,66.6851903306474,36,50,3.0,57.596575342465755,6.0,0
2024-08-18,59.99,35.99,24.0,66.6851903306474,37,51,3.0,57.596575342465755,6.0,0
2024-08-19,59.99,35.99,24.0,66.6851903306474,38,52,3.0,57.596575342465755,6.0,0
2024-08-20,59.99,35.99,24.0,66.6851903306474,39,53,3.0,57.596575342465755,6.0,0
2024-08-21,59.99,35.99,24.0,66.6851903306474,40,54,3.0,57.59657534246576,6.0,1
2024-08-22,59.99,35.99,24.0,66.6851903306474,41,55,3.0,57.596575342465755,6.0,1
2024-08-23,59.99,35.99,24.0,66.6851903306474,42,56,3.0,57.59657534246576,6.0,1
2024-08-24,59.99,35.99,24.0,66.6851903306474,43,57,3.0,57.596575342465755,6.0,1
2024-08-25,59.99,35.99,24.0,66.6851903306474,44,58,3.0,57.596575342465755,6.0,1
2024-08-26,59.99,35.99,24.0,66.6851903306474,45,59,3.0,57.596575342465755,6.0,1
2024-08-27,59.99,35.99,24.0,66.6851903306474,46,60,3.0,57.596575342465755,6.0,1
2024-08-28,59.99,35.99,24.0,66.6851903306474,47,61,3.0,57.59657534246576,6.0,1
2024-08-29,59.99,35.99,24.0,66.6851903306474,48,62,3.0,57.596575342465755,6.0,1
2024-08-30,59.99,35.99,24.0,66.6851903306474,49,63,3.0,57.59657534246576,6.0,1
2024-08-31,59.99,35.99,24.0,66.6851903306474,50,64,3.0,57.596575342465755,6.0,1
2024-09-01,59.99,35.99,24.0,66.6851903306474,51,65,3.0,57.596575342465755,6.0,1
2024-09-02,59.99,35.99,24.0,66.6851903306474,52,66,3.0,57.596575342465755,6.0,1
2024-09-03,59.99,35.99,24.0,66.6851903306474,53,67,3.0,57.596575342465755,6.0,1
2024-09-04,59.99,35.99,24.0,66.6851903306474,54,68,3.0,57.596575342465755,6.0,1
2024-09-05,59.99,35.99,24.0,66.6851903306474,55,69,3.0,57.596575342465755,6.0,1
2024-09-06,59.99,35.99,24.0,66.6851903306474,56,70,3.0,57.59657534246576,6.0,1
2024-09-07,59.99,35.99,24.0,66.6851903306474,57,71,3.0,57.596575342465755,6.0,1
2024-09-08,59.99,35.99,24.0,66.6851903306474,58,72,3.0,57.59657534246576,6.0,1
2024-09-09,59.99,35.99,24.0,66.6851903306474,59,73,3.0,57.596575342465755,6.0,1
2024-09-10,59.99,35.99,24.0,66.6851903306474,60,74,3.0,57.596575342465755,6.0,1
2024-09-11,59.99,35.99,24.0,66.6851903306474,61,75,3.0,57.596575342465755,6.0,1
2024-09-12,59.99,35.99,24.0,66.6851903306474,62,76,3.0,57.596575342465755,6.0,1
2024-09-13,59.99,35.99,24.0,66.6851903306474,63,77,3.0,57.596575342465755,6.0,1
2024-09-14,59.99,35.99,24.0,66.6851903306474,64,78,3.0,57.596575342465755,6.0,1
2024-09-15,59.99,35.99,24.0,66.6851903306474,65,79,3.0,57.59657534246576,6.0,1
2024-09-16,59.99,35.99,24.0,66.6851903306474,66,80,3.0,57.596575342465755,6.0,1
2024-09-17,59.99,35.99,24.0,66.6851903306474,67,81,3.0,57.596575342465755,6.0,1
2024-09-18,59.99,35.99,24.0,66.6851903306474,68,82,3.0,57.596575342465755,6.0,1
2024-09-19,59.99,35.99,24.0,66.6851903306474,69,83,3.0,57.596575342465755,6.0,1
2024-09-20,41.99,35.99,6.0,16.67129758266185,0,0,3.0,57.596575342465755,6.0,0
2024-09-21,41.99,35.99,6.0,16.67129758266185,1,1,4.0,57.547260273972604,7.0,0
2024-09-22,41.99,35.99,6.0,16.67129758266185,2,2,4.0,57.49794520547946,7.0,0
2024-09-23,41.99,35.99,6.0,16.67129758266185,3,3,4.0,57.4486301369863,7.0,0
2024-09-24,41.99,35.99,6.0,16.67129758266185,4,4,4.0,57.39931506849316,7.0,0
2024-09-25,41.99,35.99,6.0,16.67129758266185,5,5,4.0,57.35,7.0,0
2024-09-26,41.99,35.99,6.0,16.67129758266185,6,6,4.0,57.30068493150685,7.0,0
2024-09-27,59.99,35.99,24.0,66.6851903306474,0,7,4.0,57.2513698630137,7.0,0
2024-09-28,59.99,35.99,24.0,66.6851903306474,1,8,4.0,57.2513698630137,8.0,0
2024-09-29,59.99,35.99,24.0,66.6851903306474,2,9,4.0,57.2513698630137,8.0,0
2024-09-30,59.99,35.99,24.0,66.6851903306474,3,10,4.0,57.2513698630137,8.0,0
2024-10-01,59.99,35.99,24.0,66.6851903306474,4,11,4.0,57.25136986301371,8.0,0
2024-10-02,59.99,35.99,24.0,66.6851903306474,5,12,4.0,57.2513698630137,8.0,0
2024-10-03,59.99,35.99,24.0,66.6851903306474,6,13,4.0,57.25136986301371,8.0,0
2024-10-04,59.99,35.99,24.0,66.6851903306474,7,14,4.0,57.2513698630137,8.0,0
2024-10-05,59.99,35.99,24.0,66.6851903306474,8,15,4.0,57.2513698630137,8.0,0
2024-10-06,59.99,35.99,24.0,66.6851903306474,9,16,3.0,57.307260273972595,7.0,0
2024-10-07,59.99,35.99,24.0,66.6851903306474,10,17,3.0,57.363150684931504,7.0,0
2024-10-08,59.99,35.99,24.0,66.6851903306474,11,18,3.0,57.419041095890414,7.0,0
2024-10-09,59.99,35.99,24.0,66.6851903306474,12,19,3.0,57.47493150684932,7.0,0
2024-10-10,59.99,35.99,24.0,66.6851903306474,13,20,3.0,57.53082191780823,7.0,0
2024-10-11,59.99,35.99,24.0,66.6851903306474,14,21,3.0,57.58671232876713,7.0,0
2024-10-12,59.99,35.99,24.0,66.6851903306474,15,22,3.0,57.64260273972604,7.0,0
2024-10-13,59.99,35.99,24.0,66.6851903306474,16,23,3.0,57.69849315068493,7.0,0
2024-10-14,59.99,35.99,24.0,66.6851903306474,17,24,3.0,57.75438356164384,7.0,0
2024-10-15,59.99,35.99,24.0,66.6851903306474,18,25,3.0,57.81027397260274,7.0,0
2024-10-16,59.99,35.99,24.0,66.6851903306474,19,26,3.0,57.866164383561646,7.0,0
2024-10-17,59.99,35.99,24.0,66.6851903306474,20,27,3.0,57.922054794520555,7.0,0
2024-10-18,59.99,35.99,24.0,66.6851903306474,21,28,3.0,57.97794520547946,7.0,0
2024-10-19,59.99,35.99,24.0,66.6851903306474,22,29,3.0,58.03383561643836,7.0,0
2024-10-20,59.99,35.99,24.0,66.6851903306474,23,30,3.0,58.03383561643835,6.0,0
2024-10-21,59.99,35.99,24.0,66.6851903306474,24,31,3.0,58.03383561643836,6.0,0
2024-10-22,59.99,35.99,24.0,66.6851903306474,25,32,3.0,58.03383561643835,6.0,0
2024-10-23,59.99,35.99,24.0,66.6851903306474,26,33,3.0,58.03383561643836,6.0,0
2024-10-24,59.99,35.99,24.0,66.6851903306474,27,34,3.0,58.03383561643835,6.0,0
2024-10-25,59.99,35.99,24.0,66.6851903306474,28,35,3.0,58.03383561643836,6.0,0
2024-10-26,59.99,35.99,24.0,66.6851903306474,29,36,3.0,58.03383561643836,6.0,0
2024-10-27,59.99,35.99,24.0,66.6851903306474,30,37,3.0,58.03383561643835,6.0,0
2024-10-28,59.99,35.99,24.0,66.6851903306474,31,38,3.0,58.03383561643836,6.0,0
2024-10-29,59.99,35.99,24.0,66.6851903306474,32,39,3.0,58.03383561643835,6.0,0
2024-10-30,59.99,35.99,24.0,66.6851903306474,33,40,3.0,58.03383561643836,6.0,0
2024-10-31,59.99,35.99,24.0,66.6851903306474,34,41,3.0,58.03383561643835,6.0,0
2024-11-01,59.99,35.99,24.0,66.6851903306474,35,42,3.0,58.03383561643836,6.0,0
2024-11-02,59.99,35.99,24.0,66.6851903306474,36,43,3.0,58.03383561643836,6.0,0
2024-11-03,59.99,35.99,24.0,66.6851903306474,37,44,3.0,58.03383561643836,6.0,0
2024-11-04,59.99,35.99,24.0,66.6851903306474,38,45,3.0,58.03383561643836,6.0,0
2024-11-05,59.99,35.99,24.0,66.6851903306474,39,46,3.0,58.03383561643835,6.0,0
2024-11-06,59.99,35.99,24.0,66.6851903306474,40,47,3.0,58.03383561643836,6.0,0
2024-11-07,59.99,35.99,24.0,66.6851903306474,41,48,3.0,58.03383561643835,6.0,0
2024-11-08,59.99,35.99,24.0,66.6851903306474,42,49,3.0,58.03383561643836,6.0,0
2024-11-09,59.99,35.99,24.0,66.6851903306474,43,50,3.0,58.03383561643835,6.0,0
2024-11-10,59.99,35.99,24.0,66.6851903306474,44,51,3.0,58.03383561643836,6.0,0
2024-11-11,59.99,35.99,24.0,66.6851903306474,45,52,3.0,58.03383561643836,6.0,0
2024-11-12,59.99,35.99,24.0,66.6851903306474,46,53,3.0,58.03383561643835,6.0,0
2024-11-13,59.99,35.99,24.0,66.6851903306474,47,54,3.0,58.03383561643836,6.0,0
2024-11-14,59.99,35.99,24.0,66.6851903306474,48,55,3.0,58.03383561643835,6.0,0
2024-11-15,59.99,35.99,24.0,66.6851903306474,49,56,3.0,58.03383561643836,6.0,0
2024-11-16,59.99,35.99,24.0,66.6851903306474,50,57,3.0,58.03383561643835,6.0,0
2024-11-17,59.99,35.99,24.0,66.6851903306474,51,58,3.0,58.03383561643836,6.0,0
2024-11-18,59.99,35.99,24.0,66.6851903306474,52,59,3.0,58.03383561643835,6.0,0
2024-11-19,59.99,35.99,24.0,66.6851903306474,53,60,3.0,58.03383561643836,6.0,0
2024-11-20,59.99,35.99,24.0,66.6851903306474,54,61,3.0,58.03383561643836,6.0,1
2024-11-21,59.99,35.99,24.0,66.6851903306474,55,62,3.0,58.03383561643835,6.0,1
2024-11-22,59.99,35.99,24.0,66.6851903306474,56,63,3.0,58.03383561643836,6.0,1
2024-11-23,59.99,35.99,24.0,66.6851903306474,57,64,3.0,58.03383561643835,6.0,1
2024-11-24,59.99,35.99,24.0,66.6851903306474,58,65,3.0,58.03383561643836,6.0,1
2024-11-25,59.99,35.99,24.0,66.6851903306474,59,66,3.0,58.03383561643835,6.0,1
2024-11-26,59.99,35.99,24.0,66.6851903306474,60,67,3.0,58.03383561643836,6.0,1
2024-11-27,59.99,35.99,24.0,66.6851903306474,61,68,3.0,58.03383561643836,6.0,1
2024-11-28,59.99,35.99,24.0,66.6851903306474,62,69,3.0,58.03383561643836,6.0,1
2024-11-29,59.99,35.99,24.0,66.6851903306474,63,70,3.0,58.03383561643836,6.0,1
2024-11-30,59.99,35.99,24.0,66.6851903306474,64,71,3.0,58.03383561643835,6.0,1
2024-12-01,59.99,35.99,24.0,66.6851903306474,65,72,3.0,58.03383561643836,6.0,1
2024-12-02,59.99,35.99,24.0,66.6851903306474,66,73,3.0,58.03383561643835,6.0,1
2024-12-03,59.99,35.99,24.0,66.6851903306474,67,74,3.0,58.03383561643836,6.0,1
2024-12-04,59.99,35.99,24.0,66.6851903306474,68,75,3.0,58.03383561643835,6.0,1
2024-12-05,59.99,35.99,24.0,66.6851903306474,69,76,3.0,58.03383561643836,6.0,1
2024-12-06,59.99,35.99,24.0,66.6851903306474,70,77,3.0,58.03383561643836,6.0,1
2024-12-07,59.99,35.99,24.0,66.6851903306474,71,78,3.0,58.03383561643835,6.0,1
2024-12-08,59.99,35.99,24.0,66.6851903306474,72,79,3.0,58.03383561643836,6.0,1
2024-12-09,59.99,35.99,24.0,66.6851903306474,73,80,3.0,58.03383561643835,6.0,1
2024-12-10,59.99,35.99,24.0,66.6851903306474,74,81,3.0,58.03383561643836,6.0,1
2024-12-11,59.99,35.99,24.0,66.6851903306474,75,82,3.0,58.03383561643835,6.0,1
2024-12-12,59.99,35.99,24.0,66.6851903306474,76,83,3.0,58.03383561643836,6.0,1
2024-12-13,59.99,35.99,24.0,66.6851903306474,77,84,3.0,58.03383561643835,6.0,1
2024-12-14,59.99,35.99,24.0,66.6851903306474,78,85,3.0,58.03383561643836,6.0,1
2024-12-15,59.99,35.99,24.0,66.6851903306474,79,86,3.0,58.03383561643836,6.0,1
2024-12-16,59.99,35.99,24.0,66.6851903306474,80,87,3.0,58.03383561643835,6.0,1
2024-12-17,59.99,35.99,24.0,66.6851903306474,81,88,3.0,58.03383561643836,6.0,1
2024-12-18,59.99,35.99,24.0,66.6851903306474,82,89,3.0,58.03383561643835,6.0,1
2024-12-19,59.99,35.99,24.0,66.6851903306474,83,90,3.0,58.03383561643836,6.0,1
2024-12-20,35.99,35.99,0.0,0.0,0,0,3.0,58.03383561643835,6.0,0
2024-12-21,35.99,35.99,0.0,0.0,1,1,4.0,57.96808219178083,7.0,0
2024-12-22,35.99,35.99,0.0,0.0,2,2,3.0,57.96808219178083,6.0,0
2024-12-23,35.99,35.99,0.0,0.0,3,3,3.0,57.96808219178083,6.0,0
2024-12-24,35.99,35.99,0.0,0.0,4,4,3.0,57.96808219178083,6.0,0
2024-12-25,35.99,35.99,0.0,0.0,5,5,3.0,57.968082191780816,6.0,0
2024-12-26,35.99,35.99,0.0,0.0,6,6,3.0,57.96808219178083,6.0,0
2024-12-27,35.99,35.99,0.0,0.0,7,7,3.0,57.968082191780816,6.0,0
2024-12-28,35.99,35.99,0.0,0.0,8,8,3.0,57.96808219178083,6.0,0
2024-12-29,35.99,35.99,0.0,0.0,9,9,3.0,57.968082191780816,6.0,0
2024-12-30,35.99,35.99,0.0,0.0,10,10,3.0,57.96808219178083,6.0,0
2024-12-31,35.99,35.99,0.0,0.0,11,11,3.0,57.96808219178083,6.0,0
2025-01-01,35.99,35.99,0.0,0.0,12,12,3.0,57.968082191780816,6.0,0
2025-01-02,35.99,35.99,0.0,0.0,13,13,3.0,57.96808219178083,6.0,0
2025-01-03,59.99,35.99,24.0,66.6851903306474,0,14,3.0,57.968082191780816,6.0,0
2025-01-04,59.99,35.99,24.0,66.6851903306474,1,15,3.0,58.03383561643836,7.0,0
2025-01-05,59.99,35.99,24.0,66.6851903306474,2,16,3.0,58.03383561643835,6.0,0
2025-01-06,59.99,35.99,24.0,66.6851903306474,3,17,3.0,58.03383561643836,6.0,0
2025-01-07,59.99,35.99,24.0,66.6851903306474,4,18,3.0,58.03383561643835,6.0,0
2025-01-08,59.99,35.99,24.0,66.6851903306474,5,19,3.0,58.03383561643836,6.0,0
2025-01-09,59.99,35.99,24.0,66.6851903306474,6,20,3.0,58.03383561643836,6.0,0
2025-01-10,59.99,35.99,24.0,66.6851903306474,7,21,3.0,58.03383561643835,6.0,0
2025-01-11,59.99,35.99,24.0,66.6851903306474,8,22,3.0,58.03383561643836,6.0,0
2025-01-12,59.99,35.99,24.0,66.6851903306474,9,23,3.0,58.03383561643835,6.0,0
2025-01-13,59.99,35.99,24.0,66.6851903306474,10,24,3.0,58.03383561643836,6.0,0
2025-01-14,59.99,35.99,24.0,66.6851903306474,11,25,3.0,58.03383561643835,6.0,0
2025-01-15,59.99,35.99,24.0,66.6851903306474,12,26,3.0,58.03383561643836,6.0,0
2025-01-16,59.99,35.99,24.0,66.6851903306474,13,27,3.0,58.03383561643836,6.0,0
2025-01-17,59.99,35.99,24.0,66.6851903306474,14,28,3.0,58.03383561643835,6.0,0
2025-01-18,59.99,35.99,24.0,66.6851903306474,15,29,3.0,58.03383561643836,6.0,0
2025-01-19,59.99,35.99,24.0,66.6851903306474,16,30,3.0,58.03383561643835,6.0,0
2025-01-20,59.99,35.99,24.0,66.6851903306474,17,31,3.0,58.03383561643836,6.0,0
2025-01-21,59.99,35.99,24.0,66.6851903306474,18,32,3.0,58.03383561643835,6.0,0
2025-01-22,59.99,35.99,24.0,66.6851903306474,19,33,3.0,58.03383561643836,6.0,0
2025-01-23,59.99,35.99,24.0,66.6851903306474,20,34,3.0,58.03383561643835,6.0,0
2025-01-24,59.99,35.99,24.0,66.6851903306474,21,35,3.0,58.03383561643836,6.0,0
2025-01-25,59.99,35.99,24.0,66.6851903306474,22,36,3.0,58.03383561643836,6.0,0
2025-01-26,59.99,35.99,24.0,66.6851903306474,23,37,3.0,58.03383561643835,6.0,0
2025-01-27,59.99,35.99,24.0,66.6851903306474,24,38,3.0,58.03383561643836,6.0,0
2025-01-28,59.99,35.99,24.0,66.6851903306474,25,39,3.0,58.03383561643835,6.0,0
2025-01-29,59.99,35.99,24.0,66.6851903306474,26,40,3.0,58.03383561643836,6.0,0
2025-01-30,59.99,35.99,24.0,66.6851903306474,27,41,3.0,58.03383561643835,6.0,0
2025-01-31,59.99,35.99,24.0,66.6851903306474,28,42,3.0,58.03383561643836,6.0,0
2025-02-01,59.99,35.99,24.0,66.6851903306474,29,43,3.0,58.03383561643836,6.0,0
2025-02-02,59.99,35.99,24.0,66.6851903306474,30,44,3.0,58.03383561643836,6.0,0
2025-02-03,59.99,35.99,24.0,66.6851903306474,31,45,3.0,58.03383561643836,6.0,0
2025-02-04,59.99,35.99,24.0,66.6851903306474,32,46,3.0,58.03383561643835,6.0,0
2025-02-05,59.99,35.99,24.0,66.6851903306474,33,47,3.0,58.03383561643836,6.0,0
2025-02-06,59.99,35.99,24.0,66.6851903306474,34,48,3.0,58.03383561643835,6.0,0
2025-02-07,59.99,35.99,24.0,66.6851903306474,35,49,3.0,58.03383561643836,6.0,0
2025-02-08,59.99,35.99,24.0,66.6851903306474,36,50,3.0,58.03383561643835,6.0,0
2025-02-09,59.99,35.99,24.0,66.6851903306474,37,51,3.0,58.03383561643836,6.0,0
2025-02-10,59.99,35.99,24.0,66.6851903306474,38,52,3.0,58.03383561643836,6.0,0
2025-02-11,59.99,35.99,24.0,66.6851903306474,39,53,3.0,58.03383561643835,6.0,0
2025-02-12,59.99,35.99,24.0,66.6851903306474,40,54,3.0,58.03383561643836,6.0,1
2025-02-13,59.99,35.99,24.0,66.6851903306474,41,55,3.0,58.03383561643835,6.0,1
2025-02-14,59.99,35.99,24.0,66.6851903306474,42,56,3.0,58.03383561643836,6.0,1
2025-02-15,59.99,35.99,24.0,66.6851903306474,43,57,3.0,58.03383561643835,6.0,1
2025-02-16,59.99,35.99,24.0,66.6851903306474,44,58,3.0,58.03383561643836,6.0,1
2025-02-17,59.99,35.99,24.0,66.6851903306474,45,59,3.0,58.03383561643835,6.0,1
2025-02-18,59.99,35.99,24.0,66.6851903306474,46,60,3.0,58.03383561643836,6.0,1
2025-02-19,59.99,35.99,24.0,66.6851903306474,47,61,3.0,58.03383561643836,6.0,1
2025-02-20,59.99,35.99,24.0,66.6851903306474,48,62,3.0,58.03383561643835,6.0,1
2025-02-21,59.99,35.99,24.0,66.6851903306474,49,63,3.0,58.03383561643836,6.0,1
2025-02-22,59.99,35.99,24.0,66.6851903306474,50,64,3.0,58.03383561643835,6.0,1
2025-02-23,59.99,35.99,24.0,66.6851903306474,51,65,3.0,58.03383561643836,6.0,1
2025-02-24,59.99,35.99,24.0,66.6851903306474,52,66,3.0,58.03383561643835,6.0,1
2025-02-25,59.99,35.99,24.0,66.6851903306474,53,67,3.0,58.03383561643836,6.0,1
2025-02-26,59.99,35.99,24.0,66.6851903306474,54,68,3.0,58.03383561643836,6.0,1
2025-02-27,59.99,35.99,24.0,66.6851903306474,55,69,3.0,58.03383561643836,6.0,1
2025-02-28,59.99,35.99,24.0,66.6851903306474,56,70,3.0,58.03383561643836,6.0,1
2025-03-01,59.99,35.99,24.0,66.6851903306474,57,71,3.0,58.03383561643835,6.0,1
2025-03-02,59.99,35.99,24.0,66.6851903306474,58,72,3.0,58.03383561643836,6.0,1
2025-03-03,59.99,35.99,24.0,66.6851903306474,59,73,3.0,58.03383561643835,6.0,1
2025-03-04,59.99,35.99,24.0,66.6851903306474,60,74,3.0,58.03383561643836,6.0,1
2025-03-05,59.99,35.99,24.0,66.6851903306474,61,75,3.0,58.03383561643835,6.0,1
2025-03-06,59.99,35.99,24.0,66.6851903306474,62,76,3.0,58.03383561643836,6.0,1
2025-03-07,59.99,35.99,24.0,66.6851903306474,63,77,3.0,58.03383561643836,6.0,1
2025-03-08,59.99,35.99,24.0,66.6851903306474,64,78,3.0,58.03383561643835,6.0,1
2025-03-09,59.99,35.99,24.0,66.6851903306474,65,79,3.0,58.03383561643836,6.0,1
2025-03-10,59.99,35.99,24.0,66.6851903306474,66,80,3.0,58.03383561643835,6.0,1
2025-03-11,59.99,35.99,24.0,66.6851903306474,67,81,3.0,58.03383561643836,6.0,1
2025-03-12,59.99,35.99,24.0,66.6851903306474,68,82,3.0,58.03383561643835,6.0,1
2025-03-13,59.99,35.99,24.0,66.6851903306474,69,83,3.0,58.03383561643836,6.0,1
2025-03-14,35.99,35.99,0.0,0.0,0,0,3.0,58.03383561643835,6.0,0
2025-03-15,35.99,35.99,0.0,0.0,1,1,4.0,57.96808219178083,7.0,0
2025-03-16,35.99,35.99,0.0,0.0,2,2,4.0,57.902328767123294,7.0,0
2025-03-17,35.99,35.99,0.0,0.0,3,3,4.0,57.83657534246575,7.0,0
2025-03-18,35.99,35.99,0.0,0.0,4,4,4.0,57.77082191780823,7.0,0
2025-03-19,35.99,35.99,0.0,0.0,5,5,4.0,57.705068493150684,7.0,0
2025-03-20,35.99,35.99,0.0,0.0,6,6,4.0,57.639315068493154,7.0,0
2025-03-21,59.99,35.99,24.0,66.6851903306474,0,7,4.0,57.57356164383561,7.0,0
2025-03-22,59.99,35.99,24.0,66.6851903306474,1,8,4.0,57.573561643835625,8.0,0
2025-03-23,59.99,35.99,24.0,66.6851903306474,2,9,4.0,57.573561643835625,8.0,0
2025-03-24,59.99,35.99,24.0,66.6851903306474,3,10,4.0,57.57356164383561,8.0,0
2025-03-25,59.99,35.99,24.0,66.6851903306474,4,11,4.0,57.573561643835625,8.0,0
2025-03-26,59.99,35.99,24.0,66.6851903306474,5,12,4.0,57.57356164383561,8.0,0
2025-03-27,59.99,35.99,24.0,66.6851903306474,6,13,4.0,57.573561643835625,8.0,0
2025-03-28,59.99,35.99,24.0,66.6851903306474,7,14,4.0,57.57356164383561,8.0,0
2025-03-29,59.99,35.99,24.0,66.6851903306474,8,15,4.0,57.573561643835625,8.0,0
2025-03-30,59.99,35.99,24.0,66.6851903306474,9,16,4.0,57.57356164383561,8.0,0
2025-03-31,59.99,35.99,24.0,66.6851903306474,10,17,4.0,57.573561643835625,8.0,0
2025-04-01,59.99,35.99,24.0,66.6851903306474,11,18,4.0,57.573561643835625,8.0,0
2025-04-02,59.99,35.99,24.0,66.6851903306474,12,19,4.0,57.57356164383561,8.0,0
2025-04-03,59.99,35.99,24.0,66.6851903306474,13,20,4.0,57.573561643835625,8.0,0
2025-04-04,59.99,35.99,24.0,66.6851903306474,14,21,4.0,57.57356164383561,8.0,0
2025-04-05,59.99,35.99,24.0,66.6851903306474,15,22,4.0,57.573561643835625,8.0,0
2025-04-06,59.99,35.99,24.0,66.6851903306474,16,23,4.0,57.57356164383561,8.0,0
2025-04-07,59.99,35.99,24.0,66.6851903306474,17,24,4.0,57.573561643835625,8.0,0
2025-04-08,59.99,35.99,24.0,66.6851903306474,18,25,4.0,57.573561643835625,8.0,0
2025-04-09,59.99,35.99,24.0,66.6851903306474,19,26,4.0,57.573561643835625,8.0,0
2025-04-10,59.99,35.99,24.0,66.6851903306474,20,27,4.0,57.573561643835625,8.0,0
2025-04-11,59.99,35.99,24.0,66.6851903306474,21,28,4.0,57.57356164383561,8.0,0
2025-04-12,59.99,35.99,24.0,66.6851903306474,22,29,4.0,57.573561643835625,8.0,0
2025-04-13,59.99,35.99,24.0,66.6851903306474,23,30,4.0,57.57356164383561,8.0,0
2025-04-14,59.99,35.99,24.0,66.6851903306474,24,31,4.0,57.573561643835625,8.0,0
2025-04-15,59.99,35.99,24.0,66.6851903306474,25,32,4.0,57.57356164383561,8.0,0
2025-04-16,59.99,35.99,24.0,66.6851903306474,26,33,4.0,57.573561643835625,8.0,0
2025-04-17,59.99,35.99,24.0,66.6851903306474,27,34,4.0,57.573561643835625,8.0,0
2025-04-18,59.99,35.99,24.0,66.6851903306474,28,35,4.0,57.57356164383561,8.0,0
2025-04-19,59.99,35.99,24.0,66.6851903306474,29,36,4.0,57.573561643835625,8.0,0
2025-04-20,59.99,35.99,24.0,66.6851903306474,30,37,4.0,57.57356164383561,8.0,0
2025-04-21,59.99,35.99,24.0,66.6851903306474,31,38,4.0,57.573561643835625,8.0,0
2025-04-22,59.99,35.99,24.0,66.6851903306474,32,39,4.0,57.57356164383561,8.0,0
2025-04-23,59.99,35.99,24.0,66.6851903306474,33,40,4.0,57.573561643835625,8.0,0
2025-04-24,59.99,35.99,24.0,66.6851903306474,34,41,4.0,57.57356164383561,8.0,0
2025-04-25,59.99,35.99,24.0,66.6851903306474,35,42,4.0,57.573561643835625,8.0,0
2025-04-26,59.99,35.99,24.0,66.6851903306474,36,43,4.0,57.573561643835625,8.0,0
2025-04-27,59.99,35.99,24.0,66.6851903306474,37,44,4.0,57.57356164383561,8.0,0
2025-04-28,59.99,35.99,24.0,66.6851903306474,38,45,4.0,57.573561643835625,8.0,0
2025-04-29,59.99,35.99,24.0,66.6851903306474,39,46,4.0,57.57356164383561,8.0,0
2025-04-30,59.99,35.99,24.0,66.6851903306474,40,47,4.0,57.573561643835625,8.0,0
2025-05-01,59.99,35.99,24.0,66.6851903306474,41,48,4.0,57.57356164383561,8.0,0
2025-05-02,59.99,35.99,24.0,66.6851903306474,42,49,4.0,57.573561643835625,8.0,0
2025-05-03,59.99,35.99,24.0,66.6851903306474,43,50,4.0,57.573561643835625,8.0,0
2025-05-04,59.99,35.99,24.0,66.6851903306474,44,51,4.0,57.573561643835625,8.0,0
2025-05-05,59.99,35.99,24.0,66.6851903306474,45,52,4.0,57.573561643835625,8.0,0
2025-05-06,59.99,35.99,24.0,66.6851903306474,46,53,4.0,57.57356164383561,8.0,0
2025-05-07,59.99,35.99,24.0,66.6851903306474,47,54,4.0,57.573561643835625,8.0,0
2025-05-08,59.99,35.99,24.0,66.6851903306474,48,55,4.0,57.57356164383561,8.0,0
2025-05-09,59.99,35.99,24.0,66.6851903306474,49,56,4.0,57.573561643835625,8.0,0
2025-05-10,59.99,35.99,24.0,66.6851903306474,50,57,4.0,57.57356164383561,8.0,0
2025-05-11,59.99,35.99,24.0,66.6851903306474,51,58,4.0,57.573561643835625,8.0,0
2025-05-12,59.99,35.99,24.0,66.6851903306474,52,59,4.0,57.573561643835625,8.0,0
2025-05-13,59.99,35.99,24.0,66.6851903306474,53,60,4.0,57.57356164383561,8.0,0
2025-05-14,59.99,35.99,24.0,66.6851903306474,54,61,4.0,57.573561643835625,8.0,0
2025-05-15,59.99,35.99,24.0,66.6851903306474,55,62,4.0,57.57356164383561,8.0,0
2025-05-16,59.99,35.99,24.0,66.6851903306474,56,63,4.0,57.573561643835625,8.0,0
2025-05-17,59.99,35.99,24.0,66.6851903306474,57,64,4.0,57.57356164383561,8.0,0
2025-05-18,59.99,35.99,24.0,66.6851903306474,58,65,4.0,57.573561643835625,8.0,0
2025-05-19,59.99,35.99,24.0,66.6851903306474,59,66,4.0,57.57356164383561,8.0,0
2025-05-20,59.99,35.99,24.0,66.6851903306474,60,67,4.0,57.573561643835625,8.0,0
2025-05-21,59.99,35.99,24.0,66.6851903306474,61,68,4.0,57.573561643835625,8.0,0
2025-05-22,59.99,35.99,24.0,66.6851903306474,62,69,4.0,57.57356164383561,8.0,0
2025-05-23,59.99,35.99,24.0,66.6851903306474,63,70,4.0,57.573561643835625,8.0,0
2025-05-24,59.99,35.99,24.0,66.6851903306474,64,71,4.0,57.57356164383561,8.0,0
2025-05-25,59.99,35.99,24.0,66.6851903306474,65,72,4.0,57.573561643835625,8.0,0
2025-05-26,59.99,35.99,24.0,66.6851903306474,66,73,4.0,57.57356164383561,8.0,0
2025-05-27,59.99,35.99,24.0,66.6851903306474,67,74,4.0,57.573561643835625,8.0,0
2025-05-28,59.99,35.99,24.0,66.6851903306474,68,75,4.0,57.573561643835625,8.0,1
2025-05-29,59.99,35.99,24.0,66.6851903306474,69,76,4.0,57.573561643835625,8.0,1
2025-05-30,59.99,35.99,24.0,66.6851903306474,70,77,4.0,57.573561643835625,8.0,1
2025-05-31,59.99,35.99,24.0,66.6851903306474,71,78,4.0,57.57356164383561,8.0,1
2025-06-01,59.99,35.99,24.0,66.6851903306474,72,79,4.0,57.573561643835625,8.0,1
2025-06-02,59.99,35.99,24.0,66.6851903306474,73,80,4.0,57.57356164383561,8.0,1
2025-06-03,59.99,35.99,24.0,66.6851903306474,74,81,4.0,57.573561643835625,8.0,1
2025-06-04,59.99,35.99,24.0,66.6851903306474,75,82,4.0,57.57356164383561,8.0,1
2025-06-05,59.99,35.99,24.0,66.6851903306474,76,83,4.0,57.573561643835625,8.0,1
2025-06-06,59.99,35.99,24.0,66.6851903306474,77,84,4.0,57.573561643835625,8.0,1
2025-06-07,59.99,35.99,24.0,66.6851903306474,78,85,4.0,57.57356164383561,8.0,1
2025-06-08,59.99,35.99,24.0,66.6851903306474,79,86,4.0,57.573561643835625,8.0,1
2025-06-09,59.99,35.99,24.0,66.6851903306474,80,87,4.0,57.57356164383561,8.0,1
2025-06-10,59.99,35.99,24.0,66.6851903306474,81,88,4.0,57.573561643835625,8.0,1
2025-06-11,59.99,35.99,24.0,66.6851903306474,82,89,4.0,57.57356164383561,8.0,1
2025-06-12,59.99,35.99,24.0,66.6851903306474,83,90,4.0,57.573561643835625,8.0,1
2025-06-13,59.99,35.99,24.0,66.6851903306474,84,91,4.0,57.573561643835625,8.0,1
2025-06-14,59.99,35.99,24.0,66.6851903306474,85,92,4.0,57.573561643835625,8.0,1
2025-06-15,59.99,35.99,24.0,66.6851903306474,86,93,4.0,57.573561643835625,8.0,1
2025-06-16,59.99,35.99,24.0,66.6851903306474,87,94,4.0,57.57356164383561,8.0,1
2025-06-17,59.99,35.99,24.0,66.6851903306474,88,95,4.0,57.573561643835625,8.0,1
2025-06-18,59.99,35.99,24.0,66.6851903306474,89,96,4.0,57.57356164383561,8.0,1
2025-06-19,59.99,35.99,24.0,66.6851903306474,90,97,4.0,57.573561643835625,8.0,1
2025-06-20,59.99,35.99,24.0,66.6851903306474,91,98,4.0,57.57356164383561,8.0,1
2025-06-21,59.99,35.99,24.0,66.6851903306474,92,99,4.0,57.573561643835625,8.0,1
2025-06-22,59.99,35.99,24.0,66.6851903306474,93,100,4.0,57.573561643835625,8.0,1
2025-06-23,59.99,35.99,24.0,66.6851903306474,94,101,4.0,57.57356164383561,8.0,1
2025-06-24,59.99,35.99,24.0,66.6851903306474,95,102,4.0,57.573561643835625,8.0,1
2025-06-25,59.99,35.99,24.0,66.6851903306474,96,103,4.0,57.57356164383561,8.0,1
2025-06-26,59.99,35.99,24.0,66.6851903306474,97,104,4.0,57.573561643835625,8.0,1
2025-06-27,35.99,35.99,0.0,0.0,0,0,4.0,57.57356164383561,8.0,0
2025-06-28,35.99,35.99,0.0,0.0,1,1,5.0,57.50780821917809,9.0,0
2025-06-29,35.99,35.99,0.0,0.0,2,2,4.0,57.491369863013695,8.0,0
2025-06-30,35.99,35.99,0.0,0.0,3,3,4.0,57.47493150684932,8.0,0
2025-07-01,35.99,35.99,0.0,0.0,4,4,4.0,57.45849315068494,8.0,0
2025-07-02,35.99,35.99,0.0,0.0,5,5,4.0,57.442054794520544,8.0,0
2025-07-03,35.99,35.99,0.0,0.0,6,6,4.0,57.42561643835617,8.0,0
2025-07-04,35.99,35.99,0.0,0.0,7,7,4.0,57.40917808219178,8.0,0
2025-07-05,35.99,35.99,0.0,0.0,8,8,4.0,57.3927397260274,8.0,0
2025-07-06,35.99,35.99,0.0,0.0,9,9,4.0,57.37630136986301,8.0,0
2025-07-07,35.99,35.99,0.0,0.0,10,10,4.0,57.359863013698636,8.0,0
2025-07-08,35.99,35.99,0.0,0.0,11,11,4.0,57.34342465753425,8.0,0
2025-07-09,35.99,35.99,0.0,0.0,12,12,4.0,57.32698630136987,8.0,0
2025-07-10,35.99,35.99,0.0,0.0,13,13,4.0,57.310547945205485,8.0,0
2025-07-11,59.99,35.99,24.0,66.6851903306474,0,14,4.0,57.29410958904109,8.0,0
2025-07-12,59.99,35.99,24.0,66.6851903306474,1,15,4.0,57.34342465753425,9.0,0
2025-07-13,59.99,35.99,24.0,66.6851903306474,2,16,4.0,57.34342465753424,8.0,0
2025-07-14,59.99,35.99,24.0,66.6851903306474,3,17,4.0,57.34342465753425,8.0,0
2025-07-15,59.99,35.99,24.0,66.6851903306474,4,18,4.0,57.34342465753424,8.0,0
2025-07-16,59.99,35.99,24.0,66.6851903306474,5,19,4.0,57.34342465753425,8.0,0
2025-07-17,59.99,35.99,24.0,66.6851903306474,6,20,4.0,57.34342465753425,8.0,0
2025-07-18,59.99,35.99,24.0,66.6851903306474,7,21,4.0,57.34342465753424,8.0,0
2025-07-19,59.99,35.99,24.0,66.6851903306474,8,22,4.0,57.34342465753425,8.0,0
2025-07-20,59.99,35.99,24.0,66.6851903306474,9,23,4.0,57.34342465753424,8.0,0
2025-07-21,59.99,35.99,24.0,66.6851903306474,10,24,4.0,57.34342465753425,8.0,0
2025-07-22,59.99,35.99,24.0,66.6851903306474,11,25,4.0,57.34342465753424,8.0,0
2025-07-23,59.99,35.99,24.0,66.6851903306474,12,26,4.0,57.34342465753425,8.0,0
2025-07-24,59.99,35.99,24.0,66.6851903306474,13,27,4.0,57.34342465753424,8.0,0
2025-07-25,59.99,35.99,24.0,66.6851903306474,14,28,4.0,57.34342465753425,8.0,0
2025-07-26,59.99,35.99,24.0,66.6851903306474,15,29,4.0,57.34342465753425,8.0,0
2025-07-27,59.99,35.99,24.0,66.6851903306474,16,30,4.0,57.34342465753424,8.0,0
2025-07-28,59.99,35.99,24.0,66.6851903306474,17,31,4.0,57.34342465753425,8.0,0
2025-07-29,59.99,35.99,24.0,66.6851903306474,18,32,4.0,57.34342465753424,8.0,0
2025-07-30,59.99,35.99,24.0,66.6851903306474,19,33,4.0,57.34342465753425,8.0,0
2025-07-31,59.99,35.99,24.0,66.6851903306474,20,34,4.0,57.34342465753424,8.0,0
2025-08-01,59.99,35.99,24.0,66.6851903306474,21,35,4.0,57.34342465753425,8.0,0
2025-08-02,59.99,35.99,24.0,66.6851903306474,22,36,4.0,57.34342465753425,8.0,0
2025-08-03,59.99,35.99,24.0,66.6851903306474,23,37,4.0,57.34342465753425,8.0,0
2025-08-04,59.99,35.99,24.0,66.6851903306474,24,38,4.0,57.34342465753425,8.0,0
2025-08-05,59.99,35.99,24.0,66.6851903306474,25,39,4.0,57.34342465753424,8.0,0
2025-08-06,59.99,35.99,24.0,66.6851903306474,26,40,4.0,57.34342465753425,8.0,0
2025-08-07,59.99,35.99,24.0,66.6851903306474,27,41,4.0,57.34342465753424,8.0,0
2025-08-08,59.99,35.99,24.0,66.6851903306474,28,42,4.0,57.34342465753425,8.0,0
2025-08-09,59.99,35.99,24.0,66.6851903306474,29,43,4.0,57.34342465753424,8.0,0
2025-08-10,59.99,35.99,24.0,66.6851903306474,30,44,4.0,57.34342465753425,8.0,0
2025-08-11,59.99,35.99,24.0,66.6851903306474,31,45,4.0,57.34342465753425,8.0,0
2025-08-12,59.99,35.99,24.0,66.6851903306474,32,46,4.0,57.34342465753424,8.0,0
2025-08-13,59.99,35.99,24.0,66.6851903306474,33,47,4.0,57.34342465753425,8.0,0
2025-08-14,59.99,35.99,24.0,66.6851903306474,34,48,4.0,57.34342465753424,8.0,0
2025-08-15,59.99,35.99,24.0,66.6851903306474,35,49,4.0,57.34342465753425,8.0,0
2025-08-16,59.99,35.99,24.0,66.6851903306474,36,50,4.0,57.34342465753424,8.0,0
2025-08-17,59.99,35.99,24.0,66.6851903306474,37,51,4.0,57.34342465753425,8.0,0
2025-08-18,59.99,35.99,24.0,66.6851903306474,38,52,4.0,57.34342465753424,8.0,0
2025-08-19,59.99,35.99,24.0,66.6851903306474,39,53,4.0,57.34342465753425,8.0,0
2025-08-20,59.99,35.99,24.0,66.6851903306474,40,54,4.0,57.34342465753425,8.0,0
2025-08-21,59.99,35.99,24.0,66.6851903306474,41,55,4.0,57.34342465753424,8.0,0
2025-08-22,59.99,35.99,24.0,66.6851903306474,42,56,4.0,57.34342465753425,8.0,0
2025-08-23,59.99,35.99,24.0,66.6851903306474,43,57,4.0,57.34342465753424,8.0,0
2025-08-24,59.99,35.99,24.0,66.6851903306474,44,58,4.0,57.34342465753425,8.0,0
2025-08-25,59.99,35.99,24.0,66.6851903306474,45,59,4.0,57.34342465753424,8.0,0
2025-08-26,59.99,35.99,24.0,66.6851903306474,46,60,4.0,57.34342465753425,8.0,0
2025-08-27,59.99,35.99,24.0,66.6851903306474,47,61,4.0,57.34342465753425,8.0,0
2025-08-28,59.99,35.99,24.0,66.6851903306474,48,62,4.0,57.34342465753424,8.0,0
2025-08-29,59.99,35.99,24.0,66.6851903306474,49,63,4.0,57.34342465753425,8.0,0
2025-08-30,59.99,35.99,24.0,66.6851903306474,50,64,4.0,57.34342465753424,8.0,0
2025-08-31,59.99,35.99,24.0,66.6851903306474,51,65,4.0,57.34342465753425,8.0,0
2025-09-01,59.99,35.99,24.0,66.6851903306474,52,66,4.0,57.34342465753424,8.0,0
2025-09-02,59.99,35.99,24.0,66.6851903306474,53,67,4.0,57.34342465753425,8.0,0
2025-09-03,59.99,35.99,24.0,66.6851903306474,54,68,4.0,57.34342465753424,8.0,0
2025-09-04,59.99,35.99,24.0,66.6851903306474,55,69,4.0,57.34342465753425,8.0,0
2025-09-05,59.99,35.99,24.0,66.6851903306474,56,70,4.0,57.34342465753425,8.0,0
2025-09-06,59.99,35.99,24.0,66.6851903306474,57,71,4.0,57.34342465753424,8.0,0
2025-09-07,59.99,35.99,24.0,66.6851903306474,58,72,4.0,57.34342465753425,8.0,0
2025-09-08,59.99,35.99,24.0,66.6851903306474,59,73,4.0,57.34342465753424,8.0,0
2025-09-09,59.99,35.99,24.0,66.6851903306474,60,74,4.0,57.34342465753425,8.0,0
2025-09-10,59.99,35.99,24.0,66.6851903306474,61,75,4.0,57.34342465753424,8.0,0
2025-09-11,59.99,35.99,24.0,66.6851903306474,62,76,4.0,57.34342465753425,8.0,0
2025-09-12,59.99,35.99,24.0,66.6851903306474,63,77,4.0,57.34342465753425,8.0,0
2025-09-13,59.99,35.99,24.0,66.6851903306474,64,78,4.0,57.34342465753425,8.0,0
2025-09-14,59.99,35.99,24.0,66.6851903306474,65,79,4.0,57.34342465753425,8.0,0
2025-09-15,59.99,35.99,24.0,66.6851903306474,66,80,4.0,57.34342465753424,8.0,0
2025-09-16,59.99,35.99,24.0,66.6851903306474,67,81,4.0,57.34342465753425,8.0,0
2025-09-17,59.99,35.99,24.0,66.6851903306474,68,82,4.0,57.34342465753424,8.0,0
2025-09-18,59.99,35.99,24.0,66.6851903306474,69,83,4.0,57.34342465753425,8.0,0
2025-09-19,59.99,35.99,24.0,66.6851903306474,70,84,4.0,57.34342465753424,8.0,0
2025-09-20,59.99,35.99,24.0,66.6851903306474,71,85,4.0,57.34342465753425,8.0,0
2025-09-21,59.99,35.99,24.0,66.6851903306474,72,86,3.0,57.3927397260274,7.0,0
2025-09-22,59.99,35.99,24.0,66.6851903306474,73,87,3.0,57.442054794520544,7.0,0
2025-09-23,59.99,35.99,24.0,66.6851903306474,74,88,3.0,57.4913698630137,7.0,0
2025-09-24,59.99,35.99,24.0,66.6851903306474,75,89,3.0,57.540684931506846,7.0,0
2025-09-25,59.99,35.99,24.0,66.6851903306474,76,90,3.0,57.59,7.0,0
2025-09-26,59.99,35.99,24.0,66.6851903306474,77,91,3.0,57.63931506849315,7.0,0
2025-09-27,59.99,35.99,24.0,66.6851903306474,78,92,3.0,57.688630136986305,7.0,0
2025-09-28,59.99,35.99,24.0,66.6851903306474,79,93,3.0,57.6886301369863,6.0,0
2025-09-29,59.99,35.99,24.0,66.6851903306474,80,94,3.0,57.688630136986305,6.0,0
2025-09-30,59.99,35.99,24.0,66.6851903306474,81,95,3.0,57.688630136986305,6.0,0
2025-10-01,59.99,35.99,24.0,66.6851903306474,82,96,3.0,57.6886301369863,6.0,0
2025-10-02,59.99,35.99,24.0,66.6851903306474,83,97,3.0,57.688630136986305,6.0,0
2025-10-03,59.99,35.99,24.0,66.6851903306474,84,98,3.0,57.6886301369863,6.0,0
2025-10-04,59.99,35.99,24.0,66.6851903306474,85,99,3.0,57.688630136986305,6.0,0
2025-10-05,59.99,35.99,24.0,66.6851903306474,86,100,3.0,57.6886301369863,6.0,0
2025-10-06,59.99,35.99,24.0,66.6851903306474,87,101,3.0,57.688630136986305,6.0,0
2025-10-07,59.99,35.99,24.0,66.6851903306474,88,102,3.0,57.688630136986305,6.0,0
2025-10-08,59.99,35.99,24.0,66.6851903306474,89,103,3.0,57.688630136986305,6.0,0
2025-10-09,59.99,35.99,24.0,66.6851903306474,90,104,3.0,57.688630136986305,6.0,0
2025-10-10,59.99,35.99,24.0,66.6851903306474,91,105,3.0,57.6886301369863,6.0,0
2025-10-11,59.99,35.99,24.0,66.6851903306474,92,106,3.0,57.688630136986305,6.0,0
2025-10-12,59.99,35.99,24.0,66.6851903306474,93,107,3.0,57.6886301369863,6.0,0
2025-10-13,59.99,35.99,24.0,66.6851903306474,94,108,3.0,57.688630136986305,6.0,0
2025-10-14,59.99,35.99,24.0,66.6851903306474,95,109,3.0,57.6886301369863,6.0,0
2025-10-15,59.99,35.99,24.0,66.6851903306474,96,110,3.0,57.688630136986305,6.0,0
2025-10-16,59.99,35.99,24.0,66.6851903306474,97,111,3.0,57.688630136986305,6.0,0
2025-10-17,59.99,35.99,24.0,66.6851903306474,98,112,3.0,57.6886301369863,6.0,0
2025-10-18,59.99,35.99,24.0,66.6851903306474,99,113,3.0,57.688630136986305,6.0,0
2025-10-19,59.99,35.99,24.0,66.6851903306474,100,114,3.0,57.6886301369863,6.0,0
2025-10-20,59.99,35.99,24.0,66.6851903306474,101,115,3.0,57.688630136986305,6.0,0
2025-10-21,59.99,35.99,24.0,66.6851903306474,102,116,3.0,57.6886301369863,6.0,0
2025-10-22,59.99,35.99,24.0,66.6851903306474,103,117,3.0,57.688630136986305,6.0,0
2025-10-23,59.99,35.99,24.0,66.6851903306474,104,118,3.0,57.6886301369863,6.0,0
2025-10-24,59.99,35.99,24.0,66.6851903306474,105,119,3.0,57.688630136986305,6.0,0
2025-10-25,59.99,35.99,24.0,66.6851903306474,106,120,3.0,57.688630136986305,6.0,0
2025-10-26,59.99,35.99,24.0,66.6851903306474,107,121,3.0,57.6886301369863,6.0,0
2025-10-27,59.99,35.99,24.0,66.6851903306474,108,122,3.0,57.688630136986305,6.0,0
2025-10-28,59.99,35.99,24.0,66.6851903306474,109,123,3.0,57.6886301369863,6.0,0
2025-10-29,59.99,35.99,24.0,66.6851903306474,110,124,3.0,57.688630136986305,6.0,0
2025-10-30,59.99,35.99,24.0,66.6851903306474,111,125,3.0,57.6886301369863,6.0,0
2025-10-31,59.99,35.99,24.0,66.6851903306474,112,126,3.0,57.688630136986305,6.0,0
2025-11-01,59.99,35.99,24.0,66.6851903306474,113,127,3.0,57.688630136986305,6.0,0
2025-11-02,59.99,35.99,24.0,66.6851903306474,114,128,3.0,57.6886301369863,6.0,0
2025-11-03,59.99,35.99,24.0,66.6851903306474,115,129,3.0,57.688630136986305,6.0,0
2025-11-04,59.99,35.99,24.0,66.6851903306474,116,130,3.0,57.6886301369863,6.0,0
2025-11-05,59.99,35.99,24.0,66.6851903306474,117,131,3.0,57.688630136986305,6.0,0
2025-11-06,59.99,35.99,24.0,66.6851903306474,118,132,3.0,57.6886301369863,6.0,0
2025-11-07,59.99,35.99,24.0,66.6851903306474,119,133,3.0,57.688630136986305,6.0,0
2025-11-08,59.99,35.99,24.0,66.6851903306474,120,134,3.0,57.6886301369863,6.0,0
2025-11-09,59.99,35.99,24.0,66.6851903306474,121,135,3.0,57.688630136986305,6.0,0
2025-11-10,59.99,35.99,24.0,66.6851903306474,122,136,3.0,57.688630136986305,6.0,0
2025-11-11,59.99,35.99,24.0,66.6851903306474,123,137,3.0,57.6886301369863,6.0,0
2025-11-12,59.99,35.99,24.0,66.6851903306474,124,138,3.0,57.688630136986305,6.0,0
2025-11-13,59.99,35.99,24.0,66.6851903306474,125,139,3.0,57.6886301369863,6.0,0
2025-11-14,59.99,35.99,24.0,66.6851903306474,126,140,3.0,57.688630136986305,6.0,0
2025-11-15,59.99,35.99,24.0,66.6851903306474,127,141,3.0,57.6886301369863,6.0,0
2025-11-16,59.99,35.99,24.0,66.6851903306474,128,142,3.0,57.688630136986305,6.0,0
2025-11-17,59.99,35.99,24.0,66.6851903306474,129,143,3.0,57.688630136986305,6.0,0
2025-11-18,59.99,35.99,24.0,66.6851903306474,130,144,3.0,57.688630136986305,6.0,0
2025-11-19,59.99,35.99,24.0,66.6851903306474,131,145,3.0,57.688630136986305,6.0,1
2025-11-20,59.99,35.99,24.0,66.6851903306474,132,146,3.0,57.6886301369863,6.0,1
2025-11-21,59.99,35.99,24.0,66.6851903306474,133,147,3.0,57.688630136986305,6.0,1
2025-11-22,59.99,35.99,24.0,66.6851903306474,134,148,3.0,57.6886301369863,6.0,1
2025-11-23,59.99,35.99,24.0,66.6851903306474,135,149,3.0,57.688630136986305,6.0,1
2025-11-24,59.99,35.99,24.0,66.6851903306474,136,150,3.0,57.6886301369863,6.0,1
2025-11-25,59.99,35.99,24.0,66.6851903306474,137,151,3.0,57.688630136986305,6.0,1
2025-11-26,59.99,35.99,24.0,66.6851903306474,138,152,3.0,57.688630136986305,6.0,1
2025-11-27,59.99,35.99,24.0,66.6851903306474,139,153,3.0,57.6886301369863,6.0,1
2025-11-28,59.99,35.99,24.0,66.6851903306474,140,154,3.0,57.688630136986305,6.0,1
2025-11-29,59.99,35.99,24.0,66.6851903306474,141,155,3.0,57.6886301369863,6.0,1
2025-11-30,59.99,35.99,24.0,66.6851903306474,142,156,3.0,57.688630136986305,6.0,1
2025-12-01,59.99,35.99,24.0,66.6851903306474,143,157,3.0,57.6886301369863,6.0,1
2025-12-02,59.99,35.99,24.0,66.6851903306474,144,158,3.0,57.688630136986305,6.0,1
2025-12-03,59.99,35.99,24.0,66.6851903306474,145,159,3.0,57.6886301369863,6.0,1
2025-12-04,59.99,35.99,24.0,66.6851903306474,146,160,3.0,57.688630136986305,6.0,1
2025-12-05,59.99,35.99,24.0,66.6851903306474,147,161,3.0,57.688630136986305,6.0,1
2025-12-06,59.99,35.99,24.0,66.6851903306474,148,162,3.0,57.6886301369863,6.0,1
2025-12-07,59.99,35.99,24.0,66.6851903306474,149,163,3.0,57.688630136986305,6.0,1
2025-12-08,59.99,35.99,24.0,66.6851903306474,150,164,3.0,57.6886301369863,6.0,1
2025-12-09,59.99,35.99,24.0,66.6851903306474,151,165,3.0,57.688630136986305,6.0,1
2025-12-10,59.99,35.99,24.0,66.6851903306474,152,166,3.0,57.6886301369863,6.0,1
2025-12-11,59.99,35.99,24.0,66.6851903306474,153,167,3.0,57.688630136986305,6.0,1
2025-12-12,59.99,35.99,24.0,66.6851903306474,154,168,3.0,57.688630136986305,6.0,1
2025-12-13,59.99,35.99,24.0,66.6851903306474,155,169,3.0,57.688630136986305,6.0,1
2025-12-14,59.99,35.99,24.0,66.6851903306474,156,170,3.0,57.688630136986305,6.0,1
2025-12-15,59.99,35.99,24.0,66.6851903306474,157,171,3.0,57.6886301369863,6.0,1
2025-12-16,59.99,35.99,24.0,66.6851903306474,158,172,3.0,57.688630136986305,6.0,1
2025-12-17,59.99,35.99,24.0,66.6851903306474,159,173,3.0,57.6886301369863,6.0,1
2025-12-18,59.99,35.99,24.0,66.6851903306474,160,174,3.0,57.688630136986305,6.0,1
2025-12-19,38.99,35.99,3.0,8.335648791330925,0,0,3.0,57.6886301369863,6.0,0
2025-12-20,38.99,35.99,3.0,8.335648791330925,1,1,4.0,57.63109589041097,7.0,0
2025-12-21,38.99,35.99,3.0,8.335648791330925,2,2,3.0,57.639315068493154,6.0,0
2025-12-22,38.99,35.99,3.0,8.335648791330925,3,3,3.0,57.64753424657534,6.0,0
2025-12-23,38.99,35.99,3.0,8.335648791330925,4,4,3.0,57.65575342465754,6.0,0
2025-12-24,38.99,35.99,3.0,8.335648791330925,5,5,3.0,57.66397260273972,6.0,0
2025-12-25,38.99,35.99,3.0,8.335648791330925,6,6,3.0,57.672191780821926,6.0,0
2025-12-26,38.99,35.99,3.0,8.335648791330925,7,7,3.0,57.680410958904105,6.0,0
2025-12-27,38.99,35.99,3.0,8.335648791330925,8,8,3.0,57.688630136986305,6.0,0
2025-12-28,38.99,35.99,3.0,8.335648791330925,9,9,3.0,57.69684931506849,6.0,0
2025-12-29,38.99,35.99,3.0,8.335648791330925,10,10,3.0,57.70506849315069,6.0,0
2025-12-30,38.99,35.99,3.0,8.335648791330925,11,11,3.0,57.713287671232884,6.0,0
2025-12-31,38.99,35.99,3.0,8.335648791330925,12,12,3.0,57.72150684931506,6.0,0
2026-01-01,38.99,35.99,3.0,8.335648791330925,13,13,3.0,57.72972602739727,6.0,0
2026-01-02,38.99,35.99,3.0,8.335648791330925,14,14,3.0,57.73794520547945,6.0,0
2026-01-03,38.99,35.99,3.0,8.335648791330925,15,15,3.0,57.74616438356165,6.0,0
2026-01-04,38.99,35.99,3.0,8.335648791330925,16,16,3.0,57.6886301369863,5.0,0
2026-01-05,38.99,35.99,3.0,8.335648791330925,17,17,3.0,57.63109589041097,5.0,0
2026-01-06,59.99,35.99,24.0,66.6851903306474,0,18,3.0,57.573561643835625,5.0,0
2026-01-07,59.99,35.99,24.0,66.6851903306474,1,19,3.0,57.573561643835625,6.0,0
2026-01-08,59.99,35.99,24.0,66.6851903306474,2,20,3.0,57.573561643835625,6.0,0
2026-01-09,59.99,35.99,24.0,66.6851903306474,3,21,3.0,57.57356164383561,6.0,0
2026-01-10,59.99,35.99,24.0,66.6851903306474,4,22,3.0,57.573561643835625,6.0,0
2026-01-11,59.99,35.99,24.0,66.6851903306474,5,23,3.0,57.57356164383561,6.0,0
2026-01-12,59.99,35.99,24.0,66.6851903306474,6,24,3.0,57.573561643835625,6.0,0
2026-01-13,59.99,35.99,24.0,66.6851903306474,7,25,3.0,57.57356164383561,6.0,0
2026-01-14,59.99,35.99,24.0,66.6851903306474,8,26,3.0,57.573561643835625,6.0,0
2026-01-15,59.99,35.99,24.0,66.6851903306474,9,27,3.0,57.573561643835625,6.0,0
2026-01-16,59.99,35.99,24.0,66.6851903306474,10,28,3.0,57.57356164383561,6.0,0
2026-01-17,59.99,35.99,24.0,66.6851903306474,11,29,3.0,57.573561643835625,6.0,0
2026-01-18,59.99,35.99,24.0,66.6851903306474,12,30,3.0,57.57356164383561,6.0,0
2026-01-19,59.99,35.99,24.0,66.6851903306474,13,31,3.0,57.573561643835625,6.0,0
2026-01-20,59.99,35.99,24.0,66.6851903306474,14,32,3.0,57.57356164383561,6.0,0
2026-01-21,59.99,35.99,24.0,66.6851903306474,15,33,3.0,57.573561643835625,6.0,0
2026-01-22,59.99,35.99,24.0,66.6851903306474,16,34,3.0,57.573561643835625,6.0,0
2026-01-23,59.99,35.99,24.0,66.6851903306474,17,35,3.0,57.573561643835625,6.0,0
2026-01-24,59.99,35.99,24.0,66.6851903306474,18,36,3.0,57.573561643835625,6.0,0
2026-01-25,59.99,35.99,24.0,66.6851903306474,19,37,3.0,57.57356164383561,6.0,0
2026-01-26,59.99,35.99,24.0,66.6851903306474,20,38,3.0,57.573561643835625,6.0,0
2026-01-27,59.99,35.99,24.0,66.6851903306474,21,39,3.0,57.57356164383561,6.0,0
2026-01-28,59.99,35.99,24.0,66.6851903306474,22,40,3.0,57.573561643835625,6.0,0
2026-01-29,59.99,35.99,24.0,66.6851903306474,23,41,3.0,57.57356164383561,6.0,0
2026-01-30,59.99,35.99,24.0,66.6851903306474,24,42,3.0,57.573561643835625,6.0,0
2026-01-31,59.99,35.99,24.0,66.6851903306474,25,43,3.0,57.573561643835625,6.0,0
2026-02-01,59.99,35.99,24.0,66.6851903306474,26,44,3.0,57.57356164383561,6.0,0
2026-02-02,59.99,35.99,24.0,66.6851903306474,27,45,3.0,57.573561643835625,6.0,0
2026-02-03,59.99,35.99,24.0,66.6851903306474,28,46,3.0,57.57356164383561,6.0,0
2026-02-04,59.99,35.99,24.0,66.6851903306474,29,47,3.0,57.573561643835625,6.0,0
2026-02-05,59.99,35.99,24.0,66.6851903306474,30,48,3.0,57.57356164383561,6.0,0
2026-02-06,59.99,35.99,24.0,66.6851903306474,31,49,3.0,57.573561643835625,6.0,0
2026-02-07,59.99,35.99,24.0,66.6851903306474,32,50,3.0,57.57356164383561,6.0,0
2026-02-08,59.99,35.99,24.0,66.6851903306474,33,51,3.0,57.573561643835625,6.0,0
2026-02-09,59.99,35.99,24.0,66.6851903306474,34,52,3.0,57.573561643835625,6.0,0
2026-02-10,59.99,35.99,24.0,66.6851903306474,35,53,3.0,57.57356164383561,6.0,0
2026-02-11,59.99,35.99,24.0,66.6851903306474,36,54,3.0,57.573561643835625,6.0,0
2026-02-12,59.99,35.99,24.0,66.6851903306474,37,55,3.0,57.57356164383561,6.0,0
2026-02-13,59.99,35.99,24.0,66.6851903306474,38,56,3.0,57.573561643835625,6.0,0
2026-02-14,59.99,35.99,24.0,66.6851903306474,39,57,3.0,57.57356164383561,6.0,0
2026-02-15,59.99,35.99,24.0,66.6851903306474,40,58,3.0,57.573561643835625,6.0,0
2026-02-16,59.99,35.99,24.0,66.6851903306474,41,59,3.0,57.573561643835625,6.0,0
2026-02-17,59.99,35.99,24.0,66.6851903306474,42,60,3.0,57.573561643835625,6.0,0
2026-02-18,59.99,35.99,24.0,66.6851903306474,43,61,3.0,57.573561643835625,6.0,1
2026-02-19,59.99,35.99,24.0,66.6851903306474,44,62,3.0,57.57356164383561,6.0,1
2026-02-20,59.99,35.99,24.0,66.6851903306474,45,63,3.0,57.573561643835625,6.0,1
2026-02-21,59.99,35.99,24.0,66.6851903306474,46,64,3.0,57.57356164383561,6.0,1
2026-02-22,59.99,35.99,24.0,66.6851903306474,47,65,3.0,57.573561643835625,6.0,1
2026-02-23,59.99,35.99,24.0,66.6851903306474,48,66,3.0,57.57356164383561,6.0,1
2026-02-24,59.99,35.99,24.0,66.6851903306474,49,67,3.0,57.573561643835625,6.0,1
2026-02-25,59.99,35.99,24.0,66.6851903306474,50,68,3.0,57.573561643835625,6.0,1
2026-02-26,59.99,35.99,24.0,66.6851903306474,51,69,3.0,57.57356164383561,6.0,1
2026-02-27,59.99,35.99,24.0,66.6851903306474,52,70,3.0,57.573561643835625,6.0,1
2026-02-28,59.99,35.99,24.0,66.6851903306474,53,71,3.0,57.57356164383561,6.0,1
2026-03-01,59.99,35.99,24.0,66.6851903306474,54,72,3.0,57.573561643835625,6.0,1
2026-03-02,59.99,35.99,24.0,66.6851903306474,55,73,3.0,57.57356164383561,6.0,1
2026-03-03,59.99,35.99,24.0,66.6851903306474,56,74,3.0,57.573561643835625,6.0,1
2026-03-04,59.99,35.99,24.0,66.6851903306474,57,75,3.0,57.57356164383561,6.0,1
2026-03-05,59.99,35.99,24.0,66.6851903306474,58,76,3.0,57.573561643835625,6.0,1
2026-03-06,59.99,35.99,24.0,66.6851903306474,59,77,3.0,57.573561643835625,6.0,1
2026-03-07,59.99,35.99,24.0,66.6851903306474,60,78,3.0,57.57356164383561,6.0,1
2026-03-08,59.99,35.99,24.0,66.6851903306474,61,79,3.0,57.573561643835625,6.0,1
2026-03-09,59.99,35.99,24.0,66.6851903306474,62,80,3.0,57.57356164383561,6.0,1
2026-03-10,59.99,35.99,24.0,66.6851903306474,63,81,3.0,57.573561643835625,6.0,1
2026-03-11,59.99,35.99,24.0,66.6851903306474,64,82,3.0,57.57356164383561,6.0,1
2026-03-12,59.99,35.99,24.0,66.6851903306474,65,83,3.0,57.573561643835625,6.0,1
2026-03-13,59.99,35.99,24.0,66.6851903306474,66,84,3.0,57.573561643835625,6.0,1
2026-03-14,59.99,35.99,24.0,66.6851903306474,67,85,3.0,57.573561643835625,6.0,1
2026-03-15,59.99,35.99,24.0,66.6851903306474,68,86,2.0,57.639315068493154,5.0,1
2026-03-16,59.99,35.99,24.0,66.6851903306474,69,87,2.0,57.705068493150684,5.0,1
2026-03-17,59.99,35.99,24.0,66.6851903306474,70,88,2.0,57.77082191780823,5.0,1
2026-03-18,59.99,35.99,24.0,66.6851903306474,71,89,2.0,57.83657534246575,5.0,1
2026-03-19,59.99,35.99,24.0,66.6851903306474,72,90,2.0,57.902328767123294,5.0,1
2026-03-20,38.99,35.99,3.0,8.335648791330925,0,0,2.0,57.968082191780816,5.0,0
2026-03-21,38.99,35.99,3.0,8.335648791330925,1,1,3.0,57.97630136986302,6.0,0
2026-03-22,38.99,35.99,3.0,8.335648791330925,2,2,3.0,57.91876712328768,5.0,0
2026-03-23,38.99,35.99,3.0,8.335648791330925,3,3,3.0,57.86123287671232,5.0,0
2026-03-24,38.99,35.99,3.0,8.335648791330925,4,4,3.0,57.80369863013699,5.0,0
2026-03-25,38.99,35.99,3.0,8.335648791330925,5,5,3.0,57.74616438356164,5.0,0
2026-03-26,38.99,35.99,3.0,8.335648791330925,6,6,3.0,57.688630136986305,5.0,0
2026-03-27,59.99,35.99,24.0,66.6851903306474,0,7,3.0,57.631095890410954,5.0,0
2026-03-28,59.99,35.99,24.0,66.6851903306474,1,8,3.0,57.63109589041097,6.0,0
2026-03-29,59.99,35.99,24.0,66.6851903306474,2,9,3.0,57.63109589041097,6.0,0
2026-03-30,59.99,35.99,24.0,66.6851903306474,3,10,3.0,57.63109589041097,6.0,0
2026-03-31,59.99,35.99,24.0,66.6851903306474,4,11,3.0,57.63109589041097,6.0,0
2026-04-01,59.99,35.99,24.0,66.6851903306474,5,12,3.0,57.631095890410954,6.0,0
2026-04-02,59.99,35.99,24.0,66.6851903306474,6,13,3.0,57.63109589041097,6.0,0
2026-04-03,59.99,35.99,24.0,66.6851903306474,7,14,3.0,57.631095890410954,6.0,0
2026-04-04,59.99,35.99,24.0,66.6851903306474,8,15,3.0,57.63109589041097,6.0,0
2026-04-05,59.99,35.99,24.0,66.6851903306474,9,16,3.0,57.631095890410954,6.0,0
2026-04-06,59.99,35.99,24.0,66.6851903306474,10,17,3.0,57.63109589041097,6.0,0
2026-04-07,59.99,35.99,24.0,66.6851903306474,11,18,3.0,57.63109589041097,6.0,0
2026-04-08,59.99,35.99,24.0,66.6851903306474,12,19,3.0,57.631095890410954,6.0,0
2026-04-09,59.99,35.99,24.0,66.6851903306474,13,20,3.0,57.63109589041097,6.0,0
2026-04-10,59.99,35.99,24.0,66.6851903306474,14,21,3.0,57.631095890410954,6.0,0
2026-04-11,59.99,35.99,24.0,66.6851903306474,15,22,3.0,57.63109589041097,6.0,0
2026-04-12,59.99,35.99,24.0,66.6851903306474,16,23,3.0,57.631095890410954,6.0,0
2026-04-13,59.99,35.99,24.0,66.6851903306474,17,24,3.0,57.63109589041097,6.0,0
2026-04-14,59.99,35.99,24.0,66.6851903306474,18,25,3.0,57.631095890410954,6.0,0
2026-04-15,59.99,35.99,24.0,66.6851903306474,19,26,3.0,57.63109589041097,6.0,0
2026-04-16,59.99,35.99,24.0,66.6851903306474,20,27,3.0,57.63109589041097,6.0,0
2026-04-17,59.99,35.99,24.0,66.6851903306474,21,28,3.0,57.631095890410954,6.0,0
2026-04-18,59.99,35.99,24.0,66.6851903306474,22,29,3.0,57.63109589041097,6.0,0
2026-04-19,59.99,35.99,24.0,66.6851903306474,23,30,3.0,57.631095890410954,6.0,0
2026-04-20,59.99,35.99,24.0,66.6851903306474,24,31,3.0,57.63109589041097,6.0,0
2026-04-21,59.99,35.99,24.0,66.6851903306474,25,32,3.0,57.631095890410954,6.0,0
2026-04-22,59.99,35.99,24.0,66.6851903306474,26,33,3.0,57.63109589041097,6.0,0
2026-04-23,59.99,35.99,24.0,66.6851903306474,27,34,3.0,57.63109589041097,6.0,0
2026-04-24,59.99,35.99,24.0,66.6851903306474,28,35,3.0,57.63109589041097,6.0,0
2026-04-25,59.99,35.99,24.0,66.6851903306474,29,36,3.0,57.63109589041097,6.0,0
2026-04-26,59.99,35.99,24.0,66.6851903306474,30,37,3.0,57.631095890410954,6.0,0
2026-04-27,59.99,35.99,24.0,66.6851903306474,31,38,3.0,57.63109589041097,6.0,0
2026-04-28,59.99,35.99,24.0,66.6851903306474,32,39,3.0,57.631095890410954,6.0,0
2026-04-29,59.99,35.99,24.0,66.6851903306474,33,40,3.0,57.63109589041097,6.0,0
2026-04-30,59.99,35.99,24.0,66.6851903306474,34,41,3.0,57.631095890410954,6.0,0
2026-05-01,59.99,35.99,24.0,66.6851903306474,35,42,3.0,57.63109589041097,6.0,0
2026-05-02,59.99,35.99,24.0,66.6851903306474,36,43,3.0,57.63109589041097,6.0,0
2026-05-03,59.99,35.99,24.0,66.6851903306474,37,44,3.0,57.631095890410954,6.0,0
2026-05-04,59.99,35.99,24.0,66.6851903306474,38,45,3.0,57.63109589041097,6.0,0
2026-05-05,59.99,35.99,24.0,66.6851903306474,39,46,3.0,57.631095890410954,6.0,0
2026-05-06,59.99,35.99,24.0,66.6851903306474,40,47,3.0,57.63109589041097,6.0,0
2026-05-07,59.99,35.99,24.0,66.6851903306474,41,48,3.0,57.631095890410954,6.0,0
2026-05-08,59.99,35.99,24.0,66.6851903306474,42,49,3.0,57.63109589041097,6.0,0
2026-05-09,59.99,35.99,24.0,66.6851903306474,43,50,3.0,57.631095890410954,6.0,0
2026-05-10,59.99,35.99,24.0,66.6851903306474,44,51,3.0,57.63109589041097,6.0,0
2026-05-11,59.99,35.99,24.0,66.6851903306474,45,52,3.0,57.63109589041097,6.0,0
2026-05-12,59.99,35.99,24.0,66.6851903306474,46,53,3.0,57.631095890410954,6.0,0
2026-05-13,59.99,35.99,24.0,66.6851903306474,47,54,3.0,57.63109589041097,6.0,0
2026-05-14,59.99,35.99,24.0,66.6851903306474,48,55,3.0,57.631095890410954,6.0,0
2026-05-15,59.99,35.99,24.0,66.6851903306474,49,56,3.0,57.63109589041097,6.0,0
2026-05-16,59.99,35.99,24.0,66.6851903306474,50,57,3.0,57.631095890410954,6.0,0
2026-05-17,59.99,35.99,24.0,66.6851903306474,51,58,3.0,57.63109589041097,6.0,0
2026-05-18,59.99,35.99,24.0,66.6851903306474,52,59,3.0,57.63109589041097,6.0,0
2026-05-19,59.99,35.99,24.0,66.6851903306474,53,60,3.0,57.63109589041097,6.0,0
2026-05-20,59.99,35.99,24.0,66.6851903306474,54,61,3.0,57.63109589041097,6.0,0
2026-05-21,59.99,35.99,24.0,66.6851903306474,55,62,3.0,57.631095890410954,6.0,0
2026-05-22,59.99,35.99,24.0,66.6851903306474,56,63,3.0,57.63109589041097,6.0,0
2026-05-23,59.99,35.99,24.0,66.6851903306474,57,64,3.0,57.631095890410954,6.0,0
2026-05-24,59.99,35.99,24.0,66.6851903306474,58,65,3.0,57.63109589041097,6.0,0
2026-05-25,59.99,35.99,24.0,66.6851903306474,59,66,3.0,57.631095890410954,6.0,0
2026-05-26,59.99,35.99,24.0,66.6851903306474,60,67,3.0,57.63109589041097,6.0,0
2026-05-27,59.99,35.99,24.0,66.6851903306474,61,68,3.0,57.63109589041097,6.0,0
2026-05-28,59.99,35.99,24.0,66.6851903306474,62,69,3.0,57.631095890410954,6.0,0
2026-05-29,59.99,35.99,24.0,66.6851903306474,63,70,3.0,57.63109589041097,6.0,0
2026-05-30,59.99,35.99,24.0,66.6851903306474,64,71,3.0,57.631095890410954,6.0,0
2026-05-31,59.99,35.99,24.0,66.6851903306474,65,72,3.0,57.63109589041097,6.0,0
2026-06-01,59.99,35.99,24.0,66.6851903306474,66,73,3.0,57.631095890410954,6.0,0
2026-06-02,59.99,35.99,24.0,66.6851903306474,67,74,3.0,57.63109589041097,6.0,0
2026-06-03,59.99,35.99,24.0,66.6851903306474,68,75,3.0,57.631095890410954,6.0,0
2026-06-04,59.99,35.99,24.0,66.6851903306474,69,76,3.0,57.63109589041097,6.0,0
2026-06-05,59.99,35.99,24.0,66.6851903306474,70,77,3.0,57.63109589041097,6.0,0
2026-06-06,59.99,35.99,24.0,66.6851903306474,71,78,3.0,57.631095890410954,6.0,0
2026-06-07,59.99,35.99,24.0,66.6851903306474,72,79,3.0,57.63109589041097,6.0,0
2026-06-08,59.99,35.99,24.0,66.6851903306474,73,80,3.0,57.631095890410954,6.0,0
2026-06-09,59.99,35.99,24.0,66.6851903306474,74,81,3.0,57.63109589041097,6.0,0
2026-06-10,59.99,35.99,24.0,66.6851903306474,75,82,3.0,57.631095890410954,6.0,0
2026-06-11,59.99,35.99,24.0,66.6851903306474,76,83,3.0,57.63109589041097,6.0,0
2026-06-12,59.99,35.99,24.0,66.6851903306474,77,84,3.0,57.63109589041097,6.0,0
2026-06-13,59.99,35.99,24.0,66.6851903306474,78,85,3.0,57.631095890410954,6.0,0
2026-06-14,59.99,35.99,24.0,66.6851903306474,79,86,3.0,57.63109589041097,6.0,0
2026-06-15,59.99,35.99,24.0,66.6851903306474,80,87,3.0,57.631095890410954,6.0,0
2026-06-16,59.99,35.99,24.0,66.6851903306474,81,88,3.0,57.63109589041097,6.0,0
2026-06-17,59.99,35.99,24.0,66.6851903306474,82,89,3.0,57.631095890410954,6.0,0
2026-06-18,59.99,35.99,24.0,66.6851903306474,83,90,3.0,57.63109589041097,6.0,0
2026-06-19,59.99,35.99,24.0,66.6851903306474,84,91,3.0,57.631095890410954,6.0,0
2026-06-20,59.99,35.99,24.0,66.6851903306474,85,92,3.0,57.63109589041097,6.0,0
2026-06-21,59.99,35.99,24.0,66.6851903306474,86,93,3.0,57.63109589041097,6.0,0
2026-06-22,59.99,35.99,24.0,66.6851903306474,87,94,3.0,57.631095890410954,6.0,0
2026-06-23,59.99,35.99,24.0,66.6851903306474,88,95,3.0,57.63109589041097,6.0,0
2026-06-24,59.99,35.99,24.0,66.6851903306474,89,96,3.0,57.631095890410954,6.0,0
2026-06-25,59.99,35.99,24.0,66.6851903306474,90,97,3.0,57.63109589041097,6.0,0
2026-06-26,59.99,35.99,24.0,66.6851903306474,91,98,3.0,57.631095890410954,6.0,0
2026-06-27,59.99,35.99,24.0,66.6851903306474,92,99,3.0,57.63109589041097,6.0,0
2026-06-28,59.99,35.99,24.0,66.6851903306474,93,100,2.0,57.6968493150685,5.0,0
2026-06-29,59.99,35.99,24.0,66.6851903306474,94,101,2.0,57.762602739726034,5.0,0
2026-06-30,59.99,35.99,24.0,66.6851903306474,95,102,2.0,57.82835616438357,5.0,0
2026-07-01,59.99,35.99,24.0,66.6851903306474,96,103,2.0,57.89410958904109,5.0,0
2026-07-02,59.99,35.99,24.0,66.6851903306474,97,104,2.0,57.95986301369864,5.0,0
2026-07-03,59.99,35.99,24.0,66.6851903306474,98,105,2.0,58.02561643835616,5.0,0
2026-07-04,59.99,35.99,24.0,66.6851903306474,99,106,2.0,58.0913698630137,5.0,0
2026-07-05,59.99,35.99,24.0,66.6851903306474,100,107,2.0,58.157123287671226,5.0,0
2026-07-06,59.99,35.99,24.0,66.6851903306474,101,108,2.0,58.22287671232877,5.0,0
2026-07-07,59.99,35.99,24.0,66.6851903306474,102,109,2.0,58.288630136986306,5.0,0
2026-07-08,59.99,35.99,24.0,66.6851903306474,103,110,2.0,58.35438356164383,5.0,0
2026-07-09,59.99,35.99,24.0,66.6851903306474,104,111,2.0,58.42013698630137,5.0,0
2026-07-10,59.99,35.99,24.0,66.6851903306474,105,112,2.0,58.4858904109589,5.0,0
2026-07-11,59.99,35.99,24.0,66.6851903306474,106,113,2.0,58.551643835616446,5.0,0
2026-07-12,59.99,35.99,24.0,66.6851903306474,107,114,2.0,58.55164383561643,4.0,0
2026-07-13,59.99,35.99,24.0,66.6851903306474,108,115,2.0,58.551643835616446,4.0,0
2026-07-14,59.99,35.99,24.0,66.6851903306474,109,116,2.0,58.55164383561643,4.0,0
2026-07-15,59.99,35.99,24.0,66.6851903306474,110,117,2.0,58.551643835616446,4.0,0
2026-07-16,59.99,35.99,24.0,66.6851903306474,111,118,2.0,58.551643835616446,4.0,0
2026-07-17,59.99,35.99,24.0,66.6851903306474,112,119,2.0,58.55164383561643,4.0,0
2026-07-18,59.99,35.99,24.0,66.6851903306474,113,120,2.0,58.551643835616446,4.0,0
2026-07-19,59.99,35.99,24.0,66.6851903306474,114,121,2.0,58.55164383561643,4.0,0
2026-07-20,59.99,35.99,24.0,66.6851903306474,115,122,2.0,58.551643835616446,4.0,0
2026-07-21,59.99,35.99,24.0,66.6851903306474,116,123,2.0,58.55164383561643,4.0,0
2026-07-22,59.99,35.99,24.0,66.6851903306474,117,124,2.0,58.551643835616446,4.0,0
2026-07-23,59.99,35.99,24.0,66.6851903306474,118,125,2.0,58.551643835616446,4.0,0
2026-07-24,59.99,35.99,24.0,66.6851903306474,119,126,2.0,58.551643835616446,4.0,0
2026-07-25,59.99,35.99,24.0,66.6851903306474,120,127,2.0,58.551643835616446,4.0,0
2026-07-26,59.99,35.99,24.0,66.6851903306474,121,128,2.0,58.55164383561643,4.0,0
2026-07-27,59.99,35.99,24.0,66.6851903306474,122,129,2.0,58.551643835616446,4.0,0
2026-07-28,59.99,35.99,24.0,66.6851903306474,123,130,2.0,58.55164383561643,4.0,0
2026-07-29,59.99,35.99,24.0,66.6851903306474,124,131,2.0,58.551643835616446,4.0,0
2026-07-30,59.99,35.99,24.0,66.6851903306474,125,132,2.0,58.55164383561643,4.0,0
2026-07-31,59.99,35.99,24.0,66.6851903306474,126,133,2.0,58.551643835616446,4.0,0
2026-08-01,59.99,35.99,24.0,66.6851903306474,127,134,2.0,58.551643835616446,4.0,0
2026-08-02,59.99,35.99,24.0,66.6851903306474,128,135,2.0,58.55164383561643,4.0,0
2026-08-03,59.99,35.99,24.0,66.6851903306474,129,136,2.0,58.551643835616446,4.0,0
2026-08-04,59.99,35.99,24.0,66.6851903306474,130,137,2.0,58.55164383561643,4.0,0
2026-08-05,59.99,35.99,24.0,66.6851903306474,131,138,2.0,58.551643835616446,4.0,0
2026-08-06,59.99,35.99,24.0,66.6851903306474,132,139,2.0,58.55164383561643,4.0,0
2026-08-07,59.99,35.99,24.0,66.6851903306474,133,140,2.0,58.551643835616446,4.0,0
2026-08-08,59.99,35.99,24.0,66.6851903306474,134,141,2.0,58.55164383561643,4.0,0
2026-08-09,59.99,35.99,24.0,66.6851903306474,135,142,2.0,58.551643835616446,4.0,0
2026-08-10,59.99,35.99,24.0,66.6851903306474,136,143,2.0,58.551643835616446,4.0,0
2026-08-11,59.99,35.99,24.0,66.6851903306474,137,144,2.0,58.55164383561643,4.0,0
2026-08-12,59.99,35.99,24.0,66.6851903306474,138,145,2.0,58.551643835616446,4.0,0
2026-08-13,59.99,35.99,24.0,66.6851903306474,139,146,2.0,58.55164383561643,4.0,0
2026-08-14,59.99,35.99,24.0,66.6851903306474,140,147,2.0,58.551643835616446,4.0,0
2026-08-15,59.99,35.99,24.0,66.6851903306474,141,148,2.0,58.55164383561643,4.0,0
2026-08-16,59.99,35.99,24.0,66.6851903306474,142,149,2.0,58.551643835616446,4.0,0
2026-08-17,59.99,35.99,24.0,66.6851903306474,143,150,2.0,58.551643835616446,4.0,0
2026-08-18,59.99,35.99,24.0,66.6851903306474,144,151,2.0,58.55164383561643,4.0,0
2026-08-19,59.99,35.99,24.0,66.6851903306474,145,152,2.0,58.551643835616446,4.0,0
2026-08-20,59.99,35.99,24.0,66.6851903306474,146,153,2.0,58.55164383561643,4.0,0
2026-08-21,59.99,35.99,24.0,66.6851903306474,147,154,2.0,58.551643835616446,4.0,0
2026-08-22,59.99,35.99,24.0,66.6851903306474,148,155,2.0,58.55164383561643,4.0,0
2026-08-23,59.99,35.99,24.0,66.6851903306474,149,156,2.0,58.551643835616446,4.0,0
2026-08-24,59.99,35.99,24.0,66.6851903306474,150,157,2.0,58.55164383561643,4.0,0
2026-08-25,59.99,35.99,24.0,66.6851903306474,151,158,2.0,58.551643835616446,4.0,0
2026-08-26,59.99,35.99,24.0,66.6851903306474,152,159,2.0,58.551643835616446,4.0,0
2026-08-27,59.99,35.99,24.0,66.6851903306474,153,160,2.0,58.55164383561643,4.0,0
2026-08-28,59.99,35.99,24.0,66.6851903306474,154,161,2.0,58.551643835616446,4.0,0
2026-08-29,59.99,35.99,24.0,66.6851903306474,155,162,2.0,58.55164383561643,4.0,0
2026-08-30,59.99,35.99,24.0,66.6851903306474,156,163,2.0,58.551643835616446,4.0,0
2026-08-31,59.99,35.99,24.0,66.6851903306474,157,164,2.0,58.55164383561643,4.0,0
2026-09-01,59.99,35.99,24.0,66.6851903306474,158,165,2.0,58.551643835616446,4.0,0
