Date,Price,historical_low,price_above_low,percent_above_low,days_since_price_change,days_since_sale,sales_last_365_days,avg_price_last_365_days,price_changes_last_365_days,cheaper_within_30_days
2018-08-21,59.99,59.99,0.0,0.0,0,0,0.0,59.99,0.0,0
2018-08-22,59.99,59.99,0.0,0.0,1,1,0.0,59.99,0.0,0
2018-08-23,59.99,59.99,0.0,0.0,2,2,0.0,59.99,0.0,0
2018-08-24,59.99,59.99,0.0,0.0,3,3,0.0,59.99,0.0,0
2018-08-25,59.99,59.99,0.0,0.0,4,4,0.0,59.99,0.0,0
2018-08-26,59.99,59.99,0.0,0.0,5,5,0.0,59.99,0.0,0
2018-08-27,59.99,59.99,0.0,0.0,6,6,0.0,59.99,0.0,0
2018-08-28,59.99,59.99,0.0,0.0,7,7,0.0,59.99,0.0,0
2018-08-29,59.99,59.99,0.0,0.0,8,8,0.0,59.99,0.0,0
2018-08-30,59.99,59.99,0.0,0.0,9,9,0.0,59.99,0.0,0
2018-08-31,59.99,59.99,0.0,0.0,10,10,0.0,59.99,0.0,0
2018-09-01,59.99,59.99,0.0,0.0,11,11,0.0,59.99,0.0,0
2018-09-02,59.99,59.99,0.0,0.0,12,12,0.0,59.99,0.0,0
2018-09-03,59.99,59.99,0.0,0.0,13,13,0.0,59.99,0.0,0
2018-09-04,59.99,59.99,0.0,0.0,14,14,0.0,59.99,0.0,0
2018-09-05,59.99,59.99,0.0,0.0,15,15,0.0,59.99,0.0,0
2018-09-06,59.99,59.99,0.0,0.0,16,16,0.0,59.99,0.0,0
2018-09-07,59.99,59.99,0.0,0.0,17,17,0.0,59.99,0.0,0
2018-09-08,59.99,59.99,0.0,0.0,18,18,0.0,59.99,0.0,0
2018-09-09,59.99,59.99,0.0,0.0,19,19,0.0,59.99,0.0,0
2018-09-10,59.99,59.99,0.0,0.0,20,20,0.0,59.99,0.0,0
2018-09-11,59.99,59.99,0.0,0.0,21,21,0.0,59.99,0.0,0
2018-09-12,59.99,59.99,0.0,0.0,22,22,0.0,59.99,0.0,0
2018-09-13,59.99,59.99,0.0,0.0,23,23,0.0,59.99,0.0,0
2018-09-14,59.99,59.99,0.0,0.0,24,24,0.0,59.99,0.0,0
2018-09-15,59.99,59.99,0.0,0.0,25,25,0.0,59.99,0.0,0
2018-09-16,59.99,59.99,0.0,0.0,26,26,0.0,59.99,0.0,0
2018-09-17,59.99,59.99,0.0,0.0,27,27,0.0,59.99,0.0,0
2018-09-18,59.99,59.99,0.0,0.0,28,28,0.0,59.99,0.0,0
2018-09-19,59.99,59.99,0.0,0.0,29,29,0.0,59.99,0.0,0
2018-09-20,59.99,59.99,0.0,0.0,30,30,0.0,59.99,0.0,0
2018-09-21,59.99,59.99,0.0,0.0,31,31,0.0,59.99,0.0,0
2018-09-22,59.99,59.99,0.0,0.0,32,32,0.0,59.99,0.0,0
2018-09-23,59.99,59.99,0.0,0.0,33,33,0.0,59.99,0.0,0
2018-09-24,59.99,59.99,0.0,0.0,34,34,0.0,59.99,0.0,0
2018-09-25,59.99,59.99,0.0,0.0,35,35,0.0,59.99,0.0,0
2018-09-26,59.99,59.99,0.0,0.0,36,36,0.0,59.99,0.0,0
2018-09-27,59.99,59.99,0.0,0.0,37,37,0.0,59.99,0.0,0
2018-09-28,59.99,59.99,0.0,0.0,38,38,0.0,59.99,0.0,0
2018-09-29,59.99,59.99,0.0,0.0,39,39,0.0,59.99,0.0,0
2018-09-30,59.99,59.99,0.0,0.0,40,40,0.0,59.99,0.0,0
2018-10-01,59.99,59.99,0.0,0.0,41,41,0.0,59.99,0.0,0
2018-10-02,59.99,59.99,0.0,0.0,42,42,0.0,59.99,0.0,0
2018-10-03,59.99,59.99,0.0,0.0,43,43,0.0,59.99,0.0,0
2018-10-04,59.99,59.99,0.0,0.0,44,44,0.0,59.99,0.0,0
2018-10-05,59.99,59.99,0.0,0.0,45,45,0.0,59.99,0.0,0
2018-10-06,59.99,59.99,0.0,0.0,46,46,0.0,59.99,0.0,0
2018-10-07,59.99,59.99,0.0,0.0,47,47,0.0,59.99,0.0,0
2018-10-08,59.99,59.99,0.0,0.0,48,48,0.0,59.99,0.0,0
2018-10-09,59.99,59.99,0.0,0.0,49,49,0.0,59.99,0.0,0
2018-10-10,59.99,59.99,0.0,0.0,50,50,0.0,59.99,0.0,0
2018-10-11,59.99,59.99,0.0,0.0,51,51,0.0,59.99,0.0,0
2018-10-12,59.99,59.99,0.0,0.0,52,52,0.0,59.99,0.0,0
2018-10-13,59.99,59.99,0.0,0.0,53,53,0.0,59.99,0.0,0
2018-10-14,59.99,59.99,0.0,0.0,54,54,0.0,59.99,0.0,0
2018-10-15,59.99,59.99,0.0,0.0,55,55,0.0,59.99,0.0,0
2018-10-16,59.99,59.99,0.0,0.0,56,56,0.0,59.99,0.0,0
2018-10-17,59.99,59.99,0.0,0.0,57,57,0.0,59.99,0.0,0
2018-10-18,59.99,59.99,0.0,0.0,58,58,0.0,59.99,0.0,0
2018-10-19,59.99,59.99,0.0,0.0,59,59,0.0,59.99,0.0,0
2018-10-20,59.99,59.99,0.0,0.0,60,60,0.0,59.99,0.0,0
2018-10-21,59.99,59.99,0.0,0.0,61,61,0.0,59.99,0.0,0
2018-10-22,59.99,59.99,0.0,0.0,62,62,0.0,59.99,0.0,0
2018-10-23,59.99,59.99,0.0,0.0,63,63,0.0,59.99,0.0,0
2018-10-24,59.99,59.99,0.0,0.0,64,64,0.0,59.99,0.0,0
2018-10-25,59.99,59.99,0.0,0.0,65,65,0.0,59.99,0.0,0
2018-10-26,59.99,59.99,0.0,0.0,66,66,0.0,59.99,0.0,0
2018-10-27,59.99,59.99,0.0,0.0,67,67,0.0,59.99,0.0,0
2018-10-28,59.99,59.99,0.0,0.0,68,68,0.0,59.99,0.0,0
2018-10-29,59.99,59.99,0.0,0.0,69,69,0.0,59.99,0.0,0
2018-10-30,59.99,59.99,0.0,0.0,70,70,0.0,59.99,0.0,0
2018-10-31,59.99,59.99,0.0,0.0,71,71,0.0,59.99,0.0,0
2018-11-01,59.99,59.99,0.0,0.0,72,72,0.0,59.99,0.0,0
2018-11-02,59.99,59.99,0.0,0.0,73,73,0.0,59.99,0.0,0
2018-11-03,59.99,59.99,0.0,0.0,74,74,0.0,59.99,0.0,0
2018-11-04,59.99,59.99,0.0,0.0,75,75,0.0,59.99,0.0,0
2018-11-05,59.99,59.99,0.0,0.0,76,76,0.0,59.99,0.0,0
2018-11-06,59.99,59.99,0.0,0.0,77,77,0.0,59.99,0.0,0
2018-11-07,59.99,59.99,0.0,0.0,78,78,0.0,59.99,0.0,0
2018-11-08,59.99,59.99,0.0,0.0,79,79,0.0,59.99,0.0,0
2018-11-09,59.99,59.99,0.0,0.0,80,80,0.0,59.99,0.0,0
2018-11-10,59.99,59.99,0.0,0.0,81,81,0.0,59.99,0.0,0
2018-11-11,59.99,59.99,0.0,0.0,82,82,0.0,59.99,0.0,0
2018-11-12,59.99,59.99,0.0,0.0,83,83,0.0,59.99,0.0,0
2018-11-13,59.99,59.99,0.0,0.0,84,84,0.0,59.99,0.0,0
2018-11-14,59.99,59.99,0.0,0.0,85,85,0.0,59.99,0.0,0
2018-11-15,59.99,59.99,0.0,0.0,86,86,0.0,59.99,0.0,0
2018-11-16,59.99,59.99,0.0,0.0,87,87,0.0,59.99,0.0,0
2018-11-17,59.99,59.99,0.0,0.0,88,88,0.0,59.99,0.0,0
2018-11-18,59.99,59.99,0.0,0.0,89,89,0.0,59.99,0.0,0
2018-11-19,59.99,59.99,0.0,0.0,90,90,0.0,59.99,0.0,0
2018-11-20,59.99,59.99,0.0,0.0,91,91,0.0,59.99,0.0,0
2018-11-21,59.99,59.99,0.0,0.0,92,92,0.0,59.99,0.0,0
2018-11-22,59.99,59.99,0.0,0.0,93,93,0.0,59.99,0.0,0
2018-11-23,59.99,59.99,0.0,0.0,94,94,0.0,59.99,0.0,0
2018-11-24,59.99,59.99,0.0,0.0,95,95,0.0,59.99,0.0,0
2018-11-25,59.99,59.99,0.0,0.0,96,96,0.0,59.99,0.0,0
2018-11-26,59.99,59.99,0.0,0.0,97,97,0.0,59.99,0.0,0
2018-11-27,59.99,59.99,0.0,0.0,98,98,0.0,59.99,0.0,0
2018-11-28,59.99,59.99,0.0,0.0,99,99,0.0,59.99,0.0,0
2018-11-29,59.99,59.99,0.0,0.0,100,100,0.0,59.99,0.0,0
2018-11-30,59.99,59.99,0.0,0.0,101,101,0.0,59.99,0.0,0
2018-12-01,59.99,59.99,0.0,0.0,102,102,0.0,59.99,0.0,0
2018-12-02,59.99,59.99,0.0,0.0,103,103,0.0,59.99,0.0,0
2018-12-03,59.99,59.99,0.0,0.0,104,104,0.0,59.99,0.0,0
2018-12-04,59.99,59.99,0.0,0.0,105,105,0.0,59.99,0.0,0
2018-12-05,59.99,59.99,0.0,0.0,106,106,0.0,59.99,0.0,0
2018-12-06,59.99,59.99,0.0,0.0,107,107,0.0,59.99,0.0,0
2018-12-07,59.99,59.99,0.0,0.0,108,108,0.0,59.99,0.0,0
2018-12-08,59.99,59.99,0.0,0.0,109,109,0.0,59.99,0.0,0
2018-12-09,59.99,59.99,0.0,0.0,110,110,0.0,59.99,0.0,0
2018-12-10,59.99,59.99,0.0,0.0,111,111,0.0,59.99,0.0,0
2018-12-11,59.99,59.99,0.0,0.0,112,112,0.0,59.99,0.0,0
2018-12-12,59.99,59.99,0.0,0.0,113,113,0.0,59.99,0.0,0
2018-12-13,59.99,59.99,0.0,0.0,114,114,0.0,59.99,0.0,0
2018-12-14,59.99,59.99,0.0,0.0,115,115,0.0,59.99,0.0,0
2018-12-15,59.99,59.99,0.0,0.0,116,116,0.0,59.99,0.0,0
2018-12-16,59.99,59.99,0.0,0.0,117,117,0.0,59.99,0.0,0
2018-12-17,59.99,59.99,0.0,0.0,118,118,0.0,59.99,0.0,0
2018-12-18,59.99,59.99,0.0,0.0,119,119,0.0,59.99,0.0,0
2018-12-19,59.99,59.99,0.0,0.0,120,120,0.0,59.99,0.0,0
2018-12-20,59.99,59.99,0.0,0.0,121,121,0.0,59.99,0.0,0
2018-12-21,59.99,59.99,0.0,0.0,122,122,0.0,59.99,0.0,0
2018-12-22,59.99,59.99,0.0,0.0,123,123,0.0,59.99,0.0,0
2018-12-23,59.99,59.99,0.0,0.0,124,124,0.0,59.99,0.0,0
2018-12-24,59.99,59.99,0.0,0.0,125,125,0.0,59.99,0.0,0
2018-12-25,59.99,59.99,0.0,0.0,126,126,0.0,59.99,0.0,0
2018-12-26,59.99,59.99,0.0,0.0,127,127,0.0,59.99,0.0,0
2018-12-27,59.99,59.99,0.0,0.0,128,128,0.0,59.99,0.0,0
2018-12-28,59.99,59.99,0.0,0.0,129,129,0.0,59.99,0.0,0
2018-12-29,59.99,59.99,0.0,0.0,130,130,0.0,59.99,0.0,0
2018-12-30,59.99,59.99,0.0,0.0,131,131,0.0,59.99,0.0,0
2018-12-31,59.99,59.99,0.0,0.0,132,132,0.0,59.99,0.0,0
2019-01-01,59.99,59.99,0.0,0.0,133,133,0.0,59.99,0.0,0
2019-01-02,59.99,59.99,0.0,0.0,134,134,0.0,59.99,0.0,0
2019-01-03,59.99,59.99,0.0,0.0,135,135,0.0,59.99,0.0,0
2019-01-04,59.99,59.99,0.0,0.0,136,136,0.0,59.99,0.0,0
2019-01-05,59.99,59.99,0.0,0.0,137,137,0.0,59.99,0.0,0
2019-01-06,59.99,59.99,0.0,0.0,138,138,0.0,59.99,0.0,0
2019-01-07,59.99,59.99,0.0,0.0,139,139,0.0,59.99,0.0,0
2019-01-08,59.99,59.99,0.0,0.0,140,140,0.0,59.99,0.0,0
2019-01-09,59.99,59.99,0.0,0.0,141,141,0.0,59.99,0.0,0
2019-01-10,59.99,59.99,0.0,0.0,142,142,0.0,59.99,0.0,0
2019-01-11,59.99,59.99,0.0,0.0,143,143,0.0,59.99,0.0,0
2019-01-12,59.99,59.99,0.0,0.0,144,144,0.0,59.99,0.0,0
2019-01-13,59.99,59.99,0.0,0.0,145,145,0.0,59.99,0.0,0
2019-01-14,59.99,59.99,0.0,0.0,146,146,0.0,59.99,0.0,0
2019-01-15,59.99,59.99,0.0,0.0,147,147,0.0,59.99,0.0,0
2019-01-16,59.99,59.99,0.0,0.0,148,148,0.0,59.99,0.0,0
2019-01-17,59.99,59.99,0.0,0.0,149,149,0.0,59.99,0.0,0
2019-01-18,59.99,59.99,0.0,0.0,150,150,0.0,59.99,0.0,0
2019-01-19,59.99,59.99,0.0,0.0,151,151,0.0,59.99,0.0,0
2019-01-20,59.99,59.99,0.0,0.0,152,152,0.0,59.99,0.0,0
2019-01-21,59.99,59.99,0.0,0.0,153,153,0.0,59.99,0.0,0
2019-01-22,59.99,59.99,0.0,0.0,154,154,0.0,59.99,0.0,0
2019-01-23,59.99,59.99,0.0,0.0,155,155,0.0,59.99,0.0,0
2019-01-24,59.99,59.99,0.0,0.0,156,156,0.0,59.99,0.0,0
2019-01-25,59.99,59.99,0.0,0.0,157,157,0.0,59.99,0.0,0
2019-01-26,59.99,59.99,0.0,0.0,158,158,0.0,59.99,0.0,0
2019-01-27,59.99,59.99,0.0,0.0,159,159,0.0,59.99,0.0,0
2019-01-28,59.99,59.99,0.0,0.0,160,160,0.0,59.99,0.0,0
2019-01-29,59.99,59.99,0.0,0.0,161,161,0.0,59.99,0.0,0
2019-01-30,59.99,59.99,0.0,0.0,162,162,0.0,59.99,0.0,0
2019-01-31,59.99,59.99,0.0,0.0,163,163,0.0,59.99,0.0,0
2019-02-01,59.99,59.99,0.0,0.0,164,164,0.0,59.99,0.0,0
2019-02-02,59.99,59.99,0.0,0.0,165,165,0.0,59.99,0.0,0
2019-02-03,59.99,59.99,0.0,0.0,166,166,0.0,59.99,0.0,0
2019-02-04,59.99,59.99,0.0,0.0,167,167,0.0,59.99,0.0,0
2019-02-05,59.99,59.99,0.0,0.0,168,168,0.0,59.99,0.0,0
2019-02-06,59.99,59.99,0.0,0.0,169,169,0.0,59.99,0.0,0
2019-02-07,59.99,59.99,0.0,0.0,170,170,0.0,59.99,0.0,0
2019-02-08,59.99,59.99,0.0,0.0,171,171,0.0,59.99,0.0,0
2019-02-09,59.99,59.99,0.0,0.0,172,172,0.0,59.99,0.0,0
2019-02-10,59.99,59.99,0.0,0.0,173,173,0.0,59.99,0.0,0
2019-02-11,59.99,59.99,0.0,0.0,174,174,0.0,59.99,0.0,0
2019-02-12,59.99,59.99,0.0,0.0,175,175,0.0,59.99,0.0,0
2019-02-13,59.99,59.99,0.0,0.0,176,176,0.0,59.99,0.0,0
2019-02-14,59.99,59.99,0.0,0.0,177,177,0.0,59.99,0.0,0
2019-02-15,59.99,59.99,0.0,0.0,178,178,0.0,59.99,0.0,0
2019-02-16,59.99,59.99,0.0,0.0,179,179,0.0,59.99,0.0,0
2019-02-17,59.99,59.99,0.0,0.0,180,180,0.0,59.99,0.0,0
2019-02-18,59.99,59.99,0.0,0.0,181,181,0.0,59.99,0.0,0
2019-02-19,59.99,59.99,0.0,0.0,182,182,0.0,59.99,0.0,0
2019-02-20,59.99,59.99,0.0,0.0,183,183,0.0,59.99,0.0,0
2019-02-21,59.99,59.99,0.0,0.0,184,184,0.0,59.99,0.0,0
2019-02-22,59.99,59.99,0.0,0.0,185,185,0.0,59.99,0.0,0
2019-02-23,59.99,59.99,0.0,0.0,186,186,0.0,59.99,0.0,0
2019-02-24,59.99,59.99,0.0,0.0,187,187,0.0,59.99,0.0,0
2019-02-25,59.99,59.99,0.0,0.0,188,188,0.0,59.99,0.0,0
2019-02-26,59.99,59.99,0.0,0.0,189,189,0.0,59.99,0.0,0
2019-02-27,59.99,59.99,0.0,0.0,190,190,0.0,59.99,0.0,0
2019-02-28,59.99,59.99,0.0,0.0,191,191,0.0,59.99,0.0,0
2019-03-01,59.99,59.99,0.0,0.0,192,192,0.0,59.99,0.0,0
2019-03-02,59.99,59.99,0.0,0.0,193,193,0.0,59.99,0.0,0
2019-03-03,59.99,59.99,0.0,0.0,194,194,0.0,59.99,0.0,0
2019-03-04,59.99,59.99,0.0,0.0,195,195,0.0,59.99,0.0,0
2019-03-05,59.99,59.99,0.0,0.0,196,196,0.0,59.99,0.0,0
2019-03-06,59.99,59.99,0.0,0.0,197,197,0.0,59.99,0.0,0
2019-03-07,59.99,59.99,0.0,0.0,198,198,0.0,59.99,0.0,0
2019-03-08,59.99,59.99,0.0,0.0,199,199,0.0,59.99,0.0,0
2019-03-09,59.99,59.99,0.0,0.0,200,200,0.0,59.99,0.0,0
2019-03-10,59.99,59.99,0.0,0.0,201,201,0.0,59.99,0.0,0
2019-03-11,59.99,59.99,0.0,0.0,202,202,0.0,59.99,0.0,0
2019-03-12,59.99,59.99,0.0,0.0,203,203,0.0,59.99,0.0,0
2019-03-13,59.99,59.99,0.0,0.0,204,204,0.0,59.99,0.0,0
2019-03-14,59.99,59.99,0.0,0.0,205,205,0.0,59.99,0.0,0
2019-03-15,59.99,59.99,0.0,0.0,206,206,0.0,59.99,0.0,0
2019-03-16,59.99,59.99,0.0,0.0,207,207,0.0,59.99,0.0,0
2019-03-17,59.99,59.99,0.0,0.0,208,208,0.0,59.99,0.0,0
2019-03-18,59.99,59.99,0.0,0.0,209,209,0.0,59.99,0.0,0
2019-03-19,59.99,59.99,0.0,0.0,210,210,0.0,59.99,0.0,0
2019-03-20,59.99,59.99,0.0,0.0,211,211,0.0,59.99,0.0,0
2019-03-21,59.99,59.99,0.0,0.0,212,212,0.0,59.99,0.0,0
2019-03-22,59.99,59.99,0.0,0.0,213,213,0.0,59.99,0.0,0
2019-03-23,59.99,59.99,0.0,0.0,214,214,0.0,59.99,0.0,0
2019-03-24,59.99,59.99,0.0,0.0,215,215,0.0,59.99,0.0,0
2019-03-25,59.99,59.99,0.0,0.0,216,216,0.0,59.99,0.0,0
2019-03-26,59.99,59.99,0.0,0.0,217,217,0.0,59.99,0.0,0
2019-03-27,59.99,59.99,0.0,0.0,218,218,0.0,59.99,0.0,0
2019-03-28,59.99,59.99,0.0,0.0,219,219,0.0,59.99,0.0,0
2019-03-29,59.99,59.99,0.0,0.0,220,220,0.0,59.99,0.0,0
2019-03-30,59.99,59.99,0.0,0.0,221,221,0.0,59.99,0.0,0
2019-03-31,59.99,59.99,0.0,0.0,222,222,0.0,59.99,0.0,0
2019-04-01,59.99,59.99,0.0,0.0,223,223,0.0,59.99,0.0,0
2019-04-02,59.99,59.99,0.0,0.0,224,224,0.0,59.99,0.0,0
2019-04-03,59.99,59.99,0.0,0.0,225,225,0.0,59.99,0.0,0
2019-04-04,59.99,59.99,0.0,0.0,226,226,0.0,59.99,0.0,0
2019-04-05,59.99,59.99,0.0,0.0,227,227,0.0,59.99,0.0,0
2019-04-06,59.99,59.99,0.0,0.0,228,228,0.0,59.99,0.0,0
2019-04-07,59.99,59.99,0.0,0.0,229,229,0.0,59.99,0.0,0
2019-04-08,59.99,59.99,0.0,0.0,230,230,0.0,59.99,0.0,0
2019-04-09,59.99,59.99,0.0,0.0,231,231,0.0,59.99,0.0,0
2019-04-10,59.99,59.99,0.0,0.0,232,232,0.0,59.99,0.0,0
2019-04-11,59.99,59.99,0.0,0.0,233,233,0.0,59.99,0.0,0
2019-04-12,59.99,59.99,0.0,0.0,234,234,0.0,59.99,0.0,0
2019-04-13,59.99,59.99,0.0,0.0,235,235,0.0,59.99,0.0,0
2019-04-14,59.99,59.99,0.0,0.0,236,236,0.0,59.99,0.0,0
2019-04-15,59.99,59.99,0.0,0.0,237,237,0.0,59.99,0.0,0
2019-04-16,59.99,59.99,0.0,0.0,238,238,0.0,59.99,0.0,0
2019-04-17,59.99,59.99,0.0,0.0,239,239,0.0,59.99,0.0,0
2019-04-18,59.99,59.99,0.0,0.0,240,240,0.0,59.99,0.0,0
2019-04-19,59.99,59.99,0.0,0.0,241,241,0.0,59.99,0.0,0
2019-04-20,59.99,59.99,0.0,0.0,242,242,0.0,59.99,0.0,0
2019-04-21,59.99,59.99,0.0,0.0,243,243,0.0,59.99,0.0,0
2019-04-22,59.99,59.99,0.0,0.0,244,244,0.0,59.99,0.0,0
2019-04-23,59.99,59.99,0.0,0.0,245,245,0.0,59.99,0.0,0
2019-04-24,59.99,59.99,0.0,0.0,246,246,0.0,59.99,0.0,0
2019-04-25,59.99,59.99,0.0,0.0,247,247,0.0,59.99,0.0,0
2019-04-26,59.99,59.99,0.0,0.0,248,248,0.0,59.99,0.0,0
2019-04-27,59.99,59.99,0.0,0.0,249,249,0.0,59.99,0.0,0
2019-04-28,59.99,59.99,0.0,0.0,250,250,0.0,59.99,0.0,0
2019-04-29,59.99,59.99,0.0,0.0,251,251,0.0,59.99,0.0,0
2019-04-30,59.99,59.99,0.0,0.0,252,252,0.0,59.99,0.0,0
2019-05-01,59.99,59.99,0.0,0.0,253,253,0.0,59.99,0.0,0
2019-05-02,59.99,59.99,0.0,0.0,254,254,0.0,59.99,0.0,0
2019-05-03,59.99,59.99,0.0,0.0,255,255,0.0,59.99,0.0,0
2019-05-04,59.99,59.99,0.0,0.0,256,256,0.0,59.99,0.0,0
2019-05-05,59.99,59.99,0.0,0.0,257,257,0.0,59.99,0.0,0
2019-05-06,59.99,59.99,0.0,0.0,258,258,0.0,59.99,0.0,0
2019-05-07,59.99,59.99,0.0,0.0,259,259,0.0,59.99,0.0,0
2019-05-08,59.99,59.99,0.0,0.0,260,260,0.0,59.99,0.0,0
2019-05-09,59.99,59.99,0.0,0.0,261,261,0.0,59.99,0.0,0
2019-05-10,59.99,59.99,0.0,0.0,262,262,0.0,59.99,0.0,0
2019-05-11,59.99,59.99,0.0,0.0,263,263,0.0,59.99,0.0,0
2019-05-12,59.99,59.99,0.0,0.0,264,264,0.0,59.99,0.0,0
2019-05-13,59.99,59.99,0.0,0.0,265,265,0.0,59.99,0.0,0
2019-05-14,59.99,59.99,0.0,0.0,266,266,0.0,59.99,0.0,0
2019-05-15,59.99,59.99,0.0,0.0,267,267,0.0,59.99,0.0,0
2019-05-16,59.99,59.99,0.0,0.0,268,268,0.0,59.99,0.0,0
2019-05-17,59.99,59.99,0.0,0.0,269,269,0.0,59.99,0.0,0
2019-05-18,59.99,59.99,0.0,0.0,270,270,0.0,59.99,0.0,0
2019-05-19,59.99,59.99,0.0,0.0,271,271,0.0,59.99,0.0,0
2019-05-20,59.99,59.99,0.0,0.0,272,272,0.0,59.99,0.0,0
2019-05-21,59.99,59.99,0.0,0.0,273,273,0.0,59.99,0.0,0
2019-05-22,59.99,59.99,0.0,0.0,274,274,0.0,59.99,0.0,0
2019-05-23,59.99,59.99,0.0,0.0,275,275,0.0,59.99,0.0,0
2019-05-24,59.99,59.99,0.0,0.0,276,276,0.0,59.99,0.0,0
2019-05-25,59.99,59.99,0.0,0.0,277,277,0.0,59.99,0.0,0
2019-05-26,59.99,59.99,0.0,0.0,278,278,0.0,59.99,0.0,0
2019-05-27,59.99,59.99,0.0,0.0,279,279,0.0,59.99,0.0,1
2019-05-28,59.99,59.99,0.0,0.0,280,280,0.0,59.99,0.0,1
2019-05-29,59.99,59.99,0.0,0.0,281,281,0.0,59.99,0.0,1
2019-05-30,59.99,59.99,0.0,0.0,282,282,0.0,59.99,0.0,1
2019-05-31,59.99,59.99,0.0,0.0,283,283,0.0,59.99,0.0,1
2019-06-01,59.99,59.99,0.0,0.0,284,284,0.0,59.99,0.0,1
2019-06-02,59.99,59.99,0.0,0.0,285,285,0.0,59.99,0.0,1
2019-06-03,59.99,59.99,0.0,0.0,286,286,0.0,59.99,0.0,1
2019-06-04,59.99,59.99,0.0,0.0,287,287,0.0,59.99,0.0,1
2019-06-05,59.99,59.99,0.0,0.0,288,288,0.0,59.99,0.0,1
2019-06-06,59.99,59.99,0.0,0.0,289,289,0.0,59.99,0.0,1
2019-06-07,59.99,59.99,0.0,0.0,290,290,0.0,59.99,0.0,1
2019-06-08,59.99,59.99,0.0,0.0,291,291,0.0,59.99,0.0,1
2019-06-09,59.99,59.99,0.0,0.0,292,292,0.0,59.99,0.0,1
2019-06-10,59.99,59.99,0.0,0.0,293,293,0.0,59.99,0.0,1
2019-06-11,59.99,59.99,0.0,0.0,294,294,0.0,59.99,0.0,1
2019-06-12,59.99,59.99,0.0,0.0,295,295,0.0,59.99,0.0,1
2019-06-13,59.99,59.99,0.0,0.0,296,296,0.0,59.99,0.0,1
2019-06-14,59.99,59.99,0.0,0.0,297,297,0.0,59.99,0.0,1
2019-06-15,59.99,59.99,0.0,0.0,298,298,0.0,59.99,0.0,1
2019-06-16,59.99,59.99,0.0,0.0,299,299,0.0,59.99,0.0,1
2019-06-17,59.99,59.99,0.0,0.0,300,300,0.0,59.99,0.0,1
2019-06-18,59.99,59.99,0.0,0.0,301,301,0.0,59.99,0.0,1
2019-06-19,59.99,59.99,0.0,0.0,302,302,0.0,59.99,0.0,1
2019-06-20,59.99,59.99,0.0,0.0,303,303,0.0,59.99,0.0,1
2019-06-21,59.99,59.99,0.0,0.0,304,304,0.0,59.99,0.0,1
2019-06-22,59.99,59.99,0.0,0.0,305,305,0.0,59.99,0.0,1
2019-06-23,59.99,59.99,0.0,0.0,306,306,0.0,59.99,0.0,1
2019-06-24,59.99,59.99,0.0,0.0,307,307,0.0,59.99,0.0,1
2019-06-25,59.99,59.99,0.0,0.0,308,308,0.0,59.99,0.0,1
2019-06-26,47.99,47.99,0.0,0.0,0,0,0.0,59.99,0.0,0
2019-06-27,47.99,47.99,0.0,0.0,1,1,1.0,59.95129032258065,1.0,0
2019-06-28,47.99,47.99,0.0,0.0,2,2,1.0,59.91282958199357,1.0,0
2019-06-29,47.99,47.99,0.0,0.0,3,3,1.0,59.87461538461539,1.0,0
2019-06-30,47.99,47.99,0.0,0.0,4,4,1.0,59.83664536741214,1.0,0
2019-07-01,47.99,47.99,0.0,0.0,5,5,1.0,59.79891719745223,1.0,0
2019-07-02,47.99,47.99,0.0,0.0,6,6,1.0,59.76142857142858,1.0,0
2019-07-03,47.99,47.99,0.0,0.0,7,7,1.0,59.724177215189876,1.0,0
2019-07-04,47.99,47.99,0.0,0.0,8,8,1.0,59.68716088328076,1.0,0
2019-07-05,47.99,47.99,0.0,0.0,9,9,1.0,59.650377358490566,1.0,0
2019-07-06,47.99,47.99,0.0,0.0,10,10,1.0,59.613824451410665,1.0,0
2019-07-07,47.99,47.99,0.0,0.0,11,11,1.0,59.5775,1.0,0
2019-07-08,47.99,47.99,0.0,0.0,12,12,1.0,59.54140186915888,1.0,0
2019-07-09,47.99,47.99,0.0,0.0,13,13,1.0,59.50552795031056,1.0,0
2019-07-10,59.99,47.99,12.0,25.005209418628883,0,14,1.0,59.469876160990715,1.0,0
2019-07-11,59.99,47.99,12.0,25.005209418628883,1,15,1.0,59.47148148148149,2.0,0
2019-07-12,59.99,47.99,12.0,25.005209418628883,2,16,1.0,59.473076923076924,2.0,0
2019-07-13,59.99,47.99,12.0,25.005209418628883,3,17,1.0,59.47466257668712,2.0,0
2019-07-14,59.99,47.99,12.0,25.005209418628883,4,18,1.0,59.47623853211009,2.0,0
2019-07-15,59.99,47.99,12.0,25.005209418628883,5,19,1.0,59.47780487804879,2.0,0
2019-07-16,59.99,47.99,12.0,25.005209418628883,6,20,1.0,59.479361702127655,2.0,0
2019-07-17,59.99,47.99,12.0,25.005209418628883,7,21,1.0,59.480909090909094,2.0,1
2019-07-18,59.99,47.99,12.0,25.005209418628883,8,22,1.0,59.482447129909374,2.0,1
2019-07-19,59.99,47.99,12.0,25.005209418628883,9,23,1.0,59.48397590361446,2.0,1
2019-07-20,59.99,47.99,12.0,25.005209418628883,10,24,1.0,59.4854954954955,2.0,1
2019-07-21,59.99,47.99,12.0,25.005209418628883,11,25,1.0,59.48700598802395,2.0,1
2019-07-22,59.99,47.99,12.0,25.005209418628883,12,26,1.0,59.48850746268657,2.0,1
2019-07-23,59.99,47.99,12.0,25.005209418628883,13,27,1.0,59.489999999999995,2.0,1
2019-07-24,59.99,47.99,12.0,25.005209418628883,14,28,1.0,59.491483679525224,2.0,1
2019-07-25,59.99,47.99,12.0,25.005209418628883,15,29,1.0,59.49295857988165,2.0,1
2019-07-26,59.99,47.99,12.0,25.005209418628883,16,30,1.0,59.494424778761065,2.0,1
2019-07-27,59.99,47.99,12.0,25.005209418628883,17,31,1.0,59.49588235294118,2.0,1
2019-07-28,59.99,47.99,12.0,25.005209418628883,18,32,1.0,59.49733137829912,2.0,1
2019-07-29,59.99,47.99,12.0,25.005209418628883,19,33,1.0,59.498771929824564,2.0,1
2019-07-30,59.99,47.99,12.0,25.005209418628883,20,34,1.0,59.50020408163265,2.0,1
2019-07-31,59.99,47.99,12.0,25.005209418628883,21,35,1.0,59.50162790697675,2.0,1
2019-08-01,59.99,47.99,12.0,25.005209418628883,22,36,1.0,59.50304347826087,2.0,1
2019-08-02,59.99,47.99,12.0,25.005209418628883,23,37,1.0,59.50445086705203,2.0,1
2019-08-03,59.99,47.99,12.0,25.005209418628883,24,38,1.0,59.50585014409223,2.0,1
2019-08-04,59.99,47.99,12.0,25.005209418628883,25,39,1.0,59.507241379310344,2.0,1
2019-08-05,59.99,47.99,12.0,25.005209418628883,26,40,1.0,59.50862464183382,2.0,1
2019-08-06,59.99,47.99,12.0,25.005209418628883,27,41,1.0,59.51,2.0,1
2019-08-07,59.99,47.99,12.0,25.005209418628883,28,42,1.0,59.511367521367525,2.0,1
2019-08-08,59.99,47.99,12.0,25.005209418628883,29,43,1.0,59.51272727272727,2.0,1
2019-08-09,59.99,47.99,12.0,25.005209418628883,30,44,1.0,59.51407932011332,2.0,1
2019-08-10,59.99,47.99,12.0,25.005209418628883,31,45,1.0,59.51542372881356,2.0,1
2019-08-11,59.99,47.99,12.0,25.005209418628883,32,46,1.0,59.51676056338028,2.0,1
2019-08-12,59.99,47.99,12.0,25.005209418628883,33,47,1.0,59.51808988764046,2.0,1
2019-08-13,59.99,47.99,12.0,25.005209418628883,34,48,1.0,59.519411764705886,2.0,1
2019-08-14,59.99,47.99,12.0,25.005209418628883,35,49,1.0,59.520726256983245,2.0,1
2019-08-15,59.99,47.99,12.0,25.005209418628883,36,50,1.0,59.522033426183846,2.0,1
2019-08-16,47.99,47.99,0.0,0.0,0,0,1.0,59.52333333333334,2.0,0
2019-08-17,47.99,47.99,0.0,0.0,1,1,2.0,59.49138504155125,3.0,0
2019-08-18,47.99,47.99,0.0,0.0,2,2,2.0,59.45961325966851,3.0,0
2019-08-19,47.99,47.99,0.0,0.0,3,3,2.0,59.42801652892562,3.0,0
2019-08-20,59.99,47.99,12.0,25.005209418628883,0,4,2.0,59.39659340659341,3.0,0
2019-08-21,59.99,47.99,12.0,25.005209418628883,1,5,2.0,59.3982191780822,4.0,0
2019-08-22,59.99,47.99,12.0,25.005209418628883,2,6,2.0,59.398219178082186,4.0,0
2019-08-23,59.99,47.99,12.0,25.005209418628883,3,7,2.0,59.3982191780822,4.0,0
2019-08-24,59.99,47.99,12.0,25.005209418628883,4,8,2.0,59.398219178082186,4.0,0
2019-08-25,59.99,47.99,12.0,25.005209418628883,5,9,2.0,59.3982191780822,4.0,0
2019-08-26,59.99,47.99,12.0,25.005209418628883,6,10,2.0,59.398219178082186,4.0,0
2019-08-27,59.99,47.99,12.0,25.005209418628883,7,11,2.0,59.3982191780822,4.0,0
2019-08-28,59.99,47.99,12.0,25.005209418628883,8,12,2.0,59.3982191780822,4.0,0
2019-08-29,59.99,47.99,12.0,25.005209418628883,9,13,2.0,59.3982191780822,4.0,0
2019-08-30,59.99,47.99,12.0,25.005209418628883,10,14,2.0,59.3982191780822,4.0,0
2019-08-31,59.99,47.99,12.0,25.005209418628883,11,15,2.0,59.398219178082186,4.0,0
2019-09-01,59.99,47.99,12.0,25.005209418628883,12,16,2.0,59.3982191780822,4.0,0
2019-09-02,59.99,47.99,12.0,25.005209418628883,13,17,2.0,59.398219178082186,4.0,0
2019-09-03,59.99,47.99,12.0,25.005209418628883,14,18,2.0,59.3982191780822,4.0,0
2019-09-04,59.99,47.99,12.0,25.005209418628883,15,19,2.0,59.398219178082186,4.0,0
2019-09-05,59.99,47.99,12.0,25.005209418628883,16,20,2.0,59.3982191780822,4.0,0
2019-09-06,59.99,47.99,12.0,25.005209418628883,17,21,2.0,59.3982191780822,4.0,0
2019-09-07,59.99,47.99,12.0,25.005209418628883,18,22,2.0,59.398219178082186,4.0,0
2019-09-08,59.99,47.99,12.0,25.005209418628883,19,23,2.0,59.3982191780822,4.0,0
2019-09-09,59.99,47.99,12.0,25.005209418628883,20,24,2.0,59.398219178082186,4.0,0
2019-09-10,59.99,47.99,12.0,25.005209418628883,21,25,2.0,59.3982191780822,4.0,0
2019-09-11,59.99,47.99,12.0,25.005209418628883,22,26,2.0,59.398219178082186,4.0,0
2019-09-12,59.99,47.99,12.0,25.005209418628883,23,27,2.0,59.3982191780822,4.0,0
2019-09-13,59.99,47.99,12.0,25.005209418628883,24,28,2.0,59.398219178082186,4.0,0
2019-09-14,59.99,47.99,12.0,25.005209418628883,25,29,2.0,59.3982191780822,4.0,0
2019-09-15,59.99,47.99,12.0,25.005209418628883,26,30,2.0,59.3982191780822,4.0,0
2019-09-16,59.99,47.99,12.0,25.005209418628883,27,31,2.0,59.398219178082186,4.0,0
2019-09-17,59.99,47.99,12.0,25.005209418628883,28,32,2.0,59.3982191780822,4.0,0
2019-09-18,59.99,47.99,12.0,25.005209418628883,29,33,2.0,59.398219178082186,4.0,0
2019-09-19,59.99,47.99,12.0,25.005209418628883,30,34,2.0,59.3982191780822,4.0,0
2019-09-20,59.99,47.99,12.0,25.005209418628883,31,35,2.0,59.398219178082186,4.0,0
2019-09-21,59.99,47.99,12.0,25.005209418628883,32,36,2.0,59.3982191780822,4.0,0
2019-09-22,59.99,47.99,12.0,25.005209418628883,33,37,2.0,59.3982191780822,4.0,0
2019-09-23,59.99,47.99,12.0,25.005209418628883,34,38,2.0,59.3982191780822,4.0,0
2019-09-24,59.99,47.99,12.0,25.005209418628883,35,39,2.0,59.3982191780822,4.0,0
2019-09-25,59.99,47.99,12.0,25.005209418628883,36,40,2.0,59.398219178082186,4.0,0
2019-09-26,59.99,47.99,12.0,25.005209418628883,37,41,2.0,59.3982191780822,4.0,0
2019-09-27,59.99,47.99,12.0,25.005209418628883,38,42,2.0,59.398219178082186,4.0,0
2019-09-28,59.99,47.99,12.0,25.005209418628883,39,43,2.0,59.3982191780822,4.0,0
2019-09-29,59.99,47.99,12.0,25.005209418628883,40,44,2.0,59.398219178082186,4.0,0
2019-09-30,59.99,47.99,12.0,25.005209418628883,41,45,2.0,59.3982191780822,4.0,0
2019-10-01,59.99,47.99,12.0,25.005209418628883,42,46,2.0,59.3982191780822,4.0,0
2019-10-02,59.99,47.99,12.0,25.005209418628883,43,47,2.0,59.398219178082186,4.0,0
2019-10-03,59.99,47.99,12.0,25.005209418628883,44,48,2.0,59.3982191780822,4.0,0
2019-10-04,59.99,47.99,12.0,25.005209418628883,45,49,2.0,59.398219178082186,4.0,0
2019-10-05,59.99,47.99,12.0,25.005209418628883,46,50,2.0,59.3982191780822,4.0,0
2019-10-06,59.99,47.99,12.0,25.005209418628883,47,51,2.0,59.398219178082186,4.0,0
2019-10-07,59.99,47.99,12.0,25.005209418628883,48,52,2.0,59.3982191780822,4.0,0
2019-10-08,59.99,47.99,12.0,25.005209418628883,49,53,2.0,59.3982191780822,4.0,0
2019-10-09,59.99,47.99,12.0,25.005209418628883,50,54,2.0,59.3982191780822,4.0,0
2019-10-10,59.99,47.99,12.0,25.005209418628883,51,55,2.0,59.3982191780822,4.0,0
2019-10-11,59.99,47.99,12.0,25.005209418628883,52,56,2.0,59.398219178082186,4.0,0
2019-10-12,59.99,47.99,12.0,25.005209418628883,53,57,2.0,59.3982191780822,4.0,0
2019-10-13,59.99,47.99,12.0,25.005209418628883,54,58,2.0,59.398219178082186,4.0,0
2019-10-14,59.99,47.99,12.0,25.005209418628883,55,59,2.0,59.3982191780822,4.0,0
2019-10-15,59.99,47.99,12.0,25.005209418628883,56,60,2.0,59.398219178082186,4.0,0
2019-10-16,59.99,47.99,12.0,25.005209418628883,57,61,2.0,59.3982191780822,4.0,0
2019-10-17,59.99,47.99,12.0,25.005209418628883,58,62,2.0,59.3982191780822,4.0,0
2019-10-18,59.99,47.99,12.0,25.005209418628883,59,63,2.0,59.398219178082186,4.0,0
2019-10-19,59.99,47.99,12.0,25.005209418628883,60,64,2.0,59.3982191780822,4.0,0
2019-10-20,59.99,47.99,12.0,25.005209418628883,61,65,2.0,59.398219178082186,4.0,0
2019-10-21,59.99,47.99,12.0,25.005209418628883,62,66,2.0,59.3982191780822,4.0,0
2019-10-22,59.99,47.99,12.0,25.005209418628883,63,67,2.0,59.398219178082186,4.0,0
2019-10-23,59.99,47.99,12.0,25.005209418628883,64,68,2.0,59.3982191780822,4.0,0
2019-10-24,59.99,47.99,12.0,25.005209418628883,65,69,2.0,59.398219178082186,4.0,0
2019-10-25,59.99,47.99,12.0,25.005209418628883,66,70,2.0,59.3982191780822,4.0,0
2019-10-26,59.99,47.99,12.0,25.005209418628883,67,71,2.0,59.3982191780822,4.0,0
2019-10-27,59.99,47.99,12.0,25.005209418628883,68,72,2.0,59.398219178082186,4.0,0
2019-10-28,59.99,47.99,12.0,25.005209418628883,69,73,2.0,59.3982191780822,4.0,1
2019-10-29,59.99,47.99,12.0,25.005209418628883,70,74,2.0,59.398219178082186,4.0,1
2019-10-30,59.99,47.99,12.0,25.005209418628883,71,75,2.0,59.3982191780822,4.0,1
2019-10-31,59.99,47.99,12.0,25.005209418628883,72,76,2.0,59.398219178082186,4.0,1
2019-11-01,59.99,47.99,12.0,25.005209418628883,73,77,2.0,59.3982191780822,4.0,1
2019-11-02,59.99,47.99,12.0,25.005209418628883,74,78,2.0,59.3982191780822,4.0,1
2019-11-03,59.99,47.99,12.0,25.005209418628883,75,79,2.0,59.3982191780822,4.0,1
2019-11-04,59.99,47.99,12.0,25.005209418628883,76,80,2.0,59.3982191780822,4.0,1
2019-11-05,59.99,47.99,12.0,25.005209418628883,77,81,2.0,59.398219178082186,4.0,1
2019-11-06,59.99,47.99,12.0,25.005209418628883,78,82,2.0,59.3982191780822,4.0,1
2019-11-07,59.99,47.99,12.0,25.005209418628883,79,83,2.0,59.398219178082186,4.0,1
2019-11-08,59.99,47.99,12.0,25.005209418628883,80,84,2.0,59.3982191780822,4.0,1
2019-11-09,59.99,47.99,12.0,25.005209418628883,81,85,2.0,59.398219178082186,4.0,1
2019-11-10,59.99,47.99,12.0,25.005209418628883,82,86,2.0,59.3982191780822,4.0,1
2019-11-11,59.99,47.99,12.0,25.005209418628883,83,87,2.0,59.3982191780822,4.0,1
2019-11-12,59.99,47.99,12.0,25.005209418628883,84,88,2.0,59.398219178082186,4.0,1
2019-11-13,59.99,47.99,12.0,25.005209418628883,85,89,2.0,59.3982191780822,4.0,1
2019-11-14,59.99,47.99,12.0,25.005209418628883,86,90,2.0,59.398219178082186,4.0,1
2019-11-15,59.99,47.99,12.0,25.005209418628883,87,91,2.0,59.3982191780822,4.0,1
2019-11-16,59.99,47.99,12.0,25.005209418628883,88,92,2.0,59.398219178082186,4.0,1
2019-11-17,59.99,47.99,12.0,25.005209418628883,89,93,2.0,59.3982191780822,4.0,1
2019-11-18,59.99,47.99,12.0,25.005209418628883,90,94,2.0,59.398219178082186,4.0,1
2019-11-19,59.99,47.99,12.0,25.005209418628883,91,95,2.0,59.3982191780822,4.0,1
2019-11-20,59.99,47.99,12.0,25.005209418628883,92,96,2.0,59.3982191780822,4.0,1
2019-11-21,59.99,47.99,12.0,25.005209418628883,93,97,2.0,59.398219178082186,4.0,1
2019-11-22,59.99,47.99,12.0,25.005209418628883,94,98,2.0,59.3982191780822,4.0,1
2019-11-23,59.99,47.99,12.0,25.005209418628883,95,99,2.0,59.398219178082186,4.0,1
2019-11-24,59.99,47.99,12.0,25.005209418628883,96,100,2.0,59.3982191780822,4.0,1
2019-11-25,59.99,47.99,12.0,25.005209418628883,97,101,2.0,59.398219178082186,4.0,1
2019-11-26,59.99,47.99,12.0,25.005209418628883,98,102,2.0,59.3982191780822,4.0,1
2019-11-27,38.99,38.99,0.0,0.0,0,0,2.0,59.3982191780822,4.0,0
2019-11-28,38.99,38.99,0.0,0.0,1,1,3.0,59.34068493150686,5.0,0
2019-11-29,38.99,38.99,0.0,0.0,2,2,3.0,59.28315068493151,5.0,0
2019-11-30,38.99,38.99,0.0,0.0,3,3,3.0,59.22561643835616,5.0,0
2019-12-01,38.99,38.99,0.0,0.0,4,4,3.0,59.168082191780826,5.0,0
2019-12-02,38.99,38.99,0.0,0.0,5,5,3.0,59.110547945205475,5.0,0
2019-12-03,38.99,38.99,0.0,0.0,6,6,3.0,59.053013698630146,5.0,0
2019-12-04,59.99,38.99,21.0,53.85996409335727,0,7,3.0,58.99547945205479,5.0,1
2019-12-05,59.99,38.99,21.0,53.85996409335727,1,8,3.0,58.9954794520548,6.0,1
2019-12-06,59.99,38.99,21.0,53.85996409335727,2,9,3.0,58.9954794520548,6.0,1
2019-12-07,59.99,38.99,21.0,53.85996409335727,3,10,3.0,58.99547945205479,6.0,1
2019-12-08,59.99,38.99,21.0,53.85996409335727,4,11,3.0,58.9954794520548,6.0,1
2019-12-09,59.99,38.99,21.0,53.85996409335727,5,12,3.0,58.99547945205479,6.0,1
2019-12-10,59.99,38.99,21.0,53.85996409335727,6,13,3.0,58.9954794520548,6.0,1
2019-12-11,59.99,38.99,21.0,53.85996409335727,7,14,3.0,58.99547945205479,6.0,1
2019-12-12,59.99,38.99,21.0,53.85996409335727,8,15,3.0,58.9954794520548,6.0,1
2019-12-13,59.99,38.99,21.0,53.85996409335727,9,16,3.0,58.9954794520548,6.0,1
2019-12-14,59.99,38.99,21.0,53.85996409335727,10,17,3.0,58.9954794520548,6.0,1
2019-12-15,59.99,38.99,21.0,53.85996409335727,11,18,3.0,58.9954794520548,6.0,1
2019-12-16,59.99,38.99,21.0,53.85996409335727,12,19,3.0,58.99547945205479,6.0,1
2019-12-17,59.99,38.99,21.0,53.85996409335727,13,20,3.0,58.9954794520548,6.0,1
2019-12-18,59.99,38.99,21.0,53.85996409335727,14,21,3.0,58.99547945205479,6.0,1
2019-12-19,38.99,38.99,0.0,0.0,0,0,3.0,58.9954794520548,6.0,0
2019-12-20,38.99,38.99,0.0,0.0,1,1,4.0,58.93794520547945,7.0,0
2019-12-21,38.99,38.99,0.0,0.0,2,2,4.0,58.880410958904115,7.0,0
2019-12-22,38.99,38.99,0.0,0.0,3,3,4.0,58.82287671232877,7.0,0
2019-12-23,38.99,38.99,0.0,0.0,4,4,4.0,58.76534246575342,7.0,0
2019-12-24,38.99,38.99,0.0,0.0,5,5,4.0,58.70780821917809,7.0,0
2019-12-25,38.99,38.99,0.0,0.0,6,6,4.0,58.65027397260273,7.0,0
2019-12-26,38.99,38.99,0.0,0.0,7,7,4.0,58.5927397260274,7.0,0
2019-12-27,38.99,38.99,0.0,0.0,8,8,4.0,58.53520547945205,7.0,0
2019-12-28,38.99,38.99,0.0,0.0,9,9,4.0,58.477671232876716,7.0,0
2019-12-29,38.99,38.99,0.0,0.0,10,10,4.0,58.420136986301365,7.0,0
2019-12-30,38.99,38.99,0.0,0.0,11,11,4.0,58.362602739726036,7.0,0
2019-12-31,38.99,38.99,0.0,0.0,12,12,4.0,58.30506849315069,7.0,0
2020-01-01,38.99,38.99,0.0,0.0,13,13,4.0,58.24753424657534,7.0,0
2020-01-02,38.99,38.99,0.0,0.0,14,14,4.0,58.190000000000005,7.0,0
2020-01-03,59.99,38.99,21.0,53.85996409335727,0,15,4.0,58.132465753424654,7.0,1
2020-01-04,59.99,38.99,21.0,53.85996409335727,1,16,4.0,58.13246575342466,8.0,1
2020-01-05,59.99,38.99,21.0,53.85996409335727,2,17,4.0,58.132465753424654,8.0,1
2020-01-06,59.99,38.99,21.0,53.85996409335727,3,18,4.0,58.13246575342466,8.0,1
2020-01-07,59.99,38.99,21.0,53.85996409335727,4,19,4.0,58.13246575342466,8.0,1
2020-01-08,59.99,38.99,21.0,53.85996409335727,5,20,4.0,58.13246575342466,8.0,1
2020-01-09,59.99,38.99,21.0,53.85996409335727,6,21,4.0,58.13246575342466,8.0,1
2020-01-10,59.99,38.99,21.0,53.85996409335727,7,22,4.0,58.132465753424654,8.0,1
2020-01-11,59.99,38.99,21.0,53.85996409335727,8,23,4.0,58.13246575342466,8.0,1
2020-01-12,59.99,38.99,21.0,53.85996409335727,9,24,4.0,58.132465753424654,8.0,1
2020-01-13,59.99,38.99,21.0,53.85996409335727,10,25,4.0,58.13246575342466,8.0,1
2020-01-14,59.99,38.99,21.0,53.85996409335727,11,26,4.0,58.132465753424654,8.0,1
2020-01-15,59.99,38.99,21.0,53.85996409335727,12,27,4.0,58.13246575342466,8.0,1
2020-01-16,59.99,38.99,21.0,53.85996409335727,13,28,4.0,58.13246575342466,8.0,1
2020-01-17,59.99,38.99,21.0,53.85996409335727,14,29,4.0,58.132465753424654,8.0,1
2020-01-18,59.99,38.99,21.0,53.85996409335727,15,30,4.0,58.13246575342466,8.0,1
2020-01-19,59.99,38.99,21.0,53.85996409335727,16,31,4.0,58.132465753424654,8.0,1
2020-01-20,59.99,38.99,21.0,53.85996409335727,17,32,4.0,58.13246575342466,8.0,1
2020-01-21,59.99,38.99,21.0,53.85996409335727,18,33,4.0,58.132465753424654,8.0,1
2020-01-22,59.99,38.99,21.0,53.85996409335727,19,34,4.0,58.13246575342466,8.0,1
2020-01-23,59.99,38.99,21.0,53.85996409335727,20,35,4.0,58.132465753424654,8.0,1
2020-01-24,38.99,38.99,0.0,0.0,0,0,4.0,58.13246575342466,8.0,0
2020-01-25,38.99,38.99,0.0,0.0,1,1,5.0,58.074931506849325,9.0,0
2020-01-26,38.99,38.99,0.0,0.0,2,2,5.0,58.01739726027397,9.0,0
2020-01-27,38.99,38.99,0.0,0.0,3,3,5.0,57.95986301369864,9.0,0
2020-01-28,59.99,38.99,21.0,53.85996409335727,0,4,5.0,57.90232876712329,9.0,0
2020-01-29,59.99,38.99,21.0,53.85996409335727,1,5,5.0,57.902328767123294,10.0,0
2020-01-30,59.99,38.99,21.0,53.85996409335727,2,6,5.0,57.90232876712329,10.0,0
2020-01-31,59.99,38.99,21.0,53.85996409335727,3,7,5.0,57.902328767123294,10.0,0
2020-02-01,59.99,38.99,21.0,53.85996409335727,4,8,5.0,57.902328767123294,10.0,0
2020-02-02,59.99,38.99,21.0,53.85996409335727,5,9,5.0,57.902328767123294,10.0,0
2020-02-03,59.99,38.99,21.0,53.85996409335727,6,10,5.0,57.902328767123294,10.0,0
2020-02-04,59.99,38.99,21.0,53.85996409335727,7,11,5.0,57.90232876712329,10.0,0
2020-02-05,59.99,38.99,21.0,53.85996409335727,8,12,5.0,57.902328767123294,10.0,0
2020-02-06,59.99,38.99,21.0,53.85996409335727,9,13,5.0,57.90232876712329,10.0,0
2020-02-07,59.99,38.99,21.0,53.85996409335727,10,14,5.0,57.902328767123294,10.0,0
2020-02-08,59.99,38.99,21.0,53.85996409335727,11,15,5.0,57.90232876712329,10.0,0
2020-02-09,59.99,38.99,21.0,53.85996409335727,12,16,5.0,57.902328767123294,10.0,0
2020-02-10,59.99,38.99,21.0,53.85996409335727,13,17,5.0,57.902328767123294,10.0,0
2020-02-11,59.99,38.99,21.0,53.85996409335727,14,18,5.0,57.90232876712329,10.0,0
2020-02-12,59.99,38.99,21.0,53.85996409335727,15,19,5.0,57.902328767123294,10.0,0
2020-02-13,59.99,38.99,21.0,53.85996409335727,16,20,5.0,57.90232876712329,10.0,0
2020-02-14,59.99,38.99,21.0,53.85996409335727,17,21,5.0,57.902328767123294,10.0,0
2020-02-15,59.99,38.99,21.0,53.85996409335727,18,22,5.0,57.90232876712329,10.0,0
2020-02-16,59.99,38.99,21.0,53.85996409335727,19,23,5.0,57.902328767123294,10.0,0
2020-02-17,59.99,38.99,21.0,53.85996409335727,20,24,5.0,57.90232876712329,10.0,0
2020-02-18,59.99,38.99,21.0,53.85996409335727,21,25,5.0,57.902328767123294,10.0,0
2020-02-19,59.99,38.99,21.0,53.85996409335727,22,26,5.0,57.902328767123294,10.0,0
2020-02-20,59.99,38.99,21.0,53.85996409335727,23,27,5.0,57.90232876712329,10.0,0
2020-02-21,59.99,38.99,21.0,53.85996409335727,24,28,5.0,57.902328767123294,10.0,0
2020-02-22,59.99,38.99,21.0,53.85996409335727,25,29,5.0,57.90232876712329,10.0,0
2020-02-23,59.99,38.99,21.0,53.85996409335727,26,30,5.0,57.902328767123294,10.0,0
2020-02-24,59.99,38.99,21.0,53.85996409335727,27,31,5.0,57.90232876712329,10.0,0
2020-02-25,59.99,38.99,21.0,53.85996409335727,28,32,5.0,57.902328767123294,10.0,0
2020-02-26,59.99,38.99,21.0,53.85996409335727,29,33,5.0,57.902328767123294,10.0,0
2020-02-27,59.99,38.99,21.0,53.85996409335727,30,34,5.0,57.90232876712329,10.0,0
2020-02-28,59.99,38.99,21.0,53.85996409335727,31,35,5.0,57.902328767123294,10.0,0
2020-02-29,59.99,38.99,21.0,53.85996409335727,32,36,5.0,57.90232876712329,10.0,0
2020-03-01,59.99,38.99,21.0,53.85996409335727,33,37,5.0,57.902328767123294,10.0,0
2020-03-02,59.99,38.99,21.0,53.85996409335727,34,38,5.0,57.90232876712329,10.0,0
2020-03-03,59.99,38.99,21.0,53.85996409335727,35,39,5.0,57.902328767123294,10.0,0
2020-03-04,59.99,38.99,21.0,53.85996409335727,36,40,5.0,57.90232876712329,10.0,0
2020-03-05,59.99,38.99,21.0,53.85996409335727,37,41,5.0,57.902328767123294,10.0,0
2020-03-06,59.99,38.99,21.0,53.85996409335727,38,42,5.0,57.902328767123294,10.0,0
2020-03-07,59.99,38.99,21.0,53.85996409335727,39,43,5.0,57.90232876712329,10.0,0
2020-03-08,59.99,38.99,21.0,53.85996409335727,40,44,5.0,57.902328767123294,10.0,0
2020-03-09,59.99,38.99,21.0,53.85996409335727,41,45,5.0,57.90232876712329,10.0,0
2020-03-10,59.99,38.99,21.0,53.85996409335727,42,46,5.0,57.902328767123294,10.0,0
2020-03-11,59.99,38.99,21.0,53.85996409335727,43,47,5.0,57.90232876712329,10.0,1
2020-03-12,59.99,38.99,21.0,53.85996409335727,44,48,5.0,57.902328767123294,10.0,1
2020-03-13,59.99,38.99,21.0,53.85996409335727,45,49,5.0,57.902328767123294,10.0,1
2020-03-14,59.99,38.99,21.0,53.85996409335727,46,50,5.0,57.902328767123294,10.0,1
2020-03-15,59.99,38.99,21.0,53.85996409335727,47,51,5.0,57.902328767123294,10.0,1
2020-03-16,59.99,38.99,21.0,53.85996409335727,48,52,5.0,57.90232876712329,10.0,1
2020-03-17,59.99,38.99,21.0,53.85996409335727,49,53,5.0,57.902328767123294,10.0,1
2020-03-18,59.99,38.99,21.0,53.85996409335727,50,54,5.0,57.90232876712329,10.0,1
2020-03-19,59.99,38.99,21.0,53.85996409335727,51,55,5.0,57.902328767123294,10.0,1
2020-03-20,59.99,38.99,21.0,53.85996409335727,52,56,5.0,57.90232876712329,10.0,1
2020-03-21,59.99,38.99,21.0,53.85996409335727,53,57,5.0,57.902328767123294,10.0,1
2020-03-22,59.99,38.99,21.0,53.85996409335727,54,58,5.0,57.902328767123294,10.0,1
2020-03-23,59.99,38.99,21.0,53.85996409335727,55,59,5.0,57.90232876712329,10.0,1
2020-03-24,59.99,38.99,21.0,53.85996409335727,56,60,5.0,57.902328767123294,10.0,1
2020-03-25,59.99,38.99,21.0,53.85996409335727,57,61,5.0,57.90232876712329,10.0,1
2020-03-26,59.99,38.99,21.0,53.85996409335727,58,62,5.0,57.902328767123294,10.0,1
2020-03-27,59.99,38.99,21.0,53.85996409335727,59,63,5.0,57.90232876712329,10.0,1
2020-03-28,59.99,38.99,21.0,53.85996409335727,60,64,5.0,57.902328767123294,10.0,1
2020-03-29,59.99,38.99,21.0,53.85996409335727,61,65,5.0,57.90232876712329,10.0,1
2020-03-30,59.99,38.99,21.0,53.85996409335727,62,66,5.0,57.902328767123294,10.0,1
2020-03-31,59.99,38.99,21.0,53.85996409335727,63,67,5.0,57.902328767123294,10.0,1
2020-04-01,59.99,38.99,21.0,53.85996409335727,64,68,5.0,57.90232876712329,10.0,1
2020-04-02,59.99,38.99,21.0,53.85996409335727,65,69,5.0,57.902328767123294,10.0,1
2020-04-03,59.99,38.99,21.0,53.85996409335727,66,70,5.0,57.90232876712329,10.0,1
2020-04-04,59.99,38.99,21.0,53.85996409335727,67,71,5.0,57.902328767123294,10.0,1
2020-04-05,59.99,38.99,21.0,53.85996409335727,68,72,5.0,57.90232876712329,10.0,1
2020-04-06,59.99,38.99,21.0,53.85996409335727,69,73,5.0,57.902328767123294,10.0,1
2020-04-07,59.99,38.99,21.0,53.85996409335727,70,74,5.0,57.902328767123294,10.0,1
2020-04-08,59.99,38.99,21.0,53.85996409335727,71,75,5.0,57.902328767123294,10.0,1
2020-04-09,59.99,38.99,21.0,53.85996409335727,72,76,5.0,57.902328767123294,10.0,1
2020-04-10,38.99,38.99,0.0,0.0,0,0,5.0,57.90232876712329,10.0,0
2020-04-11,38.99,38.99,0.0,0.0,1,1,6.0,57.84479452054795,11.0,0
2020-04-12,38.99,38.99,0.0,0.0,2,2,6.0,57.7872602739726,11.0,0
2020-04-13,38.99,38.99,0.0,0.0,3,3,6.0,57.72972602739727,11.0,0
2020-04-14,38.99,38.99,0.0,0.0,4,4,6.0,57.67219178082191,11.0,0
2020-04-15,38.99,38.99,0.0,0.0,5,5,6.0,57.61465753424658,11.0,0
2020-04-16,38.99,38.99,0.0,0.0,6,6,6.0,57.55712328767124,11.0,0
2020-04-17,38.99,38.99,0.0,0.0,7,7,6.0,57.49958904109589,11.0,0
2020-04-18,38.99,38.99,0.0,0.0,8,8,6.0,57.44205479452055,11.0,0
2020-04-19,38.99,38.99,0.0,0.0,9,9,6.0,57.3845205479452,11.0,0
2020-04-20,59.99,38.99,21.0,53.85996409335727,0,10,6.0,57.32698630136987,11.0,0
2020-04-21,59.99,38.99,21.0,53.85996409335727,1,11,6.0,57.32698630136986,12.0,0
2020-04-22,59.99,38.99,21.0,53.85996409335727,2,12,6.0,57.32698630136987,12.0,0
2020-04-23,59.99,38.99,21.0,53.85996409335727,3,13,6.0,57.32698630136986,12.0,0
2020-04-24,59.99,38.99,21.0,53.85996409335727,4,14,6.0,57.32698630136987,12.0,0
2020-04-25,59.99,38.99,21.0,53.85996409335727,5,15,6.0,57.32698630136987,12.0,0
2020-04-26,59.99,38.99,21.0,53.85996409335727,6,16,6.0,57.32698630136986,12.0,0
2020-04-27,59.99,38.99,21.0,53.85996409335727,7,17,6.0,57.32698630136987,12.0,0
2020-04-28,59.99,38.99,21.0,53.85996409335727,8,18,6.0,57.32698630136986,12.0,0
2020-04-29,59.99,38.99,21.0,53.85996409335727,9,19,6.0,57.32698630136987,12.0,0
2020-04-30,59.99,38.99,21.0,53.85996409335727,10,20,6.0,57.32698630136986,12.0,0
2020-05-01,59.99,38.99,21.0,53.85996409335727,11,21,6.0,57.32698630136987,12.0,0
2020-05-02,59.99,38.99,21.0,53.85996409335727,12,22,6.0,57.32698630136987,12.0,0
2020-05-03,59.99,38.99,21.0,53.85996409335727,13,23,6.0,57.32698630136986,12.0,0
2020-05-04,59.99,38.99,21.0,53.85996409335727,14,24,6.0,57.32698630136987,12.0,0
2020-05-05,59.99,38.99,21.0,53.85996409335727,15,25,6.0,57.32698630136986,12.0,0
2020-05-06,59.99,38.99,21.0,53.85996409335727,16,26,6.0,57.32698630136987,12.0,0
2020-05-07,59.99,38.99,21.0,53.85996409335727,17,27,6.0,57.32698630136986,12.0,0
2020-05-08,59.99,38.99,21.0,53.85996409335727,18,28,6.0,57.32698630136987,12.0,0
2020-05-09,59.99,38.99,21.0,53.85996409335727,19,29,6.0,57.32698630136986,12.0,0
2020-05-10,59.99,38.99,21.0,53.85996409335727,20,30,6.0,57.32698630136987,12.0,0
2020-05-11,59.99,38.99,21.0,53.85996409335727,21,31,6.0,57.32698630136987,12.0,0
2020-05-12,59.99,38.99,21.0,53.85996409335727,22,32,6.0,57.32698630136986,12.0,0
2020-05-13,59.99,38.99,21.0,53.85996409335727,23,33,6.0,57.32698630136987,12.0,0
2020-05-14,59.99,38.99,21.0,53.85996409335727,24,34,6.0,57.32698630136986,12.0,0
2020-05-15,59.99,38.99,21.0,53.85996409335727,25,35,6.0,57.32698630136987,12.0,0
2020-05-16,59.99,38.99,21.0,53.85996409335727,26,36,6.0,57.32698630136986,12.0,0
2020-05-17,59.99,38.99,21.0,53.85996409335727,27,37,6.0,57.32698630136987,12.0,0
2020-05-18,59.99,38.99,21.0,53.85996409335727,28,38,6.0,57.32698630136987,12.0,0
2020-05-19,59.99,38.99,21.0,53.85996409335727,29,39,6.0,57.32698630136987,12.0,0
2020-05-20,59.99,38.99,21.0,53.85996409335727,30,40,6.0,57.32698630136987,12.0,0
2020-05-21,59.99,38.99,21.0,53.85996409335727,31,41,6.0,57.32698630136986,12.0,0
2020-05-22,59.99,38.99,21.0,53.85996409335727,32,42,6.0,57.32698630136987,12.0,0
2020-05-23,59.99,38.99,21.0,53.85996409335727,33,43,6.0,57.32698630136986,12.0,0
2020-05-24,59.99,38.99,21.0,53.85996409335727,34,44,6.0,57.32698630136987,12.0,0
2020-05-25,59.99,38.99,21.0,53.85996409335727,35,45,6.0,57.32698630136986,12.0,0
2020-05-26,59.99,38.99,21.0,53.85996409335727,36,46,6.0,57.32698630136987,12.0,0
2020-05-27,59.99,38.99,21.0,53.85996409335727,37,47,6.0,57.32698630136987,12.0,1
2020-05-28,59.99,38.99,21.0,53.85996409335727,38,48,6.0,57.32698630136986,12.0,1
2020-05-29,59.99,38.99,21.0,53.85996409335727,39,49,6.0,57.32698630136987,12.0,1
2020-05-30,59.99,38.99,21.0,53.85996409335727,40,50,6.0,57.32698630136986,12.0,1
2020-05-31,59.99,38.99,21.0,53.85996409335727,41,51,6.0,57.32698630136987,12.0,1
2020-06-01,59.99,38.99,21.0,53.85996409335727,42,52,6.0,57.32698630136986,12.0,1
2020-06-02,59.99,38.99,21.0,53.85996409335727,43,53,6.0,57.32698630136987,12.0,1
2020-06-03,59.99,38.99,21.0,53.85996409335727,44,54,6.0,57.32698630136986,12.0,1
2020-06-04,59.99,38.99,21.0,53.85996409335727,45,55,6.0,57.32698630136987,12.0,1
2020-06-05,59.99,38.99,21.0,53.85996409335727,46,56,6.0,57.32698630136987,12.0,1
2020-06-06,59.99,38.99,21.0,53.85996409335727,47,57,6.0,57.32698630136986,12.0,1
2020-06-07,59.99,38.99,21.0,53.85996409335727,48,58,6.0,57.32698630136987,12.0,1
2020-06-08,59.99,38.99,21.0,53.85996409335727,49,59,6.0,57.32698630136986,12.0,1
2020-06-09,59.99,38.99,21.0,53.85996409335727,50,60,6.0,57.32698630136987,12.0,1
2020-06-10,59.99,38.99,21.0,53.85996409335727,51,61,6.0,57.32698630136986,12.0,1
2020-06-11,59.99,38.99,21.0,53.85996409335727,52,62,6.0,57.32698630136987,12.0,1
2020-06-12,59.99,38.99,21.0,53.85996409335727,53,63,6.0,57.32698630136987,12.0,1
2020-06-13,59.99,38.99,21.0,53.85996409335727,54,64,6.0,57.32698630136987,12.0,1
2020-06-14,59.99,38.99,21.0,53.85996409335727,55,65,6.0,57.32698630136987,12.0,1
2020-06-15,59.99,38.99,21.0,53.85996409335727,56,66,6.0,57.32698630136986,12.0,1
2020-06-16,59.99,38.99,21.0,53.85996409335727,57,67,6.0,57.32698630136987,12.0,1
2020-06-17,59.99,38.99,21.0,53.85996409335727,58,68,6.0,57.32698630136986,12.0,1
2020-06-18,59.99,38.99,21.0,53.85996409335727,59,69,6.0,57.32698630136987,12.0,1
2020-06-19,59.99,38.99,21.0,53.85996409335727,60,70,6.0,57.32698630136986,12.0,1
2020-06-20,59.99,38.99,21.0,53.85996409335727,61,71,6.0,57.32698630136987,12.0,1
2020-06-21,59.99,38.99,21.0,53.85996409335727,62,72,6.0,57.32698630136987,12.0,1
2020-06-22,59.99,38.99,21.0,53.85996409335727,63,73,6.0,57.32698630136986,12.0,1
2020-06-23,59.99,38.99,21.0,53.85996409335727,64,74,6.0,57.32698630136987,12.0,1
2020-06-24,59.99,38.99,21.0,53.85996409335727,65,75,6.0,57.32698630136986,12.0,1
2020-06-25,59.99,38.99,21.0,53.85996409335727,66,76,6.0,57.32698630136987,12.0,1
2020-06-26,38.99,38.99,0.0,0.0,0,0,5.0,57.35986301369863,11.0,0
2020-06-27,38.99,38.99,0.0,0.0,1,1,6.0,57.335205479452064,12.0,0
2020-06-28,38.99,38.99,0.0,0.0,2,2,6.0,57.31054794520548,12.0,0
2020-06-29,38.99,38.99,0.0,0.0,3,3,6.0,57.28589041095891,12.0,0
2020-06-30,38.99,38.99,0.0,0.0,4,4,6.0,57.261232876712334,12.0,0
2020-07-01,38.99,38.99,0.0,0.0,5,5,6.0,57.23657534246575,12.0,0
2020-07-02,38.99,38.99,0.0,0.0,6,6,6.0,57.211917808219184,12.0,0
2020-07-03,38.99,38.99,0.0,0.0,7,7,6.0,57.1872602739726,12.0,0
2020-07-04,38.99,38.99,0.0,0.0,8,8,6.0,57.16260273972603,12.0,0
2020-07-05,38.99,38.99,0.0,0.0,9,9,6.0,57.13794520547945,12.0,0
2020-07-06,38.99,38.99,0.0,0.0,10,10,6.0,57.11328767123288,12.0,0
2020-07-07,38.99,38.99,0.0,0.0,11,11,6.0,57.08863013698631,12.0,0
2020-07-08,38.99,38.99,0.0,0.0,12,12,6.0,57.06397260273973,12.0,0
2020-07-09,38.99,38.99,0.0,0.0,13,13,6.0,57.03931506849316,12.0,0
2020-07-10,59.99,38.99,21.0,53.85996409335727,0,14,6.0,56.9817808219178,11.0,0
2020-07-11,59.99,38.99,21.0,53.85996409335727,1,15,6.0,56.981780821917816,12.0,0
2020-07-12,59.99,38.99,21.0,53.85996409335727,2,16,6.0,56.9817808219178,12.0,0
2020-07-13,59.99,38.99,21.0,53.85996409335727,3,17,6.0,56.981780821917816,12.0,0
2020-07-14,59.99,38.99,21.0,53.85996409335727,4,18,6.0,56.9817808219178,12.0,0
2020-07-15,59.99,38.99,21.0,53.85996409335727,5,19,6.0,56.981780821917816,12.0,0
2020-07-16,59.99,38.99,21.0,53.85996409335727,6,20,6.0,56.981780821917816,12.0,0
2020-07-17,59.99,38.99,21.0,53.85996409335727,7,21,6.0,56.9817808219178,12.0,0
2020-07-18,59.99,38.99,21.0,53.85996409335727,8,22,6.0,56.981780821917816,12.0,0
2020-07-19,59.99,38.99,21.0,53.85996409335727,9,23,6.0,56.9817808219178,12.0,0
2020-07-20,59.99,38.99,21.0,53.85996409335727,10,24,6.0,56.981780821917816,12.0,0
2020-07-21,59.99,38.99,21.0,53.85996409335727,11,25,6.0,56.9817808219178,12.0,0
2020-07-22,59.99,38.99,21.0,53.85996409335727,12,26,6.0,56.981780821917816,12.0,0
2020-07-23,59.99,38.99,21.0,53.85996409335727,13,27,6.0,56.981780821917816,12.0,0
2020-07-24,59.99,38.99,21.0,53.85996409335727,14,28,6.0,56.981780821917816,12.0,0
2020-07-25,59.99,38.99,21.0,53.85996409335727,15,29,6.0,56.981780821917816,12.0,0
2020-07-26,59.99,38.99,21.0,53.85996409335727,16,30,6.0,56.9817808219178,12.0,0
2020-07-27,59.99,38.99,21.0,53.85996409335727,17,31,6.0,56.981780821917816,12.0,0
2020-07-28,59.99,38.99,21.0,53.85996409335727,18,32,6.0,56.9817808219178,12.0,0
2020-07-29,59.99,38.99,21.0,53.85996409335727,19,33,6.0,56.981780821917816,12.0,0
2020-07-30,59.99,38.99,21.0,53.85996409335727,20,34,6.0,56.9817808219178,12.0,0
2020-07-31,59.99,38.99,21.0,53.85996409335727,21,35,6.0,56.981780821917816,12.0,0
2020-08-01,59.99,38.99,21.0,53.85996409335727,22,36,6.0,56.981780821917816,12.0,0
2020-08-02,59.99,38.99,21.0,53.85996409335727,23,37,6.0,56.9817808219178,12.0,0
2020-08-03,59.99,38.99,21.0,53.85996409335727,24,38,6.0,56.981780821917816,12.0,0
2020-08-04,59.99,38.99,21.0,53.85996409335727,25,39,6.0,56.9817808219178,12.0,0
2020-08-05,59.99,38.99,21.0,53.85996409335727,26,40,6.0,56.981780821917816,12.0,0
2020-08-06,59.99,38.99,21.0,53.85996409335727,27,41,6.0,56.9817808219178,12.0,0
2020-08-07,59.99,38.99,21.0,53.85996409335727,28,42,6.0,56.981780821917816,12.0,0
2020-08-08,59.99,38.99,21.0,53.85996409335727,29,43,6.0,56.9817808219178,12.0,0
2020-08-09,59.99,38.99,21.0,53.85996409335727,30,44,6.0,56.981780821917816,12.0,0
2020-08-10,59.99,38.99,21.0,53.85996409335727,31,45,6.0,56.981780821917816,12.0,0
2020-08-11,59.99,38.99,21.0,53.85996409335727,32,46,6.0,56.9817808219178,12.0,0
2020-08-12,59.99,38.99,21.0,53.85996409335727,33,47,6.0,56.981780821917816,12.0,0
2020-08-13,59.99,38.99,21.0,53.85996409335727,34,48,6.0,56.9817808219178,12.0,0
2020-08-14,59.99,38.99,21.0,53.85996409335727,35,49,6.0,56.981780821917816,12.0,0
2020-08-15,59.99,38.99,21.0,53.85996409335727,36,50,6.0,56.9817808219178,12.0,0
2020-08-16,59.99,38.99,21.0,53.85996409335727,37,51,5.0,57.01465753424658,11.0,0
2020-08-17,59.99,38.99,21.0,53.85996409335727,38,52,5.0,57.047534246575346,11.0,0
2020-08-18,59.99,38.99,21.0,53.85996409335727,39,53,5.0,57.08041095890412,11.0,0
2020-08-19,59.99,38.99,21.0,53.85996409335727,40,54,5.0,57.11328767123288,11.0,0
2020-08-20,59.99,38.99,21.0,53.85996409335727,41,55,5.0,57.113287671232875,10.0,0
2020-08-21,59.99,38.99,21.0,53.85996409335727,42,56,5.0,57.11328767123288,10.0,0
2020-08-22,59.99,38.99,21.0,53.85996409335727,43,57,5.0,57.113287671232875,10.0,0
2020-08-23,59.99,38.99,21.0,53.85996409335727,44,58,5.0,57.11328767123288,10.0,0
2020-08-24,59.99,38.99,21.0,53.85996409335727,45,59,5.0,57.113287671232875,10.0,0
2020-08-25,59.99,38.99,21.0,53.85996409335727,46,60,5.0,57.11328767123288,10.0,0
2020-08-26,59.99,38.99,21.0,53.85996409335727,47,61,5.0,57.11328767123288,10.0,0
2020-08-27,59.99,38.99,21.0,53.85996409335727,48,62,5.0,57.113287671232875,10.0,0
2020-08-28,59.99,38.99,21.0,53.85996409335727,49,63,5.0,57.11328767123288,10.0,0
2020-08-29,59.99,38.99,21.0,53.85996409335727,50,64,5.0,57.113287671232875,10.0,0
2020-08-30,59.99,38.99,21.0,53.85996409335727,51,65,5.0,57.11328767123288,10.0,0
2020-08-31,59.99,38.99,21.0,53.85996409335727,52,66,5.0,57.113287671232875,10.0,0
2020-09-01,59.99,38.99,21.0,53.85996409335727,53,67,5.0,57.11328767123288,10.0,0
2020-09-02,59.99,38.99,21.0,53.85996409335727,54,68,5.0,57.113287671232875,10.0,0
2020-09-03,59.99,38.99,21.0,53.85996409335727,55,69,5.0,57.11328767123288,10.0,0
2020-09-04,59.99,38.99,21.0,53.85996409335727,56,70,5.0,57.11328767123288,10.0,0
2020-09-05,59.99,38.99,21.0,53.85996409335727,57,71,5.0,57.113287671232875,10.0,0
2020-09-06,59.99,38.99,21.0,53.85996409335727,58,72,5.0,57.11328767123288,10.0,0
2020-09-07,59.99,38.99,21.0,53.85996409335727,59,73,5.0,57.113287671232875,10.0,0
2020-09-08,59.99,38.99,21.0,53.85996409335727,60,74,5.0,57.11328767123288,10.0,0
2020-09-09,59.99,38.99,21.0,53.85996409335727,61,75,5.0,57.113287671232875,10.0,0
2020-09-10,59.99,38.99,21.0,53.85996409335727,62,76,5.0,57.11328767123288,10.0,0
2020-09-11,59.99,38.99,21.0,53.85996409335727,63,77,5.0,57.11328767123288,10.0,0
2020-09-12,59.99,38.99,21.0,53.85996409335727,64,78,5.0,57.11328767123288,10.0,0
2020-09-13,59.99,38.99,21.0,53.85996409335727,65,79,5.0,57.11328767123288,10.0,0
2020-09-14,59.99,38.99,21.0,53.85996409335727,66,80,5.0,57.113287671232875,10.0,0
2020-09-15,59.99,38.99,21.0,53.85996409335727,67,81,5.0,57.11328767123288,10.0,0
2020-09-16,59.99,38.99,21.0,53.85996409335727,68,82,5.0,57.113287671232875,10.0,0
2020-09-17,59.99,38.99,21.0,53.85996409335727,69,83,5.0,57.11328767123288,10.0,0
2020-09-18,59.99,38.99,21.0,53.85996409335727,70,84,5.0,57.113287671232875,10.0,0
2020-09-19,59.99,38.99,21.0,53.85996409335727,71,85,5.0,57.11328767123288,10.0,0
2020-09-20,59.99,38.99,21.0,53.85996409335727,72,86,5.0,57.11328767123288,10.0,0
2020-09-21,59.99,38.99,21.0,53.85996409335727,73,87,5.0,57.113287671232875,10.0,0
2020-09-22,59.99,38.99,21.0,53.85996409335727,74,88,5.0,57.11328767123288,10.0,0
2020-09-23,59.99,38.99,21.0,53.85996409335727,75,89,5.0,57.113287671232875,10.0,0
2020-09-24,59.99,38.99,21.0,53.85996409335727,76,90,5.0,57.11328767123288,10.0,0
2020-09-25,59.99,38.99,21.0,53.85996409335727,77,91,5.0,57.113287671232875,10.0,0
2020-09-26,59.99,38.99,21.0,53.85996409335727,78,92,5.0,57.11328767123288,10.0,0
2020-09-27,59.99,38.99,21.0,53.85996409335727,79,93,5.0,57.113287671232875,10.0,0
2020-09-28,59.99,38.99,21.0,53.85996409335727,80,94,5.0,57.11328767123288,10.0,0
2020-09-29,59.99,38.99,21.0,53.85996409335727,81,95,5.0,57.11328767123288,10.0,0
2020-09-30,59.99,38.99,21.0,53.85996409335727,82,96,5.0,57.113287671232875,10.0,1
2020-10-01,59.99,38.99,21.0,53.85996409335727,83,97,5.0,57.11328767123288,10.0,1
2020-10-02,59.99,38.99,21.0,53.85996409335727,84,98,5.0,57.113287671232875,10.0,1
2020-10-03,59.99,38.99,21.0,53.85996409335727,85,99,5.0,57.11328767123288,10.0,1
2020-10-04,59.99,38.99,21.0,53.85996409335727,86,100,5.0,57.113287671232875,10.0,1
2020-10-05,59.99,38.99,21.0,53.85996409335727,87,101,5.0,57.11328767123288,10.0,1
2020-10-06,59.99,38.99,21.0,53.85996409335727,88,102,5.0,57.11328767123288,10.0,1
2020-10-07,59.99,38.99,21.0,53.85996409335727,89,103,5.0,57.113287671232875,10.0,1
2020-10-08,59.99,38.99,21.0,53.85996409335727,90,104,5.0,57.11328767123288,10.0,1
2020-10-09,59.99,38.99,21.0,53.85996409335727,91,105,5.0,57.113287671232875,10.0,1
2020-10-10,59.99,38.99,21.0,53.85996409335727,92,106,5.0,57.11328767123288,10.0,1
2020-10-11,59.99,38.99,21.0,53.85996409335727,93,107,5.0,57.113287671232875,10.0,1
2020-10-12,59.99,38.99,21.0,53.85996409335727,94,108,5.0,57.11328767123288,10.0,1
2020-10-13,59.99,38.99,21.0,53.85996409335727,95,109,5.0,57.113287671232875,10.0,1
2020-10-14,59.99,38.99,21.0,53.85996409335727,96,110,5.0,57.11328767123288,10.0,1
2020-10-15,59.99,38.99,21.0,53.85996409335727,97,111,5.0,57.11328767123288,10.0,1
2020-10-16,59.99,38.99,21.0,53.85996409335727,98,112,5.0,57.113287671232875,10.0,1
2020-10-17,59.99,38.99,21.0,53.85996409335727,99,113,5.0,57.11328767123288,10.0,1
2020-10-18,59.99,38.99,21.0,53.85996409335727,100,114,5.0,57.113287671232875,10.0,1
2020-10-19,59.99,38.99,21.0,53.85996409335727,101,115,5.0,57.11328767123288,10.0,1
2020-10-20,59.99,38.99,21.0,53.85996409335727,102,116,5.0,57.113287671232875,10.0,1
2020-10-21,59.99,38.99,21.0,53.85996409335727,103,117,5.0,57.11328767123288,10.0,1
2020-10-22,59.99,38.99,21.0,53.85996409335727,104,118,5.0,57.11328767123288,10.0,1
2020-10-23,59.99,38.99,21.0,53.85996409335727,105,119,5.0,57.11328767123288,10.0,1
2020-10-24,59.99,38.99,21.0,53.85996409335727,106,120,5.0,57.11328767123288,10.0,1
2020-10-25,59.99,38.99,21.0,53.85996409335727,107,121,5.0,57.113287671232875,10.0,1
2020-10-26,59.99,38.99,21.0,53.85996409335727,108,122,5.0,57.11328767123288,10.0,1
2020-10-27,59.99,38.99,21.0,53.85996409335727,109,123,5.0,57.113287671232875,10.0,1
2020-10-28,59.99,38.99,21.0,53.85996409335727,110,124,5.0,57.11328767123288,10.0,1
2020-10-29,59.99,38.99,21.0,53.85996409335727,111,125,5.0,57.113287671232875,10.0,1
2020-10-30,38.99,38.99,0.0,0.0,0,0,5.0,57.11328767123288,10.0,0
2020-10-31,38.99,38.99,0.0,0.0,1,1,6.0,57.05575342465754,11.0,0
2020-11-01,38.99,38.99,0.0,0.0,2,2,6.0,56.99821917808219,11.0,0
2020-11-02,38.99,38.99,0.0,0.0,3,3,6.0,56.94068493150686,11.0,0
2020-11-03,59.99,38.99,21.0,53.85996409335727,0,4,6.0,56.8831506849315,11.0,1
2020-11-04,59.99,38.99,21.0,53.85996409335727,1,5,6.0,56.883150684931515,12.0,1
2020-11-05,59.99,38.99,21.0,53.85996409335727,2,6,6.0,56.8831506849315,12.0,1
2020-11-06,59.99,38.99,21.0,53.85996409335727,3,7,6.0,56.883150684931515,12.0,1
2020-11-07,59.99,38.99,21.0,53.85996409335727,4,8,6.0,56.8831506849315,12.0,1
2020-11-08,59.99,38.99,21.0,53.85996409335727,5,9,6.0,56.883150684931515,12.0,1
2020-11-09,59.99,38.99,21.0,53.85996409335727,6,10,6.0,56.883150684931515,12.0,1
2020-11-10,59.99,38.99,21.0,53.85996409335727,7,11,6.0,56.8831506849315,12.0,1
2020-11-11,59.99,38.99,21.0,53.85996409335727,8,12,6.0,56.883150684931515,12.0,1
2020-11-12,59.99,38.99,21.0,53.85996409335727,9,13,6.0,56.8831506849315,12.0,1
2020-11-13,59.99,38.99,21.0,53.85996409335727,10,14,6.0,56.883150684931515,12.0,1
2020-11-14,59.99,38.99,21.0,53.85996409335727,11,15,6.0,56.8831506849315,12.0,1
2020-11-15,59.99,38.99,21.0,53.85996409335727,12,16,6.0,56.883150684931515,12.0,1
2020-11-16,59.99,38.99,21.0,53.85996409335727,13,17,6.0,56.883150684931515,12.0,1
2020-11-17,59.99,38.99,21.0,53.85996409335727,14,18,6.0,56.883150684931515,12.0,1
2020-11-18,59.99,38.99,21.0,53.85996409335727,15,19,6.0,56.883150684931515,12.0,1
2020-11-19,59.99,38.99,21.0,53.85996409335727,16,20,6.0,56.8831506849315,12.0,1
2020-11-20,59.99,38.99,21.0,53.85996409335727,17,21,6.0,56.883150684931515,12.0,1
2020-11-21,59.99,38.99,21.0,53.85996409335727,18,22,6.0,56.8831506849315,12.0,1
2020-11-22,59.99,38.99,21.0,53.85996409335727,19,23,6.0,56.883150684931515,12.0,1
2020-11-23,59.99,38.99,21.0,53.85996409335727,20,24,6.0,56.8831506849315,12.0,1
2020-11-24,59.99,38.99,21.0,53.85996409335727,21,25,6.0,56.883150684931515,12.0,1
2020-11-25,59.99,38.99,21.0,53.85996409335727,22,26,6.0,56.883150684931515,12.0,1
2020-11-26,38.99,38.99,0.0,0.0,0,0,6.0,56.8831506849315,12.0,0
2020-11-27,38.99,38.99,0.0,0.0,1,1,6.0,56.883150684931515,12.0,0
2020-11-28,38.99,38.99,0.0,0.0,2,2,6.0,56.8831506849315,12.0,0
2020-11-29,38.99,38.99,0.0,0.0,3,3,6.0,56.883150684931515,12.0,0
2020-11-30,38.99,38.99,0.0,0.0,4,4,6.0,56.8831506849315,12.0,0
2020-12-01,38.99,38.99,0.0,0.0,5,5,6.0,56.883150684931515,12.0,0
2020-12-02,59.99,38.99,21.0,53.85996409335727,0,6,6.0,56.8831506849315,12.0,1
2020-12-03,59.99,38.99,21.0,53.85996409335727,1,7,6.0,56.94068493150686,13.0,1
2020-12-04,59.99,38.99,21.0,53.85996409335727,2,8,6.0,56.94068493150686,12.0,1
2020-12-05,59.99,38.99,21.0,53.85996409335727,3,9,6.0,56.940684931506844,12.0,1
2020-12-06,59.99,38.99,21.0,53.85996409335727,4,10,6.0,56.94068493150686,12.0,1
2020-12-07,59.99,38.99,21.0,53.85996409335727,5,11,6.0,56.940684931506844,12.0,1
2020-12-08,59.99,38.99,21.0,53.85996409335727,6,12,6.0,56.94068493150686,12.0,1
2020-12-09,59.99,38.99,21.0,53.85996409335727,7,13,6.0,56.940684931506844,12.0,1
2020-12-10,59.99,38.99,21.0,53.85996409335727,8,14,6.0,56.94068493150686,12.0,1
2020-12-11,59.99,38.99,21.0,53.85996409335727,9,15,6.0,56.94068493150686,12.0,1
2020-12-12,59.99,38.99,21.0,53.85996409335727,10,16,6.0,56.940684931506844,12.0,1
2020-12-13,59.99,38.99,21.0,53.85996409335727,11,17,6.0,56.94068493150686,12.0,1
2020-12-14,59.99,38.99,21.0,53.85996409335727,12,18,6.0,56.940684931506844,12.0,1
2020-12-15,59.99,38.99,21.0,53.85996409335727,13,19,6.0,56.94068493150686,12.0,1
2020-12-16,59.99,38.99,21.0,53.85996409335727,14,20,6.0,56.940684931506844,12.0,1
2020-12-17,59.99,38.99,21.0,53.85996409335727,15,21,6.0,56.94068493150686,12.0,1
2020-12-18,59.99,38.99,21.0,53.85996409335727,16,22,6.0,56.940684931506844,12.0,1
2020-12-19,59.99,38.99,21.0,53.85996409335727,17,23,5.0,56.998219178082195,11.0,1
2020-12-20,59.99,38.99,21.0,53.85996409335727,18,24,5.0,57.05575342465754,11.0,1
2020-12-21,59.99,38.99,21.0,53.85996409335727,19,25,5.0,57.113287671232875,11.0,1
2020-12-22,59.99,38.99,21.0,53.85996409335727,20,26,5.0,57.170821917808226,11.0,1
2020-12-23,38.99,38.99,0.0,0.0,0,0,5.0,57.228356164383555,11.0,0
2020-12-24,38.99,38.99,0.0,0.0,1,1,6.0,57.22835616438357,12.0,0
2020-12-25,38.99,38.99,0.0,0.0,2,2,6.0,57.228356164383555,12.0,0
2020-12-26,38.99,38.99,0.0,0.0,3,3,6.0,57.22835616438357,12.0,0
2020-12-27,38.99,38.99,0.0,0.0,4,4,6.0,57.22835616438357,12.0,0
2020-12-28,38.99,38.99,0.0,0.0,5,5,6.0,57.22835616438357,12.0,0
2020-12-29,38.99,38.99,0.0,0.0,6,6,6.0,57.22835616438357,12.0,0
2020-12-30,38.99,38.99,0.0,0.0,7,7,6.0,57.228356164383555,12.0,0
2020-12-31,38.99,38.99,0.0,0.0,8,8,6.0,57.22835616438357,12.0,0
2021-01-01,38.99,38.99,0.0,0.0,9,9,6.0,57.228356164383555,12.0,0
2021-01-02,38.99,38.99,0.0,0.0,10,10,6.0,57.22835616438357,12.0,0
2021-01-03,38.99,38.99,0.0,0.0,11,11,6.0,57.17082191780821,11.0,0
2021-01-04,38.99,38.99,0.0,0.0,12,12,6.0,57.11328767123288,11.0,0
2021-01-05,38.99,38.99,0.0,0.0,13,13,6.0,57.05575342465754,11.0,0
2021-01-06,59.99,38.99,21.0,53.85996409335727,0,14,6.0,56.99821917808219,11.0,1
2021-01-07,59.99,38.99,21.0,53.85996409335727,1,15,6.0,56.998219178082195,12.0,1
2021-01-08,59.99,38.99,21.0,53.85996409335727,2,16,6.0,56.99821917808219,12.0,1
2021-01-09,59.99,38.99,21.0,53.85996409335727,3,17,6.0,56.998219178082195,12.0,1
2021-01-10,59.99,38.99,21.0,53.85996409335727,4,18,6.0,56.99821917808219,12.0,1
2021-01-11,59.99,38.99,21.0,53.85996409335727,5,19,6.0,56.998219178082195,12.0,1
2021-01-12,59.99,38.99,21.0,53.85996409335727,6,20,6.0,56.99821917808219,12.0,1
2021-01-13,59.99,38.99,21.0,53.85996409335727,7,21,6.0,56.998219178082195,12.0,1
2021-01-14,59.99,38.99,21.0,53.85996409335727,8,22,6.0,56.998219178082195,12.0,1
2021-01-15,59.99,38.99,21.0,53.85996409335727,9,23,6.0,56.99821917808219,12.0,1
2021-01-16,59.99,38.99,21.0,53.85996409335727,10,24,6.0,56.998219178082195,12.0,1
2021-01-17,59.99,38.99,21.0,53.85996409335727,11,25,6.0,56.99821917808219,12.0,1
2021-01-18,59.99,38.99,21.0,53.85996409335727,12,26,6.0,56.998219178082195,12.0,1
2021-01-19,59.99,38.99,21.0,53.85996409335727,13,27,6.0,56.99821917808219,12.0,1
2021-01-20,59.99,38.99,21.0,53.85996409335727,14,28,6.0,56.998219178082195,12.0,1
2021-01-21,59.99,38.99,21.0,53.85996409335727,15,29,6.0,56.998219178082195,12.0,1
2021-01-22,59.99,38.99,21.0,53.85996409335727,16,30,6.0,56.998219178082195,12.0,1
2021-01-23,59.99,38.99,21.0,53.85996409335727,17,31,6.0,56.998219178082195,12.0,1
2021-01-24,59.99,38.99,21.0,53.85996409335727,18,32,5.0,57.05575342465753,11.0,1
2021-01-25,59.99,38.99,21.0,53.85996409335727,19,33,5.0,57.11328767123288,11.0,1
2021-01-26,59.99,38.99,21.0,53.85996409335727,20,34,5.0,57.17082191780821,11.0,1
2021-01-27,59.99,38.99,21.0,53.85996409335727,21,35,5.0,57.22835616438357,11.0,1
2021-01-28,59.99,38.99,21.0,53.85996409335727,22,36,5.0,57.228356164383555,10.0,1
2021-01-29,59.99,38.99,21.0,53.85996409335727,23,37,5.0,57.22835616438357,10.0,1
2021-01-30,59.99,38.99,21.0,53.85996409335727,24,38,5.0,57.22835616438357,10.0,1
2021-01-31,59.99,38.99,21.0,53.85996409335727,25,39,5.0,57.228356164383555,10.0,1
2021-02-01,59.99,38.99,21.0,53.85996409335727,26,40,5.0,57.22835616438357,10.0,1
2021-02-02,59.99,38.99,21.0,53.85996409335727,27,41,5.0,57.228356164383555,10.0,1
2021-02-03,59.99,38.99,21.0,53.85996409335727,28,42,5.0,57.22835616438357,10.0,1
2021-02-04,59.99,38.99,21.0,53.85996409335727,29,43,5.0,57.228356164383555,10.0,1
2021-02-05,38.99,38.99,0.0,0.0,0,0,5.0,57.22835616438357,10.0,0
2021-02-06,38.99,38.99,0.0,0.0,1,1,6.0,57.17082191780821,11.0,0
2021-02-07,38.99,38.99,0.0,0.0,2,2,6.0,57.11328767123288,11.0,0
2021-02-08,38.99,38.99,0.0,0.0,3,3,6.0,57.05575342465754,11.0,0
2021-02-09,38.99,38.99,0.0,0.0,4,4,6.0,56.99821917808219,11.0,0
2021-02-10,38.99,38.99,0.0,0.0,5,5,6.0,56.94068493150686,11.0,0
2021-02-11,38.99,38.99,0.0,0.0,6,6,6.0,56.8831506849315,11.0,0
2021-02-12,38.99,38.99,0.0,0.0,7,7,6.0,56.82561643835617,11.0,0
2021-02-13,38.99,38.99,0.0,0.0,8,8,6.0,56.76808219178082,11.0,0
2021-02-14,38.99,38.99,0.0,0.0,9,9,6.0,56.710547945205484,11.0,0
2021-02-15,38.99,38.99,0.0,0.0,10,10,6.0,56.65301369863014,11.0,0
2021-02-16,38.99,38.99,0.0,0.0,11,11,6.0,56.5954794520548,11.0,0
2021-02-17,38.99,38.99,0.0,0.0,12,12,6.0,56.53794520547946,11.0,0
2021-02-18,59.99,38.99,21.0,53.85996409335727,0,13,6.0,56.48041095890411,11.0,0
2021-02-19,59.99,38.99,21.0,53.85996409335727,1,14,6.0,56.480410958904116,12.0,0
2021-02-20,59.99,38.99,21.0,53.85996409335727,2,15,6.0,56.48041095890411,12.0,0
2021-02-21,59.99,38.99,21.0,53.85996409335727,3,16,6.0,56.480410958904116,12.0,0
2021-02-22,59.99,38.99,21.0,53.85996409335727,4,17,6.0,56.48041095890411,12.0,0
2021-02-23,59.99,38.99,21.0,53.85996409335727,5,18,6.0,56.480410958904116,12.0,0
2021-02-24,59.99,38.99,21.0,53.85996409335727,6,19,6.0,56.480410958904116,12.0,0
2021-02-25,59.99,38.99,21.0,53.85996409335727,7,20,6.0,56.48041095890411,12.0,0
2021-02-26,59.99,38.99,21.0,53.85996409335727,8,21,6.0,56.480410958904116,12.0,0
2021-02-27,59.99,38.99,21.0,53.85996409335727,9,22,6.0,56.48041095890411,12.0,0
2021-02-28,59.99,38.99,21.0,53.85996409335727,10,23,6.0,56.480410958904116,12.0,0
2021-03-01,59.99,38.99,21.0,53.85996409335727,11,24,6.0,56.48041095890411,12.0,0
2021-03-02,59.99,38.99,21.0,53.85996409335727,12,25,6.0,56.480410958904116,12.0,0
2021-03-03,59.99,38.99,21.0,53.85996409335727,13,26,6.0,56.480410958904116,12.0,0
2021-03-04,59.99,38.99,21.0,53.85996409335727,14,27,6.0,56.480410958904116,12.0,0
2021-03-05,59.99,38.99,21.0,53.85996409335727,15,28,6.0,56.480410958904116,12.0,0
2021-03-06,59.99,38.99,21.0,53.85996409335727,16,29,6.0,56.48041095890411,12.0,0
2021-03-07,59.99,38.99,21.0,53.85996409335727,17,30,6.0,56.480410958904116,12.0,0
2021-03-08,59.99,38.99,21.0,53.85996409335727,18,31,6.0,56.48041095890411,12.0,0
2021-03-09,59.99,38.99,21.0,53.85996409335727,19,32,6.0,56.480410958904116,12.0,0
2021-03-10,59.99,38.99,21.0,53.85996409335727,20,33,6.0,56.48041095890411,12.0,0
2021-03-11,59.99,38.99,21.0,53.85996409335727,21,34,6.0,56.480410958904116,12.0,0
2021-03-12,59.99,38.99,21.0,53.85996409335727,22,35,6.0,56.480410958904116,12.0,0
2021-03-13,59.99,38.99,21.0,53.85996409335727,23,36,6.0,56.48041095890411,12.0,0
2021-03-14,59.99,38.99,21.0,53.85996409335727,24,37,6.0,56.480410958904116,12.0,0
2021-03-15,59.99,38.99,21.0,53.85996409335727,25,38,6.0,56.48041095890411,12.0,0
2021-03-16,59.99,38.99,21.0,53.85996409335727,26,39,6.0,56.480410958904116,12.0,0
2021-03-17,59.99,38.99,21.0,53.85996409335727,27,40,6.0,56.48041095890411,12.0,0
2021-03-18,59.99,38.99,21.0,53.85996409335727,28,41,6.0,56.480410958904116,12.0,0
2021-03-19,59.99,38.99,21.0,53.85996409335727,29,42,6.0,56.48041095890411,12.0,0
2021-03-20,59.99,38.99,21.0,53.85996409335727,30,43,6.0,56.480410958904116,12.0,0
2021-03-21,59.99,38.99,21.0,53.85996409335727,31,44,6.0,56.480410958904116,12.0,0
2021-03-22,59.99,38.99,21.0,53.85996409335727,32,45,6.0,56.48041095890411,12.0,0
2021-03-23,59.99,38.99,21.0,53.85996409335727,33,46,6.0,56.480410958904116,12.0,0
2021-03-24,59.99,38.99,21.0,53.85996409335727,34,47,6.0,56.48041095890411,12.0,0
2021-03-25,59.99,38.99,21.0,53.85996409335727,35,48,6.0,56.480410958904116,12.0,0
2021-03-26,59.99,38.99,21.0,53.85996409335727,36,49,6.0,56.48041095890411,12.0,0
2021-03-27,59.99,38.99,21.0,53.85996409335727,37,50,6.0,56.480410958904116,12.0,0
2021-03-28,59.99,38.99,21.0,53.85996409335727,38,51,6.0,56.480410958904116,12.0,0
2021-03-29,59.99,38.99,21.0,53.85996409335727,39,52,6.0,56.480410958904116,12.0,0
2021-03-30,59.99,38.99,21.0,53.85996409335727,40,53,6.0,56.480410958904116,12.0,0
2021-03-31,59.99,38.99,21.0,53.85996409335727,41,54,6.0,56.48041095890411,12.0,0
2021-04-01,59.99,38.99,21.0,53.85996409335727,42,55,6.0,56.480410958904116,12.0,0
2021-04-02,59.99,38.99,21.0,53.85996409335727,43,56,6.0,56.48041095890411,12.0,0
2021-04-03,59.99,38.99,21.0,53.85996409335727,44,57,6.0,56.480410958904116,12.0,0
2021-04-04,59.99,38.99,21.0,53.85996409335727,45,58,6.0,56.48041095890411,12.0,0
2021-04-05,59.99,38.99,21.0,53.85996409335727,46,59,6.0,56.480410958904116,12.0,0
2021-04-06,59.99,38.99,21.0,53.85996409335727,47,60,6.0,56.480410958904116,12.0,0
2021-04-07,59.99,38.99,21.0,53.85996409335727,48,61,6.0,56.48041095890411,12.0,0
2021-04-08,59.99,38.99,21.0,53.85996409335727,49,62,6.0,56.480410958904116,12.0,0
2021-04-09,59.99,38.99,21.0,53.85996409335727,50,63,6.0,56.48041095890411,12.0,0
2021-04-10,59.99,38.99,21.0,53.85996409335727,51,64,6.0,56.480410958904116,12.0,0
2021-04-11,59.99,38.99,21.0,53.85996409335727,52,65,5.0,56.537945205479446,11.0,0
2021-04-12,59.99,38.99,21.0,53.85996409335727,53,66,5.0,56.5954794520548,11.0,0
2021-04-13,59.99,38.99,21.0,53.85996409335727,54,67,5.0,56.65301369863013,11.0,0
2021-04-14,59.99,38.99,21.0,53.85996409335727,55,68,5.0,56.710547945205484,11.0,0
2021-04-15,59.99,38.99,21.0,53.85996409335727,56,69,5.0,56.76808219178083,11.0,0
2021-04-16,59.99,38.99,21.0,53.85996409335727,57,70,5.0,56.825616438356164,11.0,0
2021-04-17,59.99,38.99,21.0,53.85996409335727,58,71,5.0,56.883150684931515,11.0,0
2021-04-18,59.99,38.99,21.0,53.85996409335727,59,72,5.0,56.940684931506844,11.0,0
2021-04-19,59.99,38.99,21.0,53.85996409335727,60,73,5.0,56.998219178082195,11.0,0
2021-04-20,59.99,38.99,21.0,53.85996409335727,61,74,5.0,57.05575342465753,11.0,0
2021-04-21,59.99,38.99,21.0,53.85996409335727,62,75,5.0,57.05575342465754,10.0,0
2021-04-22,59.99,38.99,21.0,53.85996409335727,63,76,5.0,57.05575342465754,10.0,0
2021-04-23,59.99,38.99,21.0,53.85996409335727,64,77,5.0,57.05575342465754,10.0,0
2021-04-24,59.99,38.99,21.0,53.85996409335727,65,78,5.0,57.05575342465754,10.0,0
2021-04-25,59.99,38.99,21.0,53.85996409335727,66,79,5.0,57.05575342465753,10.0,0
2021-04-26,59.99,38.99,21.0,53.85996409335727,67,80,5.0,57.05575342465754,10.0,0
2021-04-27,59.99,38.99,21.0,53.85996409335727,68,81,5.0,57.05575342465753,10.0,0
2021-04-28,59.99,38.99,21.0,53.85996409335727,69,82,5.0,57.05575342465754,10.0,0
2021-04-29,59.99,38.99,21.0,53.85996409335727,70,83,5.0,57.05575342465753,10.0,0
2021-04-30,59.99,38.99,21.0,53.85996409335727,71,84,5.0,57.05575342465754,10.0,0
2021-05-01,59.99,38.99,21.0,53.85996409335727,72,85,5.0,57.05575342465754,10.0,0
2021-05-02,59.99,38.99,21.0,53.85996409335727,73,86,5.0,57.05575342465753,10.0,0
2021-05-03,59.99,38.99,21.0,53.85996409335727,74,87,5.0,57.05575342465754,10.0,0
2021-05-04,59.99,38.99,21.0,53.85996409335727,75,88,5.0,57.05575342465753,10.0,0
2021-05-05,59.99,38.99,21.0,53.85996409335727,76,89,5.0,57.05575342465754,10.0,0
2021-05-06,59.99,38.99,21.0,53.85996409335727,77,90,5.0,57.05575342465753,10.0,0
2021-05-07,59.99,38.99,21.0,53.85996409335727,78,91,5.0,57.05575342465754,10.0,0
2021-05-08,59.99,38.99,21.0,53.85996409335727,79,92,5.0,57.05575342465754,10.0,0
2021-05-09,59.99,38.99,21.0,53.85996409335727,80,93,5.0,57.05575342465754,10.0,0
2021-05-10,59.99,38.99,21.0,53.85996409335727,81,94,5.0,57.05575342465754,10.0,0
2021-05-11,59.99,38.99,21.0,53.85996409335727,82,95,5.0,57.05575342465753,10.0,0
2021-05-12,59.99,38.99,21.0,53.85996409335727,83,96,5.0,57.05575342465754,10.0,0
2021-05-13,59.99,38.99,21.0,53.85996409335727,84,97,5.0,57.05575342465753,10.0,0
2021-05-14,59.99,38.99,21.0,53.85996409335727,85,98,5.0,57.05575342465754,10.0,0
2021-05-15,59.99,38.99,21.0,53.85996409335727,86,99,5.0,57.05575342465753,10.0,0
2021-05-16,59.99,38.99,21.0,53.85996409335727,87,100,5.0,57.05575342465754,10.0,0
2021-05-17,59.99,38.99,21.0,53.85996409335727,88,101,5.0,57.05575342465754,10.0,0
2021-05-18,59.99,38.99,21.0,53.85996409335727,89,102,5.0,57.05575342465753,10.0,0
2021-05-19,59.99,38.99,21.0,53.85996409335727,90,103,5.0,57.05575342465754,10.0,0
2021-05-20,59.99,38.99,21.0,53.85996409335727,91,104,5.0,57.05575342465753,10.0,0
2021-05-21,59.99,38.99,21.0,53.85996409335727,92,105,5.0,57.05575342465754,10.0,0
2021-05-22,59.99,38.99,21.0,53.85996409335727,93,106,5.0,57.05575342465753,10.0,0
2021-05-23,59.99,38.99,21.0,53.85996409335727,94,107,5.0,57.05575342465754,10.0,0
2021-05-24,59.99,38.99,21.0,53.85996409335727,95,108,5.0,57.05575342465753,10.0,0
2021-05-25,59.99,38.99,21.0,53.85996409335727,96,109,5.0,57.05575342465754,10.0,0
2021-05-26,59.99,38.99,21.0,53.85996409335727,97,110,5.0,57.05575342465754,10.0,1
2021-05-27,59.99,38.99,21.0,53.85996409335727,98,111,5.0,57.05575342465753,10.0,1
2021-05-28,59.99,38.99,21.0,53.85996409335727,99,112,5.0,57.05575342465754,10.0,1
2021-05-29,59.99,38.99,21.0,53.85996409335727,100,113,5.0,57.05575342465753,10.0,1
2021-05-30,59.99,38.99,21.0,53.85996409335727,101,114,5.0,57.05575342465754,10.0,1
2021-05-31,59.99,38.99,21.0,53.85996409335727,102,115,5.0,57.05575342465753,10.0,1
2021-06-01,59.99,38.99,21.0,53.85996409335727,103,116,5.0,57.05575342465754,10.0,1
2021-06-02,59.99,38.99,21.0,53.85996409335727,104,117,5.0,57.05575342465754,10.0,1
2021-06-03,59.99,38.99,21.0,53.85996409335727,105,118,5.0,57.05575342465754,10.0,1
2021-06-04,59.99,38.99,21.0,53.85996409335727,106,119,5.0,57.05575342465754,10.0,1
2021-06-05,59.99,38.99,21.0,53.85996409335727,107,120,5.0,57.05575342465753,10.0,1
2021-06-06,59.99,38.99,21.0,53.85996409335727,108,121,5.0,57.05575342465754,10.0,1
2021-06-07,59.99,38.99,21.0,53.85996409335727,109,122,5.0,57.05575342465753,10.0,1
2021-06-08,59.99,38.99,21.0,53.85996409335727,110,123,5.0,57.05575342465754,10.0,1
2021-06-09,59.99,38.99,21.0,53.85996409335727,111,124,5.0,57.05575342465753,10.0,1
2021-06-10,59.99,38.99,21.0,53.85996409335727,112,125,5.0,57.05575342465754,10.0,1
2021-06-11,59.99,38.99,21.0,53.85996409335727,113,126,5.0,57.05575342465754,10.0,1
2021-06-12,59.99,38.99,21.0,53.85996409335727,114,127,5.0,57.05575342465753,10.0,1
2021-06-13,59.99,38.99,21.0,53.85996409335727,115,128,5.0,57.05575342465754,10.0,1
2021-06-14,59.99,38.99,21.0,53.85996409335727,116,129,5.0,57.05575342465753,10.0,1
2021-06-15,59.99,38.99,21.0,53.85996409335727,117,130,5.0,57.05575342465754,10.0,1
2021-06-16,59.99,38.99,21.0,53.85996409335727,118,131,5.0,57.05575342465753,10.0,1
2021-06-17,59.99,38.99,21.0,53.85996409335727,119,132,5.0,57.05575342465754,10.0,1
2021-06-18,59.99,38.99,21.0,53.85996409335727,120,133,5.0,57.05575342465753,10.0,1
2021-06-19,59.99,38.99,21.0,53.85996409335727,121,134,5.0,57.05575342465754,10.0,1
2021-06-20,59.99,38.99,21.0,53.85996409335727,122,135,5.0,57.05575342465754,10.0,1
2021-06-21,59.99,38.99,21.0,53.85996409335727,123,136,5.0,57.05575342465753,10.0,1
2021-06-22,59.99,38.99,21.0,53.85996409335727,124,137,5.0,57.05575342465754,10.0,1
2021-06-23,59.99,38.99,21.0,53.85996409335727,125,138,5.0,57.05575342465753,10.0,1
2021-06-24,59.99,38.99,21.0,53.85996409335727,126,139,5.0,57.05575342465754,10.0,1
2021-06-25,29.99,29.99,0.0,0.0,0,0,5.0,57.05575342465753,10.0,0
2021-06-26,29.99,29.99,0.0,0.0,1,1,6.0,56.97356164383562,11.0,0
2021-06-27,29.99,29.99,0.0,0.0,2,2,5.0,56.948904109589044,10.0,0
2021-06-28,29.99,29.99,0.0,0.0,3,3,5.0,56.92424657534247,10.0,0
2021-06-29,29.99,29.99,0.0,0.0,4,4,5.0,56.89958904109589,10.0,0
2021-06-30,29.99,29.99,0.0,0.0,5,5,5.0,56.87493150684931,10.0,0
2021-07-01,29.99,29.99,0.0,0.0,6,6,5.0,56.85027397260274,10.0,0
2021-07-02,29.99,29.99,0.0,0.0,7,7,5.0,56.825616438356164,10.0,0
2021-07-03,29.99,29.99,0.0,0.0,8,8,5.0,56.80095890410959,10.0,0
2021-07-04,29.99,29.99,0.0,0.0,9,9,5.0,56.77630136986301,10.0,0
2021-07-05,29.99,29.99,0.0,0.0,10,10,5.0,56.75164383561644,10.0,0
2021-07-06,29.99,29.99,0.0,0.0,11,11,5.0,56.72698630136987,10.0,0
2021-07-07,29.99,29.99,0.0,0.0,12,12,5.0,56.702328767123284,10.0,0
2021-07-08,29.99,29.99,0.0,0.0,13,13,5.0,56.67767123287672,10.0,0
2021-07-09,59.99,29.99,30.000000000000004,100.03334444814939,0,14,5.0,56.65301369863013,10.0,0
2021-07-10,59.99,29.99,30.000000000000004,100.03334444814939,1,15,5.0,56.710547945205484,11.0,0
2021-07-11,59.99,29.99,30.000000000000004,100.03334444814939,2,16,5.0,56.71054794520548,10.0,0
2021-07-12,59.99,29.99,30.000000000000004,100.03334444814939,3,17,5.0,56.710547945205484,10.0,0
2021-07-13,59.99,29.99,30.000000000000004,100.03334444814939,4,18,5.0,56.71054794520548,10.0,0
2021-07-14,59.99,29.99,30.000000000000004,100.03334444814939,5,19,5.0,56.710547945205484,10.0,0
2021-07-15,59.99,29.99,30.000000000000004,100.03334444814939,6,20,5.0,56.710547945205484,10.0,0
2021-07-16,59.99,29.99,30.000000000000004,100.03334444814939,7,21,5.0,56.71054794520548,10.0,0
2021-07-17,59.99,29.99,30.000000000000004,100.03334444814939,8,22,5.0,56.710547945205484,10.0,0
2021-07-18,59.99,29.99,30.000000000000004,100.03334444814939,9,23,5.0,56.71054794520548,10.0,0
2021-07-19,59.99,29.99,30.000000000000004,100.03334444814939,10,24,5.0,56.710547945205484,10.0,0
2021-07-20,59.99,29.99,30.000000000000004,100.03334444814939,11,25,5.0,56.71054794520548,10.0,0
2021-07-21,59.99,29.99,30.000000000000004,100.03334444814939,12,26,5.0,56.710547945205484,10.0,1
2021-07-22,59.99,29.99,30.000000000000004,100.03334444814939,13,27,5.0,56.710547945205484,10.0,1
2021-07-23,59.99,29.99,30.000000000000004,100.03334444814939,14,28,5.0,56.71054794520548,10.0,1
2021-07-24,59.99,29.99,30.000000000000004,100.03334444814939,15,29,5.0,56.710547945205484,10.0,1
2021-07-25,59.99,29.99,30.000000000000004,100.03334444814939,16,30,5.0,56.71054794520548,10.0,1
2021-07-26,59.99,29.99,30.000000000000004,100.03334444814939,17,31,5.0,56.710547945205484,10.0,1
2021-07-27,59.99,29.99,30.000000000000004,100.03334444814939,18,32,5.0,56.71054794520548,10.0,1
2021-07-28,59.99,29.99,30.000000000000004,100.03334444814939,19,33,5.0,56.710547945205484,10.0,1
2021-07-29,59.99,29.99,30.000000000000004,100.03334444814939,20,34,5.0,56.71054794520548,10.0,1
2021-07-30,59.99,29.99,30.000000000000004,100.03334444814939,21,35,5.0,56.710547945205484,10.0,1
2021-07-31,59.99,29.99,30.000000000000004,100.03334444814939,22,36,5.0,56.710547945205484,10.0,1
2021-08-01,59.99,29.99,30.000000000000004,100.03334444814939,23,37,5.0,56.71054794520548,10.0,1
2021-08-02,59.99,29.99,30.000000000000004,100.03334444814939,24,38,5.0,56.710547945205484,10.0,1
2021-08-03,59.99,29.99,30.000000000000004,100.03334444814939,25,39,5.0,56.71054794520548,10.0,1
2021-08-04,59.99,29.99,30.000000000000004,100.03334444814939,26,40,5.0,56.710547945205484,10.0,1
2021-08-05,59.99,29.99,30.000000000000004,100.03334444814939,27,41,5.0,56.71054794520548,10.0,1
2021-08-06,59.99,29.99,30.000000000000004,100.03334444814939,28,42,5.0,56.710547945205484,10.0,1
2021-08-07,59.99,29.99,30.000000000000004,100.03334444814939,29,43,5.0,56.71054794520548,10.0,1
2021-08-08,59.99,29.99,30.000000000000004,100.03334444814939,30,44,5.0,56.710547945205484,10.0,1
2021-08-09,59.99,29.99,30.000000000000004,100.03334444814939,31,45,5.0,56.710547945205484,10.0,1
2021-08-10,59.99,29.99,30.000000000000004,100.03334444814939,32,46,5.0,56.71054794520548,10.0,1
2021-08-11,59.99,29.99,30.000000000000004,100.03334444814939,33,47,5.0,56.710547945205484,10.0,1
2021-08-12,59.99,29.99,30.000000000000004,100.03334444814939,34,48,5.0,56.71054794520548,10.0,1
2021-08-13,59.99,29.99,30.000000000000004,100.03334444814939,35,49,5.0,56.710547945205484,10.0,1
2021-08-14,59.99,29.99,30.000000000000004,100.03334444814939,36,50,5.0,56.71054794520548,10.0,1
2021-08-15,59.99,29.99,30.000000000000004,100.03334444814939,37,51,5.0,56.710547945205484,10.0,1
2021-08-16,59.99,29.99,30.000000000000004,100.03334444814939,38,52,5.0,56.710547945205484,10.0,1
2021-08-17,59.99,29.99,30.000000000000004,100.03334444814939,39,53,5.0,56.71054794520548,10.0,1
2021-08-18,59.99,29.99,30.000000000000004,100.03334444814939,40,54,5.0,56.710547945205484,10.0,1
2021-08-19,59.99,29.99,30.000000000000004,100.03334444814939,41,55,5.0,56.71054794520548,10.0,1
2021-08-20,38.99,29.99,9.000000000000004,30.01000333444483,0,0,5.0,56.710547945205484,10.0,0
2021-08-21,38.99,29.99,9.000000000000004,30.01000333444483,1,1,6.0,56.65301369863013,11.0,0
2021-08-22,38.99,29.99,9.000000000000004,30.01000333444483,2,2,6.0,56.5954794520548,11.0,0
2021-08-23,38.99,29.99,9.000000000000004,30.01000333444483,3,3,6.0,56.537945205479446,11.0,0
2021-08-24,38.99,29.99,9.000000000000004,30.01000333444483,4,4,6.0,56.480410958904116,11.0,0
2021-08-25,38.99,29.99,9.000000000000004,30.01000333444483,5,5,6.0,56.42287671232877,11.0,0
2021-08-26,38.99,29.99,9.000000000000004,30.01000333444483,6,6,6.0,56.36534246575342,11.0,0
2021-08-27,59.99,29.99,30.000000000000004,100.03334444814939,0,7,6.0,56.307808219178085,11.0,0
2021-08-28,59.99,29.99,30.000000000000004,100.03334444814939,1,8,6.0,56.30780821917808,12.0,0
2021-08-29,59.99,29.99,30.000000000000004,100.03334444814939,2,9,6.0,56.307808219178085,12.0,0
2021-08-30,59.99,29.99,30.000000000000004,100.03334444814939,3,10,6.0,56.30780821917808,12.0,0
2021-08-31,59.99,29.99,30.000000000000004,100.03334444814939,4,11,6.0,56.307808219178085,12.0,0
2021-09-01,59.99,29.99,30.000000000000004,100.03334444814939,5,12,6.0,56.307808219178085,12.0,0
2021-09-02,59.99,29.99,30.000000000000004,100.03334444814939,6,13,6.0,56.307808219178085,12.0,0
2021-09-03,59.99,29.99,30.000000000000004,100.03334444814939,7,14,6.0,56.307808219178085,12.0,0
2021-09-04,59.99,29.99,30.000000000000004,100.03334444814939,8,15,6.0,56.30780821917808,12.0,0
2021-09-05,59.99,29.99,30.000000000000004,100.03334444814939,9,16,6.0,56.307808219178085,12.0,0
2021-09-06,59.99,29.99,30.000000000000004,100.03334444814939,10,17,6.0,56.30780821917808,12.0,0
2021-09-07,59.99,29.99,30.000000000000004,100.03334444814939,11,18,6.0,56.307808219178085,12.0,0
2021-09-08,59.99,29.99,30.000000000000004,100.03334444814939,12,19,6.0,56.30780821917808,12.0,0
2021-09-09,59.99,29.99,30.000000000000004,100.03334444814939,13,20,6.0,56.307808219178085,12.0,0
2021-09-10,59.99,29.99,30.000000000000004,100.03334444814939,14,21,6.0,56.307808219178085,12.0,0
2021-09-11,59.99,29.99,30.000000000000004,100.03334444814939,15,22,6.0,56.30780821917808,12.0,0
2021-09-12,59.99,29.99,30.000000000000004,100.03334444814939,16,23,6.0,56.307808219178085,12.0,0
2021-09-13,59.99,29.99,30.000000000000004,100.03334444814939,17,24,6.0,56.30780821917808,12.0,0
2021-09-14,59.99,29.99,30.000000000000004,100.03334444814939,18,25,6.0,56.307808219178085,12.0,0
2021-09-15,59.99,29.99,30.000000000000004,100.03334444814939,19,26,6.0,56.30780821917808,12.0,0
2021-09-16,59.99,29.99,30.000000000000004,100.03334444814939,20,27,6.0,56.307808219178085,12.0,0
2021-09-17,59.99,29.99,30.000000000000004,100.03334444814939,21,28,6.0,56.30780821917808,12.0,0
2021-09-18,59.99,29.99,30.000000000000004,100.03334444814939,22,29,6.0,56.307808219178085,12.0,0
2021-09-19,59.99,29.99,30.000000000000004,100.03334444814939,23,30,6.0,56.307808219178085,12.0,0
2021-09-20,59.99,29.99,30.000000000000004,100.03334444814939,24,31,6.0,56.30780821917808,12.0,0
2021-09-21,59.99,29.99,30.000000000000004,100.03334444814939,25,32,6.0,56.307808219178085,12.0,0
2021-09-22,59.99,29.99,30.000000000000004,100.03334444814939,26,33,6.0,56.30780821917808,12.0,0
2021-09-23,59.99,29.99,30.000000000000004,100.03334444814939,27,34,6.0,56.307808219178085,12.0,0
2021-09-24,59.99,29.99,30.000000000000004,100.03334444814939,28,35,6.0,56.30780821917808,12.0,0
2021-09-25,59.99,29.99,30.000000000000004,100.03334444814939,29,36,6.0,56.307808219178085,12.0,0
2021-09-26,59.99,29.99,30.000000000000004,100.03334444814939,30,37,6.0,56.307808219178085,12.0,0
2021-09-27,59.99,29.99,30.000000000000004,100.03334444814939,31,38,6.0,56.30780821917808,12.0,0
2021-09-28,59.99,29.99,30.000000000000004,100.03334444814939,32,39,6.0,56.307808219178085,12.0,0
2021-09-29,59.99,29.99,30.000000000000004,100.03334444814939,33,40,6.0,56.30780821917808,12.0,0
2021-09-30,59.99,29.99,30.000000000000004,100.03334444814939,34,41,6.0,56.307808219178085,12.0,0
2021-10-01,59.99,29.99,30.000000000000004,100.03334444814939,35,42,6.0,56.30780821917808,12.0,0
2021-10-02,59.99,29.99,30.000000000000004,100.03334444814939,36,43,6.0,56.307808219178085,12.0,0
2021-10-03,59.99,29.99,30.000000000000004,100.03334444814939,37,44,6.0,56.30780821917808,12.0,0
2021-10-04,59.99,29.99,30.000000000000004,100.03334444814939,38,45,6.0,56.307808219178085,12.0,0
2021-10-05,59.99,29.99,30.000000000000004,100.03334444814939,39,46,6.0,56.307808219178085,12.0,0
2021-10-06,59.99,29.99,30.000000000000004,100.03334444814939,40,47,6.0,56.30780821917808,12.0,0
2021-10-07,59.99,29.99,30.000000000000004,100.03334444814939,41,48,6.0,56.307808219178085,12.0,0
2021-10-08,59.99,29.99,30.000000000000004,100.03334444814939,42,49,6.0,56.30780821917808,12.0,0
2021-10-09,59.99,29.99,30.000000000000004,100.03334444814939,43,50,6.0,56.307808219178085,12.0,0
2021-10-10,59.99,29.99,30.000000000000004,100.03334444814939,44,51,6.0,56.30780821917808,12.0,0
2021-10-11,59.99,29.99,30.000000000000004,100.03334444814939,45,52,6.0,56.307808219178085,12.0,0
2021-10-12,59.99,29.99,30.000000000000004,100.03334444814939,46,53,6.0,56.30780821917808,12.0,0
2021-10-13,59.99,29.99,30.000000000000004,100.03334444814939,47,54,6.0,56.307808219178085,12.0,0
2021-10-14,59.99,29.99,30.000000000000004,100.03334444814939,48,55,6.0,56.307808219178085,12.0,0
2021-10-15,59.99,29.99,30.000000000000004,100.03334444814939,49,56,6.0,56.30780821917808,12.0,0
2021-10-16,59.99,29.99,30.000000000000004,100.03334444814939,50,57,6.0,56.307808219178085,12.0,0
2021-10-17,59.99,29.99,30.000000000000004,100.03334444814939,51,58,6.0,56.30780821917808,12.0,0
2021-10-18,59.99,29.99,30.000000000000004,100.03334444814939,52,59,6.0,56.307808219178085,12.0,0
2021-10-19,59.99,29.99,30.000000000000004,100.03334444814939,53,60,6.0,56.30780821917808,12.0,0
2021-10-20,59.99,29.99,30.000000000000004,100.03334444814939,54,61,6.0,56.307808219178085,12.0,0
2021-10-21,59.99,29.99,30.000000000000004,100.03334444814939,55,62,6.0,56.307808219178085,12.0,0
2021-10-22,59.99,29.99,30.000000000000004,100.03334444814939,56,63,6.0,56.30780821917808,12.0,0
2021-10-23,59.99,29.99,30.000000000000004,100.03334444814939,57,64,6.0,56.307808219178085,12.0,0
2021-10-24,59.99,29.99,30.000000000000004,100.03334444814939,58,65,6.0,56.30780821917808,12.0,0
2021-10-25,59.99,29.99,30.000000000000004,100.03334444814939,59,66,6.0,56.307808219178085,12.0,0
2021-10-26,59.99,29.99,30.000000000000004,100.03334444814939,60,67,6.0,56.30780821917808,12.0,1
2021-10-27,59.99,29.99,30.000000000000004,100.03334444814939,61,68,6.0,56.307808219178085,12.0,1
2021-10-28,59.99,29.99,30.000000000000004,100.03334444814939,62,69,6.0,56.30780821917808,12.0,1
2021-10-29,59.99,29.99,30.000000000000004,100.03334444814939,63,70,6.0,56.307808219178085,12.0,1
2021-10-30,59.99,29.99,30.000000000000004,100.03334444814939,64,71,6.0,56.307808219178085,12.0,1
2021-10-31,59.99,29.99,30.000000000000004,100.03334444814939,65,72,5.0,56.36534246575342,11.0,1
2021-11-01,59.99,29.99,30.000000000000004,100.03334444814939,66,73,5.0,56.42287671232877,11.0,1
2021-11-02,59.99,29.99,30.000000000000004,100.03334444814939,67,74,5.0,56.48041095890411,11.0,1
2021-11-03,59.99,29.99,30.000000000000004,100.03334444814939,68,75,5.0,56.53794520547946,11.0,1
2021-11-04,59.99,29.99,30.000000000000004,100.03334444814939,69,76,5.0,56.537945205479446,10.0,1
2021-11-05,59.99,29.99,30.000000000000004,100.03334444814939,70,77,5.0,56.53794520547946,10.0,1
2021-11-06,59.99,29.99,30.000000000000004,100.03334444814939,71,78,5.0,56.53794520547946,10.0,1
2021-11-07,59.99,29.99,30.000000000000004,100.03334444814939,72,79,5.0,56.53794520547946,10.0,1
2021-11-08,59.99,29.99,30.000000000000004,100.03334444814939,73,80,5.0,56.53794520547946,10.0,1
2021-11-09,59.99,29.99,30.000000000000004,100.03334444814939,74,81,5.0,56.537945205479446,10.0,1
2021-11-10,59.99,29.99,30.000000000000004,100.03334444814939,75,82,5.0,56.53794520547946,10.0,1
2021-11-11,59.99,29.99,30.000000000000004,100.03334444814939,76,83,5.0,56.537945205479446,10.0,1
2021-11-12,59.99,29.99,30.000000000000004,100.03334444814939,77,84,5.0,56.53794520547946,10.0,1
2021-11-13,59.99,29.99,30.000000000000004,100.03334444814939,78,85,5.0,56.537945205479446,10.0,1
2021-11-14,59.99,29.99,30.000000000000004,100.03334444814939,79,86,5.0,56.53794520547946,10.0,1
2021-11-15,59.99,29.99,30.000000000000004,100.03334444814939,80,87,5.0,56.53794520547946,10.0,1
2021-11-16,59.99,29.99,30.000000000000004,100.03334444814939,81,88,5.0,56.537945205479446,10.0,1
2021-11-17,59.99,29.99,30.000000000000004,100.03334444814939,82,89,5.0,56.53794520547946,10.0,1
2021-11-18,59.99,29.99,30.000000000000004,100.03334444814939,83,90,5.0,56.537945205479446,10.0,1
2021-11-19,59.99,29.99,30.000000000000004,100.03334444814939,84,91,5.0,56.53794520547946,10.0,1
2021-11-20,59.99,29.99,30.000000000000004,100.03334444814939,85,92,5.0,56.537945205479446,10.0,1
2021-11-21,59.99,29.99,30.000000000000004,100.03334444814939,86,93,5.0,56.53794520547946,10.0,1
2021-11-22,59.99,29.99,30.000000000000004,100.03334444814939,87,94,5.0,56.537945205479446,10.0,1
2021-11-23,59.99,29.99,30.000000000000004,100.03334444814939,88,95,5.0,56.53794520547946,10.0,1
2021-11-24,59.99,29.99,30.000000000000004,100.03334444814939,89,96,5.0,56.53794520547946,10.0,1
2021-11-25,38.99,29.99,9.000000000000004,30.01000333444483,0,0,5.0,56.537945205479446,10.0,1
2021-11-26,38.99,29.99,9.000000000000004,30.01000333444483,1,1,6.0,56.480410958904116,11.0,1
2021-11-27,38.99,29.99,9.000000000000004,30.01000333444483,2,2,5.0,56.48041095890411,10.0,1
2021-11-28,38.99,29.99,9.000000000000004,30.01000333444483,3,3,5.0,56.480410958904116,10.0,1
2021-11-29,38.99,29.99,9.000000000000004,30.01000333444483,4,4,5.0,56.48041095890411,10.0,1
2021-11-30,38.99,29.99,9.000000000000004,30.01000333444483,5,5,5.0,56.480410958904116,10.0,1
2021-12-01,38.99,29.99,9.000000000000004,30.01000333444483,6,6,5.0,56.480410958904116,10.0,1
2021-12-02,59.99,29.99,30.000000000000004,100.03334444814939,0,7,5.0,56.480410958904116,10.0,1
2021-12-03,59.99,29.99,30.000000000000004,100.03334444814939,1,8,5.0,56.480410958904116,10.0,1
2021-12-04,59.99,29.99,30.000000000000004,100.03334444814939,2,9,5.0,56.48041095890411,10.0,1
2021-12-05,59.99,29.99,30.000000000000004,100.03334444814939,3,10,5.0,56.480410958904116,10.0,1
2021-12-06,59.99,29.99,30.000000000000004,100.03334444814939,4,11,5.0,56.48041095890411,10.0,1
2021-12-07,59.99,29.99,30.000000000000004,100.03334444814939,5,12,5.0,56.480410958904116,10.0,1
2021-12-08,59.99,29.99,30.000000000000004,100.03334444814939,6,13,5.0,56.48041095890411,10.0,1
2021-12-09,59.99,29.99,30.000000000000004,100.03334444814939,7,14,5.0,56.480410958904116,10.0,1
2021-12-10,59.99,29.99,30.000000000000004,100.03334444814939,8,15,5.0,56.480410958904116,10.0,1
2021-12-11,59.99,29.99,30.000000000000004,100.03334444814939,9,16,5.0,56.48041095890411,10.0,1
2021-12-12,59.99,29.99,30.000000000000004,100.03334444814939,10,17,5.0,56.480410958904116,10.0,1
2021-12-13,59.99,29.99,30.000000000000004,100.03334444814939,11,18,5.0,56.48041095890411,10.0,1
2021-12-14,59.99,29.99,30.000000000000004,100.03334444814939,12,19,5.0,56.480410958904116,10.0,1
2021-12-15,59.99,29.99,30.000000000000004,100.03334444814939,13,20,5.0,56.48041095890411,10.0,1
2021-12-16,59.99,29.99,30.000000000000004,100.03334444814939,14,21,5.0,56.480410958904116,10.0,1
2021-12-17,59.99,29.99,30.000000000000004,100.03334444814939,15,22,5.0,56.48041095890411,10.0,1
2021-12-18,59.99,29.99,30.000000000000004,100.03334444814939,16,23,5.0,56.480410958904116,10.0,1
2021-12-19,59.99,29.99,30.000000000000004,100.03334444814939,17,24,5.0,56.480410958904116,10.0,1
2021-12-20,59.99,29.99,30.000000000000004,100.03334444814939,18,25,5.0,56.48041095890411,10.0,1
2021-12-21,59.99,29.99,30.000000000000004,100.03334444814939,19,26,5.0,56.480410958904116,10.0,1
2021-12-22,59.99,29.99,30.000000000000004,100.03334444814939,20,27,5.0,56.48041095890411,10.0,1
2021-12-23,29.99,29.99,0.0,0.0,0,0,5.0,56.480410958904116,10.0,0
2021-12-24,29.99,29.99,0.0,0.0,1,1,5.0,56.45575342465753,10.0,0
2021-12-25,29.99,29.99,0.0,0.0,2,2,5.0,56.431095890410965,10.0,0
2021-12-26,29.99,29.99,0.0,0.0,3,3,5.0,56.40643835616439,10.0,0
2021-12-27,29.99,29.99,0.0,0.0,4,4,5.0,56.38178082191781,10.0,0
2021-12-28,29.99,29.99,0.0,0.0,5,5,5.0,56.357123287671236,10.0,0
2021-12-29,29.99,29.99,0.0,0.0,6,6,5.0,56.33246575342466,10.0,0
2021-12-30,29.99,29.99,0.0,0.0,7,7,5.0,56.307808219178085,10.0,0
2021-12-31,29.99,29.99,0.0,0.0,8,8,5.0,56.283150684931506,10.0,0
2022-01-01,29.99,29.99,0.0,0.0,9,9,5.0,56.258493150684934,10.0,0
2022-01-02,29.99,29.99,0.0,0.0,10,10,5.0,56.233835616438355,10.0,0
2022-01-03,29.99,29.99,0.0,0.0,11,11,5.0,56.209178082191784,10.0,0
2022-01-04,29.99,29.99,0.0,0.0,12,12,5.0,56.18452054794521,10.0,0
2022-01-05,29.99,29.99,0.0,0.0,13,13,5.0,56.159863013698626,10.0,0
2022-01-06,59.99,29.99,30.000000000000004,100.03334444814939,0,14,5.0,56.13520547945206,10.0,1
2022-01-07,59.99,29.99,30.000000000000004,100.03334444814939,1,15,5.0,56.135205479452054,10.0,1
2022-01-08,59.99,29.99,30.000000000000004,100.03334444814939,2,16,5.0,56.13520547945206,10.0,1
2022-01-09,59.99,29.99,30.000000000000004,100.03334444814939,3,17,5.0,56.135205479452054,10.0,1
2022-01-10,59.99,29.99,30.000000000000004,100.03334444814939,4,18,5.0,56.13520547945206,10.0,1
2022-01-11,59.99,29.99,30.000000000000004,100.03334444814939,5,19,5.0,56.135205479452054,10.0,1
2022-01-12,59.99,29.99,30.000000000000004,100.03334444814939,6,20,5.0,56.13520547945206,10.0,1
2022-01-13,59.99,29.99,30.000000000000004,100.03334444814939,7,21,5.0,56.13520547945206,10.0,1
2022-01-14,59.99,29.99,30.000000000000004,100.03334444814939,8,22,5.0,56.135205479452054,10.0,1
2022-01-15,59.99,29.99,30.000000000000004,100.03334444814939,9,23,5.0,56.13520547945206,10.0,1
2022-01-16,59.99,29.99,30.000000000000004,100.03334444814939,10,24,5.0,56.135205479452054,10.0,1
2022-01-17,59.99,29.99,30.000000000000004,100.03334444814939,11,25,5.0,56.13520547945206,10.0,1
2022-01-18,59.99,29.99,30.000000000000004,100.03334444814939,12,26,5.0,56.135205479452054,10.0,1
2022-01-19,59.99,29.99,30.000000000000004,100.03334444814939,13,27,5.0,56.13520547945206,10.0,1
2022-01-20,59.99,29.99,30.000000000000004,100.03334444814939,14,28,5.0,56.13520547945206,10.0,1
2022-01-21,59.99,29.99,30.000000000000004,100.03334444814939,15,29,5.0,56.135205479452054,10.0,1
2022-01-22,59.99,29.99,30.000000000000004,100.03334444814939,16,30,5.0,56.13520547945206,10.0,1
2022-01-23,59.99,29.99,30.000000000000004,100.03334444814939,17,31,5.0,56.135205479452054,10.0,1
2022-01-24,59.99,29.99,30.000000000000004,100.03334444814939,18,32,5.0,56.13520547945206,10.0,1
2022-01-25,59.99,29.99,30.000000000000004,100.03334444814939,19,33,5.0,56.135205479452054,10.0,1
2022-01-26,59.99,29.99,30.000000000000004,100.03334444814939,20,34,5.0,56.13520547945206,10.0,1
2022-01-27,59.99,29.99,30.000000000000004,100.03334444814939,21,35,5.0,56.135205479452054,10.0,1
2022-01-28,29.99,29.99,0.0,0.0,0,0,5.0,56.13520547945206,10.0,0
2022-01-29,29.99,29.99,0.0,0.0,1,1,6.0,56.053013698630146,11.0,0
2022-01-30,29.99,29.99,0.0,0.0,2,2,6.0,55.970821917808216,11.0,0
2022-01-31,29.99,29.99,0.0,0.0,3,3,6.0,55.88863013698631,11.0,0
2022-02-01,29.99,29.99,0.0,0.0,4,4,6.0,55.80643835616438,11.0,0
2022-02-02,29.99,29.99,0.0,0.0,5,5,6.0,55.72424657534247,11.0,0
2022-02-03,29.99,29.99,0.0,0.0,6,6,6.0,55.64205479452055,11.0,0
2022-02-04,59.99,29.99,30.000000000000004,100.03334444814939,0,7,6.0,55.55986301369864,11.0,0
2022-02-05,59.99,29.99,30.000000000000004,100.03334444814939,1,8,6.0,55.559863013698624,12.0,0
2022-02-06,59.99,29.99,30.000000000000004,100.03334444814939,2,9,5.0,55.617397260273975,11.0,0
2022-02-07,59.99,29.99,30.000000000000004,100.03334444814939,3,10,5.0,55.67493150684932,11.0,0
2022-02-08,59.99,29.99,30.000000000000004,100.03334444814939,4,11,5.0,55.732465753424655,11.0,0
2022-02-09,59.99,29.99,30.000000000000004,100.03334444814939,5,12,5.0,55.790000000000006,11.0,0
2022-02-10,59.99,29.99,30.000000000000004,100.03334444814939,6,13,5.0,55.847534246575336,11.0,0
2022-02-11,59.99,29.99,30.000000000000004,100.03334444814939,7,14,5.0,55.905068493150694,11.0,0
2022-02-12,59.99,29.99,30.000000000000004,100.03334444814939,8,15,5.0,55.96260273972602,11.0,0
2022-02-13,59.99,29.99,30.000000000000004,100.03334444814939,9,16,5.0,56.020136986301374,11.0,0
2022-02-14,59.99,29.99,30.000000000000004,100.03334444814939,10,17,5.0,56.07767123287672,11.0,0
2022-02-15,59.99,29.99,30.000000000000004,100.03334444814939,11,18,5.0,56.135205479452054,11.0,0
2022-02-16,59.99,29.99,30.000000000000004,100.03334444814939,12,19,5.0,56.192739726027405,11.0,0
2022-02-17,59.99,29.99,30.000000000000004,100.03334444814939,13,20,5.0,56.250273972602734,11.0,0
2022-02-18,59.99,29.99,30.000000000000004,100.03334444814939,14,21,5.0,56.307808219178085,11.0,0
2022-02-19,59.99,29.99,30.000000000000004,100.03334444814939,15,22,5.0,56.30780821917808,10.0,0
2022-02-20,59.99,29.99,30.000000000000004,100.03334444814939,16,23,5.0,56.307808219178085,10.0,0
2022-02-21,59.99,29.99,30.000000000000004,100.03334444814939,17,24,5.0,56.30780821917808,10.0,0
2022-02-22,59.99,29.99,30.000000000000004,100.03334444814939,18,25,5.0,56.307808219178085,10.0,0
2022-02-23,59.99,29.99,30.000000000000004,100.03334444814939,19,26,5.0,56.307808219178085,10.0,0
2022-02-24,59.99,29.99,30.000000000000004,100.03334444814939,20,27,5.0,56.30780821917808,10.0,0
2022-02-25,59.99,29.99,30.000000000000004,100.03334444814939,21,28,5.0,56.307808219178085,10.0,0
2022-02-26,59.99,29.99,30.000000000000004,100.03334444814939,22,29,5.0,56.30780821917808,10.0,0
2022-02-27,59.99,29.99,30.000000000000004,100.03334444814939,23,30,5.0,56.307808219178085,10.0,0
2022-02-28,59.99,29.99,30.000000000000004,100.03334444814939,24,31,5.0,56.30780821917808,10.0,0
2022-03-01,59.99,29.99,30.000000000000004,100.03334444814939,25,32,5.0,56.307808219178085,10.0,0
2022-03-02,59.99,29.99,30.000000000000004,100.03334444814939,26,33,5.0,56.307808219178085,10.0,0
2022-03-03,59.99,29.99,30.000000000000004,100.03334444814939,27,34,5.0,56.30780821917808,10.0,0
2022-03-04,59.99,29.99,30.000000000000004,100.03334444814939,28,35,5.0,56.307808219178085,10.0,0
2022-03-05,59.99,29.99,30.000000000000004,100.03334444814939,29,36,5.0,56.30780821917808,10.0,0
2022-03-06,59.99,29.99,30.000000000000004,100.03334444814939,30,37,5.0,56.307808219178085,10.0,0
2022-03-07,59.99,29.99,30.000000000000004,100.03334444814939,31,38,5.0,56.30780821917808,10.0,0
2022-03-08,59.99,29.99,30.000000000000004,100.03334444814939,32,39,5.0,56.307808219178085,10.0,0
2022-03-09,59.99,29.99,30.000000000000004,100.03334444814939,33,40,5.0,56.30780821917808,10.0,0
2022-03-10,59.99,29.99,30.000000000000004,100.03334444814939,34,41,5.0,56.307808219178085,10.0,0
2022-03-11,59.99,29.99,30.000000000000004,100.03334444814939,35,42,5.0,56.307808219178085,10.0,0
2022-03-12,59.99,29.99,30.000000000000004,100.03334444814939,36,43,5.0,56.30780821917808,10.0,0
2022-03-13,59.99,29.99,30.000000000000004,100.03334444814939,37,44,5.0,56.307808219178085,10.0,0
2022-03-14,59.99,29.99,30.000000000000004,100.03334444814939,38,45,5.0,56.30780821917808,10.0,0
2022-03-15,59.99,29.99,30.000000000000004,100.03334444814939,39,46,5.0,56.307808219178085,10.0,0
2022-03-16,59.99,29.99,30.000000000000004,100.03334444814939,40,47,5.0,56.30780821917808,10.0,0
2022-03-17,59.99,29.99,30.000000000000004,100.03334444814939,41,48,5.0,56.307808219178085,10.0,0
2022-03-18,59.99,29.99,30.000000000000004,100.03334444814939,42,49,5.0,56.30780821917808,10.0,0
2022-03-19,59.99,29.99,30.000000000000004,100.03334444814939,43,50,5.0,56.307808219178085,10.0,0
2022-03-20,59.99,29.99,30.000000000000004,100.03334444814939,44,51,5.0,56.307808219178085,10.0,0
2022-03-21,59.99,29.99,30.000000000000004,100.03334444814939,45,52,5.0,56.30780821917808,10.0,0
2022-03-22,59.99,29.99,30.000000000000004,100.03334444814939,46,53,5.0,56.307808219178085,10.0,0
2022-03-23,59.99,29.99,30.000000000000004,100.03334444814939,47,54,5.0,56.30780821917808,10.0,0
2022-03-24,59.99,29.99,30.000000000000004,100.03334444814939,48,55,5.0,56.307808219178085,10.0,0
2022-03-25,59.99,29.99,30.000000000000004,100.03334444814939,49,56,5.0,56.30780821917808,10.0,0
2022-03-26,59.99,29.99,30.000000000000004,100.03334444814939,50,57,5.0,56.307808219178085,10.0,0
2022-03-27,59.99,29.99,30.000000000000004,100.03334444814939,51,58,5.0,56.307808219178085,10.0,1
2022-03-28,59.99,29.99,30.000000000000004,100.03334444814939,52,59,5.0,56.30780821917808,10.0,1
2022-03-29,59.99,29.99,30.000000000000004,100.03334444814939,53,60,5.0,56.307808219178085,10.0,1
2022-03-30,59.99,29.99,30.000000000000004,100.03334444814939,54,61,5.0,56.30780821917808,10.0,1
2022-03-31,59.99,29.99,30.000000000000004,100.03334444814939,55,62,5.0,56.307808219178085,10.0,1
2022-04-01,59.99,29.99,30.000000000000004,100.03334444814939,56,63,5.0,56.30780821917808,10.0,1
2022-04-02,59.99,29.99,30.000000000000004,100.03334444814939,57,64,5.0,56.307808219178085,10.0,1
2022-04-03,59.99,29.99,30.000000000000004,100.03334444814939,58,65,5.0,56.30780821917808,10.0,1
2022-04-04,59.99,29.99,30.000000000000004,100.03334444814939,59,66,5.0,56.307808219178085,10.0,1
2022-04-05,59.99,29.99,30.000000000000004,100.03334444814939,60,67,5.0,56.307808219178085,10.0,1
2022-04-06,59.99,29.99,30.000000000000004,100.03334444814939,61,68,5.0,56.30780821917808,10.0,1
2022-04-07,59.99,29.99,30.000000000000004,100.03334444814939,62,69,5.0,56.307808219178085,10.0,1
2022-04-08,59.99,29.99,30.000000000000004,100.03334444814939,63,70,5.0,56.30780821917808,10.0,1
2022-04-09,59.99,29.99,30.000000000000004,100.03334444814939,64,71,5.0,56.307808219178085,10.0,1
2022-04-10,59.99,29.99,30.000000000000004,100.03334444814939,65,72,5.0,56.30780821917808,10.0,1
2022-04-11,59.99,29.99,30.000000000000004,100.03334444814939,66,73,5.0,56.307808219178085,10.0,1
2022-04-12,59.99,29.99,30.000000000000004,100.03334444814939,67,74,5.0,56.30780821917808,10.0,1
2022-04-13,59.99,29.99,30.000000000000004,100.03334444814939,68,75,5.0,56.307808219178085,10.0,1
2022-04-14,59.99,29.99,30.000000000000004,100.03334444814939,69,76,5.0,56.307808219178085,10.0,1
2022-04-15,59.99,29.99,30.000000000000004,100.03334444814939,70,77,5.0,56.30780821917808,10.0,1
2022-04-16,59.99,29.99,30.000000000000004,100.03334444814939,71,78,5.0,56.307808219178085,10.0,1
2022-04-17,59.99,29.99,30.000000000000004,100.03334444814939,72,79,5.0,56.30780821917808,10.0,1
2022-04-18,59.99,29.99,30.000000000000004,100.03334444814939,73,80,5.0,56.307808219178085,10.0,1
2022-04-19,59.99,29.99,30.000000000000004,100.03334444814939,74,81,5.0,56.30780821917808,10.0,1
2022-04-20,59.99,29.99,30.000000000000004,100.03334444814939,75,82,5.0,56.307808219178085,10.0,1
2022-04-21,59.99,29.99,30.000000000000004,100.03334444814939,76,83,5.0,56.307808219178085,10.0,1
2022-04-22,59.99,29.99,30.000000000000004,100.03334444814939,77,84,5.0,56.30780821917808,10.0,1
2022-04-23,59.99,29.99,30.000000000000004,100.03334444814939,78,85,5.0,56.307808219178085,10.0,1
2022-04-24,59.99,29.99,30.000000000000004,100.03334444814939,79,86,5.0,56.30780821917808,10.0,1
2022-04-25,59.99,29.99,30.000000000000004,100.03334444814939,80,87,5.0,56.307808219178085,10.0,1
2022-04-26,29.99,29.99,0.0,0.0,0,0,5.0,56.30780821917808,10.0,0
2022-04-27,29.99,29.99,0.0,0.0,1,1,6.0,56.22561643835617,11.0,0
2022-04-28,29.99,29.99,0.0,0.0,2,2,6.0,56.14342465753424,11.0,0
2022-04-29,29.99,29.99,0.0,0.0,3,3,6.0,56.06123287671233,11.0,0
2022-04-30,29.99,29.99,0.0,0.0,4,4,6.0,55.979041095890416,11.0,0
2022-05-01,29.99,29.99,0.0,0.0,5,5,6.0,55.896849315068486,11.0,0
2022-05-02,29.99,29.99,0.0,0.0,6,6,6.0,55.81465753424658,11.0,0
2022-05-03,29.99,29.99,0.0,0.0,7,7,6.0,55.732465753424655,11.0,0
2022-05-04,29.99,29.99,0.0,0.0,8,8,6.0,55.65027397260275,11.0,0
2022-05-05,29.99,29.99,0.0,0.0,9,9,6.0,55.56808219178082,11.0,0
2022-05-06,29.99,29.99,0.0,0.0,10,10,6.0,55.48589041095891,11.0,0
2022-05-07,29.99,29.99,0.0,0.0,11,11,6.0,55.40369863013698,11.0,0
2022-05-08,29.99,29.99,0.0,0.0,12,12,6.0,55.321506849315064,11.0,0
2022-05-09,29.99,29.99,0.0,0.0,13,13,6.0,55.239315068493156,11.0,0
2022-05-10,59.99,29.99,30.000000000000004,100.03334444814939,0,14,6.0,55.157123287671226,11.0,0
2022-05-11,59.99,29.99,30.000000000000004,100.03334444814939,1,15,6.0,55.15712328767124,12.0,0
2022-05-12,59.99,29.99,30.000000000000004,100.03334444814939,2,16,6.0,55.157123287671226,12.0,0
2022-05-13,59.99,29.99,30.000000000000004,100.03334444814939,3,17,6.0,55.15712328767124,12.0,0
2022-05-14,59.99,29.99,30.000000000000004,100.03334444814939,4,18,6.0,55.157123287671226,12.0,0
2022-05-15,59.99,29.99,30.000000000000004,100.03334444814939,5,19,6.0,55.15712328767124,12.0,0
2022-05-16,59.99,29.99,30.000000000000004,100.03334444814939,6,20,6.0,55.15712328767124,12.0,0
2022-05-17,59.99,29.99,30.000000000000004,100.03334444814939,7,21,6.0,55.157123287671226,12.0,0
2022-05-18,59.99,29.99,30.000000000000004,100.03334444814939,8,22,6.0,55.15712328767124,12.0,0
2022-05-19,59.99,29.99,30.000000000000004,100.03334444814939,9,23,6.0,55.157123287671226,12.0,0
2022-05-20,59.99,29.99,30.000000000000004,100.03334444814939,10,24,6.0,55.15712328767124,12.0,0
2022-05-21,59.99,29.99,30.000000000000004,100.03334444814939,11,25,6.0,55.157123287671226,12.0,0
2022-05-22,59.99,29.99,30.000000000000004,100.03334444814939,12,26,6.0,55.15712328767124,12.0,0
2022-05-23,59.99,29.99,30.000000000000004,100.03334444814939,13,27,6.0,55.157123287671226,12.0,0
2022-05-24,59.99,29.99,30.000000000000004,100.03334444814939,14,28,6.0,55.15712328767124,12.0,0
2022-05-25,59.99,29.99,30.000000000000004,100.03334444814939,15,29,6.0,55.15712328767124,12.0,1
2022-05-26,59.99,29.99,30.000000000000004,100.03334444814939,16,30,6.0,55.157123287671226,12.0,1
2022-05-27,59.99,29.99,30.000000000000004,100.03334444814939,17,31,6.0,55.15712328767124,12.0,1
2022-05-28,59.99,29.99,30.000000000000004,100.03334444814939,18,32,6.0,55.157123287671226,12.0,1
2022-05-29,59.99,29.99,30.000000000000004,100.03334444814939,19,33,6.0,55.15712328767124,12.0,1
2022-05-30,59.99,29.99,30.000000000000004,100.03334444814939,20,34,6.0,55.157123287671226,12.0,1
2022-05-31,59.99,29.99,30.000000000000004,100.03334444814939,21,35,6.0,55.15712328767124,12.0,1
2022-06-01,59.99,29.99,30.000000000000004,100.03334444814939,22,36,6.0,55.15712328767124,12.0,1
2022-06-02,59.99,29.99,30.000000000000004,100.03334444814939,23,37,6.0,55.157123287671226,12.0,1
2022-06-03,59.99,29.99,30.000000000000004,100.03334444814939,24,38,6.0,55.15712328767124,12.0,1
2022-06-04,59.99,29.99,30.000000000000004,100.03334444814939,25,39,6.0,55.157123287671226,12.0,1
2022-06-05,59.99,29.99,30.000000000000004,100.03334444814939,26,40,6.0,55.15712328767124,12.0,1
2022-06-06,59.99,29.99,30.000000000000004,100.03334444814939,27,41,6.0,55.157123287671226,12.0,1
2022-06-07,59.99,29.99,30.000000000000004,100.03334444814939,28,42,6.0,55.15712328767124,12.0,1
2022-06-08,59.99,29.99,30.000000000000004,100.03334444814939,29,43,6.0,55.157123287671226,12.0,1
2022-06-09,59.99,29.99,30.000000000000004,100.03334444814939,30,44,6.0,55.15712328767124,12.0,1
2022-06-10,59.99,29.99,30.000000000000004,100.03334444814939,31,45,6.0,55.15712328767124,12.0,1
2022-06-11,59.99,29.99,30.000000000000004,100.03334444814939,32,46,6.0,55.157123287671226,12.0,1
2022-06-12,59.99,29.99,30.000000000000004,100.03334444814939,33,47,6.0,55.15712328767124,12.0,1
2022-06-13,59.99,29.99,30.000000000000004,100.03334444814939,34,48,6.0,55.157123287671226,12.0,1
2022-06-14,59.99,29.99,30.000000000000004,100.03334444814939,35,49,6.0,55.15712328767124,12.0,1
2022-06-15,59.99,29.99,30.000000000000004,100.03334444814939,36,50,6.0,55.157123287671226,12.0,1
2022-06-16,59.99,29.99,30.000000000000004,100.03334444814939,37,51,6.0,55.15712328767124,12.0,1
2022-06-17,59.99,29.99,30.000000000000004,100.03334444814939,38,52,6.0,55.157123287671226,12.0,1
2022-06-18,59.99,29.99,30.000000000000004,100.03334444814939,39,53,6.0,55.15712328767124,12.0,1
2022-06-19,59.99,29.99,30.000000000000004,100.03334444814939,40,54,6.0,55.15712328767124,12.0,1
2022-06-20,59.99,29.99,30.000000000000004,100.03334444814939,41,55,6.0,55.157123287671226,12.0,1
2022-06-21,59.99,29.99,30.000000000000004,100.03334444814939,42,56,6.0,55.15712328767124,12.0,1
2022-06-22,59.99,29.99,30.000000000000004,100.03334444814939,43,57,6.0,55.157123287671226,12.0,1
2022-06-23,59.99,29.99,30.000000000000004,100.03334444814939,44,58,6.0,55.15712328767124,12.0,1
2022-06-24,29.99,29.99,0.0,0.0,0,0,6.0,55.157123287671226,12.0,0
2022-06-25,29.99,29.99,0.0,0.0,1,1,7.0,55.074931506849325,13.0,0
2022-06-26,29.99,29.99,0.0,0.0,2,2,6.0,55.074931506849325,12.0,0
2022-06-27,29.99,29.99,0.0,0.0,3,3,6.0,55.07493150684931,12.0,0
2022-06-28,29.99,29.99,0.0,0.0,4,4,6.0,55.074931506849325,12.0,0
2022-06-29,29.99,29.99,0.0,0.0,5,5,6.0,55.07493150684931,12.0,0
2022-06-30,29.99,29.99,0.0,0.0,6,6,6.0,55.074931506849325,12.0,0
2022-07-01,29.99,29.99,0.0,0.0,7,7,6.0,55.07493150684931,12.0,0
2022-07-02,29.99,29.99,0.0,0.0,8,8,6.0,55.074931506849325,12.0,0
2022-07-03,29.99,29.99,0.0,0.0,9,9,6.0,55.07493150684931,12.0,0
2022-07-04,29.99,29.99,0.0,0.0,10,10,6.0,55.074931506849325,12.0,0
2022-07-05,29.99,29.99,0.0,0.0,11,11,6.0,55.074931506849325,12.0,0
2022-07-06,29.99,29.99,0.0,0.0,12,12,6.0,55.07493150684931,12.0,0
2022-07-07,29.99,29.99,0.0,0.0,13,13,6.0,55.074931506849325,12.0,0
2022-07-08,59.99,29.99,30.000000000000004,100.03334444814939,0,14,6.0,55.07493150684931,12.0,0
2022-07-09,59.99,29.99,30.000000000000004,100.03334444814939,1,15,6.0,55.15712328767124,13.0,0
2022-07-10,59.99,29.99,30.000000000000004,100.03334444814939,2,16,6.0,55.157123287671226,12.0,0
2022-07-11,59.99,29.99,30.000000000000004,100.03334444814939,3,17,6.0,55.15712328767124,12.0,0
2022-07-12,59.99,29.99,30.000000000000004,100.03334444814939,4,18,6.0,55.157123287671226,12.0,0
2022-07-13,59.99,29.99,30.000000000000004,100.03334444814939,5,19,6.0,55.15712328767124,12.0,0
2022-07-14,59.99,29.99,30.000000000000004,100.03334444814939,6,20,6.0,55.15712328767124,12.0,0
2022-07-15,59.99,29.99,30.000000000000004,100.03334444814939,7,21,6.0,55.157123287671226,12.0,0
2022-07-16,59.99,29.99,30.000000000000004,100.03334444814939,8,22,6.0,55.15712328767124,12.0,0
2022-07-17,59.99,29.99,30.000000000000004,100.03334444814939,9,23,6.0,55.157123287671226,12.0,0
2022-07-18,59.99,29.99,30.000000000000004,100.03334444814939,10,24,6.0,55.15712328767124,12.0,0
2022-07-19,59.99,29.99,30.000000000000004,100.03334444814939,11,25,6.0,55.157123287671226,12.0,0
2022-07-20,59.99,29.99,30.000000000000004,100.03334444814939,12,26,6.0,55.15712328767124,12.0,0
2022-07-21,59.99,29.99,30.000000000000004,100.03334444814939,13,27,6.0,55.15712328767124,12.0,0
2022-07-22,59.99,29.99,30.000000000000004,100.03334444814939,14,28,6.0,55.157123287671226,12.0,0
2022-07-23,59.99,29.99,30.000000000000004,100.03334444814939,15,29,6.0,55.15712328767124,12.0,0
2022-07-24,59.99,29.99,30.000000000000004,100.03334444814939,16,30,6.0,55.157123287671226,12.0,0
2022-07-25,59.99,29.99,30.000000000000004,100.03334444814939,17,31,6.0,55.15712328767124,12.0,0
2022-07-26,59.99,29.99,30.000000000000004,100.03334444814939,18,32,6.0,55.157123287671226,12.0,0
2022-07-27,59.99,29.99,30.000000000000004,100.03334444814939,19,33,6.0,55.15712328767124,12.0,1
2022-07-28,59.99,29.99,30.000000000000004,100.03334444814939,20,34,6.0,55.157123287671226,12.0,1
2022-07-29,59.99,29.99,30.000000000000004,100.03334444814939,21,35,6.0,55.15712328767124,12.0,1
2022-07-30,59.99,29.99,30.000000000000004,100.03334444814939,22,36,6.0,55.15712328767124,12.0,1
2022-07-31,59.99,29.99,30.000000000000004,100.03334444814939,23,37,6.0,55.157123287671226,12.0,1
2022-08-01,59.99,29.99,30.000000000000004,100.03334444814939,24,38,6.0,55.15712328767124,12.0,1
2022-08-02,59.99,29.99,30.000000000000004,100.03334444814939,25,39,6.0,55.157123287671226,12.0,1
2022-08-03,59.99,29.99,30.000000000000004,100.03334444814939,26,40,6.0,55.15712328767124,12.0,1
2022-08-04,59.99,29.99,30.000000000000004,100.03334444814939,27,41,6.0,55.157123287671226,12.0,1
2022-08-05,59.99,29.99,30.000000000000004,100.03334444814939,28,42,6.0,55.15712328767124,12.0,1
2022-08-06,59.99,29.99,30.000000000000004,100.03334444814939,29,43,6.0,55.157123287671226,12.0,1
2022-08-07,59.99,29.99,30.000000000000004,100.03334444814939,30,44,6.0,55.15712328767124,12.0,1
2022-08-08,59.99,29.99,30.000000000000004,100.03334444814939,31,45,6.0,55.15712328767124,12.0,1
2022-08-09,59.99,29.99,30.000000000000004,100.03334444814939,32,46,6.0,55.157123287671226,12.0,1
2022-08-10,59.99,29.99,30.000000000000004,100.03334444814939,33,47,6.0,55.15712328767124,12.0,1
2022-08-11,59.99,29.99,30.000000000000004,100.03334444814939,34,48,6.0,55.157123287671226,12.0,1
2022-08-12,59.99,29.99,30.000000000000004,100.03334444814939,35,49,6.0,55.15712328767124,12.0,1
2022-08-13,59.99,29.99,30.000000000000004,100.03334444814939,36,50,6.0,55.157123287671226,12.0,1
2022-08-14,59.99,29.99,30.000000000000004,100.03334444814939,37,51,6.0,55.15712328767124,12.0,1
2022-08-15,59.99,29.99,30.000000000000004,100.03334444814939,38,52,6.0,55.15712328767124,12.0,1
2022-08-16,59.99,29.99,30.000000000000004,100.03334444814939,39,53,6.0,55.157123287671226,12.0,1
2022-08-17,59.99,29.99,30.000000000000004,100.03334444814939,40,54,6.0,55.15712328767124,12.0,1
2022-08-18,59.99,29.99,30.000000000000004,100.03334444814939,41,55,6.0,55.157123287671226,12.0,1
2022-08-19,59.99,29.99,30.000000000000004,100.03334444814939,42,56,6.0,55.15712328767124,12.0,1
2022-08-20,59.99,29.99,30.000000000000004,100.03334444814939,43,57,6.0,55.157123287671226,12.0,1
2022-08-21,59.99,29.99,30.000000000000004,100.03334444814939,44,58,5.0,55.214657534246584,11.0,1
2022-08-22,59.99,29.99,30.000000000000004,100.03334444814939,45,59,5.0,55.27219178082191,11.0,1
2022-08-23,59.99,29.99,30.000000000000004,100.03334444814939,46,60,5.0,55.329726027397264,11.0,1
2022-08-24,59.99,29.99,30.000000000000004,100.03334444814939,47,61,5.0,55.38726027397261,11.0,1
2022-08-25,59.99,29.99,30.000000000000004,100.03334444814939,48,62,5.0,55.444794520547944,11.0,1
2022-08-26,29.99,29.99,0.0,0.0,0,0,5.0,55.502328767123295,11.0,0
2022-08-27,29.99,29.99,0.0,0.0,1,1,6.0,55.47767123287671,12.0,0
2022-08-28,29.99,29.99,0.0,0.0,2,2,6.0,55.3954794520548,11.0,0
2022-08-29,29.99,29.99,0.0,0.0,3,3,6.0,55.31328767123287,11.0,0
2022-08-30,29.99,29.99,0.0,0.0,4,4,6.0,55.23109589041096,11.0,0
2022-08-31,29.99,29.99,0.0,0.0,5,5,6.0,55.14890410958904,11.0,0
2022-09-01,29.99,29.99,0.0,0.0,6,6,6.0,55.06671232876712,11.0,0
2022-09-02,29.99,29.99,0.0,0.0,7,7,6.0,54.98452054794521,11.0,0
2022-09-03,29.99,29.99,0.0,0.0,8,8,6.0,54.90232876712329,11.0,0
2022-09-04,29.99,29.99,0.0,0.0,9,9,6.0,54.82013698630138,11.0,0
2022-09-05,29.99,29.99,0.0,0.0,10,10,6.0,54.73794520547945,11.0,0
2022-09-06,59.99,29.99,30.000000000000004,100.03334444814939,0,11,6.0,54.65575342465754,11.0,0
2022-09-07,59.99,29.99,30.000000000000004,100.03334444814939,1,12,6.0,54.65575342465753,12.0,0
2022-09-08,59.99,29.99,30.000000000000004,100.03334444814939,2,13,6.0,54.65575342465754,12.0,0
2022-09-09,59.99,29.99,30.000000000000004,100.03334444814939,3,14,6.0,54.65575342465754,12.0,0
2022-09-10,59.99,29.99,30.000000000000004,100.03334444814939,4,15,6.0,54.65575342465753,12.0,0
2022-09-11,59.99,29.99,30.000000000000004,100.03334444814939,5,16,6.0,54.65575342465754,12.0,0
2022-09-12,59.99,29.99,30.000000000000004,100.03334444814939,6,17,6.0,54.65575342465753,12.0,0
2022-09-13,59.99,29.99,30.000000000000004,100.03334444814939,7,18,6.0,54.65575342465754,12.0,0
2022-09-14,59.99,29.99,30.000000000000004,100.03334444814939,8,19,6.0,54.65575342465753,12.0,0
2022-09-15,59.99,29.99,30.000000000000004,100.03334444814939,9,20,6.0,54.65575342465754,12.0,0
2022-09-16,59.99,29.99,30.000000000000004,100.03334444814939,10,21,6.0,54.65575342465753,12.0,0
2022-09-17,59.99,29.99,30.000000000000004,100.03334444814939,11,22,6.0,54.65575342465754,12.0,0
2022-09-18,59.99,29.99,30.000000000000004,100.03334444814939,12,23,6.0,54.65575342465754,12.0,0
2022-09-19,59.99,29.99,30.000000000000004,100.03334444814939,13,24,6.0,54.65575342465753,12.0,0
2022-09-20,59.99,29.99,30.000000000000004,100.03334444814939,14,25,6.0,54.65575342465754,12.0,0
2022-09-21,59.99,29.99,30.000000000000004,100.03334444814939,15,26,6.0,54.65575342465753,12.0,0
2022-09-22,59.99,29.99,30.000000000000004,100.03334444814939,16,27,6.0,54.65575342465754,12.0,0
2022-09-23,59.99,29.99,30.000000000000004,100.03334444814939,17,28,6.0,54.65575342465753,12.0,0
2022-09-24,59.99,29.99,30.000000000000004,100.03334444814939,18,29,6.0,54.65575342465754,12.0,0
2022-09-25,59.99,29.99,30.000000000000004,100.03334444814939,19,30,6.0,54.65575342465754,12.0,0
2022-09-26,59.99,29.99,30.000000000000004,100.03334444814939,20,31,6.0,54.65575342465753,12.0,0
2022-09-27,59.99,29.99,30.000000000000004,100.03334444814939,21,32,6.0,54.65575342465754,12.0,0
2022-09-28,59.99,29.99,30.000000000000004,100.03334444814939,22,33,6.0,54.65575342465753,12.0,0
2022-09-29,59.99,29.99,30.000000000000004,100.03334444814939,23,34,6.0,54.65575342465754,12.0,0
2022-09-30,59.99,29.99,30.000000000000004,100.03334444814939,24,35,6.0,54.65575342465753,12.0,0
2022-10-01,59.99,29.99,30.000000000000004,100.03334444814939,25,36,6.0,54.65575342465754,12.0,0
2022-10-02,59.99,29.99,30.000000000000004,100.03334444814939,26,37,6.0,54.65575342465753,12.0,0
2022-10-03,59.99,29.99,30.000000000000004,100.03334444814939,27,38,6.0,54.65575342465754,12.0,0
2022-10-04,59.99,29.99,30.000000000000004,100.03334444814939,28,39,6.0,54.65575342465754,12.0,0
2022-10-05,59.99,29.99,30.000000000000004,100.03334444814939,29,40,6.0,54.65575342465753,12.0,0
2022-10-06,59.99,29.99,30.000000000000004,100.03334444814939,30,41,6.0,54.65575342465754,12.0,0
2022-10-07,59.99,29.99,30.000000000000004,100.03334444814939,31,42,6.0,54.65575342465753,12.0,0
2022-10-08,59.99,29.99,30.000000000000004,100.03334444814939,32,43,6.0,54.65575342465754,12.0,0
2022-10-09,59.99,29.99,30.000000000000004,100.03334444814939,33,44,6.0,54.65575342465753,12.0,0
2022-10-10,59.99,29.99,30.000000000000004,100.03334444814939,34,45,6.0,54.65575342465754,12.0,0
2022-10-11,59.99,29.99,30.000000000000004,100.03334444814939,35,46,6.0,54.65575342465753,12.0,0
2022-10-12,59.99,29.99,30.000000000000004,100.03334444814939,36,47,6.0,54.65575342465754,12.0,0
2022-10-13,59.99,29.99,30.000000000000004,100.03334444814939,37,48,6.0,54.65575342465754,12.0,0
2022-10-14,59.99,29.99,30.000000000000004,100.03334444814939,38,49,6.0,54.65575342465753,12.0,0
2022-10-15,59.99,29.99,30.000000000000004,100.03334444814939,39,50,6.0,54.65575342465754,12.0,0
2022-10-16,59.99,29.99,30.000000000000004,100.03334444814939,40,51,6.0,54.65575342465753,12.0,0
2022-10-17,59.99,29.99,30.000000000000004,100.03334444814939,41,52,6.0,54.65575342465754,12.0,0
2022-10-18,59.99,29.99,30.000000000000004,100.03334444814939,42,53,6.0,54.65575342465753,12.0,1
2022-10-19,59.99,29.99,30.000000000000004,100.03334444814939,43,54,6.0,54.65575342465754,12.0,1
2022-10-20,59.99,29.99,30.000000000000004,100.03334444814939,44,55,6.0,54.65575342465754,12.0,1
2022-10-21,59.99,29.99,30.000000000000004,100.03334444814939,45,56,6.0,54.65575342465753,12.0,1
2022-10-22,59.99,29.99,30.000000000000004,100.03334444814939,46,57,6.0,54.65575342465754,12.0,1
2022-10-23,59.99,29.99,30.000000000000004,100.03334444814939,47,58,6.0,54.65575342465753,12.0,1
2022-10-24,59.99,29.99,30.000000000000004,100.03334444814939,48,59,6.0,54.65575342465754,12.0,1
2022-10-25,59.99,29.99,30.000000000000004,100.03334444814939,49,60,6.0,54.65575342465753,12.0,1
2022-10-26,59.99,29.99,30.000000000000004,100.03334444814939,50,61,6.0,54.65575342465754,12.0,1
2022-10-27,59.99,29.99,30.000000000000004,100.03334444814939,51,62,6.0,54.65575342465753,12.0,1
2022-10-28,59.99,29.99,30.000000000000004,100.03334444814939,52,63,6.0,54.65575342465754,12.0,1
2022-10-29,59.99,29.99,30.000000000000004,100.03334444814939,53,64,6.0,54.65575342465754,12.0,1
2022-10-30,59.99,29.99,30.000000000000004,100.03334444814939,54,65,6.0,54.65575342465753,12.0,1
2022-10-31,59.99,29.99,30.000000000000004,100.03334444814939,55,66,6.0,54.65575342465754,12.0,1
2022-11-01,59.99,29.99,30.000000000000004,100.03334444814939,56,67,6.0,54.65575342465753,12.0,1
2022-11-02,59.99,29.99,30.000000000000004,100.03334444814939,57,68,6.0,54.65575342465754,12.0,1
2022-11-03,59.99,29.99,30.000000000000004,100.03334444814939,58,69,6.0,54.65575342465753,12.0,1
2022-11-04,59.99,29.99,30.000000000000004,100.03334444814939,59,70,6.0,54.65575342465754,12.0,1
2022-11-05,59.99,29.99,30.000000000000004,100.03334444814939,60,71,6.0,54.65575342465753,12.0,1
2022-11-06,59.99,29.99,30.000000000000004,100.03334444814939,61,72,6.0,54.65575342465753,12.0,1
2022-11-07,59.99,29.99,30.000000000000004,100.03334444814939,62,73,6.0,54.65575342465754,12.0,1
2022-11-08,59.99,29.99,30.000000000000004,100.03334444814939,63,74,6.0,54.65575342465753,12.0,1
2022-11-09,59.99,29.99,30.000000000000004,100.03334444814939,64,75,6.0,54.65575342465754,12.0,1
2022-11-10,59.99,29.99,30.000000000000004,100.03334444814939,65,76,6.0,54.65575342465753,12.0,1
2022-11-11,59.99,29.99,30.000000000000004,100.03334444814939,66,77,6.0,54.65575342465754,12.0,1
2022-11-12,59.99,29.99,30.000000000000004,100.03334444814939,67,78,6.0,54.65575342465753,12.0,1
2022-11-13,59.99,29.99,30.000000000000004,100.03334444814939,68,79,6.0,54.65575342465754,12.0,1
2022-11-14,59.99,29.99,30.000000000000004,100.03334444814939,69,80,6.0,54.65575342465754,12.0,1
2022-11-15,59.99,29.99,30.000000000000004,100.03334444814939,70,81,6.0,54.65575342465753,12.0,1
2022-11-16,59.99,29.99,30.000000000000004,100.03334444814939,71,82,6.0,54.65575342465754,12.0,1
2022-11-17,29.99,29.99,0.0,0.0,0,0,6.0,54.65575342465753,12.0,0
2022-11-18,29.99,29.99,0.0,0.0,1,1,7.0,54.573561643835625,13.0,0
2022-11-19,29.99,29.99,0.0,0.0,2,2,7.0,54.491369863013695,13.0,0
2022-11-20,29.99,29.99,0.0,0.0,3,3,7.0,54.40917808219179,13.0,0
2022-11-21,29.99,29.99,0.0,0.0,4,4,7.0,54.32698630136986,13.0,0
2022-11-22,29.99,29.99,0.0,0.0,5,5,7.0,54.24479452054795,13.0,0
2022-11-23,29.99,29.99,0.0,0.0,6,6,7.0,54.16260273972603,13.0,0
2022-11-24,29.99,29.99,0.0,0.0,7,7,7.0,54.0804109589041,13.0,0
2022-11-25,29.99,29.99,0.0,0.0,8,8,7.0,53.998219178082195,13.0,0
2022-11-26,29.99,29.99,0.0,0.0,9,9,6.0,53.97356164383561,12.0,0
2022-11-27,29.99,29.99,0.0,0.0,10,10,6.0,53.948904109589044,12.0,0
2022-11-28,29.99,29.99,0.0,0.0,11,11,6.0,53.92424657534246,12.0,0
2022-11-29,29.99,29.99,0.0,0.0,12,12,6.0,53.89958904109589,12.0,0
2022-11-30,59.99,29.99,30.000000000000004,100.03334444814939,0,13,6.0,53.87493150684931,12.0,1
2022-12-01,59.99,29.99,30.000000000000004,100.03334444814939,1,14,6.0,53.93246575342465,13.0,1
2022-12-02,59.99,29.99,30.000000000000004,100.03334444814939,2,15,6.0,53.99000000000001,13.0,1
2022-12-03,59.99,29.99,30.000000000000004,100.03334444814939,3,16,6.0,53.989999999999995,12.0,1
2022-12-04,59.99,29.99,30.000000000000004,100.03334444814939,4,17,6.0,53.99000000000001,12.0,1
2022-12-05,59.99,29.99,30.000000000000004,100.03334444814939,5,18,6.0,53.989999999999995,12.0,1
2022-12-06,59.99,29.99,30.000000000000004,100.03334444814939,6,19,6.0,53.99000000000001,12.0,1
2022-12-07,59.99,29.99,30.000000000000004,100.03334444814939,7,20,6.0,53.989999999999995,12.0,1
2022-12-08,59.99,29.99,30.000000000000004,100.03334444814939,8,21,6.0,53.99000000000001,12.0,1
2022-12-09,59.99,29.99,30.000000000000004,100.03334444814939,9,22,6.0,53.99000000000001,12.0,1
2022-12-10,59.99,29.99,30.000000000000004,100.03334444814939,10,23,6.0,53.989999999999995,12.0,1
2022-12-11,59.99,29.99,30.000000000000004,100.03334444814939,11,24,6.0,53.99000000000001,12.0,1
2022-12-12,59.99,29.99,30.000000000000004,100.03334444814939,12,25,6.0,53.989999999999995,12.0,1
2022-12-13,59.99,29.99,30.000000000000004,100.03334444814939,13,26,6.0,53.99000000000001,12.0,1
2022-12-14,59.99,29.99,30.000000000000004,100.03334444814939,14,27,6.0,53.989999999999995,12.0,1
2022-12-15,59.99,29.99,30.000000000000004,100.03334444814939,15,28,6.0,53.99000000000001,12.0,1
2022-12-16,59.99,29.99,30.000000000000004,100.03334444814939,16,29,6.0,53.989999999999995,12.0,1
2022-12-17,59.99,29.99,30.000000000000004,100.03334444814939,17,30,6.0,53.99000000000001,12.0,1
2022-12-18,59.99,29.99,30.000000000000004,100.03334444814939,18,31,6.0,53.99000000000001,12.0,1
2022-12-19,59.99,29.99,30.000000000000004,100.03334444814939,19,32,6.0,53.989999999999995,12.0,1
2022-12-20,59.99,29.99,30.000000000000004,100.03334444814939,20,33,6.0,53.99000000000001,12.0,1
2022-12-21,59.99,29.99,30.000000000000004,100.03334444814939,21,34,6.0,53.989999999999995,12.0,1
2022-12-22,59.99,29.99,30.000000000000004,100.03334444814939,22,35,6.0,53.99000000000001,12.0,1
2022-12-23,29.99,29.99,0.0,0.0,0,0,6.0,53.989999999999995,12.0,0
2022-12-24,29.99,29.99,0.0,0.0,1,1,6.0,53.99000000000001,12.0,0
2022-12-25,29.99,29.99,0.0,0.0,2,2,6.0,53.989999999999995,12.0,0
2022-12-26,29.99,29.99,0.0,0.0,3,3,6.0,53.989999999999995,12.0,0
2022-12-27,29.99,29.99,0.0,0.0,4,4,6.0,53.99000000000001,12.0,0
2022-12-28,29.99,29.99,0.0,0.0,5,5,6.0,53.989999999999995,12.0,0
2022-12-29,29.99,29.99,0.0,0.0,6,6,6.0,53.99000000000001,12.0,0
2022-12-30,29.99,29.99,0.0,0.0,7,7,6.0,53.989999999999995,12.0,0
2022-12-31,29.99,29.99,0.0,0.0,8,8,6.0,53.99000000000001,12.0,0
2023-01-01,29.99,29.99,0.0,0.0,9,9,6.0,53.989999999999995,12.0,0
2023-01-02,29.99,29.99,0.0,0.0,10,10,6.0,53.99000000000001,12.0,0
2023-01-03,29.99,29.99,0.0,0.0,11,11,6.0,53.99000000000001,12.0,0
2023-01-04,29.99,29.99,0.0,0.0,12,12,6.0,53.989999999999995,12.0,0
2023-01-05,29.99,29.99,0.0,0.0,13,13,6.0,53.99000000000001,12.0,0
2023-01-06,59.99,29.99,30.000000000000004,100.03334444814939,0,14,6.0,53.989999999999995,12.0,0
2023-01-07,59.99,29.99,30.000000000000004,100.03334444814939,1,15,6.0,53.99000000000001,12.0,0
2023-01-08,59.99,29.99,30.000000000000004,100.03334444814939,2,16,6.0,53.989999999999995,12.0,0
2023-01-09,59.99,29.99,30.000000000000004,100.03334444814939,3,17,6.0,53.99000000000001,12.0,0
2023-01-10,59.99,29.99,30.000000000000004,100.03334444814939,4,18,6.0,53.989999999999995,12.0,0
2023-01-11,59.99,29.99,30.000000000000004,100.03334444814939,5,19,6.0,53.99000000000001,12.0,0
2023-01-12,59.99,29.99,30.000000000000004,100.03334444814939,6,20,6.0,53.99000000000001,12.0,0
2023-01-13,59.99,29.99,30.000000000000004,100.03334444814939,7,21,6.0,53.989999999999995,12.0,0
2023-01-14,59.99,29.99,30.000000000000004,100.03334444814939,8,22,6.0,53.99000000000001,12.0,0
2023-01-15,59.99,29.99,30.000000000000004,100.03334444814939,9,23,6.0,53.989999999999995,12.0,0
2023-01-16,59.99,29.99,30.000000000000004,100.03334444814939,10,24,6.0,53.99000000000001,12.0,0
2023-01-17,59.99,29.99,30.000000000000004,100.03334444814939,11,25,6.0,53.989999999999995,12.0,0
2023-01-18,59.99,29.99,30.000000000000004,100.03334444814939,12,26,6.0,53.99000000000001,12.0,0
2023-01-19,59.99,29.99,30.000000000000004,100.03334444814939,13,27,6.0,53.989999999999995,12.0,0
2023-01-20,59.99,29.99,30.000000000000004,100.03334444814939,14,28,6.0,53.989999999999995,12.0,0
2023-01-21,59.99,29.99,30.000000000000004,100.03334444814939,15,29,6.0,53.99000000000001,12.0,0
2023-01-22,59.99,29.99,30.000000000000004,100.03334444814939,16,30,6.0,53.989999999999995,12.0,0
2023-01-23,59.99,29.99,30.000000000000004,100.03334444814939,17,31,6.0,53.99000000000001,12.0,0
2023-01-24,59.99,29.99,30.000000000000004,100.03334444814939,18,32,6.0,53.989999999999995,12.0,0
2023-01-25,59.99,29.99,30.000000000000004,100.03334444814939,19,33,6.0,53.99000000000001,12.0,0
2023-01-26,59.99,29.99,30.000000000000004,100.03334444814939,20,34,6.0,53.989999999999995,12.0,0
2023-01-27,59.99,29.99,30.000000000000004,100.03334444814939,21,35,6.0,53.99000000000001,12.0,0
2023-01-28,59.99,29.99,30.000000000000004,100.03334444814939,22,36,6.0,53.99000000000001,12.0,0
2023-01-29,59.99,29.99,30.000000000000004,100.03334444814939,23,37,5.0,54.07219178082191,11.0,0
2023-01-30,59.99,29.99,30.000000000000004,100.03334444814939,24,38,5.0,54.15438356164384,11.0,0
2023-01-31,59.99,29.99,30.000000000000004,100.03334444814939,25,39,5.0,54.23657534246575,11.0,0
2023-02-01,59.99,29.99,30.000000000000004,100.03334444814939,26,40,5.0,54.31876712328768,11.0,0
2023-02-02,59.99,29.99,30.000000000000004,100.03334444814939,27,41,5.0,54.40095890410959,11.0,0
2023-02-03,59.99,29.99,30.000000000000004,100.03334444814939,28,42,5.0,54.483150684931516,11.0,0
2023-02-04,59.99,29.99,30.000000000000004,100.03334444814939,29,43,5.0,54.56534246575342,11.0,0
2023-02-05,59.99,29.99,30.000000000000004,100.03334444814939,30,44,5.0,54.56534246575343,10.0,0
2023-02-06,59.99,29.99,30.000000000000004,100.03334444814939,31,45,5.0,54.56534246575343,10.0,0
2023-02-07,59.99,29.99,30.000000000000004,100.03334444814939,32,46,5.0,54.56534246575342,10.0,0
2023-02-08,59.99,29.99,30.000000000000004,100.03334444814939,33,47,5.0,54.56534246575343,10.0,0
2023-02-09,59.99,29.99,30.000000000000004,100.03334444814939,34,48,5.0,54.56534246575342,10.0,0
2023-02-10,59.99,29.99,30.000000000000004,100.03334444814939,35,49,5.0,54.56534246575343,10.0,0
2023-02-11,59.99,29.99,30.000000000000004,100.03334444814939,36,50,5.0,54.56534246575342,10.0,0
2023-02-12,59.99,29.99,30.000000000000004,100.03334444814939,37,51,5.0,54.56534246575343,10.0,0
2023-02-13,59.99,29.99,30.000000000000004,100.03334444814939,38,52,5.0,54.56534246575343,10.0,0
2023-02-14,59.99,29.99,30.000000000000004,100.03334444814939,39,53,5.0,54.56534246575342,10.0,0
2023-02-15,59.99,29.99,30.000000000000004,100.03334444814939,40,54,5.0,54.56534246575343,10.0,1
2023-02-16,59.99,29.99,30.000000000000004,100.03334444814939,41,55,5.0,54.56534246575342,10.0,1
2023-02-17,59.99,29.99,30.000000000000004,100.03334444814939,42,56,5.0,54.56534246575343,10.0,1
2023-02-18,59.99,29.99,30.000000000000004,100.03334444814939,43,57,5.0,54.56534246575342,10.0,1
2023-02-19,59.99,29.99,30.000000000000004,100.03334444814939,44,58,5.0,54.56534246575343,10.0,1
2023-02-20,59.99,29.99,30.000000000000004,100.03334444814939,45,59,5.0,54.56534246575342,10.0,1
2023-02-21,59.99,29.99,30.000000000000004,100.03334444814939,46,60,5.0,54.56534246575343,10.0,1
2023-02-22,59.99,29.99,30.000000000000004,100.03334444814939,47,61,5.0,54.56534246575343,10.0,1
2023-02-23,59.99,29.99,30.000000000000004,100.03334444814939,48,62,5.0,54.56534246575342,10.0,1
2023-02-24,59.99,29.99,30.000000000000004,100.03334444814939,49,63,5.0,54.56534246575343,10.0,1
2023-02-25,59.99,29.99,30.000000000000004,100.03334444814939,50,64,5.0,54.56534246575342,10.0,1
2023-02-26,59.99,29.99,30.000000000000004,100.03334444814939,51,65,5.0,54.56534246575343,10.0,1
2023-02-27,59.99,29.99,30.000000000000004,100.03334444814939,52,66,5.0,54.56534246575342,10.0,1
2023-02-28,59.99,29.99,30.000000000000004,100.03334444814939,53,67,5.0,54.56534246575343,10.0,1
2023-03-01,59.99,29.99,30.000000000000004,100.03334444814939,54,68,5.0,54.56534246575342,10.0,1
2023-03-02,59.99,29.99,30.000000000000004,100.03334444814939,55,69,5.0,54.56534246575342,10.0,1
2023-03-03,59.99,29.99,30.000000000000004,100.03334444814939,56,70,5.0,54.56534246575343,10.0,1
2023-03-04,59.99,29.99,30.000000000000004,100.03334444814939,57,71,5.0,54.56534246575342,10.0,1
2023-03-05,59.99,29.99,30.000000000000004,100.03334444814939,58,72,5.0,54.56534246575343,10.0,1
2023-03-06,59.99,29.99,30.000000000000004,100.03334444814939,59,73,5.0,54.56534246575342,10.0,1
2023-03-07,59.99,29.99,30.000000000000004,100.03334444814939,60,74,5.0,54.56534246575343,10.0,1
2023-03-08,59.99,29.99,30.000000000000004,100.03334444814939,61,75,5.0,54.56534246575342,10.0,1
2023-03-09,59.99,29.99,30.000000000000004,100.03334444814939,62,76,5.0,54.56534246575343,10.0,1
2023-03-10,59.99,29.99,30.000000000000004,100.03334444814939,63,77,5.0,54.56534246575343,10.0,1
2023-03-11,59.99,29.99,30.000000000000004,100.03334444814939,64,78,5.0,54.56534246575342,10.0,1
2023-03-12,59.99,29.99,30.000000000000004,100.03334444814939,65,79,5.0,54.56534246575343,10.0,1
2023-03-13,59.99,29.99,30.000000000000004,100.03334444814939,66,80,5.0,54.56534246575342,10.0,1
2023-03-14,59.99,29.99,30.000000000000004,100.03334444814939,67,81,5.0,54.56534246575343,10.0,1
2023-03-15,59.99,29.99,30.000000000000004,100.03334444814939,68,82,5.0,54.56534246575342,10.0,1
2023-03-16,59.99,29.99,30.000000000000004,100.03334444814939,69,83,5.0,54.56534246575343,10.0,1
2023-03-17,29.99,29.99,0.0,0.0,0,0,5.0,54.56534246575342,10.0,0
2023-03-18,29.99,29.99,0.0,0.0,1,1,6.0,54.483150684931516,11.0,0
2023-03-19,29.99,29.99,0.0,0.0,2,2,6.0,54.400958904109594,11.0,0
2023-03-20,29.99,29.99,0.0,0.0,3,3,6.0,54.318767123287664,11.0,0
2023-03-21,29.99,29.99,0.0,0.0,4,4,6.0,54.23657534246576,11.0,0
2023-03-22,29.99,29.99,0.0,0.0,5,5,6.0,54.15438356164383,11.0,0
2023-03-23,29.99,29.99,0.0,0.0,6,6,6.0,54.072191780821925,11.0,0
2023-03-24,29.99,29.99,0.0,0.0,7,7,6.0,53.989999999999995,11.0,0
2023-03-25,29.99,29.99,0.0,0.0,8,8,6.0,53.90780821917809,11.0,0
2023-03-26,29.99,29.99,0.0,0.0,9,9,6.0,53.825616438356164,11.0,0
2023-03-27,29.99,29.99,0.0,0.0,10,10,6.0,53.74342465753424,11.0,0
2023-03-28,29.99,29.99,0.0,0.0,11,11,6.0,53.66123287671233,11.0,0
2023-03-29,29.99,29.99,0.0,0.0,12,12,6.0,53.57904109589041,11.0,0
2023-03-30,29.99,29.99,0.0,0.0,13,13,6.0,53.4968493150685,11.0,0
2023-03-31,59.99,29.99,30.000000000000004,100.03334444814939,0,14,6.0,53.41465753424657,11.0,0
2023-04-01,59.99,29.99,30.000000000000004,100.03334444814939,1,15,6.0,53.41465753424658,12.0,0
2023-04-02,59.99,29.99,30.000000000000004,100.03334444814939,2,16,6.0,53.41465753424657,12.0,0
2023-04-03,59.99,29.99,30.000000000000004,100.03334444814939,3,17,6.0,53.41465753424658,12.0,0
2023-04-04,59.99,29.99,30.000000000000004,100.03334444814939,4,18,6.0,53.41465753424658,12.0,0
2023-04-05,59.99,29.99,30.000000000000004,100.03334444814939,5,19,6.0,53.41465753424657,12.0,0
2023-04-06,59.99,29.99,30.000000000000004,100.03334444814939,6,20,6.0,53.41465753424658,12.0,0
2023-04-07,59.99,29.99,30.000000000000004,100.03334444814939,7,21,6.0,53.41465753424657,12.0,0
2023-04-08,59.99,29.99,30.000000000000004,100.03334444814939,8,22,6.0,53.41465753424658,12.0,0
2023-04-09,59.99,29.99,30.000000000000004,100.03334444814939,9,23,6.0,53.41465753424657,12.0,0
2023-04-10,59.99,29.99,30.000000000000004,100.03334444814939,10,24,6.0,53.41465753424658,12.0,0
2023-04-11,59.99,29.99,30.000000000000004,100.03334444814939,11,25,6.0,53.41465753424657,12.0,0
2023-04-12,59.99,29.99,30.000000000000004,100.03334444814939,12,26,6.0,53.41465753424658,12.0,0
2023-04-13,59.99,29.99,30.000000000000004,100.03334444814939,13,27,6.0,53.41465753424658,12.0,0
2023-04-14,59.99,29.99,30.000000000000004,100.03334444814939,14,28,6.0,53.41465753424657,12.0,0
2023-04-15,59.99,29.99,30.000000000000004,100.03334444814939,15,29,6.0,53.41465753424658,12.0,0
2023-04-16,59.99,29.99,30.000000000000004,100.03334444814939,16,30,6.0,53.41465753424657,12.0,0
2023-04-17,59.99,29.99,30.000000000000004,100.03334444814939,17,31,6.0,53.41465753424658,12.0,0
2023-04-18,59.99,29.99,30.000000000000004,100.03334444814939,18,32,6.0,53.41465753424657,12.0,0
2023-04-19,59.99,29.99,30.000000000000004,100.03334444814939,19,33,6.0,53.41465753424658,12.0,0
2023-04-20,59.99,29.99,30.000000000000004,100.03334444814939,20,34,6.0,53.41465753424657,12.0,0
2023-04-21,59.99,29.99,30.000000000000004,100.03334444814939,21,35,6.0,53.41465753424657,12.0,0
2023-04-22,59.99,29.99,30.000000000000004,100.03334444814939,22,36,6.0,53.41465753424658,12.0,0
2023-04-23,59.99,29.99,30.000000000000004,100.03334444814939,23,37,6.0,53.41465753424657,12.0,0
2023-04-24,59.99,29.99,30.000000000000004,100.03334444814939,24,38,6.0,53.41465753424658,12.0,0
2023-04-25,59.99,29.99,30.000000000000004,100.03334444814939,25,39,6.0,53.41465753424657,12.0,0
2023-04-26,59.99,29.99,30.000000000000004,100.03334444814939,26,40,6.0,53.41465753424658,12.0,0
2023-04-27,59.99,29.99,30.000000000000004,100.03334444814939,27,41,5.0,53.49684931506849,11.0,0
2023-04-28,59.99,29.99,30.000000000000004,100.03334444814939,28,42,5.0,53.57904109589042,11.0,0
2023-04-29,59.99,29.99,30.000000000000004,100.03334444814939,29,43,5.0,53.66123287671233,11.0,0
2023-04-30,59.99,29.99,30.000000000000004,100.03334444814939,30,44,5.0,53.74342465753424,11.0,0
2023-05-01,59.99,29.99,30.000000000000004,100.03334444814939,31,45,5.0,53.82561643835617,11.0,0
2023-05-02,59.99,29.99,30.000000000000004,100.03334444814939,32,46,5.0,53.90780821917808,11.0,0
2023-05-03,59.99,29.99,30.000000000000004,100.03334444814939,33,47,5.0,53.99000000000001,11.0,0
2023-05-04,59.99,29.99,30.000000000000004,100.03334444814939,34,48,5.0,54.07219178082191,11.0,0
2023-05-05,59.99,29.99,30.000000000000004,100.03334444814939,35,49,5.0,54.15438356164384,11.0,0
2023-05-06,59.99,29.99,30.000000000000004,100.03334444814939,36,50,5.0,54.23657534246575,11.0,0
2023-05-07,59.99,29.99,30.000000000000004,100.03334444814939,37,51,5.0,54.31876712328768,11.0,0
2023-05-08,59.99,29.99,30.000000000000004,100.03334444814939,38,52,5.0,54.400958904109594,11.0,0
2023-05-09,59.99,29.99,30.000000000000004,100.03334444814939,39,53,5.0,54.4831506849315,11.0,0
2023-05-10,59.99,29.99,30.000000000000004,100.03334444814939,40,54,5.0,54.56534246575343,11.0,0
2023-05-11,59.99,29.99,30.000000000000004,100.03334444814939,41,55,5.0,54.56534246575342,10.0,0
2023-05-12,59.99,29.99,30.000000000000004,100.03334444814939,42,56,5.0,54.56534246575343,10.0,0
2023-05-13,59.99,29.99,30.000000000000004,100.03334444814939,43,57,5.0,54.56534246575342,10.0,0
2023-05-14,59.99,29.99,30.000000000000004,100.03334444814939,44,58,5.0,54.56534246575343,10.0,0
2023-05-15,59.99,29.99,30.000000000000004,100.03334444814939,45,59,5.0,54.56534246575343,10.0,0
2023-05-16,59.99,29.99,30.000000000000004,100.03334444814939,46,60,5.0,54.56534246575342,10.0,0
2023-05-17,59.99,29.99,30.000000000000004,100.03334444814939,47,61,5.0,54.56534246575343,10.0,0
2023-05-18,59.99,29.99,30.000000000000004,100.03334444814939,48,62,5.0,54.56534246575342,10.0,0
2023-05-19,59.99,29.99,30.000000000000004,100.03334444814939,49,63,5.0,54.56534246575343,10.0,0
2023-05-20,59.99,29.99,30.000000000000004,100.03334444814939,50,64,5.0,54.56534246575342,10.0,0
2023-05-21,59.99,29.99,30.000000000000004,100.03334444814939,51,65,5.0,54.56534246575343,10.0,0
2023-05-22,59.99,29.99,30.000000000000004,100.03334444814939,52,66,5.0,54.56534246575342,10.0,0
2023-05-23,59.99,29.99,30.000000000000004,100.03334444814939,53,67,5.0,54.56534246575343,10.0,0
2023-05-24,59.99,29.99,30.000000000000004,100.03334444814939,54,68,5.0,54.56534246575343,10.0,0
2023-05-25,59.99,29.99,30.000000000000004,100.03334444814939,55,69,5.0,54.56534246575342,10.0,0
2023-05-26,59.99,29.99,30.000000000000004,100.03334444814939,56,70,5.0,54.56534246575343,10.0,0
2023-05-27,59.99,29.99,30.000000000000004,100.03334444814939,57,71,5.0,54.56534246575342,10.0,0
2023-05-28,59.99,29.99,30.000000000000004,100.03334444814939,58,72,5.0,54.56534246575343,10.0,0
2023-05-29,59.99,29.99,30.000000000000004,100.03334444814939,59,73,5.0,54.56534246575342,10.0,0
2023-05-30,59.99,29.99,30.000000000000004,100.03334444814939,60,74,5.0,54.56534246575343,10.0,0
2023-05-31,59.99,29.99,30.000000000000004,100.03334444814939,61,75,5.0,54.56534246575342,10.0,1
2023-06-01,59.99,29.99,30.000000000000004,100.03334444814939,62,76,5.0,54.56534246575342,10.0,1
2023-06-02,59.99,29.99,30.000000000000004,100.03334444814939,63,77,5.0,54.56534246575343,10.0,1
2023-06-03,59.99,29.99,30.000000000000004,100.03334444814939,64,78,5.0,54.56534246575342,10.0,1
2023-06-04,59.99,29.99,30.000000000000004,100.03334444814939,65,79,5.0,54.56534246575343,10.0,1
2023-06-05,59.99,29.99,30.000000000000004,100.03334444814939,66,80,5.0,54.56534246575342,10.0,1
2023-06-06,59.99,29.99,30.000000000000004,100.03334444814939,67,81,5.0,54.56534246575343,10.0,1
2023-06-07,59.99,29.99,30.000000000000004,100.03334444814939,68,82,5.0,54.56534246575342,10.0,1
2023-06-08,59.99,29.99,30.000000000000004,100.03334444814939,69,83,5.0,54.56534246575343,10.0,1
2023-06-09,59.99,29.99,30.000000000000004,100.03334444814939,70,84,5.0,54.56534246575343,10.0,1
2023-06-10,59.99,29.99,30.000000000000004,100.03334444814939,71,85,5.0,54.56534246575342,10.0,1
2023-06-11,59.99,29.99,30.000000000000004,100.03334444814939,72,86,5.0,54.56534246575343,10.0,1
2023-06-12,59.99,29.99,30.000000000000004,100.03334444814939,73,87,5.0,54.56534246575342,10.0,1
2023-06-13,59.99,29.99,30.000000000000004,100.03334444814939,74,88,5.0,54.56534246575343,10.0,1
2023-06-14,59.99,29.99,30.000000000000004,100.03334444814939,75,89,5.0,54.56534246575342,10.0,1
2023-06-15,59.99,29.99,30.000000000000004,100.03334444814939,76,90,5.0,54.56534246575343,10.0,1
2023-06-16,59.99,29.99,30.000000000000004,100.03334444814939,77,91,5.0,54.56534246575342,10.0,1
2023-06-17,59.99,29.99,30.000000000000004,100.03334444814939,78,92,5.0,54.56534246575343,10.0,1
2023-06-18,59.99,29.99,30.000000000000004,100.03334444814939,79,93,5.0,54.56534246575343,10.0,1
2023-06-19,59.99,29.99,30.000000000000004,100.03334444814939,80,94,5.0,54.56534246575342,10.0,1
2023-06-20,59.99,29.99,30.000000000000004,100.03334444814939,81,95,5.0,54.56534246575343,10.0,1
2023-06-21,59.99,29.99,30.000000000000004,100.03334444814939,82,96,5.0,54.56534246575342,10.0,1
2023-06-22,59.99,29.99,30.000000000000004,100.03334444814939,83,97,5.0,54.56534246575343,10.0,1
2023-06-23,59.99,29.99,30.000000000000004,100.03334444814939,84,98,5.0,54.56534246575342,10.0,1
2023-06-24,59.99,29.99,30.000000000000004,100.03334444814939,85,99,5.0,54.56534246575343,10.0,1
2023-06-25,59.99,29.99,30.000000000000004,100.03334444814939,86,100,4.0,54.64753424657534,9.0,1
2023-06-26,59.99,29.99,30.000000000000004,100.03334444814939,87,101,4.0,54.729726027397255,9.0,1
2023-06-27,59.99,29.99,30.000000000000004,100.03334444814939,88,102,4.0,54.811917808219185,9.0,1
2023-06-28,59.99,29.99,30.000000000000004,100.03334444814939,89,103,4.0,54.89410958904109,9.0,1
2023-06-29,59.99,29.99,30.000000000000004,100.03334444814939,90,104,4.0,54.97630136986302,9.0,1
2023-06-30,29.99,29.99,0.0,0.0,0,0,4.0,55.058493150684924,9.0,0
2023-07-01,29.99,29.99,0.0,0.0,1,1,5.0,55.05849315068494,10.0,0
2023-07-02,29.99,29.99,0.0,0.0,2,2,5.0,55.058493150684924,10.0,0
2023-07-03,29.99,29.99,0.0,0.0,3,3,5.0,55.05849315068494,10.0,0
2023-07-04,29.99,29.99,0.0,0.0,4,4,5.0,55.05849315068494,10.0,0
2023-07-05,29.99,29.99,0.0,0.0,5,5,5.0,55.058493150684924,10.0,0
2023-07-06,29.99,29.99,0.0,0.0,6,6,5.0,55.05849315068494,10.0,0
2023-07-07,29.99,29.99,0.0,0.0,7,7,5.0,55.058493150684924,10.0,0
2023-07-08,29.99,29.99,0.0,0.0,8,8,5.0,55.05849315068494,10.0,0
2023-07-09,29.99,29.99,0.0,0.0,9,9,5.0,54.97630136986301,9.0,0
2023-07-10,29.99,29.99,0.0,0.0,10,10,5.0,54.8941095890411,9.0,0
2023-07-11,29.99,29.99,0.0,0.0,11,11,5.0,54.81191780821917,9.0,0
2023-07-12,29.99,29.99,0.0,0.0,12,12,5.0,54.72972602739727,9.0,0
2023-07-13,29.99,29.99,0.0,0.0,13,13,5.0,54.64753424657535,9.0,0
2023-07-14,59.99,29.99,30.000000000000004,100.03334444814939,0,14,5.0,54.56534246575342,9.0,0
2023-07-15,59.99,29.99,30.000000000000004,100.03334444814939,1,15,5.0,54.56534246575343,10.0,0
2023-07-16,59.99,29.99,30.000000000000004,100.03334444814939,2,16,5.0,54.56534246575342,10.0,0
2023-07-17,59.99,29.99,30.000000000000004,100.03334444814939,3,17,5.0,54.56534246575343,10.0,0
2023-07-18,59.99,29.99,30.000000000000004,100.03334444814939,4,18,5.0,54.56534246575342,10.0,0
2023-07-19,59.99,29.99,30.000000000000004,100.03334444814939,5,19,5.0,54.56534246575343,10.0,0
2023-07-20,59.99,29.99,30.000000000000004,100.03334444814939,6,20,5.0,54.56534246575342,10.0,0
2023-07-21,59.99,29.99,30.000000000000004,100.03334444814939,7,21,5.0,54.56534246575342,10.0,0
2023-07-22,59.99,29.99,30.000000000000004,100.03334444814939,8,22,5.0,54.56534246575343,10.0,0
2023-07-23,59.99,29.99,30.000000000000004,100.03334444814939,9,23,5.0,54.56534246575342,10.0,0
2023-07-24,59.99,29.99,30.000000000000004,100.03334444814939,10,24,5.0,54.56534246575343,10.0,0
2023-07-25,59.99,29.99,30.000000000000004,100.03334444814939,11,25,5.0,54.56534246575342,10.0,0
2023-07-26,59.99,29.99,30.000000000000004,100.03334444814939,12,26,5.0,54.56534246575343,10.0,0
2023-07-27,59.99,29.99,30.000000000000004,100.03334444814939,13,27,5.0,54.56534246575342,10.0,0
2023-07-28,59.99,29.99,30.000000000000004,100.03334444814939,14,28,5.0,54.56534246575343,10.0,0
2023-07-29,59.99,29.99,30.000000000000004,100.03334444814939,15,29,5.0,54.56534246575343,10.0,0
2023-07-30,59.99,29.99,30.000000000000004,100.03334444814939,16,30,5.0,54.56534246575342,10.0,0
2023-07-31,59.99,29.99,30.000000000000004,100.03334444814939,17,31,5.0,54.56534246575343,10.0,0
2023-08-01,59.99,29.99,30.000000000000004,100.03334444814939,18,32,5.0,54.56534246575342,10.0,0
2023-08-02,59.99,29.99,30.000000000000004,100.03334444814939,19,33,5.0,54.56534246575343,10.0,0
2023-08-03,59.99,29.99,30.000000000000004,100.03334444814939,20,34,5.0,54.56534246575342,10.0,0
2023-08-04,59.99,29.99,30.000000000000004,100.03334444814939,21,35,5.0,54.56534246575343,10.0,0
2023-08-05,59.99,29.99,30.000000000000004,100.03334444814939,22,36,5.0,54.56534246575342,10.0,0
2023-08-06,59.99,29.99,30.000000000000004,100.03334444814939,23,37,5.0,54.56534246575343,10.0,0
2023-08-07,59.99,29.99,30.000000000000004,100.03334444814939,24,38,5.0,54.56534246575343,10.0,0
2023-08-08,59.99,29.99,30.000000000000004,100.03334444814939,25,39,5.0,54.56534246575342,10.0,0
2023-08-09,59.99,29.99,30.000000000000004,100.03334444814939,26,40,5.0,54.56534246575343,10.0,0
2023-08-10,59.99,29.99,30.000000000000004,100.03334444814939,27,41,5.0,54.56534246575342,10.0,0
2023-08-11,59.99,29.99,30.000000000000004,100.03334444814939,28,42,5.0,54.56534246575343,10.0,0
2023-08-12,59.99,29.99,30.000000000000004,100.03334444814939,29,43,5.0,54.56534246575342,10.0,0
2023-08-13,59.99,29.99,30.000000000000004,100.03334444814939,30,44,5.0,54.56534246575343,10.0,0
2023-08-14,59.99,29.99,30.000000000000004,100.03334444814939,31,45,5.0,54.56534246575343,10.0,1
2023-08-15,59.99,29.99,30.000000000000004,100.03334444814939,32,46,5.0,54.56534246575342,10.0,1
2023-08-16,59.99,29.99,30.000000000000004,100.03334444814939,33,47,5.0,54.56534246575343,10.0,1
2023-08-17,59.99,29.99,30.000000000000004,100.03334444814939,34,48,5.0,54.56534246575342,10.0,1
2023-08-18,59.99,29.99,30.000000000000004,100.03334444814939,35,49,5.0,54.56534246575343,10.0,1
2023-08-19,59.99,29.99,30.000000000000004,100.03334444814939,36,50,5.0,54.56534246575342,10.0,1
2023-08-20,59.99,29.99,30.000000000000004,100.03334444814939,37,51,5.0,54.56534246575343,10.0,1
2023-08-21,59.99,29.99,30.000000000000004,100.03334444814939,38,52,5.0,54.56534246575342,10.0,1
2023-08-22,59.99,29.99,30.000000000000004,100.03334444814939,39,53,5.0,54.56534246575343,10.0,1
2023-08-23,59.99,29.99,30.000000000000004,100.03334444814939,40,54,5.0,54.56534246575343,10.0,1
2023-08-24,59.99,29.99,30.000000000000004,100.03334444814939,41,55,5.0,54.56534246575342,10.0,1
2023-08-25,59.99,29.99,30.000000000000004,100.03334444814939,42,56,5.0,54.56534246575343,10.0,1
2023-08-26,59.99,29.99,30.000000000000004,100.03334444814939,43,57,5.0,54.56534246575342,10.0,1
2023-08-27,59.99,29.99,30.000000000000004,100.03334444814939,44,58,4.0,54.64753424657535,9.0,1
2023-08-28,59.99,29.99,30.000000000000004,100.03334444814939,45,59,4.0,54.729726027397255,9.0,1
2023-08-29,59.99,29.99,30.000000000000004,100.03334444814939,46,60,4.0,54.811917808219185,9.0,1
2023-08-30,59.99,29.99,30.000000000000004,100.03334444814939,47,61,4.0,54.89410958904109,9.0,1
2023-08-31,59.99,29.99,30.000000000000004,100.03334444814939,48,62,4.0,54.97630136986302,9.0,1
2023-09-01,59.99,29.99,30.000000000000004,100.03334444814939,49,63,4.0,55.05849315068494,9.0,1
2023-09-02,59.99,29.99,30.000000000000004,100.03334444814939,50,64,4.0,55.14068493150685,9.0,1
2023-09-03,59.99,29.99,30.000000000000004,100.03334444814939,51,65,4.0,55.22287671232877,9.0,1
2023-09-04,59.99,29.99,30.000000000000004,100.03334444814939,52,66,4.0,55.30506849315068,9.0,1
2023-09-05,59.99,29.99,30.000000000000004,100.03334444814939,53,67,4.0,55.38726027397261,9.0,1
2023-09-06,59.99,29.99,30.000000000000004,100.03334444814939,54,68,4.0,55.469452054794516,9.0,1
2023-09-07,59.99,29.99,30.000000000000004,100.03334444814939,55,69,4.0,55.46945205479452,8.0,1
2023-09-08,59.99,29.99,30.000000000000004,100.03334444814939,56,70,4.0,55.46945205479452,8.0,1
2023-09-09,59.99,29.99,30.000000000000004,100.03334444814939,57,71,4.0,55.469452054794516,8.0,1
2023-09-10,59.99,29.99,30.000000000000004,100.03334444814939,58,72,4.0,55.46945205479452,8.0,1
2023-09-11,59.99,29.99,30.000000000000004,100.03334444814939,59,73,4.0,55.469452054794516,8.0,1
2023-09-12,59.99,29.99,30.000000000000004,100.03334444814939,60,74,4.0,55.46945205479452,8.0,1
2023-09-13,29.99,29.99,0.0,0.0,0,0,4.0,55.469452054794516,8.0,0
2023-09-14,29.99,29.99,0.0,0.0,1,1,5.0,55.38726027397261,9.0,0
2023-09-15,29.99,29.99,0.0,0.0,2,2,5.0,55.30506849315068,9.0,0
2023-09-16,29.99,29.99,0.0,0.0,3,3,5.0,55.22287671232877,9.0,0
2023-09-17,29.99,29.99,0.0,0.0,4,4,5.0,55.140684931506854,9.0,0
2023-09-18,29.99,29.99,0.0,0.0,5,5,5.0,55.058493150684924,9.0,0
2023-09-19,29.99,29.99,0.0,0.0,6,6,5.0,54.97630136986302,9.0,0
2023-09-20,29.99,29.99,0.0,0.0,7,7,5.0,54.89410958904109,9.0,0
2023-09-21,29.99,29.99,0.0,0.0,8,8,5.0,54.811917808219185,9.0,0
2023-09-22,29.99,29.99,0.0,0.0,9,9,5.0,54.729726027397255,9.0,0
2023-09-23,29.99,29.99,0.0,0.0,10,10,5.0,54.64753424657535,9.0,0
2023-09-24,29.99,29.99,0.0,0.0,11,11,5.0,54.56534246575342,9.0,0
2023-09-25,29.99,29.99,0.0,0.0,12,12,5.0,54.4831506849315,9.0,0
2023-09-26,29.99,29.99,0.0,0.0,13,13,5.0,54.400958904109594,9.0,0
2023-09-27,59.99,29.99,30.000000000000004,100.03334444814939,0,14,5.0,54.318767123287664,9.0,0
2023-09-28,59.99,29.99,30.000000000000004,100.03334444814939,1,15,5.0,54.31876712328768,10.0,0
2023-09-29,59.99,29.99,30.000000000000004,100.03334444814939,2,16,5.0,54.318767123287664,10.0,0
2023-09-30,59.99,29.99,30.000000000000004,100.03334444814939,3,17,5.0,54.31876712328768,10.0,0
2023-10-01,59.99,29.99,30.000000000000004,100.03334444814939,4,18,5.0,54.318767123287664,10.0,0
2023-10-02,59.99,29.99,30.000000000000004,100.03334444814939,5,19,5.0,54.31876712328768,10.0,0
2023-10-03,59.99,29.99,30.000000000000004,100.03334444814939,6,20,5.0,54.31876712328768,10.0,0
2023-10-04,59.99,29.99,30.000000000000004,100.03334444814939,7,21,5.0,54.318767123287664,10.0,0
2023-10-05,59.99,29.99,30.000000000000004,100.03334444814939,8,22,5.0,54.31876712328768,10.0,0
2023-10-06,59.99,29.99,30.000000000000004,100.03334444814939,9,23,5.0,54.318767123287664,10.0,0
2023-10-07,59.99,29.99,30.000000000000004,100.03334444814939,10,24,5.0,54.31876712328768,10.0,0
2023-10-08,59.99,29.99,30.000000000000004,100.03334444814939,11,25,5.0,54.318767123287664,10.0,0
2023-10-09,59.99,29.99,30.000000000000004,100.03334444814939,12,26,5.0,54.31876712328768,10.0,0
2023-10-10,59.99,29.99,30.000000000000004,100.03334444814939,13,27,5.0,54.318767123287664,10.0,0
2023-10-11,59.99,29.99,30.000000000000004,100.03334444814939,14,28,5.0,54.31876712328768,10.0,0
2023-10-12,59.99,29.99,30.000000000000004,100.03334444814939,15,29,5.0,54.31876712328768,10.0,0
2023-10-13,59.99,29.99,30.000000000000004,100.03334444814939,16,30,5.0,54.318767123287664,10.0,0
2023-10-14,59.99,29.99,30.000000000000004,100.03334444814939,17,31,5.0,54.31876712328768,10.0,0
2023-10-15,59.99,29.99,30.000000000000004,100.03334444814939,18,32,5.0,54.318767123287664,10.0,0
2023-10-16,59.99,29.99,30.000000000000004,100.03334444814939,19,33,5.0,54.31876712328768,10.0,0
2023-10-17,59.99,29.99,30.000000000000004,100.03334444814939,20,34,5.0,54.318767123287664,10.0,1
2023-10-18,59.99,29.99,30.000000000000004,100.03334444814939,21,35,5.0,54.31876712328768,10.0,1
2023-10-19,59.99,29.99,30.000000000000004,100.03334444814939,22,36,5.0,54.318767123287664,10.0,1
2023-10-20,59.99,29.99,30.000000000000004,100.03334444814939,23,37,5.0,54.318767123287664,10.0,1
2023-10-21,59.99,29.99,30.000000000000004,100.03334444814939,24,38,5.0,54.31876712328768,10.0,1
2023-10-22,59.99,29.99,30.000000000000004,100.03334444814939,25,39,5.0,54.318767123287664,10.0,1
2023-10-23,59.99,29.99,30.000000000000004,100.03334444814939,26,40,5.0,54.31876712328768,10.0,1
2023-10-24,59.99,29.99,30.000000000000004,100.03334444814939,27,41,5.0,54.318767123287664,10.0,1
2023-10-25,59.99,29.99,30.000000000000004,100.03334444814939,28,42,5.0,54.31876712328768,10.0,1
2023-10-26,59.99,29.99,30.000000000000004,100.03334444814939,29,43,5.0,54.318767123287664,10.0,1
2023-10-27,59.99,29.99,30.000000000000004,100.03334444814939,30,44,5.0,54.31876712328768,10.0,1
2023-10-28,59.99,29.99,30.000000000000004,100.03334444814939,31,45,5.0,54.31876712328768,10.0,1
2023-10-29,59.99,29.99,30.000000000000004,100.03334444814939,32,46,5.0,54.318767123287664,10.0,1
2023-10-30,59.99,29.99,30.000000000000004,100.03334444814939,33,47,5.0,54.31876712328768,10.0,1
2023-10-31,59.99,29.99,30.000000000000004,100.03334444814939,34,48,5.0,54.318767123287664,10.0,1
2023-11-01,59.99,29.99,30.000000000000004,100.03334444814939,35,49,5.0,54.31876712328768,10.0,1
2023-11-02,59.99,29.99,30.000000000000004,100.03334444814939,36,50,5.0,54.318767123287664,10.0,1
2023-11-03,59.99,29.99,30.000000000000004,100.03334444814939,37,51,5.0,54.31876712328768,10.0,1
2023-11-04,59.99,29.99,30.000000000000004,100.03334444814939,38,52,5.0,54.318767123287664,10.0,1
2023-11-05,59.99,29.99,30.000000000000004,100.03334444814939,39,53,5.0,54.31876712328768,10.0,1
2023-11-06,59.99,29.99,30.000000000000004,100.03334444814939,40,54,5.0,54.31876712328768,10.0,1
2023-11-07,59.99,29.99,30.000000000000004,100.03334444814939,41,55,5.0,54.318767123287664,10.0,1
2023-11-08,59.99,29.99,30.000000000000004,100.03334444814939,42,56,5.0,54.31876712328768,10.0,1
2023-11-09,59.99,29.99,30.000000000000004,100.03334444814939,43,57,5.0,54.318767123287664,10.0,1
2023-11-10,59.99,29.99,30.000000000000004,100.03334444814939,44,58,5.0,54.31876712328768,10.0,1
2023-11-11,59.99,29.99,30.000000000000004,100.03334444814939,45,59,5.0,54.318767123287664,10.0,1
2023-11-12,59.99,29.99,30.000000000000004,100.03334444814939,46,60,5.0,54.31876712328768,10.0,1
2023-11-13,59.99,29.99,30.000000000000004,100.03334444814939,47,61,5.0,54.31876712328768,10.0,1
2023-11-14,59.99,29.99,30.000000000000004,100.03334444814939,48,62,5.0,54.318767123287664,10.0,1
2023-11-15,59.99,29.99,30.000000000000004,100.03334444814939,49,63,5.0,54.31876712328768,10.0,1
2023-11-16,29.99,29.99,0.0,0.0,0,0,5.0,54.318767123287664,10.0,0
2023-11-17,29.99,29.99,0.0,0.0,1,1,6.0,54.23657534246576,11.0,0
2023-11-18,29.99,29.99,0.0,0.0,2,2,5.0,54.23657534246575,10.0,0
2023-11-19,29.99,29.99,0.0,0.0,3,3,5.0,54.23657534246576,10.0,0
2023-11-20,29.99,29.99,0.0,0.0,4,4,5.0,54.23657534246575,10.0,0
2023-11-21,59.99,29.99,30.000000000000004,100.03334444814939,0,5,5.0,54.23657534246576,10.0,1
2023-11-22,29.99,29.99,0.0,0.0,0,0,5.0,54.31876712328768,11.0,0
2023-11-23,29.99,29.99,0.0,0.0,1,1,6.0,54.318767123287664,12.0,0
2023-11-24,29.99,29.99,0.0,0.0,2,2,6.0,54.31876712328768,12.0,0
2023-11-25,29.99,29.99,0.0,0.0,3,3,6.0,54.318767123287664,12.0,0
2023-11-26,29.99,29.99,0.0,0.0,4,4,6.0,54.31876712328768,12.0,0
2023-11-27,29.99,29.99,0.0,0.0,5,5,6.0,54.318767123287664,12.0,0
2023-11-28,29.99,29.99,0.0,0.0,6,6,6.0,54.31876712328768,12.0,0
2023-11-29,59.99,29.99,30.000000000000004,100.03334444814939,0,7,6.0,54.318767123287664,12.0,1
2023-11-30,59.99,29.99,30.000000000000004,100.03334444814939,1,8,6.0,54.400958904109594,13.0,1
2023-12-01,59.99,29.99,30.000000000000004,100.03334444814939,2,9,6.0,54.400958904109594,12.0,1
2023-12-02,59.99,29.99,30.000000000000004,100.03334444814939,3,10,6.0,54.40095890410959,12.0,1
2023-12-03,59.99,29.99,30.000000000000004,100.03334444814939,4,11,6.0,54.400958904109594,12.0,1
2023-12-04,59.99,29.99,30.000000000000004,100.03334444814939,5,12,6.0,54.40095890410959,12.0,1
2023-12-05,59.99,29.99,30.000000000000004,100.03334444814939,6,13,6.0,54.400958904109594,12.0,1
2023-12-06,59.99,29.99,30.000000000000004,100.03334444814939,7,14,6.0,54.40095890410959,12.0,1
2023-12-07,59.99,29.99,30.000000000000004,100.03334444814939,8,15,6.0,54.400958904109594,12.0,1
2023-12-08,59.99,29.99,30.000000000000004,100.03334444814939,9,16,6.0,54.400958904109594,12.0,1
2023-12-09,59.99,29.99,30.000000000000004,100.03334444814939,10,17,6.0,54.40095890410959,12.0,1
2023-12-10,59.99,29.99,30.000000000000004,100.03334444814939,11,18,6.0,54.400958904109594,12.0,1
2023-12-11,59.99,29.99,30.000000000000004,100.03334444814939,12,19,6.0,54.40095890410959,12.0,1
2023-12-12,59.99,29.99,30.000000000000004,100.03334444814939,13,20,6.0,54.400958904109594,12.0,1
2023-12-13,59.99,29.99,30.000000000000004,100.03334444814939,14,21,6.0,54.40095890410959,12.0,1
2023-12-14,59.99,29.99,30.000000000000004,100.03334444814939,15,22,6.0,54.400958904109594,12.0,1
2023-12-15,59.99,29.99,30.000000000000004,100.03334444814939,16,23,6.0,54.40095890410959,12.0,1
2023-12-16,59.99,29.99,30.000000000000004,100.03334444814939,17,24,6.0,54.400958904109594,12.0,1
2023-12-17,59.99,29.99,30.000000000000004,100.03334444814939,18,25,6.0,54.400958904109594,12.0,1
2023-12-18,59.99,29.99,30.000000000000004,100.03334444814939,19,26,6.0,54.40095890410959,12.0,1
2023-12-19,59.99,29.99,30.000000000000004,100.03334444814939,20,27,6.0,54.400958904109594,12.0,1
2023-12-20,59.99,29.99,30.000000000000004,100.03334444814939,21,28,6.0,54.40095890410959,12.0,1
2023-12-21,59.99,29.99,30.000000000000004,100.03334444814939,22,29,6.0,54.400958904109594,12.0,1
2023-12-22,29.99,29.99,0.0,0.0,0,0,6.0,54.40095890410959,12.0,0
2023-12-23,29.99,29.99,0.0,0.0,1,1,7.0,54.31876712328768,13.0,0
2023-12-24,29.99,29.99,0.0,0.0,2,2,6.0,54.318767123287664,12.0,0
2023-12-25,29.99,29.99,0.0,0.0,3,3,6.0,54.31876712328768,12.0,0
2023-12-26,29.99,29.99,0.0,0.0,4,4,6.0,54.31876712328768,12.0,0
2023-12-27,29.99,29.99,0.0,0.0,5,5,6.0,54.318767123287664,12.0,0
2023-12-28,29.99,29.99,0.0,0.0,6,6,6.0,54.31876712328768,12.0,0
2023-12-29,29.99,29.99,0.0,0.0,7,7,6.0,54.318767123287664,12.0,0
2023-12-30,29.99,29.99,0.0,0.0,8,8,6.0,54.31876712328768,12.0,0
2023-12-31,29.99,29.99,0.0,0.0,9,9,6.0,54.318767123287664,12.0,0
2024-01-01,29.99,29.99,0.0,0.0,10,10,6.0,54.31876712328768,12.0,0
2024-01-02,29.99,29.99,0.0,0.0,11,11,6.0,54.31876712328768,12.0,0
2024-01-03,29.99,29.99,0.0,0.0,12,12,6.0,54.318767123287664,12.0,0
2024-01-04,29.99,29.99,0.0,0.0,13,13,6.0,54.31876712328768,12.0,0
2024-01-05,59.99,29.99,30.000000000000004,100.03334444814939,0,14,6.0,54.318767123287664,12.0,0
2024-01-06,59.99,29.99,30.000000000000004,100.03334444814939,1,15,6.0,54.400958904109594,13.0,0
2024-01-07,59.99,29.99,30.000000000000004,100.03334444814939,2,16,6.0,54.40095890410959,12.0,0
2024-01-08,59.99,29.99,30.000000000000004,100.03334444814939,3,17,6.0,54.400958904109594,12.0,0
2024-01-09,59.99,29.99,30.000000000000004,100.03334444814939,4,18,6.0,54.40095890410959,12.0,0
2024-01-10,59.99,29.99,30.000000000000004,100.03334444814939,5,19,6.0,54.400958904109594,12.0,0
2024-01-11,59.99,29.99,30.000000000000004,100.03334444814939,6,20,6.0,54.400958904109594,12.0,0
2024-01-12,59.99,29.99,30.000000000000004,100.03334444814939,7,21,6.0,54.40095890410959,12.0,0
2024-01-13,59.99,29.99,30.000000000000004,100.03334444814939,8,22,6.0,54.400958904109594,12.0,0
2024-01-14,59.99,29.99,30.000000000000004,100.03334444814939,9,23,6.0,54.40095890410959,12.0,0
2024-01-15,59.99,29.99,30.000000000000004,100.03334444814939,10,24,6.0,54.400958904109594,12.0,0
2024-01-16,59.99,29.99,30.000000000000004,100.03334444814939,11,25,6.0,54.40095890410959,12.0,0
2024-01-17,59.99,29.99,30.000000000000004,100.03334444814939,12,26,6.0,54.400958904109594,12.0,0
2024-01-18,59.99,29.99,30.000000000000004,100.03334444814939,13,27,6.0,54.40095890410959,12.0,0
2024-01-19,59.99,29.99,30.000000000000004,100.03334444814939,14,28,6.0,54.400958904109594,12.0,0
2024-01-20,59.99,29.99,30.000000000000004,100.03334444814939,15,29,6.0,54.400958904109594,12.0,0
2024-01-21,59.99,29.99,30.000000000000004,100.03334444814939,16,30,6.0,54.40095890410959,12.0,0
2024-01-22,59.99,29.99,30.000000000000004,100.03334444814939,17,31,6.0,54.400958904109594,12.0,0
2024-01-23,59.99,29.99,30.000000000000004,100.03334444814939,18,32,6.0,54.40095890410959,12.0,0
2024-01-24,59.99,29.99,30.000000000000004,100.03334444814939,19,33,6.0,54.400958904109594,12.0,0
2024-01-25,59.99,29.99,30.000000000000004,100.03334444814939,20,34,6.0,54.40095890410959,12.0,0
2024-01-26,59.99,29.99,30.000000000000004,100.03334444814939,21,35,6.0,54.400958904109594,12.0,0
2024-01-27,59.99,29.99,30.000000000000004,100.03334444814939,22,36,6.0,54.400958904109594,12.0,0
2024-01-28,59.99,29.99,30.000000000000004,100.03334444814939,23,37,6.0,54.40095890410959,12.0,0
2024-01-29,59.99,29.99,30.000000000000004,100.03334444814939,24,38,6.0,54.400958904109594,12.0,0
2024-01-30,59.99,29.99,30.000000000000004,100.03334444814939,25,39,6.0,54.40095890410959,12.0,0
2024-01-31,59.99,29.99,30.000000000000004,100.03334444814939,26,40,6.0,54.400958904109594,12.0,0
2024-02-01,59.99,29.99,30.000000000000004,100.03334444814939,27,41,6.0,54.40095890410959,12.0,0
2024-02-02,59.99,29.99,30.000000000000004,100.03334444814939,28,42,6.0,54.400958904109594,12.0,0
2024-02-03,59.99,29.99,30.000000000000004,100.03334444814939,29,43,6.0,54.40095890410959,12.0,0
2024-02-04,59.99,29.99,30.000000000000004,100.03334444814939,30,44,6.0,54.400958904109594,12.0,0
2024-02-05,59.99,29.99,30.000000000000004,100.03334444814939,31,45,6.0,54.400958904109594,12.0,0
2024-02-06,59.99,29.99,30.000000000000004,100.03334444814939,32,46,6.0,54.40095890410959,12.0,0
2024-02-07,59.99,29.99,30.000000000000004,100.03334444814939,33,47,6.0,54.400958904109594,12.0,0
2024-02-08,59.99,29.99,30.000000000000004,100.03334444814939,34,48,6.0,54.40095890410959,12.0,0
2024-02-09,59.99,29.99,30.000000000000004,100.03334444814939,35,49,6.0,54.400958904109594,12.0,0
2024-02-10,59.99,29.99,30.000000000000004,100.03334444814939,36,50,6.0,54.40095890410959,12.0,0
2024-02-11,59.99,29.99,30.000000000000004,100.03334444814939,37,51,6.0,54.400958904109594,12.0,0
2024-02-12,59.99,29.99,30.000000000000004,100.03334444814939,38,52,6.0,54.40095890410959,12.0,0
2024-02-13,59.99,29.99,30.000000000000004,100.03334444814939,39,53,6.0,54.40095890410959,12.0,0
2024-02-14,59.99,29.99,30.000000000000004,100.03334444814939,40,54,6.0,54.400958904109594,12.0,1
2024-02-15,59.99,29.99,30.000000000000004,100.03334444814939,41,55,6.0,54.40095890410959,12.0,1
2024-02-16,59.99,29.99,30.000000000000004,100.03334444814939,42,56,6.0,54.400958904109594,12.0,1
2024-02-17,59.99,29.99,30.000000000000004,100.03334444814939,43,57,6.0,54.40095890410959,12.0,1
2024-02-18,59.99,29.99,30.000000000000004,100.03334444814939,44,58,6.0,54.400958904109594,12.0,1
2024-02-19,59.99,29.99,30.000000000000004,100.03334444814939,45,59,6.0,54.40095890410959,12.0,1
2024-02-20,59.99,29.99,30.000000000000004,100.03334444814939,46,60,6.0,54.400958904109594,12.0,1
2024-02-21,59.99,29.99,30.000000000000004,100.03334444814939,47,61,6.0,54.400958904109594,12.0,1
2024-02-22,59.99,29.99,30.000000000000004,100.03334444814939,48,62,6.0,54.40095890410959,12.0,1
2024-02-23,59.99,29.99,30.000000000000004,100.03334444814939,49,63,6.0,54.400958904109594,12.0,1
2024-02-24,59.99,29.99,30.000000000000004,100.03334444814939,50,64,6.0,54.40095890410959,12.0,1
2024-02-25,59.99,29.99,30.000000000000004,100.03334444814939,51,65,6.0,54.400958904109594,12.0,1
2024-02-26,59.99,29.99,30.000000000000004,100.03334444814939,52,66,6.0,54.40095890410959,12.0,1
2024-02-27,59.99,29.99,30.000000000000004,100.03334444814939,53,67,6.0,54.400958904109594,12.0,1
2024-02-28,59.99,29.99,30.000000000000004,100.03334444814939,54,68,6.0,54.40095890410959,12.0,1
2024-02-29,59.99,29.99,30.000000000000004,100.03334444814939,55,69,6.0,54.400958904109594,12.0,1
2024-03-01,59.99,29.99,30.000000000000004,100.03334444814939,56,70,6.0,54.400958904109594,12.0,1
2024-03-02,59.99,29.99,30.000000000000004,100.03334444814939,57,71,6.0,54.40095890410959,12.0,1
2024-03-03,59.99,29.99,30.000000000000004,100.03334444814939,58,72,6.0,54.400958904109594,12.0,1
2024-03-04,59.99,29.99,30.000000000000004,100.03334444814939,59,73,6.0,54.40095890410959,12.0,1
2024-03-05,59.99,29.99,30.000000000000004,100.03334444814939,60,74,6.0,54.400958904109594,12.0,1
2024-03-06,59.99,29.99,30.000000000000004,100.03334444814939,61,75,6.0,54.40095890410959,12.0,1
2024-03-07,59.99,29.99,30.000000000000004,100.03334444814939,62,76,6.0,54.400958904109594,12.0,1
2024-03-08,59.99,29.99,30.000000000000004,100.03334444814939,63,77,6.0,54.40095890410959,12.0,1
2024-03-09,59.99,29.99,30.000000000000004,100.03334444814939,64,78,6.0,54.40095890410959,12.0,1
2024-03-10,59.99,29.99,30.000000000000004,100.03334444814939,65,79,6.0,54.400958904109594,12.0,1
2024-03-11,59.99,29.99,30.000000000000004,100.03334444814939,66,80,6.0,54.40095890410959,12.0,1
2024-03-12,59.99,29.99,30.000000000000004,100.03334444814939,67,81,6.0,54.400958904109594,12.0,1
2024-03-13,59.99,29.99,30.000000000000004,100.03334444814939,68,82,6.0,54.40095890410959,12.0,1
2024-03-14,59.99,29.99,30.000000000000004,100.03334444814939,69,83,6.0,54.400958904109594,12.0,1
2024-03-15,29.99,29.99,0.0,0.0,0,0,6.0,54.40095890410959,12.0,0
2024-03-16,29.99,29.99,0.0,0.0,1,1,7.0,54.31876712328768,13.0,0
2024-03-17,29.99,29.99,0.0,0.0,2,2,6.0,54.31876712328768,12.0,0
2024-03-18,29.99,29.99,0.0,0.0,3,3,6.0,54.318767123287664,12.0,0
2024-03-19,29.99,29.99,0.0,0.0,4,4,6.0,54.31876712328768,12.0,0
2024-03-20,29.99,29.99,0.0,0.0,5,5,6.0,54.318767123287664,12.0,0
2024-03-21,29.99,29.99,0.0,0.0,6,6,6.0,54.31876712328768,12.0,0
2024-03-22,59.99,29.99,30.000000000000004,100.03334444814939,0,7,6.0,54.318767123287664,12.0,1
2024-03-23,59.99,29.99,30.000000000000004,100.03334444814939,1,8,6.0,54.400958904109594,13.0,1
2024-03-24,59.99,29.99,30.000000000000004,100.03334444814939,2,9,6.0,54.4831506849315,13.0,1
2024-03-25,59.99,29.99,30.000000000000004,100.03334444814939,3,10,6.0,54.56534246575343,13.0,1
2024-03-26,59.99,29.99,30.000000000000004,100.03334444814939,4,11,6.0,54.64753424657535,13.0,1
2024-03-27,59.99,29.99,30.000000000000004,100.03334444814939,5,12,6.0,54.729726027397255,13.0,1
2024-03-28,59.99,29.99,30.000000000000004,100.03334444814939,6,13,6.0,54.811917808219185,13.0,1
2024-03-29,59.99,29.99,30.000000000000004,100.03334444814939,7,14,6.0,54.89410958904109,13.0,1
2024-03-30,59.99,29.99,30.000000000000004,100.03334444814939,8,15,6.0,54.97630136986302,13.0,1
2024-03-31,59.99,29.99,30.000000000000004,100.03334444814939,9,16,6.0,54.97630136986301,12.0,1
2024-04-01,59.99,29.99,30.000000000000004,100.03334444814939,10,17,6.0,54.97630136986302,12.0,1
2024-04-02,59.99,29.99,30.000000000000004,100.03334444814939,11,18,6.0,54.97630136986302,12.0,1
2024-04-03,59.99,29.99,30.000000000000004,100.03334444814939,12,19,6.0,54.97630136986301,12.0,1
2024-04-04,59.99,29.99,30.000000000000004,100.03334444814939,13,20,6.0,54.97630136986302,12.0,1
2024-04-05,59.99,29.99,30.000000000000004,100.03334444814939,14,21,6.0,54.97630136986301,12.0,1
2024-04-06,59.99,29.99,30.000000000000004,100.03334444814939,15,22,6.0,54.97630136986302,12.0,1
2024-04-07,59.99,29.99,30.000000000000004,100.03334444814939,16,23,6.0,54.97630136986301,12.0,1
2024-04-08,59.99,29.99,30.000000000000004,100.03334444814939,17,24,6.0,54.97630136986302,12.0,1
2024-04-09,59.99,29.99,30.000000000000004,100.03334444814939,18,25,6.0,54.97630136986301,12.0,1
2024-04-10,59.99,29.99,30.000000000000004,100.03334444814939,19,26,6.0,54.97630136986302,12.0,1
2024-04-11,59.99,29.99,30.000000000000004,100.03334444814939,20,27,6.0,54.97630136986302,12.0,1
2024-04-12,59.99,29.99,30.000000000000004,100.03334444814939,21,28,6.0,54.97630136986301,12.0,1
2024-04-13,59.99,29.99,30.000000000000004,100.03334444814939,22,29,6.0,54.97630136986302,12.0,1
2024-04-14,59.99,29.99,30.000000000000004,100.03334444814939,23,30,6.0,54.97630136986301,12.0,1
2024-04-15,59.99,29.99,30.000000000000004,100.03334444814939,24,31,6.0,54.97630136986302,12.0,1
2024-04-16,59.99,29.99,30.000000000000004,100.03334444814939,25,32,6.0,54.97630136986301,12.0,1
2024-04-17,59.99,29.99,30.000000000000004,100.03334444814939,26,33,6.0,54.97630136986302,12.0,1
2024-04-18,59.99,29.99,30.000000000000004,100.03334444814939,27,34,6.0,54.97630136986301,12.0,1
2024-04-19,29.99,29.99,0.0,0.0,0,0,6.0,54.97630136986302,12.0,0
2024-04-20,29.99,29.99,0.0,0.0,1,1,7.0,54.8941095890411,13.0,0
2024-04-21,29.99,29.99,0.0,0.0,2,2,7.0,54.81191780821917,13.0,0
2024-04-22,29.99,29.99,0.0,0.0,3,3,7.0,54.72972602739727,13.0,0
2024-04-23,29.99,29.99,0.0,0.0,4,4,7.0,54.64753424657534,13.0,0
2024-04-24,29.99,29.99,0.0,0.0,5,5,7.0,54.56534246575343,13.0,0
2024-04-25,29.99,29.99,0.0,0.0,6,6,7.0,54.4831506849315,13.0,0
2024-04-26,29.99,29.99,0.0,0.0,7,7,7.0,54.400958904109594,13.0,0
2024-04-27,29.99,29.99,0.0,0.0,8,8,7.0,54.31876712328768,13.0,0
2024-04-28,29.99,29.99,0.0,0.0,9,9,7.0,54.23657534246575,13.0,0
2024-04-29,29.99,29.99,0.0,0.0,10,10,7.0,54.15438356164384,13.0,0
2024-04-30,29.99,29.99,0.0,0.0,11,11,7.0,54.07219178082191,13.0,0
2024-05-01,29.99,29.99,0.0,0.0,12,12,7.0,53.99000000000001,13.0,0
2024-05-02,29.99,29.99,0.0,0.0,13,13,7.0,53.90780821917808,13.0,0
2024-05-03,59.99,29.99,30.000000000000004,100.03334444814939,0,14,7.0,53.82561643835617,13.0,0
2024-05-04,59.99,29.99,30.000000000000004,100.03334444814939,1,15,7.0,53.825616438356164,14.0,0
2024-05-05,59.99,29.99,30.000000000000004,100.03334444814939,2,16,7.0,53.82561643835617,14.0,0
2024-05-06,59.99,29.99,30.000000000000004,100.03334444814939,3,17,7.0,53.82561643835617,14.0,0
2024-05-07,59.99,29.99,30.000000000000004,100.03334444814939,4,18,7.0,53.825616438356164,14.0,0
2024-05-08,59.99,29.99,30.000000000000004,100.03334444814939,5,19,7.0,53.82561643835617,14.0,0
2024-05-09,59.99,29.99,30.000000000000004,100.03334444814939,6,20,7.0,53.825616438356164,14.0,0
2024-05-10,59.99,29.99,30.000000000000004,100.03334444814939,7,21,7.0,53.82561643835617,14.0,0
2024-05-11,59.99,29.99,30.000000000000004,100.03334444814939,8,22,7.0,53.825616438356164,14.0,0
2024-05-12,59.99,29.99,30.000000000000004,100.03334444814939,9,23,7.0,53.82561643835617,14.0,0
2024-05-13,59.99,29.99,30.000000000000004,100.03334444814939,10,24,7.0,53.825616438356164,14.0,0
2024-05-14,59.99,29.99,30.000000000000004,100.03334444814939,11,25,7.0,53.825616438356164,14.0,0
2024-05-15,59.99,29.99,30.000000000000004,100.03334444814939,12,26,7.0,53.82561643835617,14.0,0
2024-05-16,59.99,29.99,30.000000000000004,100.03334444814939,13,27,7.0,53.825616438356164,14.0,0
2024-05-17,59.99,29.99,30.000000000000004,100.03334444814939,14,28,7.0,53.82561643835617,14.0,0
2024-05-18,59.99,29.99,30.000000000000004,100.03334444814939,15,29,7.0,53.825616438356164,14.0,0
2024-05-19,59.99,29.99,30.000000000000004,100.03334444814939,16,30,7.0,53.82561643835617,14.0,0
2024-05-20,59.99,29.99,30.000000000000004,100.03334444814939,17,31,7.0,53.825616438356164,14.0,0
2024-05-21,59.99,29.99,30.000000000000004,100.03334444814939,18,32,7.0,53.82561643835617,14.0,0
2024-05-22,59.99,29.99,30.000000000000004,100.03334444814939,19,33,7.0,53.82561643835617,14.0,0
2024-05-23,59.99,29.99,30.000000000000004,100.03334444814939,20,34,7.0,53.825616438356164,14.0,0
2024-05-24,59.99,29.99,30.000000000000004,100.03334444814939,21,35,7.0,53.82561643835617,14.0,0
2024-05-25,59.99,29.99,30.000000000000004,100.03334444814939,22,36,7.0,53.825616438356164,14.0,0
2024-05-26,59.99,29.99,30.000000000000004,100.03334444814939,23,37,7.0,53.82561643835617,14.0,0
2024-05-27,59.99,29.99,30.000000000000004,100.03334444814939,24,38,7.0,53.825616438356164,14.0,0
2024-05-28,59.99,29.99,30.000000000000004,100.03334444814939,25,39,7.0,53.82561643835617,14.0,0
2024-05-29,59.99,29.99,30.000000000000004,100.03334444814939,26,40,7.0,53.825616438356164,14.0,1
2024-05-30,59.99,29.99,30.000000000000004,100.03334444814939,27,41,7.0,53.82561643835617,14.0,1
2024-05-31,59.99,29.99,30.000000000000004,100.03334444814939,28,42,7.0,53.82561643835617,14.0,1
2024-06-01,59.99,29.99,30.000000000000004,100.03334444814939,29,43,7.0,53.825616438356164,14.0,1
2024-06-02,59.99,29.99,30.000000000000004,100.03334444814939,30,44,7.0,53.82561643835617,14.0,1
2024-06-03,59.99,29.99,30.000000000000004,100.03334444814939,31,45,7.0,53.825616438356164,14.0,1
2024-06-04,59.99,29.99,30.000000000000004,100.03334444814939,32,46,7.0,53.82561643835617,14.0,1
2024-06-05,59.99,29.99,30.000000000000004,100.03334444814939,33,47,7.0,53.825616438356164,14.0,1
2024-06-06,59.99,29.99,30.000000000000004,100.03334444814939,34,48,7.0,53.82561643835617,14.0,1
2024-06-07,59.99,29.99,30.000000000000004,100.03334444814939,35,49,7.0,53.825616438356164,14.0,1
2024-06-08,59.99,29.99,30.000000000000004,100.03334444814939,36,50,7.0,53.825616438356164,14.0,1
2024-06-09,59.99,29.99,30.000000000000004,100.03334444814939,37,51,7.0,53.82561643835617,14.0,1
2024-06-10,59.99,29.99,30.000000000000004,100.03334444814939,38,52,7.0,53.825616438356164,14.0,1
2024-06-11,59.99,29.99,30.000000000000004,100.03334444814939,39,53,7.0,53.82561643835617,14.0,1
2024-06-12,59.99,29.99,30.000000000000004,100.03334444814939,40,54,7.0,53.825616438356164,14.0,1
2024-06-13,59.99,29.99,30.000000000000004,100.03334444814939,41,55,7.0,53.82561643835617,14.0,1
2024-06-14,59.99,29.99,30.000000000000004,100.03334444814939,42,56,7.0,53.825616438356164,14.0,1
2024-06-15,59.99,29.99,30.000000000000004,100.03334444814939,43,57,7.0,53.82561643835617,14.0,1
2024-06-16,59.99,29.99,30.000000000000004,100.03334444814939,44,58,7.0,53.82561643835617,14.0,1
2024-06-17,59.99,29.99,30.000000000000004,100.03334444814939,45,59,7.0,53.825616438356164,14.0,1
2024-06-18,59.99,29.99,30.000000000000004,100.03334444814939,46,60,7.0,53.82561643835617,14.0,1
2024-06-19,59.99,29.99,30.000000000000004,100.03334444814939,47,61,7.0,53.825616438356164,14.0,1
2024-06-20,59.99,29.99,30.000000000000004,100.03334444814939,48,62,7.0,53.82561643835617,14.0,1
2024-06-21,59.99,29.99,30.000000000000004,100.03334444814939,49,63,7.0,53.825616438356164,14.0,1
2024-06-22,59.99,29.99,30.000000000000004,100.03334444814939,50,64,7.0,53.82561643835617,14.0,1
2024-06-23,59.99,29.99,30.000000000000004,100.03334444814939,51,65,7.0,53.825616438356164,14.0,1
2024-06-24,59.99,29.99,30.000000000000004,100.03334444814939,52,66,7.0,53.82561643835617,14.0,1
2024-06-25,59.99,29.99,30.000000000000004,100.03334444814939,53,67,7.0,53.82561643835617,14.0,1
2024-06-26,59.99,29.99,30.000000000000004,100.03334444814939,54,68,7.0,53.825616438356164,14.0,1
2024-06-27,59.99,29.99,30.000000000000004,100.03334444814939,55,69,7.0,53.82561643835617,14.0,1
2024-06-28,29.99,29.99,0.0,0.0,0,0,7.0,53.825616438356164,14.0,0
2024-06-29,29.99,29.99,0.0,0.0,1,1,8.0,53.743424657534256,15.0,0
2024-06-30,29.99,29.99,0.0,0.0,2,2,7.0,53.74342465753424,14.0,0
2024-07-01,29.99,29.99,0.0,0.0,3,3,7.0,53.743424657534256,14.0,0
2024-07-02,29.99,29.99,0.0,0.0,4,4,7.0,53.74342465753424,14.0,0
2024-07-03,29.99,29.99,0.0,0.0,5,5,7.0,53.74342465753424,14.0,0
2024-07-04,29.99,29.99,0.0,0.0,6,6,7.0,53.743424657534256,14.0,0
2024-07-05,29.99,29.99,0.0,0.0,7,7,7.0,53.74342465753424,14.0,0
2024-07-06,29.99,29.99,0.0,0.0,8,8,7.0,53.743424657534256,14.0,0
2024-07-07,29.99,29.99,0.0,0.0,9,9,7.0,53.74342465753424,14.0,0
2024-07-08,29.99,29.99,0.0,0.0,10,10,7.0,53.743424657534256,14.0,0
2024-07-09,29.99,29.99,0.0,0.0,11,11,7.0,53.74342465753424,14.0,0
2024-07-10,29.99,29.99,0.0,0.0,12,12,7.0,53.743424657534256,14.0,0
2024-07-11,29.99,29.99,0.0,0.0,13,13,7.0,53.743424657534256,14.0,0
2024-07-12,59.99,29.99,30.000000000000004,100.03334444814939,0,14,7.0,53.74342465753424,14.0,0
2024-07-13,59.99,29.99,30.000000000000004,100.03334444814939,1,15,7.0,53.82561643835617,15.0,0
2024-07-14,59.99,29.99,30.000000000000004,100.03334444814939,2,16,7.0,53.825616438356164,14.0,0
2024-07-15,59.99,29.99,30.000000000000004,100.03334444814939,3,17,7.0,53.82561643835617,14.0,0
2024-07-16,59.99,29.99,30.000000000000004,100.03334444814939,4,18,7.0,53.825616438356164,14.0,0
2024-07-17,59.99,29.99,30.000000000000004,100.03334444814939,5,19,7.0,53.82561643835617,14.0,0
2024-07-18,59.99,29.99,30.000000000000004,100.03334444814939,6,20,7.0,53.825616438356164,14.0,0
2024-07-19,59.99,29.99,30.000000000000004,100.03334444814939,7,21,7.0,53.82561643835617,14.0,0
2024-07-20,59.99,29.99,30.000000000000004,100.03334444814939,8,22,7.0,53.82561643835617,14.0,0
2024-07-21,59.99,29.99,30.000000000000004,100.03334444814939,9,23,7.0,53.825616438356164,14.0,0
2024-07-22,59.99,29.99,30.000000000000004,100.03334444814939,10,24,7.0,53.82561643835617,14.0,0
2024-07-23,59.99,29.99,30.000000000000004,100.03334444814939,11,25,7.0,53.825616438356164,14.0,0
2024-07-24,59.99,29.99,30.000000000000004,100.03334444814939,12,26,7.0,53.82561643835617,14.0,0
2024-07-25,59.99,29.99,30.000000000000004,100.03334444814939,13,27,7.0,53.825616438356164,14.0,0
2024-07-26,59.99,29.99,30.000000000000004,100.03334444814939,14,28,7.0,53.82561643835617,14.0,0
2024-07-27,59.99,29.99,30.000000000000004,100.03334444814939,15,29,7.0,53.82561643835617,14.0,0
2024-07-28,59.99,29.99,30.000000000000004,100.03334444814939,16,30,7.0,53.825616438356164,14.0,0
2024-07-29,59.99,29.99,30.000000000000004,100.03334444814939,17,31,7.0,53.82561643835617,14.0,0
2024-07-30,59.99,29.99,30.000000000000004,100.03334444814939,18,32,7.0,53.825616438356164,14.0,0
2024-07-31,59.99,29.99,30.000000000000004,100.03334444814939,19,33,7.0,53.82561643835617,14.0,0
2024-08-01,59.99,29.99,30.000000000000004,100.03334444814939,20,34,7.0,53.825616438356164,14.0,0
2024-08-02,59.99,29.99,30.000000000000004,100.03334444814939,21,35,7.0,53.82561643835617,14.0,0
2024-08-03,59.99,29.99,30.000000000000004,100.03334444814939,22,36,7.0,53.825616438356164,14.0,0
2024-08-04,59.99,29.99,30.000000000000004,100.03334444814939,23,37,7.0,53.82561643835617,14.0,0
2024-08-05,59.99,29.99,30.000000000000004,100.03334444814939,24,38,7.0,53.82561643835617,14.0,0
2024-08-06,59.99,29.99,30.000000000000004,100.03334444814939,25,39,7.0,53.825616438356164,14.0,0
2024-08-07,59.99,29.99,30.000000000000004,100.03334444814939,26,40,7.0,53.82561643835617,14.0,0
2024-08-08,59.99,29.99,30.000000000000004,100.03334444814939,27,41,7.0,53.825616438356164,14.0,0
2024-08-09,59.99,29.99,30.000000000000004,100.03334444814939,28,42,7.0,53.82561643835617,14.0,0
2024-08-10,59.99,29.99,30.000000000000004,100.03334444814939,29,43,7.0,53.825616438356164,14.0,0
2024-08-11,59.99,29.99,30.000000000000004,100.03334444814939,30,44,7.0,53.82561643835617,14.0,0
2024-08-12,59.99,29.99,30.000000000000004,100.03334444814939,31,45,7.0,53.825616438356164,14.0,0
2024-08-13,59.99,29.99,30.000000000000004,100.03334444814939,32,46,7.0,53.825616438356164,14.0,0
2024-08-14,59.99,29.99,30.000000000000004,100.03334444814939,33,47,7.0,53.82561643835617,14.0,0
2024-08-15,59.99,29.99,30.000000000000004,100.03334444814939,34,48,7.0,53.825616438356164,14.0,0
2024-08-16,59.99,29.99,30.000000000000004,100.03334444814939,35,49,7.0,53.82561643835617,14.0,0
2024-08-17,59.99,29.99,30.000000000000004,100.03334444814939,36,50,7.0,53.825616438356164,14.0,0
2024-08-18,59.99,29.99,30.000000000000004,100.03334444814939,37,51,7.0,53.82561643835617,14.0,0
2024-08-19,59.99,29.99,30.000000000000004,100.03334444814939,38,52,7.0,53.825616438356164,14.0,0
2024-08-20,59.99,29.99,30.000000000000004,100.03334444814939,39,53,7.0,53.82561643835617,14.0,0
2024-08-21,59.99,29.99,30.000000000000004,100.03334444814939,40,54,7.0,53.82561643835617,14.0,0
2024-08-22,59.99,29.99,30.000000000000004,100.03334444814939,41,55,7.0,53.825616438356164,14.0,0
2024-08-23,59.99,29.99,30.000000000000004,100.03334444814939,42,56,7.0,53.82561643835617,14.0,0
2024-08-24,59.99,29.99,30.000000000000004,100.03334444814939,43,57,7.0,53.825616438356164,14.0,0
2024-08-25,59.99,29.99,30.000000000000004,100.03334444814939,44,58,7.0,53.82561643835617,14.0,0
2024-08-26,59.99,29.99,30.000000000000004,100.03334444814939,45,59,7.0,53.825616438356164,14.0,0
2024-08-27,59.99,29.99,30.000000000000004,100.03334444814939,46,60,7.0,53.82561643835617,14.0,0
2024-08-28,59.99,29.99,30.000000000000004,100.03334444814939,47,61,7.0,53.825616438356164,14.0,0
2024-08-29,59.99,29.99,30.000000000000004,100.03334444814939,48,62,7.0,53.82561643835617,14.0,0
2024-08-30,59.99,29.99,30.000000000000004,100.03334444814939,49,63,7.0,53.82561643835617,14.0,0
2024-08-31,59.99,29.99,30.000000000000004,100.03334444814939,50,64,7.0,53.825616438356164,14.0,0
2024-09-01,59.99,29.99,30.000000000000004,100.03334444814939,51,65,7.0,53.82561643835617,14.0,0
2024-09-02,59.99,29.99,30.000000000000004,100.03334444814939,52,66,7.0,53.825616438356164,14.0,0
2024-09-03,59.99,29.99,30.000000000000004,100.03334444814939,53,67,7.0,53.82561643835617,14.0,0
2024-09-04,59.99,29.99,30.000000000000004,100.03334444814939,54,68,7.0,53.825616438356164,14.0,0
2024-09-05,59.99,29.99,30.000000000000004,100.03334444814939,55,69,7.0,53.82561643835617,14.0,0
2024-09-06,59.99,29.99,30.000000000000004,100.03334444814939,56,70,7.0,53.825616438356164,14.0,0
2024-09-07,59.99,29.99,30.000000000000004,100.03334444814939,57,71,7.0,53.825616438356164,14.0,0
2024-09-08,59.99,29.99,30.000000000000004,100.03334444814939,58,72,7.0,53.82561643835617,14.0,0
2024-09-09,59.99,29.99,30.000000000000004,100.03334444814939,59,73,7.0,53.825616438356164,14.0,0
2024-09-10,59.99,29.99,30.000000000000004,100.03334444814939,60,74,7.0,53.82561643835617,14.0,0
2024-09-11,59.99,29.99,30.000000000000004,100.03334444814939,61,75,7.0,53.825616438356164,14.0,0
2024-09-12,59.99,29.99,30.000000000000004,100.03334444814939,62,76,7.0,53.82561643835617,14.0,0
2024-09-13,59.99,29.99,30.000000000000004,100.03334444814939,63,77,6.0,53.90780821917808,13.0,0
2024-09-14,59.99,29.99,30.000000000000004,100.03334444814939,64,78,6.0,53.99000000000001,13.0,0
2024-09-15,59.99,29.99,30.000000000000004,100.03334444814939,65,79,6.0,54.072191780821925,13.0,0
2024-09-16,59.99,29.99,30.000000000000004,100.03334444814939,66,80,6.0,54.15438356164383,13.0,0
2024-09-17,59.99,29.99,30.000000000000004,100.03334444814939,67,81,6.0,54.23657534246576,13.0,0
2024-09-18,59.99,29.99,30.000000000000004,100.03334444814939,68,82,6.0,54.318767123287664,13.0,0
2024-09-19,59.99,29.99,30.000000000000004,100.03334444814939,69,83,6.0,54.400958904109594,13.0,0
2024-09-20,59.99,29.99,30.000000000000004,100.03334444814939,70,84,6.0,54.4831506849315,13.0,0
2024-09-21,59.99,29.99,30.000000000000004,100.03334444814939,71,85,6.0,54.56534246575343,13.0,0
2024-09-22,59.99,29.99,30.000000000000004,100.03334444814939,72,86,6.0,54.64753424657534,13.0,0
2024-09-23,59.99,29.99,30.000000000000004,100.03334444814939,73,87,6.0,54.72972602739727,13.0,0
2024-09-24,59.99,29.99,30.000000000000004,100.03334444814939,74,88,6.0,54.811917808219185,13.0,0
2024-09-25,59.99,29.99,30.000000000000004,100.03334444814939,75,89,6.0,54.89410958904109,13.0,0
2024-09-26,59.99,29.99,30.000000000000004,100.03334444814939,76,90,6.0,54.97630136986302,13.0,0
2024-09-27,59.99,29.99,30.000000000000004,100.03334444814939,77,91,6.0,54.97630136986301,12.0,0
2024-09-28,59.99,29.99,30.000000000000004,100.03334444814939,78,92,6.0,54.97630136986302,12.0,0
2024-09-29,59.99,29.99,30.000000000000004,100.03334444814939,79,93,6.0,54.97630136986301,12.0,0
2024-09-30,59.99,29.99,30.000000000000004,100.03334444814939,80,94,6.0,54.97630136986302,12.0,0
2024-10-01,59.99,29.99,30.000000000000004,100.03334444814939,81,95,6.0,54.97630136986301,12.0,0
2024-10-02,59.99,29.99,30.000000000000004,100.03334444814939,82,96,6.0,54.97630136986301,12.0,0
2024-10-03,59.99,29.99,30.000000000000004,100.03334444814939,83,97,6.0,54.97630136986302,12.0,0
2024-10-04,59.99,29.99,30.000000000000004,100.03334444814939,84,98,6.0,54.97630136986301,12.0,0
2024-10-05,59.99,29.99,30.000000000000004,100.03334444814939,85,99,6.0,54.97630136986302,12.0,0
2024-10-06,59.99,29.99,30.000000000000004,100.03334444814939,86,100,6.0,54.97630136986301,12.0,0
2024-10-07,59.99,29.99,30.000000000000004,100.03334444814939,87,101,6.0,54.97630136986302,12.0,0
2024-10-08,59.99,29.99,30.000000000000004,100.03334444814939,88,102,6.0,54.97630136986301,12.0,0
2024-10-09,59.99,29.99,30.000000000000004,100.03334444814939,89,103,6.0,54.97630136986302,12.0,0
2024-10-10,59.99,29.99,30.000000000000004,100.03334444814939,90,104,6.0,54.97630136986302,12.0,0
2024-10-11,59.99,29.99,30.000000000000004,100.03334444814939,91,105,6.0,54.97630136986301,12.0,0
2024-10-12,59.99,29.99,30.000000000000004,100.03334444814939,92,106,6.0,54.97630136986302,12.0,0
2024-10-13,59.99,29.99,30.000000000000004,100.03334444814939,93,107,6.0,54.97630136986301,12.0,0
2024-10-14,59.99,29.99,30.000000000000004,100.03334444814939,94,108,6.0,54.97630136986302,12.0,0
2024-10-15,59.99,29.99,30.000000000000004,100.03334444814939,95,109,6.0,54.97630136986301,12.0,0
2024-10-16,59.99,29.99,30.000000000000004,100.03334444814939,96,110,6.0,54.97630136986302,12.0,0
2024-10-17,59.99,29.99,30.000000000000004,100.03334444814939,97,111,6.0,54.97630136986301,12.0,0
2024-10-18,59.99,29.99,30.000000000000004,100.03334444814939,98,112,6.0,54.97630136986302,12.0,0
2024-10-19,59.99,29.99,30.000000000000004,100.03334444814939,99,113,6.0,54.97630136986302,12.0,0
2024-10-20,59.99,29.99,30.000000000000004,100.03334444814939,100,114,6.0,54.97630136986301,12.0,0
2024-10-21,59.99,29.99,30.000000000000004,100.03334444814939,101,115,6.0,54.97630136986302,12.0,0
2024-10-22,59.99,29.99,30.000000000000004,100.03334444814939,102,116,6.0,54.97630136986301,12.0,0
2024-10-23,59.99,29.99,30.000000000000004,100.03334444814939,103,117,6.0,54.97630136986302,12.0,0
2024-10-24,59.99,29.99,30.000000000000004,100.03334444814939,104,118,6.0,54.97630136986301,12.0,0
2024-10-25,59.99,29.99,30.000000000000004,100.03334444814939,105,119,6.0,54.97630136986302,12.0,0
2024-10-26,59.99,29.99,30.000000000000004,100.03334444814939,106,120,6.0,54.97630136986302,12.0,0
2024-10-27,59.99,29.99,30.000000000000004,100.03334444814939,107,121,6.0,54.97630136986301,12.0,0
2024-10-28,59.99,29.99,30.000000000000004,100.03334444814939,108,122,6.0,54.97630136986302,12.0,0
2024-10-29,59.99,29.99,30.000000000000004,100.03334444814939,109,123,6.0,54.97630136986301,12.0,1
2024-10-30,59.99,29.99,30.000000000000004,100.03334444814939,110,124,6.0,54.97630136986302,12.0,1
2024-10-31,59.99,29.99,30.000000000000004,100.03334444814939,111,125,6.0,54.97630136986301,12.0,1
2024-11-01,59.99,29.99,30.000000000000004,100.03334444814939,112,126,6.0,54.97630136986302,12.0,1
2024-11-02,59.99,29.99,30.000000000000004,100.03334444814939,113,127,6.0,54.97630136986301,12.0,1
2024-11-03,59.99,29.99,30.000000000000004,100.03334444814939,114,128,6.0,54.97630136986302,12.0,1
2024-11-04,59.99,29.99,30.000000000000004,100.03334444814939,115,129,6.0,54.97630136986302,12.0,1
2024-11-05,59.99,29.99,30.000000000000004,100.03334444814939,116,130,6.0,54.97630136986301,12.0,1
2024-11-06,59.99,29.99,30.000000000000004,100.03334444814939,117,131,6.0,54.97630136986302,12.0,1
2024-11-07,59.99,29.99,30.000000000000004,100.03334444814939,118,132,6.0,54.97630136986301,12.0,1
2024-11-08,59.99,29.99,30.000000000000004,100.03334444814939,119,133,6.0,54.97630136986302,12.0,1
2024-11-09,59.99,29.99,30.000000000000004,100.03334444814939,120,134,6.0,54.97630136986301,12.0,1
2024-11-10,59.99,29.99,30.000000000000004,100.03334444814939,121,135,6.0,54.97630136986302,12.0,1
2024-11-11,59.99,29.99,30.000000000000004,100.03334444814939,122,136,6.0,54.97630136986301,12.0,1
2024-11-12,59.99,29.99,30.000000000000004,100.03334444814939,123,137,6.0,54.97630136986301,12.0,1
2024-11-13,59.99,29.99,30.000000000000004,100.03334444814939,124,138,6.0,54.97630136986302,12.0,1
2024-11-14,59.99,29.99,30.000000000000004,100.03334444814939,125,139,6.0,54.97630136986301,12.0,1
2024-11-15,59.99,29.99,30.000000000000004,100.03334444814939,126,140,6.0,54.97630136986302,12.0,1
2024-11-16,59.99,29.99,30.000000000000004,100.03334444814939,127,141,5.0,55.058493150684924,11.0,1
2024-11-17,59.99,29.99,30.000000000000004,100.03334444814939,128,142,5.0,55.140684931506854,11.0,1
2024-11-18,59.99,29.99,30.000000000000004,100.03334444814939,129,143,5.0,55.22287671232876,11.0,1
2024-11-19,59.99,29.99,30.000000000000004,100.03334444814939,130,144,5.0,55.30506849315069,11.0,1
2024-11-20,59.99,29.99,30.000000000000004,100.03334444814939,131,145,5.0,55.38726027397261,11.0,1
2024-11-21,59.99,29.99,30.000000000000004,100.03334444814939,132,146,5.0,55.3872602739726,10.0,1
2024-11-22,59.99,29.99,30.000000000000004,100.03334444814939,133,147,4.0,55.46945205479452,9.0,1
2024-11-23,59.99,29.99,30.000000000000004,100.03334444814939,134,148,4.0,55.55164383561643,9.0,1
2024-11-24,59.99,29.99,30.000000000000004,100.03334444814939,135,149,4.0,55.63383561643836,9.0,1
2024-11-25,59.99,29.99,30.000000000000004,100.03334444814939,136,150,4.0,55.71602739726027,9.0,1
2024-11-26,59.99,29.99,30.000000000000004,100.03334444814939,137,151,4.0,55.7982191780822,9.0,1
2024-11-27,59.99,29.99,30.000000000000004,100.03334444814939,138,152,4.0,55.88041095890411,9.0,1
2024-11-28,29.99,29.99,0.0,0.0,0,0,4.0,55.96260273972603,9.0,0
2024-11-29,29.99,29.99,0.0,0.0,1,1,5.0,55.880410958904115,9.0,0
2024-11-30,29.99,29.99,0.0,0.0,2,2,5.0,55.798219178082185,9.0,0
2024-12-01,29.99,29.99,0.0,0.0,3,3,5.0,55.71602739726028,9.0,0
2024-12-02,29.99,29.99,0.0,0.0,4,4,5.0,55.633835616438354,9.0,0
2024-12-03,29.99,29.99,0.0,0.0,5,5,5.0,55.551643835616446,9.0,0
2024-12-04,29.99,29.99,0.0,0.0,6,6,5.0,55.469452054794516,9.0,0
2024-12-05,59.99,29.99,30.000000000000004,100.03334444814939,0,7,5.0,55.38726027397261,9.0,1
2024-12-06,59.99,29.99,30.000000000000004,100.03334444814939,1,8,5.0,55.3872602739726,10.0,1
2024-12-07,59.99,29.99,30.000000000000004,100.03334444814939,2,9,5.0,55.3872602739726,10.0,1
2024-12-08,59.99,29.99,30.000000000000004,100.03334444814939,3,10,5.0,55.38726027397261,10.0,1
2024-12-09,59.99,29.99,30.000000000000004,100.03334444814939,4,11,5.0,55.3872602739726,10.0,1
2024-12-10,59.99,29.99,30.000000000000004,100.03334444814939,5,12,5.0,55.38726027397261,10.0,1
2024-12-11,59.99,29.99,30.000000000000004,100.03334444814939,6,13,5.0,55.3872602739726,10.0,1
2024-12-12,59.99,29.99,30.000000000000004,100.03334444814939,7,14,5.0,55.38726027397261,10.0,1
2024-12-13,59.99,29.99,30.000000000000004,100.03334444814939,8,15,5.0,55.3872602739726,10.0,1
2024-12-14,59.99,29.99,30.000000000000004,100.03334444814939,9,16,5.0,55.38726027397261,10.0,1
2024-12-15,59.99,29.99,30.000000000000004,100.03334444814939,10,17,5.0,55.38726027397261,10.0,1
2024-12-16,59.99,29.99,30.000000000000004,100.03334444814939,11,18,5.0,55.3872602739726,10.0,1
2024-12-17,59.99,29.99,30.000000000000004,100.03334444814939,12,19,5.0,55.38726027397261,10.0,1
2024-12-18,59.99,29.99,30.000000000000004,100.03334444814939,13,20,5.0,55.3872602739726,10.0,1
2024-12-19,59.99,29.99,30.000000000000004,100.03334444814939,14,21,5.0,55.38726027397261,10.0,1
2024-12-20,29.99,29.99,0.0,0.0,0,0,5.0,55.3872602739726,10.0,0
2024-12-21,29.99,29.99,0.0,0.0,1,1,6.0,55.30506849315069,11.0,0
2024-12-22,29.99,29.99,0.0,0.0,2,2,5.0,55.30506849315068,10.0,0
2024-12-23,29.99,29.99,0.0,0.0,3,3,5.0,55.30506849315069,10.0,0
2024-12-24,29.99,29.99,0.0,0.0,4,4,5.0,55.30506849315069,10.0,0
2024-12-25,29.99,29.99,0.0,0.0,5,5,5.0,55.30506849315068,10.0,0
2024-12-26,29.99,29.99,0.0,0.0,6,6,5.0,55.30506849315069,10.0,0
2024-12-27,29.99,29.99,0.0,0.0,7,7,5.0,55.30506849315068,10.0,0
2024-12-28,29.99,29.99,0.0,0.0,8,8,5.0,55.30506849315069,10.0,0
2024-12-29,29.99,29.99,0.0,0.0,9,9,5.0,55.30506849315068,10.0,0
2024-12-30,29.99,29.99,0.0,0.0,10,10,5.0,55.30506849315069,10.0,0
2024-12-31,29.99,29.99,0.0,0.0,11,11,5.0,55.30506849315068,10.0,0
2025-01-01,29.99,29.99,0.0,0.0,12,12,5.0,55.30506849315068,10.0,0
2025-01-02,29.99,29.99,0.0,0.0,13,13,5.0,55.30506849315069,10.0,0
2025-01-03,59.99,29.99,30.000000000000004,100.03334444814939,0,14,5.0,55.30506849315068,10.0,0
2025-01-04,59.99,29.99,30.000000000000004,100.03334444814939,1,15,5.0,55.38726027397261,11.0,0
2025-01-05,59.99,29.99,30.000000000000004,100.03334444814939,2,16,5.0,55.3872602739726,10.0,0
2025-01-06,59.99,29.99,30.000000000000004,100.03334444814939,3,17,5.0,55.38726027397261,10.0,0
2025-01-07,59.99,29.99,30.000000000000004,100.03334444814939,4,18,5.0,55.3872602739726,10.0,0
2025-01-08,59.99,29.99,30.000000000000004,100.03334444814939,5,19,5.0,55.38726027397261,10.0,0
2025-01-09,59.99,29.99,30.000000000000004,100.03334444814939,6,20,5.0,55.38726027397261,10.0,0
2025-01-10,59.99,29.99,30.000000000000004,100.03334444814939,7,21,5.0,55.3872602739726,10.0,0
2025-01-11,59.99,29.99,30.000000000000004,100.03334444814939,8,22,5.0,55.38726027397261,10.0,0
2025-01-12,59.99,29.99,30.000000000000004,100.03334444814939,9,23,5.0,55.3872602739726,10.0,0
2025-01-13,59.99,29.99,30.000000000000004,100.03334444814939,10,24,5.0,55.38726027397261,10.0,0
2025-01-14,59.99,29.99,30.000000000000004,100.03334444814939,11,25,5.0,55.3872602739726,10.0,0
2025-01-15,59.99,29.99,30.000000000000004,100.03334444814939,12,26,5.0,55.38726027397261,10.0,0
2025-01-16,59.99,29.99,30.000000000000004,100.03334444814939,13,27,5.0,55.3872602739726,10.0,0
2025-01-17,59.99,29.99,30.000000000000004,100.03334444814939,14,28,5.0,55.38726027397261,10.0,0
2025-01-18,59.99,29.99,30.000000000000004,100.03334444814939,15,29,5.0,55.38726027397261,10.0,0
2025-01-19,59.99,29.99,30.000000000000004,100.03334444814939,16,30,5.0,55.3872602739726,10.0,0
2025-01-20,59.99,29.99,30.000000000000004,100.03334444814939,17,31,5.0,55.38726027397261,10.0,0
2025-01-21,59.99,29.99,30.000000000000004,100.03334444814939,18,32,5.0,55.3872602739726,10.0,0
2025-01-22,59.99,29.99,30.000000000000004,100.03334444814939,19,33,5.0,55.38726027397261,10.0,0
2025-01-23,59.99,29.99,30.000000000000004,100.03334444814939,20,34,5.0,55.3872602739726,10.0,0
2025-01-24,59.99,29.99,30.000000000000004,100.03334444814939,21,35,5.0,55.38726027397261,10.0,0
2025-01-25,59.99,29.99,30.000000000000004,100.03334444814939,22,36,5.0,55.38726027397261,10.0,0
2025-01-26,59.99,29.99,30.000000000000004,100.03334444814939,23,37,5.0,55.3872602739726,10.0,0
2025-01-27,59.99,29.99,30.000000000000004,100.03334444814939,24,38,5.0,55.38726027397261,10.0,0
2025-01-28,59.99,29.99,30.000000000000004,100.03334444814939,25,39,5.0,55.3872602739726,10.0,0
2025-01-29,59.99,29.99,30.000000000000004,100.03334444814939,26,40,5.0,55.38726027397261,10.0,0
2025-01-30,59.99,29.99,30.000000000000004,100.03334444814939,27,41,5.0,55.3872602739726,10.0,0
2025-01-31,59.99,29.99,30.000000000000004,100.03334444814939,28,42,5.0,55.38726027397261,10.0,0
2025-02-01,59.99,29.99,30.000000000000004,100.03334444814939,29,43,5.0,55.3872602739726,10.0,0
2025-02-02,59.99,29.99,30.000000000000004,100.03334444814939,30,44,5.0,55.38726027397261,10.0,0
2025-02-03,59.99,29.99,30.000000000000004,100.03334444814939,31,45,5.0,55.38726027397261,10.0,0
2025-02-04,59.99,29.99,30.000000000000004,100.03334444814939,32,46,5.0,55.3872602739726,10.0,0
2025-02-05,59.99,29.99,30.000000000000004,100.03334444814939,33,47,5.0,55.38726027397261,10.0,1
2025-02-06,59.99,29.99,30.000000000000004,100.03334444814939,34,48,5.0,55.3872602739726,10.0,1
2025-02-07,59.99,29.99,30.000000000000004,100.03334444814939,35,49,5.0,55.38726027397261,10.0,1
2025-02-08,59.99,29.99,30.000000000000004,100.03334444814939,36,50,5.0,55.3872602739726,10.0,1
2025-02-09,59.99,29.99,30.000000000000004,100.03334444814939,37,51,5.0,55.38726027397261,10.0,1
2025-02-10,59.99,29.99,30.000000000000004,100.03334444814939,38,52,5.0,55.3872602739726,10.0,1
2025-02-11,59.99,29.99,30.000000000000004,100.03334444814939,39,53,5.0,55.38726027397261,10.0,1
2025-02-12,59.99,29.99,30.000000000000004,100.03334444814939,40,54,5.0,55.38726027397261,10.0,1
2025-02-13,59.99,29.99,30.000000000000004,100.03334444814939,41,55,5.0,55.3872602739726,10.0,1
2025-02-14,59.99,29.99,30.000000000000004,100.03334444814939,42,56,5.0,55.38726027397261,10.0,1
2025-02-15,59.99,29.99,30.000000000000004,100.03334444814939,43,57,5.0,55.3872602739726,10.0,1
2025-02-16,59.99,29.99,30.000000000000004,100.03334444814939,44,58,5.0,55.38726027397261,10.0,1
2025-02-17,59.99,29.99,30.000000000000004,100.03334444814939,45,59,5.0,55.3872602739726,10.0,1
2025-02-18,59.99,29.99,30.000000000000004,100.03334444814939,46,60,5.0,55.38726027397261,10.0,1
2025-02-19,59.99,29.99,30.000000000000004,100.03334444814939,47,61,5.0,55.38726027397261,10.0,1
2025-02-20,59.99,29.99,30.000000000000004,100.03334444814939,48,62,5.0,55.3872602739726,10.0,1
2025-02-21,59.99,29.99,30.000000000000004,100.03334444814939,49,63,5.0,55.38726027397261,10.0,1
2025-02-22,59.99,29.99,30.000000000000004,100.03334444814939,50,64,5.0,55.3872602739726,10.0,1
2025-02-23,59.99,29.99,30.000000000000004,100.03334444814939,51,65,5.0,55.38726027397261,10.0,1
2025-02-24,59.99,29.99,30.000000000000004,100.03334444814939,52,66,5.0,55.3872602739726,10.0,1
2025-02-25,59.99,29.99,30.000000000000004,100.03334444814939,53,67,5.0,55.38726027397261,10.0,1
2025-02-26,59.99,29.99,30.000000000000004,100.03334444814939,54,68,5.0,55.3872602739726,10.0,1
2025-02-27,59.99,29.99,30.000000000000004,100.03334444814939,55,69,5.0,55.38726027397261,10.0,1
2025-02-28,59.99,29.99,30.000000000000004,100.03334444814939,56,70,5.0,55.38726027397261,10.0,1
2025-03-01,59.99,29.99,30.000000000000004,100.03334444814939,57,71,5.0,55.3872602739726,10.0,1
2025-03-02,59.99,29.99,30.000000000000004,100.03334444814939,58,72,5.0,55.38726027397261,10.0,1
2025-03-03,59.99,29.99,30.000000000000004,100.03334444814939,59,73,5.0,55.3872602739726,10.0,1
2025-03-04,59.99,29.99,30.000000000000004,100.03334444814939,60,74,5.0,55.38726027397261,10.0,1
2025-03-05,59.99,29.99,30.000000000000004,100.03334444814939,61,75,5.0,55.3872602739726,10.0,1
2025-03-06,59.99,29.99,30.000000000000004,100.03334444814939,62,76,5.0,55.38726027397261,10.0,1
2025-03-07,29.99,29.99,0.0,0.0,0,0,5.0,55.3872602739726,10.0,0
2025-03-08,29.99,29.99,0.0,0.0,1,1,6.0,55.30506849315069,11.0,0
2025-03-09,29.99,29.99,0.0,0.0,2,2,6.0,55.22287671232877,11.0,0
2025-03-10,29.99,29.99,0.0,0.0,3,3,6.0,55.14068493150685,11.0,0
2025-03-11,29.99,29.99,0.0,0.0,4,4,6.0,55.05849315068494,11.0,0
2025-03-12,29.99,29.99,0.0,0.0,5,5,6.0,54.97630136986301,11.0,0
2025-03-13,29.99,29.99,0.0,0.0,6,6,6.0,54.8941095890411,11.0,0
2025-03-14,29.99,29.99,0.0,0.0,7,7,6.0,54.81191780821917,11.0,0
2025-03-15,29.99,29.99,0.0,0.0,8,8,6.0,54.72972602739727,11.0,0
2025-03-16,29.99,29.99,0.0,0.0,9,9,5.0,54.72972602739727,10.0,0
2025-03-17,29.99,29.99,0.0,0.0,10,10,5.0,54.729726027397255,10.0,0
2025-03-18,29.99,29.99,0.0,0.0,11,11,5.0,54.72972602739727,10.0,0
2025-03-19,29.99,29.99,0.0,0.0,12,12,5.0,54.729726027397255,10.0,0
2025-03-20,29.99,29.99,0.0,0.0,13,13,5.0,54.72972602739727,10.0,0
2025-03-21,59.99,29.99,30.000000000000004,100.03334444814939,0,14,5.0,54.729726027397255,10.0,0
2025-03-22,59.99,29.99,30.000000000000004,100.03334444814939,1,15,5.0,54.811917808219185,11.0,0
2025-03-23,59.99,29.99,30.000000000000004,100.03334444814939,2,16,5.0,54.81191780821917,10.0,0
2025-03-24,59.99,29.99,30.000000000000004,100.03334444814939,3,17,5.0,54.811917808219185,10.0,0
2025-03-25,59.99,29.99,30.000000000000004,100.03334444814939,4,18,5.0,54.811917808219185,10.0,0
2025-03-26,59.99,29.99,30.000000000000004,100.03334444814939,5,19,5.0,54.81191780821917,10.0,0
2025-03-27,59.99,29.99,30.000000000000004,100.03334444814939,6,20,5.0,54.811917808219185,10.0,0
2025-03-28,59.99,29.99,30.000000000000004,100.03334444814939,7,21,5.0,54.81191780821917,10.0,0
2025-03-29,59.99,29.99,30.000000000000004,100.03334444814939,8,22,5.0,54.811917808219185,10.0,0
2025-03-30,59.99,29.99,30.000000000000004,100.03334444814939,9,23,5.0,54.81191780821917,10.0,0
2025-03-31,59.99,29.99,30.000000000000004,100.03334444814939,10,24,5.0,54.811917808219185,10.0,0
2025-04-01,59.99,29.99,30.000000000000004,100.03334444814939,11,25,5.0,54.81191780821917,10.0,0
2025-04-02,59.99,29.99,30.000000000000004,100.03334444814939,12,26,5.0,54.81191780821917,10.0,0
2025-04-03,59.99,29.99,30.000000000000004,100.03334444814939,13,27,5.0,54.811917808219185,10.0,0
2025-04-04,59.99,29.99,30.000000000000004,100.03334444814939,14,28,5.0,54.81191780821917,10.0,0
2025-04-05,59.99,29.99,30.000000000000004,100.03334444814939,15,29,5.0,54.811917808219185,10.0,0
2025-04-06,59.99,29.99,30.000000000000004,100.03334444814939,16,30,5.0,54.81191780821917,10.0,0
2025-04-07,59.99,29.99,30.000000000000004,100.03334444814939,17,31,5.0,54.811917808219185,10.0,0
2025-04-08,59.99,29.99,30.000000000000004,100.03334444814939,18,32,5.0,54.81191780821917,10.0,0
2025-04-09,59.99,29.99,30.000000000000004,100.03334444814939,19,33,5.0,54.811917808219185,10.0,0
2025-04-10,59.99,29.99,30.000000000000004,100.03334444814939,20,34,5.0,54.811917808219185,10.0,0
2025-04-11,59.99,29.99,30.000000000000004,100.03334444814939,21,35,5.0,54.81191780821917,10.0,0
2025-04-12,59.99,29.99,30.000000000000004,100.03334444814939,22,36,5.0,54.811917808219185,10.0,0
2025-04-13,59.99,29.99,30.000000000000004,100.03334444814939,23,37,5.0,54.81191780821917,10.0,0
2025-04-14,59.99,29.99,30.000000000000004,100.03334444814939,24,38,5.0,54.811917808219185,10.0,0
2025-04-15,59.99,29.99,30.000000000000004,100.03334444814939,25,39,5.0,54.81191780821917,10.0,0
2025-04-16,59.99,29.99,30.000000000000004,100.03334444814939,26,40,5.0,54.811917808219185,10.0,0
2025-04-17,59.99,29.99,30.000000000000004,100.03334444814939,27,41,5.0,54.81191780821917,10.0,0
2025-04-18,59.99,29.99,30.000000000000004,100.03334444814939,28,42,5.0,54.811917808219185,10.0,0
2025-04-19,59.99,29.99,30.000000000000004,100.03334444814939,29,43,5.0,54.811917808219185,10.0,0
2025-04-20,59.99,29.99,30.000000000000004,100.03334444814939,30,44,4.0,54.89410958904109,9.0,0
2025-04-21,59.99,29.99,30.000000000000004,100.03334444814939,31,45,4.0,54.97630136986302,9.0,0
2025-04-22,59.99,29.99,30.000000000000004,100.03334444814939,32,46,4.0,55.058493150684924,9.0,0
2025-04-23,59.99,29.99,30.000000000000004,100.03334444814939,33,47,4.0,55.140684931506854,9.0,0
2025-04-24,59.99,29.99,30.000000000000004,100.03334444814939,34,48,4.0,55.22287671232876,9.0,0
2025-04-25,59.99,29.99,30.000000000000004,100.03334444814939,35,49,4.0,55.30506849315069,9.0,0
2025-04-26,59.99,29.99,30.000000000000004,100.03334444814939,36,50,4.0,55.3872602739726,9.0,0
2025-04-27,59.99,29.99,30.000000000000004,100.03334444814939,37,51,4.0,55.469452054794516,9.0,0
2025-04-28,59.99,29.99,30.000000000000004,100.03334444814939,38,52,4.0,55.551643835616446,9.0,0
2025-04-29,59.99,29.99,30.000000000000004,100.03334444814939,39,53,4.0,55.633835616438354,9.0,0
2025-04-30,59.99,29.99,30.000000000000004,100.03334444814939,40,54,4.0,55.71602739726028,9.0,0
2025-05-01,59.99,29.99,30.000000000000004,100.03334444814939,41,55,4.0,55.798219178082185,9.0,0
2025-05-02,59.99,29.99,30.000000000000004,100.03334444814939,42,56,4.0,55.880410958904115,9.0,1
2025-05-03,59.99,29.99,30.000000000000004,100.03334444814939,43,57,4.0,55.96260273972602,9.0,1
2025-05-04,59.99,29.99,30.000000000000004,100.03334444814939,44,58,4.0,55.96260273972603,8.0,1
2025-05-05,59.99,29.99,30.000000000000004,100.03334444814939,45,59,4.0,55.96260273972603,8.0,1
2025-05-06,59.99,29.99,30.000000000000004,100.03334444814939,46,60,4.0,55.96260273972602,8.0,1
2025-05-07,59.99,29.99,30.000000000000004,100.03334444814939,47,61,4.0,55.96260273972603,8.0,1
2025-05-08,59.99,29.99,30.000000000000004,100.03334444814939,48,62,4.0,55.96260273972602,8.0,1
2025-05-09,59.99,29.99,30.000000000000004,100.03334444814939,49,63,4.0,55.96260273972603,8.0,1
2025-05-10,59.99,29.99,30.000000000000004,100.03334444814939,50,64,4.0,55.96260273972602,8.0,1
2025-05-11,59.99,29.99,30.000000000000004,100.03334444814939,51,65,4.0,55.96260273972603,8.0,1
2025-05-12,59.99,29.99,30.000000000000004,100.03334444814939,52,66,4.0,55.96260273972602,8.0,1
2025-05-13,59.99,29.99,30.000000000000004,100.03334444814939,53,67,4.0,55.96260273972603,8.0,1
2025-05-14,59.99,29.99,30.000000000000004,100.03334444814939,54,68,4.0,55.96260273972603,8.0,1
2025-05-15,59.99,29.99,30.000000000000004,100.03334444814939,55,69,4.0,55.96260273972602,8.0,1
2025-05-16,59.99,29.99,30.000000000000004,100.03334444814939,56,70,4.0,55.96260273972603,8.0,1
2025-05-17,59.99,29.99,30.000000000000004,100.03334444814939,57,71,4.0,55.96260273972602,8.0,1
2025-05-18,59.99,29.99,30.000000000000004,100.03334444814939,58,72,4.0,55.96260273972603,8.0,1
2025-05-19,59.99,29.99,30.000000000000004,100.03334444814939,59,73,4.0,55.96260273972602,8.0,1
2025-05-20,59.99,29.99,30.000000000000004,100.03334444814939,60,74,4.0,55.96260273972603,8.0,1
2025-05-21,59.99,29.99,30.000000000000004,100.03334444814939,61,75,4.0,55.96260273972603,8.0,1
2025-05-22,59.99,29.99,30.000000000000004,100.03334444814939,62,76,4.0,55.96260273972602,8.0,1
2025-05-23,59.99,29.99,30.000000000000004,100.03334444814939,63,77,4.0,55.96260273972603,8.0,1
2025-05-24,59.99,29.99,30.000000000000004,100.03334444814939,64,78,4.0,55.96260273972602,8.0,1
2025-05-25,59.99,29.99,30.000000000000004,100.03334444814939,65,79,4.0,55.96260273972603,8.0,1
2025-05-26,59.99,29.99,30.000000000000004,100.03334444814939,66,80,4.0,55.96260273972602,8.0,1
2025-05-27,59.99,29.99,30.000000000000004,100.03334444814939,67,81,4.0,55.96260273972603,8.0,1
2025-05-28,59.99,29.99,30.000000000000004,100.03334444814939,68,82,4.0,55.96260273972602,8.0,1
2025-05-29,59.99,29.99,30.000000000000004,100.03334444814939,69,83,4.0,55.96260273972603,8.0,1
2025-05-30,59.99,29.99,30.000000000000004,100.03334444814939,70,84,4.0,55.96260273972603,8.0,1
2025-05-31,59.99,29.99,30.000000000000004,100.03334444814939,71,85,4.0,55.96260273972602,8.0,1
2025-06-01,29.99,29.99,0.0,0.0,0,0,4.0,55.96260273972603,8.0,0
2025-06-02,29.99,29.99,0.0,0.0,1,1,5.0,55.88041095890411,9.0,0
2025-06-03,29.99,29.99,0.0,0.0,2,2,5.0,55.7982191780822,9.0,0
2025-06-04,29.99,29.99,0.0,0.0,3,3,5.0,55.71602739726027,9.0,0
2025-06-05,29.99,29.99,0.0,0.0,4,4,5.0,55.63383561643836,9.0,0
2025-06-06,29.99,29.99,0.0,0.0,5,5,5.0,55.55164383561643,9.0,0
2025-06-07,29.99,29.99,0.0,0.0,6,6,5.0,55.46945205479452,9.0,0
2025-06-08,29.99,29.99,0.0,0.0,7,7,5.0,55.38726027397261,9.0,0
2025-06-09,29.99,29.99,0.0,0.0,8,8,5.0,55.30506849315068,9.0,0
2025-06-10,29.99,29.99,0.0,0.0,9,9,5.0,55.22287671232877,9.0,0
2025-06-11,29.99,29.99,0.0,0.0,10,10,5.0,55.14068493150685,9.0,0
2025-06-12,29.99,29.99,0.0,0.0,11,11,5.0,55.05849315068494,9.0,0
2025-06-13,59.99,29.99,30.000000000000004,100.03334444814939,0,12,5.0,54.97630136986301,9.0,0
2025-06-14,59.99,29.99,30.000000000000004,100.03334444814939,1,13,5.0,54.97630136986302,10.0,0
2025-06-15,59.99,29.99,30.000000000000004,100.03334444814939,2,14,5.0,54.97630136986302,10.0,0
2025-06-16,59.99,29.99,30.000000000000004,100.03334444814939,3,15,5.0,54.97630136986301,10.0,0
2025-06-17,59.99,29.99,30.000000000000004,100.03334444814939,4,16,5.0,54.97630136986302,10.0,0
2025-06-18,59.99,29.99,30.000000000000004,100.03334444814939,5,17,5.0,54.97630136986301,10.0,0
2025-06-19,59.99,29.99,30.000000000000004,100.03334444814939,6,18,5.0,54.97630136986302,10.0,0
2025-06-20,59.99,29.99,30.000000000000004,100.03334444814939,7,19,5.0,54.97630136986301,10.0,0
2025-06-21,59.99,29.99,30.000000000000004,100.03334444814939,8,20,5.0,54.97630136986302,10.0,0
2025-06-22,59.99,29.99,30.000000000000004,100.03334444814939,9,21,5.0,54.97630136986301,10.0,0
2025-06-23,59.99,29.99,30.000000000000004,100.03334444814939,10,22,5.0,54.97630136986302,10.0,0
2025-06-24,59.99,29.99,30.000000000000004,100.03334444814939,11,23,5.0,54.97630136986302,10.0,0
2025-06-25,59.99,29.99,30.000000000000004,100.03334444814939,12,24,5.0,54.97630136986301,10.0,0
2025-06-26,59.99,29.99,30.000000000000004,100.03334444814939,13,25,5.0,54.97630136986302,10.0,0
2025-06-27,59.99,29.99,30.000000000000004,100.03334444814939,14,26,5.0,54.97630136986301,10.0,0
2025-06-28,59.99,29.99,30.000000000000004,100.03334444814939,15,27,5.0,54.97630136986302,10.0,0
2025-06-29,59.99,29.99,30.000000000000004,100.03334444814939,16,28,4.0,55.058493150684924,9.0,0
2025-06-30,59.99,29.99,30.000000000000004,100.03334444814939,17,29,4.0,55.140684931506854,9.0,0
2025-07-01,59.99,29.99,30.000000000000004,100.03334444814939,18,30,4.0,55.22287671232876,9.0,0
2025-07-02,59.99,29.99,30.000000000000004,100.03334444814939,19,31,4.0,55.30506849315069,9.0,0
2025-07-03,59.99,29.99,30.000000000000004,100.03334444814939,20,32,4.0,55.38726027397261,9.0,0
2025-07-04,59.99,29.99,30.000000000000004,100.03334444814939,21,33,4.0,55.469452054794516,9.0,0
2025-07-05,59.99,29.99,30.000000000000004,100.03334444814939,22,34,4.0,55.551643835616446,9.0,0
2025-07-06,59.99,29.99,30.000000000000004,100.03334444814939,23,35,4.0,55.633835616438354,9.0,0
2025-07-07,59.99,29.99,30.000000000000004,100.03334444814939,24,36,4.0,55.71602739726028,9.0,0
2025-07-08,59.99,29.99,30.000000000000004,100.03334444814939,25,37,4.0,55.798219178082185,9.0,0
2025-07-09,59.99,29.99,30.000000000000004,100.03334444814939,26,38,4.0,55.880410958904115,9.0,0
2025-07-10,59.99,29.99,30.000000000000004,100.03334444814939,27,39,4.0,55.96260273972603,9.0,0
2025-07-11,59.99,29.99,30.000000000000004,100.03334444814939,28,40,4.0,56.04479452054794,9.0,0
2025-07-12,59.99,29.99,30.000000000000004,100.03334444814939,29,41,4.0,56.12698630136987,9.0,0
2025-07-13,59.99,29.99,30.000000000000004,100.03334444814939,30,42,4.0,56.12698630136986,8.0,0
2025-07-14,59.99,29.99,30.000000000000004,100.03334444814939,31,43,4.0,56.12698630136987,8.0,0
2025-07-15,59.99,29.99,30.000000000000004,100.03334444814939,32,44,4.0,56.12698630136986,8.0,0
2025-07-16,59.99,29.99,30.000000000000004,100.03334444814939,33,45,4.0,56.12698630136987,8.0,0
2025-07-17,59.99,29.99,30.000000000000004,100.03334444814939,34,46,4.0,56.12698630136986,8.0,0
2025-07-18,59.99,29.99,30.000000000000004,100.03334444814939,35,47,4.0,56.12698630136987,8.0,0
2025-07-19,59.99,29.99,30.000000000000004,100.03334444814939,36,48,4.0,56.12698630136987,8.0,0
2025-07-20,59.99,29.99,30.000000000000004,100.03334444814939,37,49,4.0,56.12698630136986,8.0,0
2025-07-21,59.99,29.99,30.000000000000004,100.03334444814939,38,50,4.0,56.12698630136987,8.0,0
2025-07-22,59.99,29.99,30.000000000000004,100.03334444814939,39,51,4.0,56.12698630136986,8.0,0
2025-07-23,59.99,29.99,30.000000000000004,100.03334444814939,40,52,4.0,56.12698630136987,8.0,0
2025-07-24,59.99,29.99,30.000000000000004,100.03334444814939,41,53,4.0,56.12698630136986,8.0,0
2025-07-25,59.99,29.99,30.000000000000004,100.03334444814939,42,54,4.0,56.12698630136987,8.0,0
2025-07-26,59.99,29.99,30.000000000000004,100.03334444814939,43,55,4.0,56.12698630136986,8.0,0
2025-07-27,59.99,29.99,30.000000000000004,100.03334444814939,44,56,4.0,56.12698630136986,8.0,0
2025-07-28,59.99,29.99,30.000000000000004,100.03334444814939,45,57,4.0,56.12698630136987,8.0,0
2025-07-29,59.99,29.99,30.000000000000004,100.03334444814939,46,58,4.0,56.12698630136986,8.0,0
2025-07-30,59.99,29.99,30.000000000000004,100.03334444814939,47,59,4.0,56.12698630136987,8.0,0
2025-07-31,59.99,29.99,30.000000000000004,100.03334444814939,48,60,4.0,56.12698630136986,8.0,0
2025-08-01,59.99,29.99,30.000000000000004,100.03334444814939,49,61,4.0,56.12698630136987,8.0,0
2025-08-02,59.99,29.99,30.000000000000004,100.03334444814939,50,62,4.0,56.12698630136986,8.0,0
2025-08-03,59.99,29.99,30.000000000000004,100.03334444814939,51,63,4.0,56.12698630136987,8.0,0
2025-08-04,59.99,29.99,30.000000000000004,100.03334444814939,52,64,4.0,56.12698630136987,8.0,0
2025-08-05,59.99,29.99,30.000000000000004,100.03334444814939,53,65,4.0,56.12698630136986,8.0,0
2025-08-06,59.99,29.99,30.000000000000004,100.03334444814939,54,66,4.0,56.12698630136987,8.0,0
2025-08-07,59.99,29.99,30.000000000000004,100.03334444814939,55,67,4.0,56.12698630136986,8.0,0
2025-08-08,59.99,29.99,30.000000000000004,100.03334444814939,56,68,4.0,56.12698630136987,8.0,0
2025-08-09,59.99,29.99,30.000000000000004,100.03334444814939,57,69,4.0,56.12698630136986,8.0,0
2025-08-10,59.99,29.99,30.000000000000004,100.03334444814939,58,70,4.0,56.12698630136987,8.0,0
2025-08-11,59.99,29.99,30.000000000000004,100.03334444814939,59,71,4.0,56.12698630136986,8.0,0
2025-08-12,59.99,29.99,30.000000000000004,100.03334444814939,60,72,4.0,56.12698630136987,8.0,0
2025-08-13,59.99,29.99,30.000000000000004,100.03334444814939,61,73,4.0,56.12698630136987,8.0,0
2025-08-14,59.99,29.99,30.000000000000004,100.03334444814939,62,74,4.0,56.12698630136986,8.0,0
2025-08-15,59.99,29.99,30.000000000000004,100.03334444814939,63,75,4.0,56.12698630136987,8.0,0
2025-08-16,59.99,29.99,30.000000000000004,100.03334444814939,64,76,4.0,56.12698630136986,8.0,0
2025-08-17,59.99,29.99,30.000000000000004,100.03334444814939,65,77,4.0,56.12698630136987,8.0,0
2025-08-18,59.99,29.99,30.000000000000004,100.03334444814939,66,78,4.0,56.12698630136986,8.0,0
2025-08-19,59.99,29.99,30.000000000000004,100.03334444814939,67,79,4.0,56.12698630136987,8.0,0
2025-08-20,59.99,29.99,30.000000000000004,100.03334444814939,68,80,4.0,56.12698630136987,8.0,0
2025-08-21,59.99,29.99,30.000000000000004,100.03334444814939,69,81,4.0,56.12698630136986,8.0,0
2025-08-22,59.99,29.99,30.000000000000004,100.03334444814939,70,82,4.0,56.12698630136987,8.0,0
2025-08-23,59.99,29.99,30.000000000000004,100.03334444814939,71,83,4.0,56.12698630136986,8.0,0
2025-08-24,59.99,29.99,30.000000000000004,100.03334444814939,72,84,4.0,56.12698630136987,8.0,1
2025-08-25,59.99,29.99,30.000000000000004,100.03334444814939,73,85,4.0,56.12698630136986,8.0,1
2025-08-26,59.99,29.99,30.000000000000004,100.03334444814939,74,86,4.0,56.12698630136987,8.0,1
2025-08-27,59.99,29.99,30.000000000000004,100.03334444814939,75,87,4.0,56.12698630136986,8.0,1
2025-08-28,59.99,29.99,30.000000000000004,100.03334444814939,76,88,4.0,56.12698630136987,8.0,1
2025-08-29,59.99,29.99,30.000000000000004,100.03334444814939,77,89,4.0,56.12698630136987,8.0,1
2025-08-30,59.99,29.99,30.000000000000004,100.03334444814939,78,90,4.0,56.12698630136986,8.0,1
2025-08-31,59.99,29.99,30.000000000000004,100.03334444814939,79,91,4.0,56.12698630136987,8.0,1
2025-09-01,59.99,29.99,30.000000000000004,100.03334444814939,80,92,4.0,56.12698630136986,8.0,1
2025-09-02,59.99,29.99,30.000000000000004,100.03334444814939,81,93,4.0,56.12698630136987,8.0,1
2025-09-03,59.99,29.99,30.000000000000004,100.03334444814939,82,94,4.0,56.12698630136986,8.0,1
2025-09-04,59.99,29.99,30.000000000000004,100.03334444814939,83,95,4.0,56.12698630136987,8.0,1
2025-09-05,59.99,29.99,30.000000000000004,100.03334444814939,84,96,4.0,56.12698630136986,8.0,1
2025-09-06,59.99,29.99,30.000000000000004,100.03334444814939,85,97,4.0,56.12698630136987,8.0,1
2025-09-07,59.99,29.99,30.000000000000004,100.03334444814939,86,98,4.0,56.12698630136987,8.0,1
2025-09-08,59.99,29.99,30.000000000000004,100.03334444814939,87,99,4.0,56.12698630136986,8.0,1
2025-09-09,59.99,29.99,30.000000000000004,100.03334444814939,88,100,4.0,56.12698630136987,8.0,1
2025-09-10,59.99,29.99,30.000000000000004,100.03334444814939,89,101,4.0,56.12698630136986,8.0,1
2025-09-11,59.99,29.99,30.000000000000004,100.03334444814939,90,102,4.0,56.12698630136987,8.0,1
2025-09-12,59.99,29.99,30.000000000000004,100.03334444814939,91,103,4.0,56.12698630136986,8.0,1
2025-09-13,59.99,29.99,30.000000000000004,100.03334444814939,92,104,4.0,56.12698630136987,8.0,1
2025-09-14,59.99,29.99,30.000000000000004,100.03334444814939,93,105,4.0,56.12698630136987,8.0,1
2025-09-15,59.99,29.99,30.000000000000004,100.03334444814939,94,106,4.0,56.12698630136986,8.0,1
2025-09-16,59.99,29.99,30.000000000000004,100.03334444814939,95,107,4.0,56.12698630136987,8.0,1
2025-09-17,59.99,29.99,30.000000000000004,100.03334444814939,96,108,4.0,56.12698630136986,8.0,1
2025-09-18,59.99,29.99,30.000000000000004,100.03334444814939,97,109,4.0,56.12698630136987,8.0,1
2025-09-19,59.99,29.99,30.000000000000004,100.03334444814939,98,110,4.0,56.12698630136986,8.0,1
2025-09-20,59.99,29.99,30.000000000000004,100.03334444814939,99,111,4.0,56.12698630136987,8.0,1
2025-09-21,59.99,29.99,30.000000000000004,100.03334444814939,100,112,4.0,56.12698630136986,8.0,1
2025-09-22,59.99,29.99,30.000000000000004,100.03334444814939,101,113,4.0,56.12698630136987,8.0,1
2025-09-23,29.99,29.99,0.0,0.0,0,0,4.0,56.12698630136987,8.0,0
2025-09-24,29.99,29.99,0.0,0.0,1,1,5.0,56.04479452054794,9.0,0
2025-09-25,29.99,29.99,0.0,0.0,2,2,5.0,55.96260273972603,9.0,0
2025-09-26,29.99,29.99,0.0,0.0,3,3,5.0,55.88041095890411,9.0,0
2025-09-27,29.99,29.99,0.0,0.0,4,4,5.0,55.7982191780822,9.0,0
2025-09-28,29.99,29.99,0.0,0.0,5,5,5.0,55.71602739726027,9.0,0
2025-09-29,29.99,29.99,0.0,0.0,6,6,5.0,55.63383561643836,9.0,0
2025-09-30,29.99,29.99,0.0,0.0,7,7,5.0,55.55164383561643,9.0,0
2025-10-01,29.99,29.99,0.0,0.0,8,8,5.0,55.46945205479452,9.0,0
2025-10-02,29.99,29.99,0.0,0.0,9,9,5.0,55.38726027397261,9.0,0
2025-10-03,29.99,29.99,0.0,0.0,10,10,5.0,55.30506849315068,9.0,0
2025-10-04,29.99,29.99,0.0,0.0,11,11,5.0,55.22287671232877,9.0,0
2025-10-05,29.99,29.99,0.0,0.0,12,12,5.0,55.14068493150685,9.0,0
2025-10-06,29.99,29.99,0.0,0.0,13,13,5.0,55.05849315068494,9.0,0
2025-10-07,59.99,29.99,30.000000000000004,100.03334444814939,0,14,5.0,54.97630136986301,9.0,0
2025-10-08,59.99,29.99,30.000000000000004,100.03334444814939,1,15,5.0,54.97630136986302,10.0,0
2025-10-09,59.99,29.99,30.000000000000004,100.03334444814939,2,16,5.0,54.97630136986302,10.0,0
2025-10-10,59.99,29.99,30.000000000000004,100.03334444814939,3,17,5.0,54.97630136986301,10.0,0
2025-10-11,59.99,29.99,30.000000000000004,100.03334444814939,4,18,5.0,54.97630136986302,10.0,0
2025-10-12,59.99,29.99,30.000000000000004,100.03334444814939,5,19,5.0,54.97630136986301,10.0,0
2025-10-13,59.99,29.99,30.000000000000004,100.03334444814939,6,20,5.0,54.97630136986302,10.0,0
2025-10-14,59.99,29.99,30.000000000000004,100.03334444814939,7,21,5.0,54.97630136986301,10.0,0
2025-10-15,59.99,29.99,30.000000000000004,100.03334444814939,8,22,5.0,54.97630136986302,10.0,0
2025-10-16,59.99,29.99,30.000000000000004,100.03334444814939,9,23,5.0,54.97630136986301,10.0,0
2025-10-17,59.99,29.99,30.000000000000004,100.03334444814939,10,24,5.0,54.97630136986302,10.0,0
2025-10-18,59.99,29.99,30.000000000000004,100.03334444814939,11,25,5.0,54.97630136986302,10.0,0
2025-10-19,59.99,29.99,30.000000000000004,100.03334444814939,12,26,5.0,54.97630136986301,10.0,0
2025-10-20,59.99,29.99,30.000000000000004,100.03334444814939,13,27,5.0,54.97630136986302,10.0,0
2025-10-21,59.99,29.99,30.000000000000004,100.03334444814939,14,28,5.0,54.97630136986301,10.0,1
2025-10-22,59.99,29.99,30.000000000000004,100.03334444814939,15,29,5.0,54.97630136986302,10.0,1
2025-10-23,59.99,29.99,30.000000000000004,100.03334444814939,16,30,5.0,54.97630136986301,10.0,1
2025-10-24,59.99,29.99,30.000000000000004,100.03334444814939,17,31,5.0,54.97630136986302,10.0,1
2025-10-25,59.99,29.99,30.000000000000004,100.03334444814939,18,32,5.0,54.97630136986301,10.0,1
2025-10-26,59.99,29.99,30.000000000000004,100.03334444814939,19,33,5.0,54.97630136986301,10.0,1
2025-10-27,59.99,29.99,30.000000000000004,100.03334444814939,20,34,5.0,54.97630136986302,10.0,1
2025-10-28,59.99,29.99,30.000000000000004,100.03334444814939,21,35,5.0,54.97630136986301,10.0,1
2025-10-29,59.99,29.99,30.000000000000004,100.03334444814939,22,36,5.0,54.97630136986302,10.0,1
2025-10-30,59.99,29.99,30.000000000000004,100.03334444814939,23,37,5.0,54.97630136986301,10.0,1
2025-10-31,59.99,29.99,30.000000000000004,100.03334444814939,24,38,5.0,54.97630136986302,10.0,1
2025-11-01,59.99,29.99,30.000000000000004,100.03334444814939,25,39,5.0,54.97630136986301,10.0,1
2025-11-02,59.99,29.99,30.000000000000004,100.03334444814939,26,40,5.0,54.97630136986302,10.0,1
2025-11-03,59.99,29.99,30.000000000000004,100.03334444814939,27,41,5.0,54.97630136986302,10.0,1
2025-11-04,59.99,29.99,30.000000000000004,100.03334444814939,28,42,5.0,54.97630136986301,10.0,1
2025-11-05,59.99,29.99,30.000000000000004,100.03334444814939,29,43,5.0,54.97630136986302,10.0,1
2025-11-06,59.99,29.99,30.000000000000004,100.03334444814939,30,44,5.0,54.97630136986301,10.0,1
2025-11-07,59.99,29.99,30.000000000000004,100.03334444814939,31,45,5.0,54.97630136986302,10.0,1
2025-11-08,59.99,29.99,30.000000000000004,100.03334444814939,32,46,5.0,54.97630136986301,10.0,1
2025-11-09,59.99,29.99,30.000000000000004,100.03334444814939,33,47,5.0,54.97630136986302,10.0,1
2025-11-10,59.99,29.99,30.000000000000004,100.03334444814939,34,48,5.0,54.97630136986301,10.0,1
2025-11-11,59.99,29.99,30.000000000000004,100.03334444814939,35,49,5.0,54.97630136986302,10.0,1
2025-11-12,59.99,29.99,30.000000000000004,100.03334444814939,36,50,5.0,54.97630136986302,10.0,1
2025-11-13,59.99,29.99,30.000000000000004,100.03334444814939,37,51,5.0,54.97630136986301,10.0,1
2025-11-14,59.99,29.99,30.000000000000004,100.03334444814939,38,52,5.0,54.97630136986302,10.0,1
2025-11-15,59.99,29.99,30.000000000000004,100.03334444814939,39,53,5.0,54.97630136986301,10.0,1
2025-11-16,59.99,29.99,30.000000000000004,100.03334444814939,40,54,5.0,54.97630136986302,10.0,1
2025-11-17,59.99,29.99,30.000000000000004,100.03334444814939,41,55,5.0,54.97630136986301,10.0,1
2025-11-18,59.99,29.99,30.000000000000004,100.03334444814939,42,56,5.0,54.97630136986302,10.0,1
2025-11-19,59.99,29.99,30.000000000000004,100.03334444814939,43,57,5.0,54.97630136986302,10.0,1
2025-11-20,29.99,29.99,0.0,0.0,0,0,5.0,54.97630136986301,10.0,0
2025-11-21,29.99,29.99,0.0,0.0,1,1,6.0,54.8941095890411,11.0,0
2025-11-22,29.99,29.99,0.0,0.0,2,2,6.0,54.81191780821917,11.0,0
2025-11-23,29.99,29.99,0.0,0.0,3,3,6.0,54.72972602739727,11.0,0
2025-11-24,29.99,29.99,0.0,0.0,4,4,6.0,54.64753424657534,11.0,0
2025-11-25,29.99,29.99,0.0,0.0,5,5,6.0,54.56534246575343,11.0,0
2025-11-26,29.99,29.99,0.0,0.0,6,6,6.0,54.4831506849315,11.0,0
2025-11-27,29.99,29.99,0.0,0.0,7,7,6.0,54.400958904109594,11.0,0
2025-11-28,29.99,29.99,0.0,0.0,8,8,6.0,54.31876712328768,11.0,0
2025-11-29,29.99,29.99,0.0,0.0,9,9,5.0,54.318767123287664,10.0,0
2025-11-30,29.99,29.99,0.0,0.0,10,10,5.0,54.31876712328768,10.0,0
2025-12-01,29.99,29.99,0.0,0.0,11,11,5.0,54.318767123287664,10.0,0
2025-12-02,29.99,29.99,0.0,0.0,12,12,5.0,54.31876712328768,10.0,0
2025-12-03,29.99,29.99,0.0,0.0,13,13,5.0,54.318767123287664,10.0,0
2025-12-04,59.99,29.99,30.000000000000004,100.03334444814939,0,14,5.0,54.31876712328768,10.0,1
2025-12-05,59.99,29.99,30.000000000000004,100.03334444814939,1,15,5.0,54.40095890410959,11.0,1
2025-12-06,59.99,29.99,30.000000000000004,100.03334444814939,2,16,5.0,54.400958904109594,10.0,1
2025-12-07,59.99,29.99,30.000000000000004,100.03334444814939,3,17,5.0,54.400958904109594,10.0,1
2025-12-08,59.99,29.99,30.000000000000004,100.03334444814939,4,18,5.0,54.40095890410959,10.0,1
2025-12-09,59.99,29.99,30.000000000000004,100.03334444814939,5,19,5.0,54.400958904109594,10.0,1
2025-12-10,59.99,29.99,30.000000000000004,100.03334444814939,6,20,5.0,54.40095890410959,10.0,1
2025-12-11,59.99,29.99,30.000000000000004,100.03334444814939,7,21,5.0,54.400958904109594,10.0,1
2025-12-12,59.99,29.99,30.000000000000004,100.03334444814939,8,22,5.0,54.40095890410959,10.0,1
2025-12-13,59.99,29.99,30.000000000000004,100.03334444814939,9,23,5.0,54.400958904109594,10.0,1
2025-12-14,59.99,29.99,30.000000000000004,100.03334444814939,10,24,5.0,54.400958904109594,10.0,1
2025-12-15,59.99,29.99,30.000000000000004,100.03334444814939,11,25,5.0,54.40095890410959,10.0,1
2025-12-16,59.99,29.99,30.000000000000004,100.03334444814939,12,26,5.0,54.400958904109594,10.0,1
2025-12-17,59.99,29.99,30.000000000000004,100.03334444814939,13,27,5.0,54.40095890410959,10.0,1
2025-12-18,59.99,29.99,30.000000000000004,100.03334444814939,14,28,5.0,54.400958904109594,10.0,1
2025-12-19,29.99,29.99,0.0,0.0,0,0,5.0,54.40095890410959,10.0,0
2025-12-20,29.99,29.99,0.0,0.0,1,1,6.0,54.31876712328768,11.0,0
2025-12-21,29.99,29.99,0.0,0.0,2,2,5.0,54.318767123287664,10.0,0
2025-12-22,29.99,29.99,0.0,0.0,3,3,5.0,54.31876712328768,10.0,0
2025-12-23,29.99,29.99,0.0,0.0,4,4,5.0,54.31876712328768,10.0,0
2025-12-24,29.99,29.99,0.0,0.0,5,5,5.0,54.318767123287664,10.0,0
2025-12-25,29.99,29.99,0.0,0.0,6,6,5.0,54.31876712328768,10.0,0
2025-12-26,29.99,29.99,0.0,0.0,7,7,5.0,54.318767123287664,10.0,0
2025-12-27,29.99,29.99,0.0,0.0,8,8,5.0,54.31876712328768,10.0,0
2025-12-28,29.99,29.99,0.0,0.0,9,9,5.0,54.318767123287664,10.0,0
2025-12-29,29.99,29.99,0.0,0.0,10,10,5.0,54.31876712328768,10.0,0
2025-12-30,29.99,29.99,0.0,0.0,11,11,5.0,54.318767123287664,10.0,0
2025-12-31,29.99,29.99,0.0,0.0,12,12,5.0,54.31876712328768,10.0,0
2026-01-01,29.99,29.99,0.0,0.0,13,13,5.0,54.31876712328768,10.0,0
2026-01-02,29.99,29.99,0.0,0.0,14,14,5.0,54.318767123287664,10.0,0
2026-01-03,29.99,29.99,0.0,0.0,15,15,5.0,54.31876712328768,10.0,0
2026-01-04,29.99,29.99,0.0,0.0,16,16,5.0,54.23657534246575,9.0,0
2026-01-05,29.99,29.99,0.0,0.0,17,17,5.0,54.15438356164384,9.0,0
2026-01-06,59.99,29.99,30.000000000000004,100.03334444814939,0,18,5.0,54.07219178082191,9.0,0
2026-01-07,59.99,29.99,30.000000000000004,100.03334444814939,1,19,5.0,54.072191780821925,10.0,0
2026-01-08,59.99,29.99,30.000000000000004,100.03334444814939,2,20,5.0,54.072191780821925,10.0,0
2026-01-09,59.99,29.99,30.000000000000004,100.03334444814939,3,21,5.0,54.07219178082191,10.0,0
2026-01-10,59.99,29.99,30.000000000000004,100.03334444814939,4,22,5.0,54.072191780821925,10.0,0
2026-01-11,59.99,29.99,30.000000000000004,100.03334444814939,5,23,5.0,54.07219178082191,10.0,0
2026-01-12,59.99,29.99,30.000000000000004,100.03334444814939,6,24,5.0,54.072191780821925,10.0,0
2026-01-13,59.99,29.99,30.000000000000004,100.03334444814939,7,25,5.0,54.07219178082191,10.0,0
2026-01-14,59.99,29.99,30.000000000000004,100.03334444814939,8,26,5.0,54.072191780821925,10.0,0
2026-01-15,59.99,29.99,30.000000000000004,100.03334444814939,9,27,5.0,54.07219178082191,10.0,0
2026-01-16,59.99,29.99,30.000000000000004,100.03334444814939,10,28,5.0,54.072191780821925,10.0,0
2026-01-17,59.99,29.99,30.000000000000004,100.03334444814939,11,29,5.0,54.072191780821925,10.0,0
2026-01-18,59.99,29.99,30.000000000000004,100.03334444814939,12,30,5.0,54.07219178082191,10.0,0
2026-01-19,59.99,29.99,30.000000000000004,100.03334444814939,13,31,5.0,54.072191780821925,10.0,0
2026-01-20,59.99,29.99,30.000000000000004,100.03334444814939,14,32,5.0,54.07219178082191,10.0,0
2026-01-21,59.99,29.99,30.000000000000004,100.03334444814939,15,33,5.0,54.072191780821925,10.0,0
2026-01-22,59.99,29.99,30.000000000000004,100.03334444814939,16,34,5.0,54.07219178082191,10.0,0
2026-01-23,59.99,29.99,30.000000000000004,100.03334444814939,17,35,5.0,54.072191780821925,10.0,0
2026-01-24,59.99,29.99,30.000000000000004,100.03334444814939,18,36,5.0,54.07219178082191,10.0,0
2026-01-25,59.99,29.99,30.000000000000004,100.03334444814939,19,37,5.0,54.07219178082191,10.0,0
2026-01-26,59.99,29.99,30.000000000000004,100.03334444814939,20,38,5.0,54.072191780821925,10.0,0
2026-01-27,59.99,29.99,30.000000000000004,100.03334444814939,21,39,5.0,54.07219178082191,10.0,0
2026-01-28,59.99,29.99,30.000000000000004,100.03334444814939,22,40,5.0,54.072191780821925,10.0,0
2026-01-29,59.99,29.99,30.000000000000004,100.03334444814939,23,41,5.0,54.07219178082191,10.0,0
2026-01-30,59.99,29.99,30.000000000000004,100.03334444814939,24,42,5.0,54.072191780821925,10.0,0
2026-01-31,59.99,29.99,30.000000000000004,100.03334444814939,25,43,5.0,54.07219178082191,10.0,0
2026-02-01,59.99,29.99,30.000000000000004,100.03334444814939,26,44,5.0,54.072191780821925,10.0,0
2026-02-02,59.99,29.99,30.000000000000004,100.03334444814939,27,45,5.0,54.072191780821925,10.0,0
2026-02-03,59.99,29.99,30.000000000000004,100.03334444814939,28,46,5.0,54.07219178082191,10.0,0
2026-02-04,59.99,29.99,30.000000000000004,100.03334444814939,29,47,5.0,54.072191780821925,10.0,0
2026-02-05,59.99,29.99,30.000000000000004,100.03334444814939,30,48,5.0,54.07219178082191,10.0,0
2026-02-06,59.99,29.99,30.000000000000004,100.03334444814939,31,49,5.0,54.072191780821925,10.0,0
2026-02-07,59.99,29.99,30.000000000000004,100.03334444814939,32,50,5.0,54.07219178082191,10.0,0
2026-02-08,59.99,29.99,30.000000000000004,100.03334444814939,33,51,5.0,54.072191780821925,10.0,0
2026-02-09,59.99,29.99,30.000000000000004,100.03334444814939,34,52,5.0,54.07219178082191,10.0,0
2026-02-10,59.99,29.99,30.000000000000004,100.03334444814939,35,53,5.0,54.072191780821925,10.0,0
2026-02-11,59.99,29.99,30.000000000000004,100.03334444814939,36,54,5.0,54.072191780821925,10.0,0
2026-02-12,59.99,29.99,30.000000000000004,100.03334444814939,37,55,5.0,54.07219178082191,10.0,0
2026-02-13,59.99,29.99,30.000000000000004,100.03334444814939,38,56,5.0,54.072191780821925,10.0,0
2026-02-14,59.99,29.99,30.000000000000004,100.03334444814939,39,57,5.0,54.07219178082191,10.0,0
2026-02-15,59.99,29.99,30.000000000000004,100.03334444814939,40,58,5.0,54.072191780821925,10.0,0
2026-02-16,59.99,29.99,30.000000000000004,100.03334444814939,41,59,5.0,54.07219178082191,10.0,0
2026-02-17,59.99,29.99,30.000000000000004,100.03334444814939,42,60,5.0,54.072191780821925,10.0,0
2026-02-18,59.99,29.99,30.000000000000004,100.03334444814939,43,61,5.0,54.07219178082191,10.0,1
2026-02-19,59.99,29.99,30.000000000000004,100.03334444814939,44,62,5.0,54.07219178082191,10.0,1
2026-02-20,59.99,29.99,30.000000000000004,100.03334444814939,45,63,5.0,54.072191780821925,10.0,1
2026-02-21,59.99,29.99,30.000000000000004,100.03334444814939,46,64,5.0,54.07219178082191,10.0,1
2026-02-22,59.99,29.99,30.000000000000004,100.03334444814939,47,65,5.0,54.072191780821925,10.0,1
2026-02-23,59.99,29.99,30.000000000000004,100.03334444814939,48,66,5.0,54.07219178082191,10.0,1
2026-02-24,59.99,29.99,30.000000000000004,100.03334444814939,49,67,5.0,54.072191780821925,10.0,1
2026-02-25,59.99,29.99,30.000000000000004,100.03334444814939,50,68,5.0,54.07219178082191,10.0,1
2026-02-26,59.99,29.99,30.000000000000004,100.03334444814939,51,69,5.0,54.072191780821925,10.0,1
2026-02-27,59.99,29.99,30.000000000000004,100.03334444814939,52,70,5.0,54.072191780821925,10.0,1
2026-02-28,59.99,29.99,30.000000000000004,100.03334444814939,53,71,5.0,54.07219178082191,10.0,1
2026-03-01,59.99,29.99,30.000000000000004,100.03334444814939,54,72,5.0,54.072191780821925,10.0,1
2026-03-02,59.99,29.99,30.000000000000004,100.03334444814939,55,73,5.0,54.07219178082191,10.0,1
2026-03-03,59.99,29.99,30.000000000000004,100.03334444814939,56,74,5.0,54.072191780821925,10.0,1
2026-03-04,59.99,29.99,30.000000000000004,100.03334444814939,57,75,5.0,54.07219178082191,10.0,1
2026-03-05,59.99,29.99,30.000000000000004,100.03334444814939,58,76,5.0,54.072191780821925,10.0,1
2026-03-06,59.99,29.99,30.000000000000004,100.03334444814939,59,77,5.0,54.07219178082191,10.0,1
2026-03-07,59.99,29.99,30.000000000000004,100.03334444814939,60,78,5.0,54.072191780821925,10.0,1
2026-03-08,59.99,29.99,30.000000000000004,100.03334444814939,61,79,4.0,54.15438356164384,9.0,1
2026-03-09,59.99,29.99,30.000000000000004,100.03334444814939,62,80,4.0,54.23657534246575,9.0,1
2026-03-10,59.99,29.99,30.000000000000004,100.03334444814939,63,81,4.0,54.31876712328768,9.0,1
2026-03-11,59.99,29.99,30.000000000000004,100.03334444814939,64,82,4.0,54.40095890410959,9.0,1
2026-03-12,59.99,29.99,30.000000000000004,100.03334444814939,65,83,4.0,54.483150684931516,9.0,1
2026-03-13,59.99,29.99,30.000000000000004,100.03334444814939,66,84,4.0,54.56534246575342,9.0,1
2026-03-14,59.99,29.99,30.000000000000004,100.03334444814939,67,85,4.0,54.64753424657535,9.0,1
2026-03-15,59.99,29.99,30.000000000000004,100.03334444814939,68,86,4.0,54.729726027397255,9.0,1
2026-03-16,59.99,29.99,30.000000000000004,100.03334444814939,69,87,4.0,54.81191780821917,9.0,1
2026-03-17,59.99,29.99,30.000000000000004,100.03334444814939,70,88,4.0,54.8941095890411,9.0,1
2026-03-18,59.99,29.99,30.000000000000004,100.03334444814939,71,89,4.0,54.97630136986301,9.0,1
2026-03-19,59.99,29.99,30.000000000000004,100.03334444814939,72,90,4.0,55.05849315068494,9.0,1
2026-03-20,29.99,29.99,0.0,0.0,0,0,4.0,55.14068493150685,9.0,0
2026-03-21,29.99,29.99,0.0,0.0,1,1,5.0,55.140684931506854,10.0,0
2026-03-22,29.99,29.99,0.0,0.0,2,2,5.0,55.058493150684924,9.0,0
2026-03-23,29.99,29.99,0.0,0.0,3,3,5.0,54.97630136986302,9.0,0
2026-03-24,29.99,29.99,0.0,0.0,4,4,5.0,54.8941095890411,9.0,0
2026-03-25,29.99,29.99,0.0,0.0,5,5,5.0,54.81191780821917,9.0,0
2026-03-26,29.99,29.99,0.0,0.0,6,6,5.0,54.72972602739727,9.0,0
2026-03-27,59.99,29.99,30.000000000000004,100.03334444814939,0,7,5.0,54.64753424657534,9.0,0
2026-03-28,59.99,29.99,30.000000000000004,100.03334444814939,1,8,5.0,54.64753424657535,10.0,0
2026-03-29,59.99,29.99,30.000000000000004,100.03334444814939,2,9,5.0,54.64753424657534,10.0,0
2026-03-30,59.99,29.99,30.000000000000004,100.03334444814939,3,10,5.0,54.64753424657535,10.0,0
2026-03-31,59.99,29.99,30.000000000000004,100.03334444814939,4,11,5.0,54.64753424657534,10.0,0
2026-04-01,59.99,29.99,30.000000000000004,100.03334444814939,5,12,5.0,54.64753424657535,10.0,0
2026-04-02,59.99,29.99,30.000000000000004,100.03334444814939,6,13,5.0,54.64753424657535,10.0,0
2026-04-03,59.99,29.99,30.000000000000004,100.03334444814939,7,14,5.0,54.64753424657534,10.0,0
2026-04-04,59.99,29.99,30.000000000000004,100.03334444814939,8,15,5.0,54.64753424657535,10.0,0
2026-04-05,59.99,29.99,30.000000000000004,100.03334444814939,9,16,5.0,54.64753424657534,10.0,0
2026-04-06,59.99,29.99,30.000000000000004,100.03334444814939,10,17,5.0,54.64753424657535,10.0,0
2026-04-07,59.99,29.99,30.000000000000004,100.03334444814939,11,18,5.0,54.64753424657534,10.0,0
2026-04-08,59.99,29.99,30.000000000000004,100.03334444814939,12,19,5.0,54.64753424657535,10.0,0
2026-04-09,59.99,29.99,30.000000000000004,100.03334444814939,13,20,5.0,54.64753424657535,10.0,0
2026-04-10,59.99,29.99,30.000000000000004,100.03334444814939,14,21,5.0,54.64753424657534,10.0,0
2026-04-11,59.99,29.99,30.000000000000004,100.03334444814939,15,22,5.0,54.64753424657535,10.0,0
2026-04-12,59.99,29.99,30.000000000000004,100.03334444814939,16,23,5.0,54.64753424657534,10.0,0
2026-04-13,59.99,29.99,30.000000000000004,100.03334444814939,17,24,5.0,54.64753424657535,10.0,0
2026-04-14,59.99,29.99,30.000000000000004,100.03334444814939,18,25,5.0,54.64753424657534,10.0,0
2026-04-15,59.99,29.99,30.000000000000004,100.03334444814939,19,26,5.0,54.64753424657535,10.0,0
2026-04-16,59.99,29.99,30.000000000000004,100.03334444814939,20,27,5.0,54.64753424657534,10.0,0
2026-04-17,59.99,29.99,30.000000000000004,100.03334444814939,21,28,5.0,54.64753424657535,10.0,0
2026-04-18,59.99,29.99,30.000000000000004,100.03334444814939,22,29,5.0,54.64753424657535,10.0,0
2026-04-19,59.99,29.99,30.000000000000004,100.03334444814939,23,30,5.0,54.64753424657534,10.0,0
2026-04-20,59.99,29.99,30.000000000000004,100.03334444814939,24,31,5.0,54.64753424657535,10.0,0
2026-04-21,59.99,29.99,30.000000000000004,100.03334444814939,25,32,5.0,54.64753424657534,10.0,0
2026-04-22,59.99,29.99,30.000000000000004,100.03334444814939,26,33,5.0,54.64753424657535,10.0,0
2026-04-23,59.99,29.99,30.000000000000004,100.03334444814939,27,34,5.0,54.64753424657534,10.0,0
2026-04-24,59.99,29.99,30.000000000000004,100.03334444814939,28,35,5.0,54.64753424657535,10.0,0
2026-04-25,59.99,29.99,30.000000000000004,100.03334444814939,29,36,5.0,54.64753424657534,10.0,0
2026-04-26,59.99,29.99,30.000000000000004,100.03334444814939,30,37,5.0,54.64753424657535,10.0,0
2026-04-27,59.99,29.99,30.000000000000004,100.03334444814939,31,38,5.0,54.64753424657535,10.0,0
2026-04-28,59.99,29.99,30.000000000000004,100.03334444814939,32,39,5.0,54.64753424657534,10.0,0
2026-04-29,59.99,29.99,30.000000000000004,100.03334444814939,33,40,5.0,54.64753424657535,10.0,0
2026-04-30,59.99,29.99,30.000000000000004,100.03334444814939,34,41,5.0,54.64753424657534,10.0,0
2026-05-01,59.99,29.99,30.000000000000004,100.03334444814939,35,42,5.0,54.64753424657535,10.0,0
2026-05-02,59.99,29.99,30.000000000000004,100.03334444814939,36,43,5.0,54.64753424657534,10.0,0
2026-05-03,59.99,29.99,30.000000000000004,100.03334444814939,37,44,5.0,54.64753424657535,10.0,0
2026-05-04,59.99,29.99,30.000000000000004,100.03334444814939,38,45,5.0,54.64753424657535,10.0,0
2026-05-05,59.99,29.99,30.000000000000004,100.03334444814939,39,46,5.0,54.64753424657534,10.0,0
2026-05-06,59.99,29.99,30.000000000000004,100.03334444814939,40,47,5.0,54.64753424657535,10.0,0
2026-05-07,59.99,29.99,30.000000000000004,100.03334444814939,41,48,5.0,54.64753424657534,10.0,0
2026-05-08,59.99,29.99,30.000000000000004,100.03334444814939,42,49,5.0,54.64753424657535,10.0,0
2026-05-09,59.99,29.99,30.000000000000004,100.03334444814939,43,50,5.0,54.64753424657534,10.0,0
2026-05-10,59.99,29.99,30.000000000000004,100.03334444814939,44,51,5.0,54.64753424657535,10.0,0
2026-05-11,59.99,29.99,30.000000000000004,100.03334444814939,45,52,5.0,54.64753424657534,10.0,0
2026-05-12,59.99,29.99,30.000000000000004,100.03334444814939,46,53,5.0,54.64753424657535,10.0,0
2026-05-13,59.99,29.99,30.000000000000004,100.03334444814939,47,54,5.0,54.64753424657535,10.0,0
2026-05-14,59.99,29.99,30.000000000000004,100.03334444814939,48,55,5.0,54.64753424657534,10.0,0
2026-05-15,59.99,29.99,30.000000000000004,100.03334444814939,49,56,5.0,54.64753424657535,10.0,0
2026-05-16,59.99,29.99,30.000000000000004,100.03334444814939,50,57,5.0,54.64753424657534,10.0,0
2026-05-17,59.99,29.99,30.000000000000004,100.03334444814939,51,58,5.0,54.64753424657535,10.0,0
2026-05-18,59.99,29.99,30.000000000000004,100.03334444814939,52,59,5.0,54.64753424657534,10.0,0
2026-05-19,59.99,29.99,30.000000000000004,100.03334444814939,53,60,5.0,54.64753424657535,10.0,0
2026-05-20,59.99,29.99,30.000000000000004,100.03334444814939,54,61,5.0,54.64753424657534,10.0,0
2026-05-21,59.99,29.99,30.000000000000004,100.03334444814939,55,62,5.0,54.64753424657534,10.0,0
2026-05-22,59.99,29.99,30.000000000000004,100.03334444814939,56,63,5.0,54.64753424657535,10.0,0
2026-05-23,59.99,29.99,30.000000000000004,100.03334444814939,57,64,5.0,54.64753424657534,10.0,0
2026-05-24,59.99,29.99,30.000000000000004,100.03334444814939,58,65,5.0,54.64753424657535,10.0,0
2026-05-25,59.99,29.99,30.000000000000004,100.03334444814939,59,66,5.0,54.64753424657534,10.0,0
2026-05-26,59.99,29.99,30.000000000000004,100.03334444814939,60,67,5.0,54.64753424657535,10.0,0
2026-05-27,59.99,29.99,30.000000000000004,100.03334444814939,61,68,5.0,54.64753424657534,10.0,1
2026-05-28,59.99,29.99,30.000000000000004,100.03334444814939,62,69,5.0,54.64753424657535,10.0,1
2026-05-29,59.99,29.99,30.000000000000004,100.03334444814939,63,70,5.0,54.64753424657535,10.0,1
2026-05-30,59.99,29.99,30.000000000000004,100.03334444814939,64,71,5.0,54.64753424657534,10.0,1
2026-05-31,59.99,29.99,30.000000000000004,100.03334444814939,65,72,5.0,54.64753424657535,10.0,1
2026-06-01,59.99,29.99,30.000000000000004,100.03334444814939,66,73,5.0,54.64753424657534,10.0,1
2026-06-02,59.99,29.99,30.000000000000004,100.03334444814939,67,74,4.0,54.72972602739727,9.0,1
2026-06-03,59.99,29.99,30.000000000000004,100.03334444814939,68,75,4.0,54.81191780821917,9.0,1
2026-06-04,59.99,29.99,30.000000000000004,100.03334444814939,69,76,4.0,54.8941095890411,9.0,1
2026-06-05,59.99,29.99,30.000000000000004,100.03334444814939,70,77,4.0,54.97630136986301,9.0,1
2026-06-06,59.99,29.99,30.000000000000004,100.03334444814939,71,78,4.0,55.05849315068494,9.0,1
2026-06-07,59.99,29.99,30.000000000000004,100.03334444814939,72,79,4.0,55.140684931506854,9.0,1
2026-06-08,59.99,29.99,30.000000000000004,100.03334444814939,73,80,4.0,55.22287671232876,9.0,1
2026-06-09,59.99,29.99,30.000000000000004,100.03334444814939,74,81,4.0,55.30506849315069,9.0,1
2026-06-10,59.99,29.99,30.000000000000004,100.03334444814939,75,82,4.0,55.3872602739726,9.0,1
2026-06-11,59.99,29.99,30.000000000000004,100.03334444814939,76,83,4.0,55.46945205479452,9.0,1
2026-06-12,59.99,29.99,30.000000000000004,100.03334444814939,77,84,4.0,55.55164383561643,9.0,1
2026-06-13,59.99,29.99,30.000000000000004,100.03334444814939,78,85,4.0,55.63383561643836,9.0,1
2026-06-14,59.99,29.99,30.000000000000004,100.03334444814939,79,86,4.0,55.633835616438354,8.0,1
2026-06-15,59.99,29.99,30.000000000000004,100.03334444814939,80,87,4.0,55.633835616438354,8.0,1
2026-06-16,59.99,29.99,30.000000000000004,100.03334444814939,81,88,4.0,55.63383561643836,8.0,1
2026-06-17,59.99,29.99,30.000000000000004,100.03334444814939,82,89,4.0,55.633835616438354,8.0,1
2026-06-18,59.99,29.99,30.000000000000004,100.03334444814939,83,90,4.0,55.63383561643836,8.0,1
2026-06-19,59.99,29.99,30.000000000000004,100.03334444814939,84,91,4.0,55.633835616438354,8.0,1
2026-06-20,59.99,29.99,30.000000000000004,100.03334444814939,85,92,4.0,55.63383561643836,8.0,1
2026-06-21,59.99,29.99,30.000000000000004,100.03334444814939,86,93,4.0,55.633835616438354,8.0,1
2026-06-22,59.99,29.99,30.000000000000004,100.03334444814939,87,94,4.0,55.63383561643836,8.0,1
2026-06-23,59.99,29.99,30.000000000000004,100.03334444814939,88,95,4.0,55.63383561643836,8.0,1
2026-06-24,59.99,29.99,30.000000000000004,100.03334444814939,89,96,4.0,55.633835616438354,8.0,1
2026-06-25,59.99,29.99,30.000000000000004,100.03334444814939,90,97,4.0,55.63383561643836,8.0,1
2026-06-26,29.99,29.99,0.0,0.0,0,0,4.0,55.633835616438354,8.0,0
2026-06-27,29.99,29.99,0.0,0.0,1,1,5.0,55.551643835616446,9.0,0
2026-06-28,29.99,29.99,0.0,0.0,2,2,5.0,55.469452054794516,9.0,0
2026-06-29,29.99,29.99,0.0,0.0,3,3,5.0,55.38726027397261,9.0,0
2026-06-30,29.99,29.99,0.0,0.0,4,4,5.0,55.30506849315068,9.0,0
2026-07-01,29.99,29.99,0.0,0.0,5,5,5.0,55.22287671232877,9.0,0
2026-07-02,29.99,29.99,0.0,0.0,6,6,5.0,55.140684931506854,9.0,0
2026-07-03,29.99,29.99,0.0,0.0,7,7,5.0,55.058493150684924,9.0,0
2026-07-04,29.99,29.99,0.0,0.0,8,8,5.0,54.97630136986302,9.0,0
2026-07-05,29.99,29.99,0.0,0.0,9,9,5.0,54.89410958904109,9.0,0
2026-07-06,29.99,29.99,0.0,0.0,10,10,5.0,54.811917808219185,9.0,0
2026-07-07,29.99,29.99,0.0,0.0,11,11,5.0,54.729726027397255,9.0,0
2026-07-08,29.99,29.99,0.0,0.0,12,12,5.0,54.64753424657535,9.0,0
2026-07-09,29.99,29.99,0.0,0.0,13,13,5.0,54.56534246575343,9.0,0
2026-07-10,59.99,29.99,30.000000000000004,100.03334444814939,0,14,5.0,54.4831506849315,9.0,0
2026-07-11,59.99,29.99,30.000000000000004,100.03334444814939,1,15,5.0,54.483150684931516,10.0,0
2026-07-12,59.99,29.99,30.000000000000004,100.03334444814939,2,16,5.0,54.4831506849315,10.0,0
2026-07-13,59.99,29.99,30.000000000000004,100.03334444814939,3,17,5.0,54.483150684931516,10.0,0
2026-07-14,59.99,29.99,30.000000000000004,100.03334444814939,4,18,5.0,54.4831506849315,10.0,0
2026-07-15,59.99,29.99,30.000000000000004,100.03334444814939,5,19,5.0,54.483150684931516,10.0,0
2026-07-16,59.99,29.99,30.000000000000004,100.03334444814939,6,20,5.0,54.4831506849315,10.0,0
2026-07-17,59.99,29.99,30.000000000000004,100.03334444814939,7,21,5.0,54.483150684931516,10.0,0
2026-07-18,59.99,29.99,30.000000000000004,100.03334444814939,8,22,5.0,54.483150684931516,10.0,0
2026-07-19,59.99,29.99,30.000000000000004,100.03334444814939,9,23,5.0,54.4831506849315,10.0,0
2026-07-20,59.99,29.99,30.000000000000004,100.03334444814939,10,24,5.0,54.483150684931516,10.0,0
2026-07-21,59.99,29.99,30.000000000000004,100.03334444814939,11,25,5.0,54.4831506849315,10.0,0
2026-07-22,59.99,29.99,30.000000000000004,100.03334444814939,12,26,5.0,54.483150684931516,10.0,0
2026-07-23,59.99,29.99,30.000000000000004,100.03334444814939,13,27,5.0,54.4831506849315,10.0,0
2026-07-24,59.99,29.99,30.000000000000004,100.03334444814939,14,28,5.0,54.483150684931516,10.0,0
2026-07-25,59.99,29.99,30.000000000000004,100.03334444814939,15,29,5.0,54.4831506849315,10.0,0
2026-07-26,59.99,29.99,30.000000000000004,100.03334444814939,16,30,5.0,54.483150684931516,10.0,0
2026-07-27,59.99,29.99,30.000000000000004,100.03334444814939,17,31,5.0,54.483150684931516,10.0,0
2026-07-28,59.99,29.99,30.000000000000004,100.03334444814939,18,32,5.0,54.4831506849315,10.0,0
2026-07-29,59.99,29.99,30.000000000000004,100.03334444814939,19,33,5.0,54.483150684931516,10.0,0
2026-07-30,59.99,29.99,30.000000000000004,100.03334444814939,20,34,5.0,54.4831506849315,10.0,0
2026-07-31,59.99,29.99,30.000000000000004,100.03334444814939,21,35,5.0,54.483150684931516,10.0,0
2026-08-01,59.99,29.99,30.000000000000004,100.03334444814939,22,36,5.0,54.4831506849315,10.0,0
2026-08-02,59.99,29.99,30.000000000000004,100.03334444814939,23,37,5.0,54.483150684931516,10.0,0
2026-08-03,59.99,29.99,30.000000000000004,100.03334444814939,24,38,5.0,54.483150684931516,10.0,0
2026-08-04,59.99,29.99,30.000000000000004,100.03334444814939,25,39,5.0,54.4831506849315,10.0,0
2026-08-05,59.99,29.99,30.000000000000004,100.03334444814939,26,40,5.0,54.483150684931516,10.0,0
2026-08-06,59.99,29.99,30.000000000000004,100.03334444814939,27,41,5.0,54.4831506849315,10.0,0
2026-08-07,59.99,29.99,30.000000000000004,100.03334444814939,28,42,5.0,54.483150684931516,10.0,0
2026-08-08,59.99,29.99,30.000000000000004,100.03334444814939,29,43,5.0,54.4831506849315,10.0,0
2026-08-09,59.99,29.99,30.000000000000004,100.03334444814939,30,44,5.0,54.483150684931516,10.0,0
2026-08-10,59.99,29.99,30.000000000000004,100.03334444814939,31,45,5.0,54.4831506849315,10.0,0
2026-08-11,59.99,29.99,30.000000000000004,100.03334444814939,32,46,5.0,54.483150684931516,10.0,0
2026-08-12,59.99,29.99,30.000000000000004,100.03334444814939,33,47,5.0,54.483150684931516,10.0,0
2026-08-13,59.99,29.99,30.000000000000004,100.03334444814939,34,48,5.0,54.4831506849315,10.0,0
2026-08-14,59.99,29.99,30.000000000000004,100.03334444814939,35,49,5.0,54.483150684931516,10.0,0
2026-08-15,59.99,29.99,30.000000000000004,100.03334444814939,36,50,5.0,54.4831506849315,10.0,0
2026-08-16,59.99,29.99,30.000000000000004,100.03334444814939,37,51,5.0,54.483150684931516,10.0,0
2026-08-17,59.99,29.99,30.000000000000004,100.03334444814939,38,52,5.0,54.4831506849315,10.0,0
2026-08-18,59.99,29.99,30.000000000000004,100.03334444814939,39,53,5.0,54.483150684931516,10.0,0
2026-08-19,59.99,29.99,30.000000000000004,100.03334444814939,40,54,5.0,54.4831506849315,10.0,0
2026-08-20,59.99,29.99,30.000000000000004,100.03334444814939,41,55,5.0,54.4831506849315,10.0,0
2026-08-21,59.99,29.99,30.000000000000004,100.03334444814939,42,56,5.0,54.483150684931516,10.0,0
2026-08-22,59.99,29.99,30.000000000000004,100.03334444814939,43,57,5.0,54.4831506849315,10.0,0
2026-08-23,59.99,29.99,30.000000000000004,100.03334444814939,44,58,5.0,54.483150684931516,10.0,0
2026-08-24,59.99,29.99,30.000000000000004,100.03334444814939,45,59,5.0,54.4831506849315,10.0,0
2026-08-25,59.99,29.99,30.000000000000004,100.03334444814939,46,60,5.0,54.483150684931516,10.0,0
2026-08-26,59.99,29.99,30.000000000000004,100.03334444814939,47,61,5.0,54.4831506849315,10.0,0
2026-08-27,59.99,29.99,30.000000000000004,100.03334444814939,48,62,5.0,54.483150684931516,10.0,0
2026-08-28,59.99,29.99,30.000000000000004,100.03334444814939,49,63,5.0,54.483150684931516,10.0,0
2026-08-29,59.99,29.99,30.000000000000004,100.03334444814939,50,64,5.0,54.4831506849315,10.0,0
2026-08-30,59.99,29.99,30.000000000000004,100.03334444814939,51,65,5.0,54.483150684931516,10.0,0
2026-08-31,59.99,29.99,30.000000000000004,100.03334444814939,52,66,5.0,54.4831506849315,10.0,0
2026-09-01,59.99,29.99,30.000000000000004,100.03334444814939,53,67,5.0,54.483150684931516,10.0,0
