Date,Price,historical_low,price_above_low,percent_above_low,days_since_price_change,days_since_sale,sales_last_365_days,avg_price_last_365_days,price_changes_last_365_days,cheaper_within_30_days
2012-10-03,35.99,35.99,0.0,0.0,0,0,0.0,35.99,0.0,0
2012-10-04,35.99,35.99,0.0,0.0,1,1,0.0,35.99,0.0,0
2012-10-05,35.99,35.99,0.0,0.0,2,2,0.0,35.99,0.0,0
2012-10-06,35.99,35.99,0.0,0.0,3,3,0.0,35.99,0.0,0
2012-10-07,35.99,35.99,0.0,0.0,4,4,0.0,35.99,0.0,0
2012-10-08,35.99,35.99,0.0,0.0,5,5,0.0,35.99,0.0,0
2012-10-09,35.99,35.99,0.0,0.0,6,6,0.0,35.99,0.0,0
2012-10-10,35.99,35.99,0.0,0.0,7,7,0.0,35.99,0.0,0
2012-10-11,35.99,35.99,0.0,0.0,8,8,0.0,35.99,0.0,0
2012-10-12,35.99,35.99,0.0,0.0,9,9,0.0,35.99,0.0,0
2012-10-13,35.99,35.99,0.0,0.0,10,10,0.0,35.99,0.0,0
2012-10-14,35.99,35.99,0.0,0.0,11,11,0.0,35.99,0.0,0
2012-10-15,35.99,35.99,0.0,0.0,12,12,0.0,35.99,0.0,0
2012-10-16,35.99,35.99,0.0,0.0,13,13,0.0,35.99,0.0,0
2012-10-17,35.99,35.99,0.0,0.0,14,14,0.0,35.99,0.0,0
2012-10-18,35.99,35.99,0.0,0.0,15,15,0.0,35.99,0.0,0
2012-10-19,35.99,35.99,0.0,0.0,16,16,0.0,35.99,0.0,0
2012-10-20,35.99,35.99,0.0,0.0,17,17,0.0,35.99,0.0,0
2012-10-21,35.99,35.99,0.0,0.0,18,18,0.0,35.99,0.0,0
2012-10-22,35.99,35.99,0.0,0.0,19,19,0.0,35.99,0.0,0
2012-10-23,35.99,35.99,0.0,0.0,20,20,0.0,35.99,0.0,0
2012-10-24,35.99,35.99,0.0,0.0,21,21,0.0,35.99,0.0,0
2012-10-25,35.99,35.99,0.0,0.0,22,22,0.0,35.99,0.0,0
2012-10-26,35.99,35.99,0.0,0.0,23,23,0.0,35.99,0.0,0
2012-10-27,35.99,35.99,0.0,0.0,24,24,0.0,35.99,0.0,0
2012-10-28,35.99,35.99,0.0,0.0,25,25,0.0,35.99,0.0,0
2012-10-29,35.99,35.99,0.0,0.0,26,26,0.0,35.99,0.0,0
2012-10-30,35.99,35.99,0.0,0.0,27,27,0.0,35.99,0.0,0
2012-10-31,35.99,35.99,0.0,0.0,28,28,0.0,35.99,0.0,0
2012-11-01,35.99,35.99,0.0,0.0,29,29,0.0,35.99,0.0,0
2012-11-02,35.99,35.99,0.0,0.0,30,30,0.0,35.99,0.0,0
2012-11-03,35.99,35.99,0.0,0.0,31,31,0.0,35.99,0.0,0
2012-11-04,35.99,35.99,0.0,0.0,32,32,0.0,35.99,0.0,0
2012-11-05,35.99,35.99,0.0,0.0,33,33,0.0,35.99,0.0,0
2012-11-06,35.99,35.99,0.0,0.0,34,34,0.0,35.99,0.0,0
2012-11-07,35.99,35.99,0.0,0.0,35,35,0.0,35.99,0.0,0
2012-11-08,35.99,35.99,0.0,0.0,36,36,0.0,35.99,0.0,0
2012-11-09,35.99,35.99,0.0,0.0,37,37,0.0,35.99,0.0,0
2012-11-10,35.99,35.99,0.0,0.0,38,38,0.0,35.99,0.0,0
2012-11-11,35.99,35.99,0.0,0.0,39,39,0.0,35.99,0.0,0
2012-11-12,35.99,35.99,0.0,0.0,40,40,0.0,35.99,0.0,0
2012-11-13,35.99,35.99,0.0,0.0,41,41,0.0,35.99,0.0,0
2012-11-14,35.99,35.99,0.0,0.0,42,42,0.0,35.99,0.0,0
2012-11-15,35.99,35.99,0.0,0.0,43,43,0.0,35.99,0.0,0
2012-11-16,35.99,35.99,0.0,0.0,44,44,0.0,35.99,0.0,0
2012-11-17,35.99,35.99,0.0,0.0,45,45,0.0,35.99,0.0,0
2012-11-18,35.99,35.99,0.0,0.0,46,46,0.0,35.99,0.0,0
2012-11-19,35.99,35.99,0.0,0.0,47,47,0.0,35.99,0.0,0
2012-11-20,35.99,35.99,0.0,0.0,48,48,0.0,35.99,0.0,0
2012-11-21,35.99,35.99,0.0,0.0,49,49,0.0,35.99,0.0,0
2012-11-22,35.99,35.99,0.0,0.0,50,50,0.0,35.99,0.0,0
2012-11-23,40.19,35.99,4.199999999999996,11.669908307863283,0,51,0.0,35.99,0.0,1
2012-11-24,40.19,35.99,4.199999999999996,11.669908307863283,1,52,0.0,36.07076923076923,1.0,1
2012-11-25,40.19,35.99,4.199999999999996,11.669908307863283,2,53,0.0,36.14849056603774,1.0,1
2012-11-26,40.19,35.99,4.199999999999996,11.669908307863283,3,54,0.0,36.223333333333336,1.0,1
2012-11-27,40.19,35.99,4.199999999999996,11.669908307863283,4,55,0.0,36.29545454545455,1.0,1
2012-11-28,40.19,35.99,4.199999999999996,11.669908307863283,5,56,0.0,36.365,1.0,1
2012-11-29,40.19,35.99,4.199999999999996,11.669908307863283,6,57,0.0,36.432105263157894,1.0,1
2012-11-30,40.19,35.99,4.199999999999996,11.669908307863283,7,58,0.0,36.49689655172414,1.0,1
2012-12-01,40.19,35.99,4.199999999999996,11.669908307863283,8,59,0.0,36.55949152542373,1.0,1
2012-12-02,40.19,35.99,4.199999999999996,11.669908307863283,9,60,0.0,36.620000000000005,1.0,1
2012-12-03,40.19,35.99,4.199999999999996,11.669908307863283,10,61,0.0,36.67852459016393,1.0,1
2012-12-04,40.19,35.99,4.199999999999996,11.669908307863283,11,62,0.0,36.73516129032258,1.0,1
2012-12-05,40.19,35.99,4.199999999999996,11.669908307863283,12,63,0.0,36.79,1.0,1
2012-12-06,40.19,35.99,4.199999999999996,11.669908307863283,13,64,0.0,36.843125,1.0,1
2012-12-07,40.19,35.99,4.199999999999996,11.669908307863283,14,65,0.0,36.894615384615385,1.0,1
2012-12-08,40.19,35.99,4.199999999999996,11.669908307863283,15,66,0.0,36.944545454545455,1.0,1
2012-12-09,40.19,35.99,4.199999999999996,11.669908307863283,16,67,0.0,36.992985074626866,1.0,1
2012-12-10,40.19,35.99,4.199999999999996,11.669908307863283,17,68,0.0,37.040000000000006,1.0,1
2012-12-11,40.19,35.99,4.199999999999996,11.669908307863283,18,69,0.0,37.08565217391304,1.0,1
2012-12-12,40.19,35.99,4.199999999999996,11.669908307863283,19,70,0.0,37.129999999999995,1.0,1
2012-12-13,40.19,35.99,4.199999999999996,11.669908307863283,20,71,0.0,37.1730985915493,1.0,1
2012-12-14,40.19,35.99,4.199999999999996,11.669908307863283,21,72,0.0,37.215,1.0,1
2012-12-15,40.19,35.99,4.199999999999996,11.669908307863283,22,73,0.0,37.255753424657534,1.0,1
2012-12-16,40.19,35.99,4.199999999999996,11.669908307863283,23,74,0.0,37.295405405405404,1.0,1
2012-12-17,40.19,35.99,4.199999999999996,11.669908307863283,24,75,0.0,37.334,1.0,1
2012-12-18,40.19,35.99,4.199999999999996,11.669908307863283,25,76,0.0,37.37157894736843,1.0,1
2012-12-19,40.19,35.99,4.199999999999996,11.669908307863283,26,77,0.0,37.408181818181816,1.0,1
2012-12-20,40.19,35.99,4.199999999999996,11.669908307863283,27,78,0.0,37.44384615384615,1.0,1
2012-12-21,39.99,35.99,4.0,11.114198388441233,0,0,0.0,37.47860759493671,1.0,1
2012-12-22,39.99,35.99,4.0,11.114198388441233,1,1,1.0,37.510000000000005,2.0,1
2012-12-23,39.99,35.99,4.0,11.114198388441233,2,2,1.0,37.54061728395062,2.0,1
2012-12-24,39.99,35.99,4.0,11.114198388441233,3,3,1.0,37.57048780487805,2.0,1
2012-12-25,29.79,29.79,0.0,0.0,0,0,1.0,37.59963855421687,2.0,0
2012-12-26,29.79,29.79,0.0,0.0,1,1,2.0,37.50666666666667,3.0,0
2012-12-27,29.79,29.79,0.0,0.0,2,2,2.0,37.415882352941175,3.0,0
2012-12-28,39.99,29.79,10.200000000000003,34.23967774420948,0,3,2.0,37.32720930232558,3.0,1
2012-12-29,39.99,29.79,10.200000000000003,34.23967774420948,1,4,2.0,37.35781609195402,4.0,1
2012-12-30,29.79,29.79,0.0,0.0,0,0,2.0,37.38772727272727,4.0,0
2012-12-31,29.79,29.79,0.0,0.0,1,1,3.0,37.302359550561796,5.0,0
2013-01-01,39.99,29.79,10.200000000000003,34.23967774420948,0,2,3.0,37.218888888888884,5.0,1
2013-01-02,39.99,29.79,10.200000000000003,34.23967774420948,1,3,3.0,37.24934065934066,6.0,1
2013-01-03,29.79,29.79,0.0,0.0,0,0,3.0,37.27913043478261,6.0,0
2013-01-04,39.99,29.79,10.200000000000003,34.23967774420948,0,1,4.0,37.19860215053764,7.0,1
2013-01-05,39.99,29.79,10.200000000000003,34.23967774420948,1,2,4.0,37.22829787234043,8.0,1
2013-01-06,29.99,29.79,0.1999999999999993,0.6713662302786146,0,0,4.0,37.25736842105263,8.0,0
2013-01-07,29.99,29.79,0.1999999999999993,0.6713662302786146,1,1,5.0,37.181666666666665,9.0,0
2013-01-08,29.99,29.79,0.1999999999999993,0.6713662302786146,2,2,5.0,37.107525773195874,9.0,0
2013-01-09,29.99,29.79,0.1999999999999993,0.6713662302786146,3,3,5.0,37.034897959183674,9.0,0
2013-01-10,29.99,29.79,0.1999999999999993,0.6713662302786146,4,4,5.0,36.963737373737374,9.0,0
2013-01-11,29.99,29.79,0.1999999999999993,0.6713662302786146,5,5,5.0,36.894,9.0,0
2013-01-12,29.99,29.79,0.1999999999999993,0.6713662302786146,6,6,5.0,36.82564356435643,9.0,0
2013-01-13,29.99,29.79,0.1999999999999993,0.6713662302786146,7,7,5.0,36.75862745098039,9.0,0
2013-01-14,29.99,29.79,0.1999999999999993,0.6713662302786146,8,8,5.0,36.69291262135922,9.0,0
2013-01-15,29.99,29.79,0.1999999999999993,0.6713662302786146,9,9,5.0,36.628461538461536,9.0,0
2013-01-16,29.99,29.79,0.1999999999999993,0.6713662302786146,10,10,5.0,36.565238095238094,9.0,0
2013-01-17,29.99,29.79,0.1999999999999993,0.6713662302786146,11,11,5.0,36.503207547169815,9.0,0
2013-01-18,29.99,29.79,0.1999999999999993,0.6713662302786146,12,12,5.0,36.44233644859813,9.0,0
2013-01-19,29.99,29.79,0.1999999999999993,0.6713662302786146,13,13,5.0,36.382592592592594,9.0,0
2013-01-20,29.99,29.79,0.1999999999999993,0.6713662302786146,14,14,5.0,36.32394495412844,9.0,0
2013-01-21,29.99,29.79,0.1999999999999993,0.6713662302786146,15,15,5.0,36.266363636363636,9.0,0
2013-01-22,29.99,29.79,0.1999999999999993,0.6713662302786146,16,16,5.0,36.20981981981982,9.0,0
2013-01-23,29.99,29.79,0.1999999999999993,0.6713662302786146,17,17,5.0,36.15428571428571,9.0,0
2013-01-24,29.99,29.79,0.1999999999999993,0.6713662302786146,18,18,5.0,36.099734513274335,9.0,0
2013-01-25,29.99,29.79,0.1999999999999993,0.6713662302786146,19,19,5.0,36.046140350877195,9.0,0
2013-01-26,29.99,29.79,0.1999999999999993,0.6713662302786146,20,20,5.0,35.993478260869566,9.0,0
2013-01-27,29.99,29.79,0.1999999999999993,0.6713662302786146,21,21,5.0,35.94172413793103,9.0,0
2013-01-28,29.99,29.79,0.1999999999999993,0.6713662302786146,22,22,5.0,35.890854700854696,9.0,0
2013-01-29,29.99,29.79,0.1999999999999993,0.6713662302786146,23,23,5.0,35.84084745762712,9.0,0
2013-01-30,29.99,29.79,0.1999999999999993,0.6713662302786146,24,24,5.0,35.79168067226891,9.0,0
2013-01-31,29.99,29.79,0.1999999999999993,0.6713662302786146,25,25,5.0,35.74333333333333,9.0,0
2013-02-01,29.99,29.79,0.1999999999999993,0.6713662302786146,26,26,5.0,35.69578512396694,9.0,0
2013-02-02,29.99,29.79,0.1999999999999993,0.6713662302786146,27,27,5.0,35.64901639344262,9.0,0
2013-02-03,29.99,29.79,0.1999999999999993,0.6713662302786146,28,28,5.0,35.6030081300813,9.0,0
2013-02-04,29.99,29.79,0.1999999999999993,0.6713662302786146,29,29,5.0,35.55774193548387,9.0,0
2013-02-05,29.99,29.79,0.1999999999999993,0.6713662302786146,30,30,5.0,35.5132,9.0,0
2013-02-06,29.99,29.79,0.1999999999999993,0.6713662302786146,31,31,5.0,35.46936507936508,9.0,0
2013-02-07,29.99,29.79,0.1999999999999993,0.6713662302786146,32,32,5.0,35.426220472440946,9.0,0
2013-02-08,29.99,29.79,0.1999999999999993,0.6713662302786146,33,33,5.0,35.38375,9.0,0
2013-02-09,29.99,29.79,0.1999999999999993,0.6713662302786146,34,34,5.0,35.34193798449612,9.0,0
2013-02-10,29.99,29.79,0.1999999999999993,0.6713662302786146,35,35,5.0,35.300769230769234,9.0,0
2013-02-11,29.99,29.79,0.1999999999999993,0.6713662302786146,36,36,5.0,35.26022900763359,9.0,0
2013-02-12,29.99,29.79,0.1999999999999993,0.6713662302786146,37,37,5.0,35.22030303030303,9.0,0
2013-02-13,29.99,29.79,0.1999999999999993,0.6713662302786146,38,38,5.0,35.180977443609024,9.0,0
2013-02-14,29.99,29.79,0.1999999999999993,0.6713662302786146,39,39,5.0,35.14223880597015,9.0,0
2013-02-15,29.99,29.79,0.1999999999999993,0.6713662302786146,40,40,5.0,35.10407407407408,9.0,0
2013-02-16,29.99,29.79,0.1999999999999993,0.6713662302786146,41,41,5.0,35.06647058823529,9.0,0
2013-02-17,29.99,29.79,0.1999999999999993,0.6713662302786146,42,42,5.0,35.02941605839416,9.0,0
2013-02-18,29.99,29.79,0.1999999999999993,0.6713662302786146,43,43,5.0,34.99289855072464,9.0,0
2013-02-19,29.99,29.79,0.1999999999999993,0.6713662302786146,44,44,5.0,34.956906474820144,9.0,0
2013-02-20,29.99,29.79,0.1999999999999993,0.6713662302786146,45,45,5.0,34.92142857142857,9.0,0
2013-02-21,29.99,29.79,0.1999999999999993,0.6713662302786146,46,46,5.0,34.88645390070922,9.0,0
2013-02-22,29.99,29.79,0.1999999999999993,0.6713662302786146,47,47,5.0,34.85197183098591,9.0,0
2013-02-23,29.99,29.79,0.1999999999999993,0.6713662302786146,48,48,5.0,34.81797202797203,9.0,0
2013-02-24,29.99,29.79,0.1999999999999993,0.6713662302786146,49,49,5.0,34.784444444444446,9.0,0
2013-02-25,29.99,29.79,0.1999999999999993,0.6713662302786146,50,50,5.0,34.751379310344824,9.0,0
2013-02-26,29.99,29.79,0.1999999999999993,0.6713662302786146,51,51,5.0,34.71876712328767,9.0,0
2013-02-27,29.99,29.79,0.1999999999999993,0.6713662302786146,52,52,5.0,34.68659863945578,9.0,0
2013-02-28,29.99,29.79,0.1999999999999993,0.6713662302786146,53,53,5.0,34.65486486486486,9.0,0
2013-03-01,29.99,29.79,0.1999999999999993,0.6713662302786146,54,54,5.0,34.62355704697986,9.0,0
2013-03-02,29.99,29.79,0.1999999999999993,0.6713662302786146,55,55,5.0,34.592666666666666,9.0,0
2013-03-03,29.99,29.79,0.1999999999999993,0.6713662302786146,56,56,5.0,34.56218543046358,9.0,0
2013-03-04,29.99,29.79,0.1999999999999993,0.6713662302786146,57,57,5.0,34.532105263157895,9.0,0
2013-03-05,29.99,29.79,0.1999999999999993,0.6713662302786146,58,58,5.0,34.502418300653595,9.0,0
2013-03-06,29.99,29.79,0.1999999999999993,0.6713662302786146,59,59,5.0,34.47311688311688,9.0,0
2013-03-07,29.99,29.79,0.1999999999999993,0.6713662302786146,60,60,5.0,34.4441935483871,9.0,0
2013-03-08,29.99,29.79,0.1999999999999993,0.6713662302786146,61,61,5.0,34.41564102564103,9.0,0
2013-03-09,29.99,29.79,0.1999999999999993,0.6713662302786146,62,62,5.0,34.38745222929936,9.0,0
2013-03-10,29.99,29.79,0.1999999999999993,0.6713662302786146,63,63,5.0,34.35962025316456,9.0,0
2013-03-11,29.99,29.79,0.1999999999999993,0.6713662302786146,64,64,5.0,34.33213836477988,9.0,0
2013-03-12,29.99,29.79,0.1999999999999993,0.6713662302786146,65,65,5.0,34.305,9.0,0
2013-03-13,29.99,29.79,0.1999999999999993,0.6713662302786146,66,66,5.0,34.278198757763974,9.0,0
2013-03-14,29.99,29.79,0.1999999999999993,0.6713662302786146,67,67,5.0,34.251728395061726,9.0,0
2013-03-15,29.99,29.79,0.1999999999999993,0.6713662302786146,68,68,5.0,34.22558282208589,9.0,0
2013-03-16,29.99,29.79,0.1999999999999993,0.6713662302786146,69,69,5.0,34.19975609756098,9.0,0
2013-03-17,29.99,29.79,0.1999999999999993,0.6713662302786146,70,70,5.0,34.17424242424242,9.0,0
2013-03-18,29.99,29.79,0.1999999999999993,0.6713662302786146,71,71,5.0,34.14903614457831,9.0,0
2013-03-19,29.99,29.79,0.1999999999999993,0.6713662302786146,72,72,5.0,34.12413173652694,9.0,0
2013-03-20,29.99,29.79,0.1999999999999993,0.6713662302786146,73,73,5.0,34.09952380952381,9.0,0
2013-03-21,29.99,29.79,0.1999999999999993,0.6713662302786146,74,74,5.0,34.07520710059172,9.0,0
2013-03-22,29.99,29.79,0.1999999999999993,0.6713662302786146,75,75,5.0,34.05117647058823,9.0,0
2013-03-23,29.99,29.79,0.1999999999999993,0.6713662302786146,76,76,5.0,34.02742690058479,9.0,0
2013-03-24,29.99,29.79,0.1999999999999993,0.6713662302786146,77,77,5.0,34.0039534883721,9.0,0
2013-03-25,29.99,29.79,0.1999999999999993,0.6713662302786146,78,78,5.0,33.9807514450867,9.0,0
2013-03-26,29.99,29.79,0.1999999999999993,0.6713662302786146,79,79,5.0,33.95781609195402,9.0,0
2013-03-27,29.99,29.79,0.1999999999999993,0.6713662302786146,80,80,5.0,33.93514285714286,9.0,0
2013-03-28,29.99,29.79,0.1999999999999993,0.6713662302786146,81,81,5.0,33.912727272727274,9.0,0
2013-03-29,29.99,29.79,0.1999999999999993,0.6713662302786146,82,82,5.0,33.89056497175142,9.0,0
2013-03-30,29.99,29.79,0.1999999999999993,0.6713662302786146,83,83,5.0,33.86865168539326,9.0,0
2013-03-31,29.99,29.79,0.1999999999999993,0.6713662302786146,84,84,5.0,33.84698324022346,9.0,0
2013-04-01,29.99,29.79,0.1999999999999993,0.6713662302786146,85,85,5.0,33.82555555555556,9.0,0
2013-04-02,29.99,29.79,0.1999999999999993,0.6713662302786146,86,86,5.0,33.80436464088398,9.0,0
2013-04-03,29.99,29.79,0.1999999999999993,0.6713662302786146,87,87,5.0,33.783406593406596,9.0,0
2013-04-04,29.99,29.79,0.1999999999999993,0.6713662302786146,88,88,5.0,33.76267759562841,9.0,0
2013-04-05,29.99,29.79,0.1999999999999993,0.6713662302786146,89,89,5.0,33.74217391304347,9.0,0
2013-04-06,29.99,29.79,0.1999999999999993,0.6713662302786146,90,90,5.0,33.72189189189189,9.0,0
2013-04-07,29.99,29.79,0.1999999999999993,0.6713662302786146,91,91,5.0,33.70182795698925,9.0,0
2013-04-08,29.99,29.79,0.1999999999999993,0.6713662302786146,92,92,5.0,33.681978609625666,9.0,0
2013-04-09,29.99,29.79,0.1999999999999993,0.6713662302786146,93,93,5.0,33.662340425531916,9.0,0
2013-04-10,29.99,29.79,0.1999999999999993,0.6713662302786146,94,94,5.0,33.642910052910054,9.0,0
2013-04-11,29.99,29.79,0.1999999999999993,0.6713662302786146,95,95,5.0,33.623684210526314,9.0,0
2013-04-12,29.99,29.79,0.1999999999999993,0.6713662302786146,96,96,5.0,33.60465968586387,9.0,0
2013-04-13,29.99,29.79,0.1999999999999993,0.6713662302786146,97,97,5.0,33.58583333333333,9.0,0
2013-04-14,29.99,29.79,0.1999999999999993,0.6713662302786146,98,98,5.0,33.56720207253886,9.0,0
2013-04-15,29.99,29.79,0.1999999999999993,0.6713662302786146,99,99,5.0,33.54876288659794,9.0,0
2013-04-16,29.99,29.79,0.1999999999999993,0.6713662302786146,100,100,5.0,33.53051282051282,9.0,0
2013-04-17,29.99,29.79,0.1999999999999993,0.6713662302786146,101,101,5.0,33.51244897959184,9.0,0
2013-04-18,29.99,29.79,0.1999999999999993,0.6713662302786146,102,102,5.0,33.49456852791878,9.0,0
2013-04-19,29.99,29.79,0.1999999999999993,0.6713662302786146,103,103,5.0,33.476868686868684,9.0,0
2013-04-20,29.99,29.79,0.1999999999999993,0.6713662302786146,104,104,5.0,33.45934673366834,9.0,0
2013-04-21,29.99,29.79,0.1999999999999993,0.6713662302786146,105,105,5.0,33.442,9.0,0
2013-04-22,29.99,29.79,0.1999999999999993,0.6713662302786146,106,106,5.0,33.42482587064677,9.0,0
2013-04-23,29.99,29.79,0.1999999999999993,0.6713662302786146,107,107,5.0,33.40782178217822,9.0,0
2013-04-24,29.99,29.79,0.1999999999999993,0.6713662302786146,108,108,5.0,33.390985221674875,9.0,0
2013-04-25,29.99,29.79,0.1999999999999993,0.6713662302786146,109,109,5.0,33.3743137254902,9.0,0
2013-04-26,29.99,29.79,0.1999999999999993,0.6713662302786146,110,110,5.0,33.357804878048775,9.0,0
2013-04-27,29.99,29.79,0.1999999999999993,0.6713662302786146,111,111,5.0,33.34145631067961,9.0,0
2013-04-28,29.99,29.79,0.1999999999999993,0.6713662302786146,112,112,5.0,33.325265700483094,9.0,0
2013-04-29,29.99,29.79,0.1999999999999993,0.6713662302786146,113,113,5.0,33.309230769230766,9.0,0
2013-04-30,29.99,29.79,0.1999999999999993,0.6713662302786146,114,114,5.0,33.293349282296646,9.0,0
2013-05-01,29.99,29.79,0.1999999999999993,0.6713662302786146,115,115,5.0,33.27761904761905,9.0,0
2013-05-02,29.99,29.79,0.1999999999999993,0.6713662302786146,116,116,5.0,33.262037914691945,9.0,0
2013-05-03,29.99,29.79,0.1999999999999993,0.6713662302786146,117,117,5.0,33.2466037735849,9.0,0
2013-05-04,29.99,29.79,0.1999999999999993,0.6713662302786146,118,118,5.0,33.23131455399061,9.0,0
2013-05-05,29.99,29.79,0.1999999999999993,0.6713662302786146,119,119,5.0,33.21616822429907,9.0,0
2013-05-06,29.99,29.79,0.1999999999999993,0.6713662302786146,120,120,5.0,33.20116279069767,9.0,0
2013-05-07,29.99,29.79,0.1999999999999993,0.6713662302786146,121,121,5.0,33.1862962962963,9.0,0
2013-05-08,29.99,29.79,0.1999999999999993,0.6713662302786146,122,122,5.0,33.171566820276496,9.0,0
2013-05-09,29.99,29.79,0.1999999999999993,0.6713662302786146,123,123,5.0,33.15697247706422,9.0,0
2013-05-10,29.99,29.79,0.1999999999999993,0.6713662302786146,124,124,5.0,33.142511415525114,9.0,0
2013-05-11,29.99,29.79,0.1999999999999993,0.6713662302786146,125,125,5.0,33.128181818181815,9.0,0
2013-05-12,29.99,29.79,0.1999999999999993,0.6713662302786146,126,126,5.0,33.11398190045249,9.0,0
2013-05-13,29.99,29.79,0.1999999999999993,0.6713662302786146,127,127,5.0,33.09990990990991,9.0,0
2013-05-14,29.99,29.79,0.1999999999999993,0.6713662302786146,128,128,5.0,33.08596412556054,9.0,0
2013-05-15,29.99,29.79,0.1999999999999993,0.6713662302786146,129,129,5.0,33.07214285714286,9.0,0
2013-05-16,29.99,29.79,0.1999999999999993,0.6713662302786146,130,130,5.0,33.05844444444444,9.0,0
2013-05-17,29.99,29.79,0.1999999999999993,0.6713662302786146,131,131,5.0,33.04486725663717,9.0,0
2013-05-18,29.99,29.79,0.1999999999999993,0.6713662302786146,132,132,5.0,33.03140969162995,9.0,0
2013-05-19,29.99,29.79,0.1999999999999993,0.6713662302786146,133,133,5.0,33.018070175438595,9.0,0
2013-05-20,29.99,29.79,0.1999999999999993,0.6713662302786146,134,134,5.0,33.00484716157205,9.0,0
2013-05-21,29.99,29.79,0.1999999999999993,0.6713662302786146,135,135,5.0,32.99173913043478,9.0,0
2013-05-22,29.99,29.79,0.1999999999999993,0.6713662302786146,136,136,5.0,32.97874458874459,9.0,0
2013-05-23,29.99,29.79,0.1999999999999993,0.6713662302786146,137,137,5.0,32.965862068965514,9.0,0
2013-05-24,29.99,29.79,0.1999999999999993,0.6713662302786146,138,138,5.0,32.95309012875536,9.0,0
2013-05-25,29.99,29.79,0.1999999999999993,0.6713662302786146,139,139,5.0,32.94042735042735,9.0,0
2013-05-26,29.99,29.79,0.1999999999999993,0.6713662302786146,140,140,5.0,32.92787234042553,9.0,0
2013-05-27,29.99,29.79,0.1999999999999993,0.6713662302786146,141,141,5.0,32.91542372881356,9.0,0
2013-05-28,29.99,29.79,0.1999999999999993,0.6713662302786146,142,142,5.0,32.90308016877637,9.0,0
2013-05-29,29.99,29.79,0.1999999999999993,0.6713662302786146,143,143,5.0,32.89084033613445,9.0,0
2013-05-30,29.99,29.79,0.1999999999999993,0.6713662302786146,144,144,5.0,32.8787029288703,9.0,0
2013-05-31,29.99,29.79,0.1999999999999993,0.6713662302786146,145,145,5.0,32.86666666666667,9.0,0
2013-06-01,29.99,29.79,0.1999999999999993,0.6713662302786146,146,146,5.0,32.85473029045643,9.0,0
2013-06-02,29.99,29.79,0.1999999999999993,0.6713662302786146,147,147,5.0,32.84289256198347,9.0,0
2013-06-03,29.99,29.79,0.1999999999999993,0.6713662302786146,148,148,5.0,32.831152263374484,9.0,0
2013-06-04,29.99,29.79,0.1999999999999993,0.6713662302786146,149,149,5.0,32.81950819672131,9.0,0
2013-06-05,29.99,29.79,0.1999999999999993,0.6713662302786146,150,150,5.0,32.80795918367347,9.0,0
2013-06-06,29.99,29.79,0.1999999999999993,0.6713662302786146,151,151,5.0,32.79650406504065,9.0,0
2013-06-07,29.99,29.79,0.1999999999999993,0.6713662302786146,152,152,5.0,32.78514170040486,9.0,0
2013-06-08,29.99,29.79,0.1999999999999993,0.6713662302786146,153,153,5.0,32.773870967741935,9.0,0
2013-06-09,29.99,29.79,0.1999999999999993,0.6713662302786146,154,154,5.0,32.762690763052206,9.0,0
2013-06-10,29.99,29.79,0.1999999999999993,0.6713662302786146,155,155,5.0,32.751599999999996,9.0,0
2013-06-11,29.99,29.79,0.1999999999999993,0.6713662302786146,156,156,5.0,32.74059760956175,9.0,0
2013-06-12,29.99,29.79,0.1999999999999993,0.6713662302786146,157,157,5.0,32.729682539682535,9.0,1
2013-06-13,29.99,29.79,0.1999999999999993,0.6713662302786146,158,158,5.0,32.71885375494071,9.0,1
2013-06-14,29.99,29.79,0.1999999999999993,0.6713662302786146,159,159,5.0,32.70811023622048,9.0,1
2013-06-15,29.99,29.79,0.1999999999999993,0.6713662302786146,160,160,5.0,32.697450980392155,9.0,1
2013-06-16,29.99,29.79,0.1999999999999993,0.6713662302786146,161,161,5.0,32.686875,9.0,1
2013-06-17,29.99,29.79,0.1999999999999993,0.6713662302786146,162,162,5.0,32.6763813229572,9.0,1
2013-06-18,29.99,29.79,0.1999999999999993,0.6713662302786146,163,163,5.0,32.66596899224806,9.0,1
2013-06-19,29.99,29.79,0.1999999999999993,0.6713662302786146,164,164,5.0,32.655637065637066,9.0,1
2013-06-20,29.99,29.79,0.1999999999999993,0.6713662302786146,165,165,5.0,32.645384615384614,9.0,1
2013-06-21,29.99,29.79,0.1999999999999993,0.6713662302786146,166,166,5.0,32.635210727969344,9.0,1
2013-06-22,29.99,29.79,0.1999999999999993,0.6713662302786146,167,167,5.0,32.625114503816796,9.0,1
2013-06-23,29.99,29.79,0.1999999999999993,0.6713662302786146,168,168,5.0,32.615095057034225,9.0,1
2013-06-24,29.99,29.79,0.1999999999999993,0.6713662302786146,169,169,5.0,32.60515151515152,9.0,1
2013-06-25,29.99,29.79,0.1999999999999993,0.6713662302786146,170,170,5.0,32.595283018867924,9.0,1
2013-06-26,29.99,29.79,0.1999999999999993,0.6713662302786146,171,171,5.0,32.58548872180451,9.0,1
2013-06-27,29.99,29.79,0.1999999999999993,0.6713662302786146,172,172,5.0,32.57576779026217,9.0,1
2013-06-28,29.99,29.79,0.1999999999999993,0.6713662302786146,173,173,5.0,32.56611940298507,9.0,1
2013-06-29,29.99,29.79,0.1999999999999993,0.6713662302786146,174,174,5.0,32.55654275092937,9.0,1
2013-06-30,29.99,29.79,0.1999999999999993,0.6713662302786146,175,175,5.0,32.547037037037036,9.0,1
2013-07-01,29.99,29.79,0.1999999999999993,0.6713662302786146,176,176,5.0,32.537601476014764,9.0,1
2013-07-02,29.99,29.79,0.1999999999999993,0.6713662302786146,177,177,5.0,32.52823529411765,9.0,1
2013-07-03,29.99,29.79,0.1999999999999993,0.6713662302786146,178,178,5.0,32.51893772893773,9.0,1
2013-07-04,29.99,29.79,0.1999999999999993,0.6713662302786146,179,179,5.0,32.50970802919708,9.0,1
2013-07-05,29.99,29.79,0.1999999999999993,0.6713662302786146,180,180,5.0,32.50054545454545,9.0,1
2013-07-06,29.99,29.79,0.1999999999999993,0.6713662302786146,181,181,5.0,32.491449275362314,9.0,1
2013-07-07,29.99,29.79,0.1999999999999993,0.6713662302786146,182,182,5.0,32.48241877256317,9.0,1
2013-07-08,29.99,29.79,0.1999999999999993,0.6713662302786146,183,183,5.0,32.47345323741007,9.0,1
2013-07-09,29.99,29.79,0.1999999999999993,0.6713662302786146,184,184,5.0,32.464551971326166,9.0,1
2013-07-10,29.99,29.79,0.1999999999999993,0.6713662302786146,185,185,5.0,32.455714285714286,9.0,1
2013-07-11,29.99,29.79,0.1999999999999993,0.6713662302786146,186,186,5.0,32.44693950177936,9.0,1
2013-07-12,20.99,20.99,0.0,0.0,0,0,5.0,32.43822695035461,9.0,1
2013-07-13,20.99,20.99,0.0,0.0,1,1,6.0,32.3977738515901,10.0,1
2013-07-14,20.99,20.99,0.0,0.0,2,2,6.0,32.35760563380281,10.0,1
2013-07-15,20.99,20.99,0.0,0.0,3,3,6.0,32.31771929824561,10.0,1
2013-07-16,20.99,20.99,0.0,0.0,4,4,6.0,32.27811188811189,10.0,1
2013-07-17,20.99,20.99,0.0,0.0,5,5,6.0,32.23878048780488,10.0,1
2013-07-18,20.99,20.99,0.0,0.0,6,6,6.0,32.19972222222222,10.0,1
2013-07-19,20.99,20.99,0.0,0.0,7,7,6.0,32.16093425605536,10.0,1
2013-07-20,20.99,20.99,0.0,0.0,8,8,6.0,32.12241379310345,10.0,1
2013-07-21,20.99,20.99,0.0,0.0,9,9,6.0,32.08415807560137,10.0,1
2013-07-22,20.99,20.99,0.0,0.0,10,10,6.0,32.046164383561646,10.0,1
2013-07-23,20.99,20.99,0.0,0.0,11,11,6.0,32.00843003412969,10.0,1
2013-07-24,20.99,20.99,0.0,0.0,12,12,6.0,31.97095238095238,10.0,1
2013-07-25,20.99,20.99,0.0,0.0,13,13,6.0,31.93372881355932,10.0,1
2013-07-26,29.99,20.99,9.0,42.877560743211056,0,14,6.0,31.89675675675676,10.0,1
2013-07-27,29.99,20.99,9.0,42.877560743211056,1,15,6.0,31.8903367003367,11.0,1
2013-07-28,29.99,20.99,9.0,42.877560743211056,2,16,6.0,31.883959731543623,11.0,1
2013-07-29,29.99,20.99,9.0,42.877560743211056,3,17,6.0,31.8776254180602,11.0,1
2013-07-30,29.99,20.99,9.0,42.877560743211056,4,18,6.0,31.871333333333332,11.0,1
2013-07-31,29.99,20.99,9.0,42.877560743211056,5,19,6.0,31.865083056478404,11.0,1
2013-08-01,29.99,20.99,9.0,42.877560743211056,6,20,6.0,31.858874172185427,11.0,1
2013-08-02,22.49,20.99,1.5,7.14626012386851,0,0,6.0,31.85270627062706,11.0,1
2013-08-03,22.49,20.99,1.5,7.14626012386851,1,1,7.0,31.821907894736842,12.0,1
2013-08-04,14.99,14.99,0.0,0.0,0,0,7.0,31.791311475409838,12.0,0
2013-08-05,22.49,14.99,7.499999999999998,50.033355570380245,0,1,8.0,31.73640522875817,13.0,0
2013-08-06,29.99,14.99,14.999999999999998,100.06671114076049,0,2,8.0,31.70628664495114,14.0,0
2013-08-07,29.99,14.99,14.999999999999998,100.06671114076049,1,3,8.0,31.700714285714284,15.0,0
2013-08-08,29.99,14.99,14.999999999999998,100.06671114076049,2,4,8.0,31.695177993527505,15.0,0
2013-08-09,29.99,14.99,14.999999999999998,100.06671114076049,3,5,8.0,31.689677419354837,15.0,0
2013-08-10,29.99,14.99,14.999999999999998,100.06671114076049,4,6,8.0,31.684212218649513,15.0,0
2013-08-11,29.99,14.99,14.999999999999998,100.06671114076049,5,7,8.0,31.67878205128205,15.0,0
2013-08-12,29.99,14.99,14.999999999999998,100.06671114076049,6,8,8.0,31.67338658146965,15.0,0
2013-08-13,29.99,14.99,14.999999999999998,100.06671114076049,7,9,8.0,31.66802547770701,15.0,0
2013-08-14,29.99,14.99,14.999999999999998,100.06671114076049,8,10,8.0,31.66269841269841,15.0,0
2013-08-15,29.99,14.99,14.999999999999998,100.06671114076049,9,11,8.0,31.65740506329114,15.0,0
2013-08-16,29.99,14.99,14.999999999999998,100.06671114076049,10,12,8.0,31.652145110410093,15.0,0
2013-08-17,29.99,14.99,14.999999999999998,100.06671114076049,11,13,8.0,31.64691823899371,15.0,0
2013-08-18,29.99,14.99,14.999999999999998,100.06671114076049,12,14,8.0,31.641724137931032,15.0,0
2013-08-19,29.99,14.99,14.999999999999998,100.06671114076049,13,15,8.0,31.636562499999997,15.0,0
2013-08-20,29.99,14.99,14.999999999999998,100.06671114076049,14,16,8.0,31.631433021806856,15.0,0
2013-08-21,29.99,14.99,14.999999999999998,100.06671114076049,15,17,8.0,31.62633540372671,15.0,0
2013-08-22,29.99,14.99,14.999999999999998,100.06671114076049,16,18,8.0,31.6212693498452,15.0,0
2013-08-23,29.99,14.99,14.999999999999998,100.06671114076049,17,19,8.0,31.616234567901234,15.0,0
2013-08-24,29.99,14.99,14.999999999999998,100.06671114076049,18,20,8.0,31.61123076923077,15.0,0
2013-08-25,29.99,14.99,14.999999999999998,100.06671114076049,19,21,8.0,31.606257668711656,15.0,0
2013-08-26,29.99,14.99,14.999999999999998,100.06671114076049,20,22,8.0,31.60131498470948,15.0,0
2013-08-27,29.99,14.99,14.999999999999998,100.06671114076049,21,23,8.0,31.596402439024388,15.0,0
2013-08-28,29.99,14.99,14.999999999999998,100.06671114076049,22,24,8.0,31.591519756838906,15.0,0
2013-08-29,29.99,14.99,14.999999999999998,100.06671114076049,23,25,8.0,31.586666666666666,15.0,0
2013-08-30,29.99,14.99,14.999999999999998,100.06671114076049,24,26,8.0,31.581842900302114,15.0,0
2013-08-31,29.99,14.99,14.999999999999998,100.06671114076049,25,27,8.0,31.577048192771084,15.0,0
2013-09-01,29.99,14.99,14.999999999999998,100.06671114076049,26,28,8.0,31.57228228228228,15.0,0
2013-09-02,29.99,14.99,14.999999999999998,100.06671114076049,27,29,8.0,31.567544910179638,15.0,0
2013-09-03,29.99,14.99,14.999999999999998,100.06671114076049,28,30,8.0,31.562835820895522,15.0,0
2013-09-04,29.99,14.99,14.999999999999998,100.06671114076049,29,31,8.0,31.55815476190476,15.0,0
2013-09-05,29.99,14.99,14.999999999999998,100.06671114076049,30,32,8.0,31.553501483679522,15.0,0
2013-09-06,29.99,14.99,14.999999999999998,100.06671114076049,31,33,8.0,31.54887573964497,15.0,0
2013-09-07,29.99,14.99,14.999999999999998,100.06671114076049,32,34,8.0,31.544277286135692,15.0,0
2013-09-08,29.99,14.99,14.999999999999998,100.06671114076049,33,35,8.0,31.53970588235294,15.0,0
2013-09-09,29.99,14.99,14.999999999999998,100.06671114076049,34,36,8.0,31.53516129032258,15.0,0
2013-09-10,29.99,14.99,14.999999999999998,100.06671114076049,35,37,8.0,31.5306432748538,15.0,0
2013-09-11,29.99,14.99,14.999999999999998,100.06671114076049,36,38,8.0,31.52615160349854,15.0,0
2013-09-12,29.99,14.99,14.999999999999998,100.06671114076049,37,39,8.0,31.521686046511626,15.0,0
2013-09-13,29.99,14.99,14.999999999999998,100.06671114076049,38,40,8.0,31.517246376811592,15.0,0
2013-09-14,29.99,14.99,14.999999999999998,100.06671114076049,39,41,8.0,31.5128323699422,15.0,0
2013-09-15,29.99,14.99,14.999999999999998,100.06671114076049,40,42,8.0,31.508443804034584,15.0,0
2013-09-16,29.99,14.99,14.999999999999998,100.06671114076049,41,43,8.0,31.504080459770115,15.0,0
2013-09-17,29.99,14.99,14.999999999999998,100.06671114076049,42,44,8.0,31.49974212034384,15.0,0
2013-09-18,29.99,14.99,14.999999999999998,100.06671114076049,43,45,8.0,31.49542857142857,15.0,0
2013-09-19,29.99,14.99,14.999999999999998,100.06671114076049,44,46,8.0,31.4911396011396,15.0,0
2013-09-20,29.99,14.99,14.999999999999998,100.06671114076049,45,47,8.0,31.486874999999998,15.0,0
2013-09-21,29.99,14.99,14.999999999999998,100.06671114076049,46,48,8.0,31.48263456090651,15.0,0
2013-09-22,29.99,14.99,14.999999999999998,100.06671114076049,47,49,8.0,31.47841807909604,15.0,0
2013-09-23,29.99,14.99,14.999999999999998,100.06671114076049,48,50,8.0,31.474225352112676,15.0,0
2013-09-24,29.99,14.99,14.999999999999998,100.06671114076049,49,51,8.0,31.47005617977528,15.0,0
2013-09-25,29.99,14.99,14.999999999999998,100.06671114076049,50,52,8.0,31.465910364145657,15.0,0
2013-09-26,29.99,14.99,14.999999999999998,100.06671114076049,51,53,8.0,31.461787709497205,15.0,0
2013-09-27,29.99,14.99,14.999999999999998,100.06671114076049,52,54,8.0,31.45768802228412,15.0,0
2013-09-28,29.99,14.99,14.999999999999998,100.06671114076049,53,55,8.0,31.45361111111111,15.0,0
2013-09-29,29.99,14.99,14.999999999999998,100.06671114076049,54,56,8.0,31.4495567867036,15.0,0
2013-09-30,29.99,14.99,14.999999999999998,100.06671114076049,55,57,8.0,31.44552486187845,15.0,0
2013-10-01,29.99,14.99,14.999999999999998,100.06671114076049,56,58,8.0,31.44151515151515,15.0,0
2013-10-02,29.99,14.99,14.999999999999998,100.06671114076049,57,59,8.0,31.437527472527474,15.0,0
2013-10-03,29.99,14.99,14.999999999999998,100.06671114076049,58,60,8.0,31.433561643835617,15.0,0
2013-10-04,29.99,14.99,14.999999999999998,100.06671114076049,59,61,8.0,31.417123287671235,15.0,0
2013-10-05,29.99,14.99,14.999999999999998,100.06671114076049,60,62,8.0,31.40068493150685,15.0,0
2013-10-06,29.99,14.99,14.999999999999998,100.06671114076049,61,63,8.0,31.384246575342466,15.0,0
2013-10-07,29.99,14.99,14.999999999999998,100.06671114076049,62,64,8.0,31.367808219178084,15.0,0
2013-10-08,29.99,14.99,14.999999999999998,100.06671114076049,63,65,8.0,31.351369863013694,15.0,0
2013-10-09,29.99,14.99,14.999999999999998,100.06671114076049,64,66,8.0,31.334931506849315,15.0,0
2013-10-10,29.99,14.99,14.999999999999998,100.06671114076049,65,67,8.0,31.318493150684933,15.0,0
2013-10-11,29.99,14.99,14.999999999999998,100.06671114076049,66,68,8.0,31.302054794520547,15.0,0
2013-10-12,29.99,14.99,14.999999999999998,100.06671114076049,67,69,8.0,31.285616438356165,15.0,0
2013-10-13,29.99,14.99,14.999999999999998,100.06671114076049,68,70,8.0,31.269178082191782,15.0,0
2013-10-14,29.99,14.99,14.999999999999998,100.06671114076049,69,71,8.0,31.252739726027396,15.0,0
2013-10-15,29.99,14.99,14.999999999999998,100.06671114076049,70,72,8.0,31.236301369863014,15.0,0
2013-10-16,29.99,14.99,14.999999999999998,100.06671114076049,71,73,8.0,31.219863013698625,15.0,0
2013-10-17,29.99,14.99,14.999999999999998,100.06671114076049,72,74,8.0,31.203424657534242,15.0,0
2013-10-18,29.99,14.99,14.999999999999998,100.06671114076049,73,75,8.0,31.186986301369863,15.0,0
2013-10-19,29.99,14.99,14.999999999999998,100.06671114076049,74,76,8.0,31.17054794520548,15.0,0
2013-10-20,29.99,14.99,14.999999999999998,100.06671114076049,75,77,8.0,31.154109589041095,15.0,0
2013-10-21,29.99,14.99,14.999999999999998,100.06671114076049,76,78,8.0,31.137671232876713,15.0,0
2013-10-22,29.99,14.99,14.999999999999998,100.06671114076049,77,79,8.0,31.12123287671233,15.0,0
2013-10-23,29.99,14.99,14.999999999999998,100.06671114076049,78,80,8.0,31.104794520547944,15.0,0
2013-10-24,29.99,14.99,14.999999999999998,100.06671114076049,79,81,8.0,31.08835616438356,15.0,0
2013-10-25,29.99,14.99,14.999999999999998,100.06671114076049,80,82,8.0,31.071917808219172,15.0,0
2013-10-26,29.99,14.99,14.999999999999998,100.06671114076049,81,83,8.0,31.055479452054794,15.0,0
2013-10-27,29.99,14.99,14.999999999999998,100.06671114076049,82,84,8.0,31.03904109589041,15.0,0
2013-10-28,29.99,14.99,14.999999999999998,100.06671114076049,83,85,8.0,31.02260273972603,15.0,0
2013-10-29,29.99,14.99,14.999999999999998,100.06671114076049,84,86,8.0,31.006164383561643,15.0,1
2013-10-30,29.99,14.99,14.999999999999998,100.06671114076049,85,87,8.0,30.98972602739726,15.0,1
2013-10-31,29.99,14.99,14.999999999999998,100.06671114076049,86,88,8.0,30.973287671232878,15.0,1
2013-11-01,29.99,14.99,14.999999999999998,100.06671114076049,87,89,8.0,30.95684931506849,15.0,1
2013-11-02,29.99,14.99,14.999999999999998,100.06671114076049,88,90,8.0,30.940410958904106,15.0,1
2013-11-03,29.99,14.99,14.999999999999998,100.06671114076049,89,91,8.0,30.92397260273972,15.0,1
2013-11-04,29.99,14.99,14.999999999999998,100.06671114076049,90,92,8.0,30.90753424657534,15.0,1
2013-11-05,29.99,14.99,14.999999999999998,100.06671114076049,91,93,8.0,30.89109589041096,15.0,1
2013-11-06,29.99,14.99,14.999999999999998,100.06671114076049,92,94,8.0,30.874657534246577,15.0,1
2013-11-07,29.99,14.99,14.999999999999998,100.06671114076049,93,95,8.0,30.85821917808219,15.0,1
2013-11-08,29.99,14.99,14.999999999999998,100.06671114076049,94,96,8.0,30.84178082191781,15.0,1
2013-11-09,29.99,14.99,14.999999999999998,100.06671114076049,95,97,8.0,30.825342465753426,15.0,1
2013-11-10,29.99,14.99,14.999999999999998,100.06671114076049,96,98,8.0,30.808904109589037,15.0,1
2013-11-11,29.99,14.99,14.999999999999998,100.06671114076049,97,99,8.0,30.792465753424654,15.0,1
2013-11-12,29.99,14.99,14.999999999999998,100.06671114076049,98,100,8.0,30.776027397260275,15.0,1
2013-11-13,29.99,14.99,14.999999999999998,100.06671114076049,99,101,8.0,30.75958904109589,15.0,1
2013-11-14,29.99,14.99,14.999999999999998,100.06671114076049,100,102,8.0,30.743150684931507,15.0,1
2013-11-15,29.99,14.99,14.999999999999998,100.06671114076049,101,103,8.0,30.726712328767125,15.0,1
2013-11-16,29.99,14.99,14.999999999999998,100.06671114076049,102,104,8.0,30.71027397260274,15.0,1
2013-11-17,29.99,14.99,14.999999999999998,100.06671114076049,103,105,8.0,30.693835616438356,15.0,1
2013-11-18,29.99,14.99,14.999999999999998,100.06671114076049,104,106,8.0,30.677397260273967,15.0,1
2013-11-19,29.99,14.99,14.999999999999998,100.06671114076049,105,107,8.0,30.660958904109584,15.0,1
2013-11-20,29.99,14.99,14.999999999999998,100.06671114076049,106,108,8.0,30.644520547945206,15.0,1
2013-11-21,29.99,14.99,14.999999999999998,100.06671114076049,107,109,8.0,30.628082191780823,15.0,1
2013-11-22,29.99,14.99,14.999999999999998,100.06671114076049,108,110,8.0,30.611643835616437,15.0,1
2013-11-23,29.99,14.99,14.999999999999998,100.06671114076049,109,111,8.0,30.595205479452055,15.0,1
2013-11-24,29.99,14.99,14.999999999999998,100.06671114076049,110,112,8.0,30.5672602739726,14.0,1
2013-11-25,29.99,14.99,14.999999999999998,100.06671114076049,111,113,8.0,30.539315068493146,14.0,1
2013-11-26,29.99,14.99,14.999999999999998,100.06671114076049,112,114,8.0,30.511369863013698,14.0,1
2013-11-27,29.99,14.99,14.999999999999998,100.06671114076049,113,115,8.0,30.483424657534243,14.0,1
2013-11-28,7.49,7.49,0.0,0.0,0,0,8.0,30.45547945205479,14.0,0
2013-11-29,29.99,7.49,22.5,300.40053404539384,0,1,9.0,30.365890410958908,15.0,1
2013-11-30,14.99,7.49,7.5,100.13351134846462,0,0,9.0,30.337945205479453,16.0,1
2013-12-01,14.99,7.49,7.5,100.13351134846462,1,1,10.0,30.26890410958904,17.0,1
2013-12-02,14.99,7.49,7.5,100.13351134846462,2,2,10.0,30.19986301369863,17.0,1
2013-12-03,29.99,7.49,22.5,300.40053404539384,0,3,10.0,30.13082191780822,17.0,1
2013-12-04,29.99,7.49,22.5,300.40053404539384,1,4,10.0,30.102876712328765,18.0,1
2013-12-05,29.99,7.49,22.5,300.40053404539384,2,5,10.0,30.07493150684931,18.0,1
2013-12-06,29.99,7.49,22.5,300.40053404539384,3,6,10.0,30.046986301369856,18.0,1
2013-12-07,29.99,7.49,22.5,300.40053404539384,4,7,10.0,30.01904109589041,18.0,1
2013-12-08,29.99,7.49,22.5,300.40053404539384,5,8,10.0,29.99109589041096,18.0,1
2013-12-09,29.99,7.49,22.5,300.40053404539384,6,9,10.0,29.963150684931506,18.0,1
2013-12-10,29.99,7.49,22.5,300.40053404539384,7,10,10.0,29.935205479452055,18.0,1
2013-12-11,29.99,7.49,22.5,300.40053404539384,8,11,10.0,29.9072602739726,18.0,1
2013-12-12,29.99,7.49,22.5,300.40053404539384,9,12,10.0,29.87931506849315,18.0,1
2013-12-13,29.99,7.49,22.5,300.40053404539384,10,13,10.0,29.851369863013694,18.0,1
2013-12-14,29.99,7.49,22.5,300.40053404539384,11,14,10.0,29.823424657534243,18.0,1
2013-12-15,29.99,7.49,22.5,300.40053404539384,12,15,10.0,29.795479452054792,18.0,1
2013-12-16,29.99,7.49,22.5,300.40053404539384,13,16,10.0,29.76753424657534,18.0,1
2013-12-17,29.99,7.49,22.5,300.40053404539384,14,17,10.0,29.739589041095893,18.0,1
2013-12-18,29.99,7.49,22.5,300.40053404539384,15,18,10.0,29.71164383561644,18.0,1
2013-12-19,29.99,7.49,22.5,300.40053404539384,16,19,10.0,29.683698630136984,18.0,1
2013-12-20,14.99,7.49,7.5,100.13351134846462,0,0,10.0,29.65575342465753,18.0,1
2013-12-21,14.99,7.49,7.5,100.13351134846462,1,1,11.0,29.58671232876712,19.0,1
2013-12-22,14.99,7.49,7.5,100.13351134846462,2,2,10.0,29.51821917808219,18.0,1
2013-12-23,14.99,7.49,7.5,100.13351134846462,3,3,10.0,29.449726027397254,18.0,1
2013-12-24,29.99,7.49,22.5,300.40053404539384,0,4,10.0,29.38123287671233,18.0,1
2013-12-25,14.99,7.49,7.5,100.13351134846462,0,0,10.0,29.353835616438356,19.0,1
2013-12-26,7.49,7.49,0.0,0.0,0,0,10.0,29.313287671232878,19.0,0
2013-12-27,7.49,7.49,0.0,0.0,1,1,11.0,29.252191780821917,20.0,0
2013-12-28,14.99,7.49,7.5,100.13351134846462,0,2,11.0,29.19109589041096,20.0,1
2013-12-29,14.99,7.49,7.5,100.13351134846462,1,3,11.0,29.122602739726027,20.0,1
2013-12-30,14.99,7.49,7.5,100.13351134846462,2,4,11.0,29.05410958904109,20.0,1
2013-12-31,14.99,7.49,7.5,100.13351134846462,3,5,10.0,29.013561643835615,19.0,1
2014-01-01,14.99,7.49,7.5,100.13351134846462,4,6,10.0,28.973013698630137,19.0,1
2014-01-02,14.99,7.49,7.5,100.13351134846462,5,7,10.0,28.904520547945204,18.0,1
2014-01-03,7.49,7.49,0.0,0.0,0,0,10.0,28.836027397260274,18.0,0
2014-01-04,29.99,7.49,22.5,300.40053404539384,0,1,10.0,28.774931506849317,18.0,0
2014-01-05,29.99,7.49,22.5,300.40053404539384,1,2,10.0,28.747534246575338,18.0,0
2014-01-06,29.99,7.49,22.5,300.40053404539384,2,3,10.0,28.720136986301366,18.0,0
2014-01-07,29.99,7.49,22.5,300.40053404539384,3,4,9.0,28.720136986301366,17.0,0
2014-01-08,29.99,7.49,22.5,300.40053404539384,4,5,9.0,28.720136986301366,17.0,0
2014-01-09,29.99,7.49,22.5,300.40053404539384,5,6,9.0,28.720136986301366,17.0,0
2014-01-10,29.99,7.49,22.5,300.40053404539384,6,7,9.0,28.72013698630137,17.0,0
2014-01-11,29.99,7.49,22.5,300.40053404539384,7,8,9.0,28.72013698630137,17.0,0
2014-01-12,29.99,7.49,22.5,300.40053404539384,8,9,9.0,28.72013698630137,17.0,0
2014-01-13,29.99,7.49,22.5,300.40053404539384,9,10,9.0,28.72013698630137,17.0,0
2014-01-14,29.99,7.49,22.5,300.40053404539384,10,11,9.0,28.720136986301366,17.0,0
2014-01-15,29.99,7.49,22.5,300.40053404539384,11,12,9.0,28.720136986301366,17.0,0
2014-01-16,29.99,7.49,22.5,300.40053404539384,12,13,9.0,28.720136986301366,17.0,0
2014-01-17,29.99,7.49,22.5,300.40053404539384,13,14,9.0,28.720136986301366,17.0,0
2014-01-18,29.99,7.49,22.5,300.40053404539384,14,15,9.0,28.72013698630137,17.0,0
2014-01-19,29.99,7.49,22.5,300.40053404539384,15,16,9.0,28.72013698630137,17.0,0
2014-01-20,29.99,7.49,22.5,300.40053404539384,16,17,9.0,28.72013698630137,17.0,0
2014-01-21,29.99,7.49,22.5,300.40053404539384,17,18,9.0,28.72013698630137,17.0,0
2014-01-22,29.99,7.49,22.5,300.40053404539384,18,19,9.0,28.720136986301366,17.0,0
2014-01-23,29.99,7.49,22.5,300.40053404539384,19,20,9.0,28.720136986301366,17.0,0
2014-01-24,29.99,7.49,22.5,300.40053404539384,20,21,9.0,28.720136986301366,17.0,0
2014-01-25,29.99,7.49,22.5,300.40053404539384,21,22,9.0,28.720136986301366,17.0,0
2014-01-26,29.99,7.49,22.5,300.40053404539384,22,23,9.0,28.72013698630137,17.0,0
2014-01-27,29.99,7.49,22.5,300.40053404539384,23,24,9.0,28.72013698630137,17.0,0
2014-01-28,29.99,7.49,22.5,300.40053404539384,24,25,9.0,28.72013698630137,17.0,0
2014-01-29,29.99,7.49,22.5,300.40053404539384,25,26,9.0,28.72013698630137,17.0,0
2014-01-30,29.99,7.49,22.5,300.40053404539384,26,27,9.0,28.72013698630137,17.0,0
2014-01-31,29.99,7.49,22.5,300.40053404539384,27,28,9.0,28.720136986301366,17.0,0
2014-02-01,29.99,7.49,22.5,300.40053404539384,28,29,9.0,28.720136986301366,17.0,0
2014-02-02,29.99,7.49,22.5,300.40053404539384,29,30,9.0,28.720136986301366,17.0,0
2014-02-03,29.99,7.49,22.5,300.40053404539384,30,31,9.0,28.720136986301366,17.0,0
2014-02-04,29.99,7.49,22.5,300.40053404539384,31,32,9.0,28.72013698630137,17.0,0
2014-02-05,29.99,7.49,22.5,300.40053404539384,32,33,9.0,28.72013698630137,17.0,0
2014-02-06,29.99,7.49,22.5,300.40053404539384,33,34,9.0,28.72013698630137,17.0,0
2014-02-07,29.99,7.49,22.5,300.40053404539384,34,35,9.0,28.72013698630137,17.0,0
2014-02-08,29.99,7.49,22.5,300.40053404539384,35,36,9.0,28.720136986301366,17.0,0
2014-02-09,29.99,7.49,22.5,300.40053404539384,36,37,9.0,28.720136986301366,17.0,0
2014-02-10,29.99,7.49,22.5,300.40053404539384,37,38,9.0,28.720136986301366,17.0,0
2014-02-11,29.99,7.49,22.5,300.40053404539384,38,39,9.0,28.720136986301366,17.0,0
2014-02-12,29.99,7.49,22.5,300.40053404539384,39,40,9.0,28.72013698630137,17.0,0
2014-02-13,29.99,7.49,22.5,300.40053404539384,40,41,9.0,28.72013698630137,17.0,0
2014-02-14,29.99,7.49,22.5,300.40053404539384,41,42,9.0,28.72013698630137,17.0,0
2014-02-15,29.99,7.49,22.5,300.40053404539384,42,43,9.0,28.72013698630137,17.0,0
2014-02-16,29.99,7.49,22.5,300.40053404539384,43,44,9.0,28.720136986301366,17.0,0
2014-02-17,29.99,7.49,22.5,300.40053404539384,44,45,9.0,28.720136986301366,17.0,0
2014-02-18,29.99,7.49,22.5,300.40053404539384,45,46,9.0,28.720136986301366,17.0,0
2014-02-19,29.99,7.49,22.5,300.40053404539384,46,47,9.0,28.720136986301366,17.0,0
2014-02-20,29.99,7.49,22.5,300.40053404539384,47,48,9.0,28.720136986301366,17.0,0
2014-02-21,29.99,7.49,22.5,300.40053404539384,48,49,9.0,28.72013698630137,17.0,0
2014-02-22,29.99,7.49,22.5,300.40053404539384,49,50,9.0,28.72013698630137,17.0,0
2014-02-23,29.99,7.49,22.5,300.40053404539384,50,51,9.0,28.72013698630137,17.0,0
2014-02-24,29.99,7.49,22.5,300.40053404539384,51,52,9.0,28.72013698630137,17.0,0
2014-02-25,29.99,7.49,22.5,300.40053404539384,52,53,9.0,28.720136986301366,17.0,0
2014-02-26,29.99,7.49,22.5,300.40053404539384,53,54,9.0,28.720136986301366,17.0,0
2014-02-27,29.99,7.49,22.5,300.40053404539384,54,55,9.0,28.720136986301366,17.0,0
2014-02-28,29.99,7.49,22.5,300.40053404539384,55,56,9.0,28.720136986301366,17.0,0
2014-03-01,29.99,7.49,22.5,300.40053404539384,56,57,9.0,28.72013698630137,17.0,0
2014-03-02,29.99,7.49,22.5,300.40053404539384,57,58,9.0,28.72013698630137,17.0,0
2014-03-03,29.99,7.49,22.5,300.40053404539384,58,59,9.0,28.72013698630137,17.0,0
2014-03-04,29.99,7.49,22.5,300.40053404539384,59,60,9.0,28.72013698630137,17.0,0
2014-03-05,29.99,7.49,22.5,300.40053404539384,60,61,9.0,28.720136986301366,17.0,0
2014-03-06,29.99,7.49,22.5,300.40053404539384,61,62,9.0,28.720136986301366,17.0,0
2014-03-07,29.99,7.49,22.5,300.40053404539384,62,63,9.0,28.720136986301366,17.0,0
2014-03-08,29.99,7.49,22.5,300.40053404539384,63,64,9.0,28.720136986301366,17.0,0
2014-03-09,29.99,7.49,22.5,300.40053404539384,64,65,9.0,28.72013698630137,17.0,0
2014-03-10,29.99,7.49,22.5,300.40053404539384,65,66,9.0,28.72013698630137,17.0,0
2014-03-11,29.99,7.49,22.5,300.40053404539384,66,67,9.0,28.72013698630137,17.0,0
2014-03-12,29.99,7.49,22.5,300.40053404539384,67,68,9.0,28.72013698630137,17.0,0
2014-03-13,29.99,7.49,22.5,300.40053404539384,68,69,9.0,28.72013698630137,17.0,0
2014-03-14,29.99,7.49,22.5,300.40053404539384,69,70,9.0,28.720136986301366,17.0,0
2014-03-15,29.99,7.49,22.5,300.40053404539384,70,71,9.0,28.720136986301366,17.0,0
2014-03-16,29.99,7.49,22.5,300.40053404539384,71,72,9.0,28.720136986301366,17.0,0
2014-03-17,29.99,7.49,22.5,300.40053404539384,72,73,9.0,28.720136986301366,17.0,0
2014-03-18,29.99,7.49,22.5,300.40053404539384,73,74,9.0,28.72013698630137,17.0,0
2014-03-19,29.99,7.49,22.5,300.40053404539384,74,75,9.0,28.72013698630137,17.0,0
2014-03-20,29.99,7.49,22.5,300.40053404539384,75,76,9.0,28.72013698630137,17.0,0
2014-03-21,29.99,7.49,22.5,300.40053404539384,76,77,9.0,28.72013698630137,17.0,0
2014-03-22,29.99,7.49,22.5,300.40053404539384,77,78,9.0,28.720136986301366,17.0,0
2014-03-23,29.99,7.49,22.5,300.40053404539384,78,79,9.0,28.720136986301366,17.0,0
2014-03-24,29.99,7.49,22.5,300.40053404539384,79,80,9.0,28.720136986301366,17.0,1
2014-03-25,29.99,7.49,22.5,300.40053404539384,80,81,9.0,28.720136986301366,17.0,1
2014-03-26,29.99,7.49,22.5,300.40053404539384,81,82,9.0,28.72013698630137,17.0,1
2014-03-27,29.99,7.49,22.5,300.40053404539384,82,83,9.0,28.72013698630137,17.0,1
2014-03-28,29.99,7.49,22.5,300.40053404539384,83,84,9.0,28.72013698630137,17.0,1
2014-03-29,29.99,7.49,22.5,300.40053404539384,84,85,9.0,28.72013698630137,17.0,1
2014-03-30,29.99,7.49,22.5,300.40053404539384,85,86,9.0,28.720136986301366,17.0,1
2014-03-31,29.99,7.49,22.5,300.40053404539384,86,87,9.0,28.720136986301366,17.0,1
2014-04-01,29.99,7.49,22.5,300.40053404539384,87,88,9.0,28.720136986301366,17.0,1
2014-04-02,29.99,7.49,22.5,300.40053404539384,88,89,9.0,28.720136986301366,17.0,1
2014-04-03,29.99,7.49,22.5,300.40053404539384,89,90,9.0,28.720136986301366,17.0,1
2014-04-04,29.99,7.49,22.5,300.40053404539384,90,91,9.0,28.72013698630137,17.0,1
2014-04-05,29.99,7.49,22.5,300.40053404539384,91,92,9.0,28.72013698630137,17.0,1
2014-04-06,29.99,7.49,22.5,300.40053404539384,92,93,9.0,28.72013698630137,17.0,1
2014-04-07,29.99,7.49,22.5,300.40053404539384,93,94,9.0,28.72013698630137,17.0,1
2014-04-08,29.99,7.49,22.5,300.40053404539384,94,95,9.0,28.720136986301366,17.0,1
2014-04-09,29.99,7.49,22.5,300.40053404539384,95,96,9.0,28.720136986301366,17.0,1
2014-04-10,29.99,7.49,22.5,300.40053404539384,96,97,9.0,28.720136986301366,17.0,1
2014-04-11,29.99,7.49,22.5,300.40053404539384,97,98,9.0,28.720136986301366,17.0,1
2014-04-12,29.99,7.49,22.5,300.40053404539384,98,99,9.0,28.72013698630137,17.0,1
2014-04-13,29.99,7.49,22.5,300.40053404539384,99,100,9.0,28.72013698630137,17.0,1
2014-04-14,29.99,7.49,22.5,300.40053404539384,100,101,9.0,28.72013698630137,17.0,1
2014-04-15,29.99,7.49,22.5,300.40053404539384,101,102,9.0,28.72013698630137,17.0,1
2014-04-16,29.99,7.49,22.5,300.40053404539384,102,103,9.0,28.720136986301366,17.0,1
2014-04-17,29.99,7.49,22.5,300.40053404539384,103,104,9.0,28.720136986301366,17.0,1
2014-04-18,29.99,7.49,22.5,300.40053404539384,104,105,9.0,28.720136986301366,17.0,1
2014-04-19,29.99,7.49,22.5,300.40053404539384,105,106,9.0,28.720136986301366,17.0,1
2014-04-20,29.99,7.49,22.5,300.40053404539384,106,107,9.0,28.72013698630137,17.0,1
2014-04-21,29.99,7.49,22.5,300.40053404539384,107,108,9.0,28.72013698630137,17.0,1
2014-04-22,29.99,7.49,22.5,300.40053404539384,108,109,9.0,28.72013698630137,17.0,1
2014-04-23,19.99,7.49,12.499999999999998,166.88918558077435,0,0,9.0,28.72013698630137,17.0,0
2014-04-24,19.99,7.49,12.499999999999998,166.88918558077435,1,1,10.0,28.692739726027398,18.0,0
2014-04-25,19.99,7.49,12.499999999999998,166.88918558077435,2,2,10.0,28.665342465753422,18.0,0
2014-04-26,19.99,7.49,12.499999999999998,166.88918558077435,3,3,10.0,28.637945205479447,18.0,0
2014-04-27,19.99,7.49,12.499999999999998,166.88918558077435,4,4,10.0,28.610547945205475,18.0,0
2014-04-28,19.99,7.49,12.499999999999998,166.88918558077435,5,5,10.0,28.583150684931503,18.0,0
2014-04-29,19.99,7.49,12.499999999999998,166.88918558077435,6,6,10.0,28.555753424657535,18.0,0
2014-04-30,19.99,7.49,12.499999999999998,166.88918558077435,7,7,10.0,28.528356164383563,18.0,0
2014-05-01,19.99,7.49,12.499999999999998,166.88918558077435,8,8,10.0,28.50095890410959,18.0,0
2014-05-02,19.99,7.49,12.499999999999998,166.88918558077435,9,9,10.0,28.473561643835616,18.0,0
2014-05-03,19.99,7.49,12.499999999999998,166.88918558077435,10,10,10.0,28.44616438356164,18.0,0
2014-05-04,19.99,7.49,12.499999999999998,166.88918558077435,11,11,10.0,28.41876712328767,18.0,0
2014-05-05,19.99,7.49,12.499999999999998,166.88918558077435,12,12,10.0,28.391369863013693,18.0,0
2014-05-06,19.99,7.49,12.499999999999998,166.88918558077435,13,13,10.0,28.36397260273972,18.0,0
2014-05-07,19.99,7.49,12.499999999999998,166.88918558077435,14,14,10.0,28.336575342465753,18.0,0
2014-05-08,19.99,7.49,12.499999999999998,166.88918558077435,15,15,10.0,28.30917808219178,18.0,0
2014-05-09,19.99,7.49,12.499999999999998,166.88918558077435,16,16,10.0,28.28178082191781,18.0,0
2014-05-10,19.99,7.49,12.499999999999998,166.88918558077435,17,17,10.0,28.254383561643838,18.0,0
2014-05-11,19.99,7.49,12.499999999999998,166.88918558077435,18,18,10.0,28.22698630136986,18.0,0
2014-05-12,19.99,7.49,12.499999999999998,166.88918558077435,19,19,10.0,28.199589041095887,18.0,0
2014-05-13,19.99,7.49,12.499999999999998,166.88918558077435,20,20,10.0,28.172191780821915,18.0,0
2014-05-14,19.99,7.49,12.499999999999998,166.88918558077435,21,21,10.0,28.14479452054794,18.0,0
2014-05-15,19.99,7.49,12.499999999999998,166.88918558077435,22,22,10.0,28.117397260273975,18.0,0
2014-05-16,19.99,7.49,12.499999999999998,166.88918558077435,23,23,10.0,28.09,18.0,0
2014-05-17,19.99,7.49,12.499999999999998,166.88918558077435,24,24,10.0,28.062602739726028,18.0,0
2014-05-18,19.99,7.49,12.499999999999998,166.88918558077435,25,25,10.0,28.035205479452056,18.0,0
2014-05-19,19.99,7.49,12.499999999999998,166.88918558077435,26,26,10.0,28.007808219178084,18.0,0
2014-05-20,19.99,7.49,12.499999999999998,166.88918558077435,27,27,10.0,27.980410958904105,18.0,0
2014-05-21,19.99,7.49,12.499999999999998,166.88918558077435,28,28,10.0,27.953013698630134,18.0,1
2014-05-22,19.99,7.49,12.499999999999998,166.88918558077435,29,29,10.0,27.925616438356162,18.0,1
2014-05-23,19.99,7.49,12.499999999999998,166.88918558077435,30,30,10.0,27.898219178082186,18.0,1
2014-05-24,19.99,7.49,12.499999999999998,166.88918558077435,31,31,10.0,27.87082191780822,18.0,1
2014-05-25,19.99,7.49,12.499999999999998,166.88918558077435,32,32,10.0,27.843424657534246,18.0,1
2014-05-26,19.99,7.49,12.499999999999998,166.88918558077435,33,33,10.0,27.816027397260275,18.0,1
2014-05-27,19.99,7.49,12.499999999999998,166.88918558077435,34,34,10.0,27.788630136986303,18.0,1
2014-05-28,19.99,7.49,12.499999999999998,166.88918558077435,35,35,10.0,27.761232876712324,18.0,1
2014-05-29,19.99,7.49,12.499999999999998,166.88918558077435,36,36,10.0,27.733835616438352,18.0,1
2014-05-30,19.99,7.49,12.499999999999998,166.88918558077435,37,37,10.0,27.70643835616438,18.0,1
2014-05-31,19.99,7.49,12.499999999999998,166.88918558077435,38,38,10.0,27.67904109589041,18.0,1
2014-06-01,19.99,7.49,12.499999999999998,166.88918558077435,39,39,10.0,27.65164383561644,18.0,1
2014-06-02,19.99,7.49,12.499999999999998,166.88918558077435,40,40,10.0,27.624246575342468,18.0,1
2014-06-03,19.99,7.49,12.499999999999998,166.88918558077435,41,41,10.0,27.596849315068493,18.0,1
2014-06-04,19.99,7.49,12.499999999999998,166.88918558077435,42,42,10.0,27.56945205479452,18.0,1
2014-06-05,19.99,7.49,12.499999999999998,166.88918558077435,43,43,10.0,27.54205479452055,18.0,1
2014-06-06,19.99,7.49,12.499999999999998,166.88918558077435,44,44,10.0,27.51465753424657,18.0,1
2014-06-07,19.99,7.49,12.499999999999998,166.88918558077435,45,45,10.0,27.4872602739726,18.0,1
2014-06-08,19.99,7.49,12.499999999999998,166.88918558077435,46,46,10.0,27.459863013698627,18.0,1
2014-06-09,19.99,7.49,12.499999999999998,166.88918558077435,47,47,10.0,27.432465753424655,18.0,1
2014-06-10,19.99,7.49,12.499999999999998,166.88918558077435,48,48,10.0,27.405068493150686,18.0,1
2014-06-11,19.99,7.49,12.499999999999998,166.88918558077435,49,49,10.0,27.377671232876715,18.0,1
2014-06-12,19.99,7.49,12.499999999999998,166.88918558077435,50,50,10.0,27.35027397260274,18.0,1
2014-06-13,19.99,7.49,12.499999999999998,166.88918558077435,51,51,10.0,27.322876712328767,18.0,1
2014-06-14,19.99,7.49,12.499999999999998,166.88918558077435,52,52,10.0,27.295479452054792,18.0,1
2014-06-15,19.99,7.49,12.499999999999998,166.88918558077435,53,53,10.0,27.268082191780817,18.0,1
2014-06-16,19.99,7.49,12.499999999999998,166.88918558077435,54,54,10.0,27.240684931506845,18.0,1
2014-06-17,19.99,7.49,12.499999999999998,166.88918558077435,55,55,10.0,27.213287671232873,18.0,1
2014-06-18,19.99,7.49,12.499999999999998,166.88918558077435,56,56,10.0,27.185890410958905,18.0,1
2014-06-19,19.99,7.49,12.499999999999998,166.88918558077435,57,57,10.0,27.158493150684933,18.0,1
2014-06-20,9.99,7.49,2.5,33.37783711615487,0,0,10.0,27.13109589041096,18.0,1
2014-06-21,9.99,7.49,2.5,33.37783711615487,1,1,11.0,27.076301369863014,19.0,1
2014-06-22,4.99,4.99,0.0,0.0,0,0,11.0,27.021506849315063,19.0,0
2014-06-23,19.99,4.99,14.999999999999998,300.60120240480956,0,1,12.0,26.953013698630134,20.0,1
2014-06-24,9.99,4.99,5.0,100.2004008016032,0,0,12.0,26.925616438356162,21.0,1
2014-06-25,9.99,4.99,5.0,100.2004008016032,1,1,13.0,26.870821917808215,22.0,1
2014-06-26,9.99,4.99,5.0,100.2004008016032,2,2,13.0,26.816027397260275,22.0,1
2014-06-27,19.99,4.99,14.999999999999998,300.60120240480956,0,3,13.0,26.76123287671233,22.0,1
2014-06-28,9.99,4.99,5.0,100.2004008016032,0,0,13.0,26.733835616438355,23.0,1
2014-06-29,9.99,4.99,5.0,100.2004008016032,1,1,14.0,26.679041095890412,24.0,1
2014-06-30,4.99,4.99,0.0,0.0,0,0,14.0,26.624246575342468,24.0,0
2014-07-01,19.99,4.99,14.999999999999998,300.60120240480956,0,1,15.0,26.55575342465753,25.0,1
2014-07-02,19.99,4.99,14.999999999999998,300.60120240480956,1,2,15.0,26.528356164383556,26.0,1
2014-07-03,19.99,4.99,14.999999999999998,300.60120240480956,2,3,15.0,26.500958904109584,26.0,1
2014-07-04,19.99,4.99,14.999999999999998,300.60120240480956,3,4,15.0,26.473561643835613,26.0,1
2014-07-05,19.99,4.99,14.999999999999998,300.60120240480956,4,5,15.0,26.446164383561644,26.0,1
2014-07-06,19.99,4.99,14.999999999999998,300.60120240480956,5,6,15.0,26.418767123287672,26.0,1
2014-07-07,19.99,4.99,14.999999999999998,300.60120240480956,6,7,15.0,26.3913698630137,26.0,1
2014-07-08,19.99,4.99,14.999999999999998,300.60120240480956,7,8,15.0,26.36397260273973,26.0,1
2014-07-09,19.99,4.99,14.999999999999998,300.60120240480956,8,9,15.0,26.33657534246575,26.0,1
2014-07-10,19.99,4.99,14.999999999999998,300.60120240480956,9,10,15.0,26.309178082191778,26.0,1
2014-07-11,19.99,4.99,14.999999999999998,300.60120240480956,10,11,15.0,26.281780821917803,26.0,1
2014-07-12,19.99,4.99,14.999999999999998,300.60120240480956,11,12,15.0,26.25438356164383,26.0,1
2014-07-13,19.99,4.99,14.999999999999998,300.60120240480956,12,13,14.0,26.251643835616438,25.0,1
2014-07-14,19.99,4.99,14.999999999999998,300.60120240480956,13,14,14.0,26.24890410958904,25.0,1
2014-07-15,19.99,4.99,14.999999999999998,300.60120240480956,14,15,14.0,26.246164383561645,25.0,1
2014-07-16,19.99,4.99,14.999999999999998,300.60120240480956,15,16,14.0,26.24342465753425,25.0,1
2014-07-17,19.99,4.99,14.999999999999998,300.60120240480956,16,17,14.0,26.240684931506845,25.0,1
2014-07-18,14.99,4.99,10.0,200.4008016032064,0,0,14.0,26.23794520547945,25.0,1
2014-07-19,14.99,4.99,10.0,200.4008016032064,1,1,15.0,26.221506849315066,26.0,1
2014-07-20,14.99,4.99,10.0,200.4008016032064,2,2,15.0,26.20506849315068,26.0,1
2014-07-21,4.99,4.99,0.0,0.0,0,0,15.0,26.188630136986298,26.0,0
2014-07-22,19.99,4.99,14.999999999999998,300.60120240480956,0,1,16.0,26.144794520547947,27.0,0
2014-07-23,19.99,4.99,14.999999999999998,300.60120240480956,1,2,16.0,26.14205479452055,28.0,0
2014-07-24,19.99,4.99,14.999999999999998,300.60120240480956,2,3,16.0,26.13931506849315,28.0,0
2014-07-25,19.99,4.99,14.999999999999998,300.60120240480956,3,4,16.0,26.136575342465754,28.0,0
2014-07-26,19.99,4.99,14.999999999999998,300.60120240480956,4,5,16.0,26.13383561643835,28.0,0
2014-07-27,19.99,4.99,14.999999999999998,300.60120240480956,5,6,16.0,26.10643835616438,27.0,0
2014-07-28,19.99,4.99,14.999999999999998,300.60120240480956,6,7,16.0,26.079041095890407,27.0,0
2014-07-29,19.99,4.99,14.999999999999998,300.60120240480956,7,8,16.0,26.051643835616435,27.0,0
2014-07-30,19.99,4.99,14.999999999999998,300.60120240480956,8,9,16.0,26.024246575342467,27.0,0
2014-07-31,19.99,4.99,14.999999999999998,300.60120240480956,9,10,16.0,25.996849315068495,27.0,0
2014-08-01,19.99,4.99,14.999999999999998,300.60120240480956,10,11,16.0,25.969452054794523,27.0,0
2014-08-02,19.99,4.99,14.999999999999998,300.60120240480956,11,12,16.0,25.942054794520548,27.0,0
2014-08-03,19.99,4.99,14.999999999999998,300.60120240480956,12,13,15.0,25.93520547945205,26.0,0
2014-08-04,19.99,4.99,14.999999999999998,300.60120240480956,13,14,15.0,25.92835616438356,26.0,0
2014-08-05,19.99,4.99,14.999999999999998,300.60120240480956,14,15,14.0,25.942054794520544,25.0,0
2014-08-06,19.99,4.99,14.999999999999998,300.60120240480956,15,16,14.0,25.93520547945205,24.0,0
2014-08-07,19.99,4.99,14.999999999999998,300.60120240480956,16,17,14.0,25.907808219178083,23.0,0
2014-08-08,19.99,4.99,14.999999999999998,300.60120240480956,17,18,14.0,25.88041095890411,23.0,0
2014-08-09,19.99,4.99,14.999999999999998,300.60120240480956,18,19,14.0,25.85301369863014,23.0,0
2014-08-10,19.99,4.99,14.999999999999998,300.60120240480956,19,20,14.0,25.825616438356164,23.0,0
2014-08-11,19.99,4.99,14.999999999999998,300.60120240480956,20,21,14.0,25.798219178082192,23.0,0
2014-08-12,19.99,4.99,14.999999999999998,300.60120240480956,21,22,14.0,25.770821917808217,23.0,0
2014-08-13,19.99,4.99,14.999999999999998,300.60120240480956,22,23,14.0,25.74342465753424,23.0,1
2014-08-14,19.99,4.99,14.999999999999998,300.60120240480956,23,24,14.0,25.71602739726027,23.0,1
2014-08-15,19.99,4.99,14.999999999999998,300.60120240480956,24,25,14.0,25.688630136986298,23.0,1
2014-08-16,19.99,4.99,14.999999999999998,300.60120240480956,25,26,14.0,25.66123287671233,23.0,1
2014-08-17,19.99,4.99,14.999999999999998,300.60120240480956,26,27,14.0,25.633835616438358,23.0,1
2014-08-18,19.99,4.99,14.999999999999998,300.60120240480956,27,28,14.0,25.606438356164386,23.0,1
2014-08-19,19.99,4.99,14.999999999999998,300.60120240480956,28,29,14.0,25.57904109589041,23.0,1
2014-08-20,19.99,4.99,14.999999999999998,300.60120240480956,29,30,14.0,25.551643835616435,23.0,1
2014-08-21,19.99,4.99,14.999999999999998,300.60120240480956,30,31,14.0,25.524246575342463,23.0,1
2014-08-22,19.99,4.99,14.999999999999998,300.60120240480956,31,32,14.0,25.496849315068488,23.0,1
2014-08-23,19.99,4.99,14.999999999999998,300.60120240480956,32,33,14.0,25.469452054794516,23.0,1
2014-08-24,19.99,4.99,14.999999999999998,300.60120240480956,33,34,14.0,25.442054794520548,23.0,1
2014-08-25,19.99,4.99,14.999999999999998,300.60120240480956,34,35,14.0,25.414657534246576,23.0,1
2014-08-26,19.99,4.99,14.999999999999998,300.60120240480956,35,36,14.0,25.387260273972604,23.0,1
2014-08-27,19.99,4.99,14.999999999999998,300.60120240480956,36,37,14.0,25.359863013698632,23.0,1
2014-08-28,19.99,4.99,14.999999999999998,300.60120240480956,37,38,14.0,25.332465753424653,23.0,1
2014-08-29,19.99,4.99,14.999999999999998,300.60120240480956,38,39,14.0,25.30506849315068,23.0,1
2014-08-30,19.99,4.99,14.999999999999998,300.60120240480956,39,40,14.0,25.27767123287671,23.0,1
2014-08-31,19.99,4.99,14.999999999999998,300.60120240480956,40,41,14.0,25.250273972602734,23.0,1
2014-09-01,19.99,4.99,14.999999999999998,300.60120240480956,41,42,14.0,25.22287671232877,23.0,1
2014-09-02,19.99,4.99,14.999999999999998,300.60120240480956,42,43,14.0,25.195479452054794,23.0,1
2014-09-03,19.99,4.99,14.999999999999998,300.60120240480956,43,44,14.0,25.168082191780822,23.0,1
2014-09-04,19.99,4.99,14.999999999999998,300.60120240480956,44,45,14.0,25.14068493150685,23.0,1
2014-09-05,19.99,4.99,14.999999999999998,300.60120240480956,45,46,14.0,25.11328767123288,23.0,1
2014-09-06,19.99,4.99,14.999999999999998,300.60120240480956,46,47,14.0,25.0858904109589,23.0,1
2014-09-07,19.99,4.99,14.999999999999998,300.60120240480956,47,48,14.0,25.058493150684928,23.0,1
2014-09-08,19.99,4.99,14.999999999999998,300.60120240480956,48,49,14.0,25.031095890410956,23.0,1
2014-09-09,19.99,4.99,14.999999999999998,300.60120240480956,49,50,14.0,25.00369863013698,23.0,1
2014-09-10,19.99,4.99,14.999999999999998,300.60120240480956,50,51,14.0,24.976301369863016,23.0,1
2014-09-11,19.99,4.99,14.999999999999998,300.60120240480956,51,52,14.0,24.94890410958904,23.0,1
2014-09-12,4.99,4.99,0.0,0.0,0,0,14.0,24.92150684931507,23.0,0
2014-09-13,4.99,4.99,0.0,0.0,1,1,15.0,24.85301369863014,24.0,0
2014-09-14,4.99,4.99,0.0,0.0,2,2,15.0,24.784520547945203,24.0,0
2014-09-15,4.99,4.99,0.0,0.0,3,3,15.0,24.71602739726027,24.0,0
2014-09-16,19.99,4.99,14.999999999999998,300.60120240480956,0,4,15.0,24.64753424657534,24.0,0
2014-09-17,19.99,4.99,14.999999999999998,300.60120240480956,1,5,15.0,24.620136986301365,25.0,0
2014-09-18,19.99,4.99,14.999999999999998,300.60120240480956,2,6,15.0,24.5927397260274,25.0,0
2014-09-19,19.99,4.99,14.999999999999998,300.60120240480956,3,7,15.0,24.565342465753425,25.0,0
2014-09-20,19.99,4.99,14.999999999999998,300.60120240480956,4,8,15.0,24.537945205479453,25.0,0
2014-09-21,19.99,4.99,14.999999999999998,300.60120240480956,5,9,15.0,24.51054794520548,25.0,0
2014-09-22,19.99,4.99,14.999999999999998,300.60120240480956,6,10,15.0,24.48315068493151,25.0,0
2014-09-23,19.99,4.99,14.999999999999998,300.60120240480956,7,11,15.0,24.45575342465753,25.0,0
2014-09-24,19.99,4.99,14.999999999999998,300.60120240480956,8,12,15.0,24.42835616438356,25.0,0
2014-09-25,19.99,4.99,14.999999999999998,300.60120240480956,9,13,15.0,24.400958904109586,25.0,0
2014-09-26,19.99,4.99,14.999999999999998,300.60120240480956,10,14,15.0,24.37356164383561,25.0,0
2014-09-27,19.99,4.99,14.999999999999998,300.60120240480956,11,15,15.0,24.346164383561646,25.0,0
2014-09-28,19.99,4.99,14.999999999999998,300.60120240480956,12,16,15.0,24.31876712328767,25.0,0
2014-09-29,19.99,4.99,14.999999999999998,300.60120240480956,13,17,15.0,24.2913698630137,25.0,0
2014-09-30,19.99,4.99,14.999999999999998,300.60120240480956,14,18,15.0,24.263972602739727,25.0,0
2014-10-01,19.99,4.99,14.999999999999998,300.60120240480956,15,19,15.0,24.23657534246575,25.0,0
2014-10-02,19.99,4.99,14.999999999999998,300.60120240480956,16,20,15.0,24.209178082191777,25.0,0
2014-10-03,19.99,4.99,14.999999999999998,300.60120240480956,17,21,15.0,24.181780821917805,25.0,0
2014-10-04,19.99,4.99,14.999999999999998,300.60120240480956,18,22,15.0,24.154383561643833,25.0,0
2014-10-05,19.99,4.99,14.999999999999998,300.60120240480956,19,23,15.0,24.126986301369865,25.0,0
2014-10-06,19.99,4.99,14.999999999999998,300.60120240480956,20,24,15.0,24.099589041095893,25.0,0
2014-10-07,19.99,4.99,14.999999999999998,300.60120240480956,21,25,15.0,24.072191780821917,25.0,0
2014-10-08,19.99,4.99,14.999999999999998,300.60120240480956,22,26,15.0,24.044794520547946,25.0,0
2014-10-09,19.99,4.99,14.999999999999998,300.60120240480956,23,27,15.0,24.01739726027397,25.0,0
2014-10-10,19.99,4.99,14.999999999999998,300.60120240480956,24,28,15.0,23.989999999999995,25.0,0
2014-10-11,19.99,4.99,14.999999999999998,300.60120240480956,25,29,15.0,23.962602739726023,25.0,0
2014-10-12,19.99,4.99,14.999999999999998,300.60120240480956,26,30,15.0,23.93520547945205,25.0,0
2014-10-13,19.99,4.99,14.999999999999998,300.60120240480956,27,31,15.0,23.907808219178083,25.0,0
2014-10-14,19.99,4.99,14.999999999999998,300.60120240480956,28,32,15.0,23.88041095890411,25.0,0
2014-10-15,19.99,4.99,14.999999999999998,300.60120240480956,29,33,15.0,23.85301369863014,25.0,0
2014-10-16,19.99,4.99,14.999999999999998,300.60120240480956,30,34,15.0,23.825616438356164,25.0,0
2014-10-17,19.99,4.99,14.999999999999998,300.60120240480956,31,35,15.0,23.798219178082192,25.0,0
2014-10-18,19.99,4.99,14.999999999999998,300.60120240480956,32,36,15.0,23.770821917808217,25.0,0
2014-10-19,19.99,4.99,14.999999999999998,300.60120240480956,33,37,15.0,23.74342465753424,25.0,0
2014-10-20,19.99,4.99,14.999999999999998,300.60120240480956,34,38,15.0,23.71602739726027,25.0,0
2014-10-21,19.99,4.99,14.999999999999998,300.60120240480956,35,39,15.0,23.688630136986298,25.0,0
2014-10-22,19.99,4.99,14.999999999999998,300.60120240480956,36,40,15.0,23.66123287671233,25.0,0
2014-10-23,19.99,4.99,14.999999999999998,300.60120240480956,37,41,15.0,23.633835616438358,25.0,0
2014-10-24,19.99,4.99,14.999999999999998,300.60120240480956,38,42,15.0,23.606438356164386,25.0,0
2014-10-25,19.99,4.99,14.999999999999998,300.60120240480956,39,43,15.0,23.57904109589041,25.0,0
2014-10-26,19.99,4.99,14.999999999999998,300.60120240480956,40,44,15.0,23.551643835616435,25.0,0
2014-10-27,19.99,4.99,14.999999999999998,300.60120240480956,41,45,15.0,23.524246575342463,25.0,0
2014-10-28,19.99,4.99,14.999999999999998,300.60120240480956,42,46,15.0,23.496849315068488,25.0,0
2014-10-29,19.99,4.99,14.999999999999998,300.60120240480956,43,47,15.0,23.469452054794516,25.0,1
2014-10-30,19.99,4.99,14.999999999999998,300.60120240480956,44,48,15.0,23.442054794520548,25.0,1
2014-10-31,19.99,4.99,14.999999999999998,300.60120240480956,45,49,15.0,23.414657534246576,25.0,1
2014-11-01,19.99,4.99,14.999999999999998,300.60120240480956,46,50,15.0,23.387260273972604,25.0,1
2014-11-02,19.99,4.99,14.999999999999998,300.60120240480956,47,51,15.0,23.359863013698632,25.0,1
2014-11-03,19.99,4.99,14.999999999999998,300.60120240480956,48,52,15.0,23.332465753424657,25.0,1
2014-11-04,19.99,4.99,14.999999999999998,300.60120240480956,49,53,15.0,23.30506849315068,25.0,1
2014-11-05,19.99,4.99,14.999999999999998,300.60120240480956,50,54,15.0,23.27767123287671,25.0,1
2014-11-06,19.99,4.99,14.999999999999998,300.60120240480956,51,55,15.0,23.250273972602734,25.0,1
2014-11-07,19.99,4.99,14.999999999999998,300.60120240480956,52,56,15.0,23.222876712328762,25.0,1
2014-11-08,19.99,4.99,14.999999999999998,300.60120240480956,53,57,15.0,23.195479452054794,25.0,1
2014-11-09,19.99,4.99,14.999999999999998,300.60120240480956,54,58,15.0,23.168082191780822,25.0,1
2014-11-10,19.99,4.99,14.999999999999998,300.60120240480956,55,59,15.0,23.14068493150685,25.0,1
2014-11-11,19.99,4.99,14.999999999999998,300.60120240480956,56,60,15.0,23.11328767123288,25.0,1
2014-11-12,19.99,4.99,14.999999999999998,300.60120240480956,57,61,15.0,23.0858904109589,25.0,1
2014-11-13,19.99,4.99,14.999999999999998,300.60120240480956,58,62,15.0,23.058493150684928,25.0,1
2014-11-14,19.99,4.99,14.999999999999998,300.60120240480956,59,63,15.0,23.031095890410956,25.0,1
2014-11-15,19.99,4.99,14.999999999999998,300.60120240480956,60,64,15.0,23.00369863013698,25.0,1
2014-11-16,19.99,4.99,14.999999999999998,300.60120240480956,61,65,15.0,22.976301369863016,25.0,1
2014-11-17,19.99,4.99,14.999999999999998,300.60120240480956,62,66,15.0,22.94890410958904,25.0,1
2014-11-18,19.99,4.99,14.999999999999998,300.60120240480956,63,67,15.0,22.92150684931507,25.0,1
2014-11-19,19.99,4.99,14.999999999999998,300.60120240480956,64,68,15.0,22.894109589041097,25.0,1
2014-11-20,19.99,4.99,14.999999999999998,300.60120240480956,65,69,15.0,22.866712328767118,25.0,1
2014-11-21,19.99,4.99,14.999999999999998,300.60120240480956,66,70,15.0,22.839315068493146,25.0,1
2014-11-22,19.99,4.99,14.999999999999998,300.60120240480956,67,71,15.0,22.811917808219174,25.0,1
2014-11-23,19.99,4.99,14.999999999999998,300.60120240480956,68,72,15.0,22.784520547945203,25.0,1
2014-11-24,19.99,4.99,14.999999999999998,300.60120240480956,69,73,15.0,22.757123287671234,25.0,1
2014-11-25,19.99,4.99,14.999999999999998,300.60120240480956,70,74,15.0,22.729726027397263,25.0,1
2014-11-26,19.99,4.99,14.999999999999998,300.60120240480956,71,75,15.0,22.702328767123287,25.0,1
2014-11-27,19.99,4.99,14.999999999999998,300.60120240480956,72,76,15.0,22.674931506849315,25.0,1
2014-11-28,9.99,4.99,5.0,100.2004008016032,0,0,15.0,22.647534246575344,25.0,1
2014-11-29,9.99,4.99,5.0,100.2004008016032,1,1,15.0,22.654383561643833,25.0,1
2014-11-30,9.99,4.99,5.0,100.2004008016032,2,2,15.0,22.599589041095886,24.0,1
2014-12-01,9.99,4.99,5.0,100.2004008016032,3,3,14.0,22.5858904109589,23.0,1
2014-12-02,4.99,4.99,0.0,0.0,0,0,14.0,22.572191780821914,23.0,0
2014-12-03,4.99,4.99,0.0,0.0,1,1,15.0,22.544794520547946,24.0,0
2014-12-04,19.99,4.99,14.999999999999998,300.60120240480956,0,2,15.0,22.476301369863016,23.0,1
2014-12-05,19.99,4.99,14.999999999999998,300.60120240480956,1,3,15.0,22.448904109589037,24.0,1
2014-12-06,19.99,4.99,14.999999999999998,300.60120240480956,2,4,15.0,22.421506849315065,24.0,1
2014-12-07,19.99,4.99,14.999999999999998,300.60120240480956,3,5,15.0,22.394109589041093,24.0,1
2014-12-08,19.99,4.99,14.999999999999998,300.60120240480956,4,6,15.0,22.36671232876712,24.0,1
2014-12-09,19.99,4.99,14.999999999999998,300.60120240480956,5,7,15.0,22.33931506849315,24.0,1
2014-12-10,19.99,4.99,14.999999999999998,300.60120240480956,6,8,15.0,22.311917808219178,24.0,1
2014-12-11,19.99,4.99,14.999999999999998,300.60120240480956,7,9,15.0,22.284520547945203,24.0,1
2014-12-12,19.99,4.99,14.999999999999998,300.60120240480956,8,10,15.0,22.25712328767123,24.0,1
2014-12-13,19.99,4.99,14.999999999999998,300.60120240480956,9,11,15.0,22.22972602739726,24.0,1
2014-12-14,19.99,4.99,14.999999999999998,300.60120240480956,10,12,15.0,22.202328767123287,24.0,1
2014-12-15,19.99,4.99,14.999999999999998,300.60120240480956,11,13,15.0,22.174931506849312,24.0,1
2014-12-16,19.99,4.99,14.999999999999998,300.60120240480956,12,14,15.0,22.14753424657534,24.0,1
2014-12-17,19.99,4.99,14.999999999999998,300.60120240480956,13,15,15.0,22.12013698630137,24.0,1
2014-12-18,19.99,4.99,14.999999999999998,300.60120240480956,14,16,15.0,22.092739726027396,24.0,1
2014-12-19,9.99,4.99,5.0,100.2004008016032,0,0,15.0,22.065342465753425,24.0,1
2014-12-20,9.99,4.99,5.0,100.2004008016032,1,1,16.0,22.010547945205477,25.0,1
2014-12-21,9.99,4.99,5.0,100.2004008016032,2,2,15.0,21.99684931506849,24.0,1
2014-12-22,4.99,4.99,0.0,0.0,0,0,15.0,21.983150684931505,24.0,0
2014-12-23,4.99,4.99,0.0,0.0,1,1,16.0,21.955753424657534,25.0,0
2014-12-24,9.99,4.99,5.0,100.2004008016032,0,2,16.0,21.928356164383562,25.0,1
2014-12-25,9.99,4.99,5.0,100.2004008016032,1,3,16.0,21.873561643835615,25.0,1
2014-12-26,9.99,4.99,5.0,100.2004008016032,2,4,15.0,21.85986301369863,24.0,1
2014-12-27,9.99,4.99,5.0,100.2004008016032,3,5,14.0,21.86671232876712,23.0,1
2014-12-28,9.99,4.99,5.0,100.2004008016032,4,6,14.0,21.873561643835615,23.0,1
2014-12-29,9.99,4.99,5.0,100.2004008016032,5,7,14.0,21.85986301369863,22.0,1
2014-12-30,9.99,4.99,5.0,100.2004008016032,6,8,14.0,21.846164383561643,22.0,1
2014-12-31,9.99,4.99,5.0,100.2004008016032,7,9,14.0,21.832465753424657,22.0,1
2015-01-01,4.99,4.99,0.0,0.0,0,0,14.0,21.81876712328767,22.0,0
2015-01-02,4.99,4.99,0.0,0.0,1,1,15.0,21.791369863013696,23.0,0
2015-01-03,19.99,4.99,14.999999999999998,300.60120240480956,0,2,15.0,21.763972602739724,23.0,0
2015-01-04,19.99,4.99,14.999999999999998,300.60120240480956,1,3,14.0,21.79821917808219,23.0,0
2015-01-05,19.99,4.99,14.999999999999998,300.60120240480956,2,4,14.0,21.770821917808217,22.0,0
2015-01-06,19.99,4.99,14.999999999999998,300.60120240480956,3,5,14.0,21.743424657534245,22.0,0
2015-01-07,19.99,4.99,14.999999999999998,300.60120240480956,4,6,14.0,21.716027397260273,22.0,0
2015-01-08,19.99,4.99,14.999999999999998,300.60120240480956,5,7,14.0,21.6886301369863,22.0,0
2015-01-09,19.99,4.99,14.999999999999998,300.60120240480956,6,8,14.0,21.661232876712326,22.0,0
2015-01-10,19.99,4.99,14.999999999999998,300.60120240480956,7,9,14.0,21.633835616438354,22.0,0
2015-01-11,19.99,4.99,14.999999999999998,300.60120240480956,8,10,14.0,21.606438356164386,22.0,0
2015-01-12,19.99,4.99,14.999999999999998,300.60120240480956,9,11,14.0,21.57904109589041,22.0,0
2015-01-13,19.99,4.99,14.999999999999998,300.60120240480956,10,12,14.0,21.55164383561644,22.0,0
2015-01-14,19.99,4.99,14.999999999999998,300.60120240480956,11,13,14.0,21.524246575342463,22.0,0
2015-01-15,19.99,4.99,14.999999999999998,300.60120240480956,12,14,14.0,21.49684931506849,22.0,0
2015-01-16,19.99,4.99,14.999999999999998,300.60120240480956,13,15,14.0,21.46945205479452,22.0,0
2015-01-17,19.99,4.99,14.999999999999998,300.60120240480956,14,16,14.0,21.442054794520548,22.0,0
2015-01-18,19.99,4.99,14.999999999999998,300.60120240480956,15,17,14.0,21.414657534246572,22.0,0
2015-01-19,19.99,4.99,14.999999999999998,300.60120240480956,16,18,14.0,21.3872602739726,22.0,0
2015-01-20,19.99,4.99,14.999999999999998,300.60120240480956,17,19,14.0,21.35986301369863,22.0,0
2015-01-21,19.99,4.99,14.999999999999998,300.60120240480956,18,20,14.0,21.332465753424657,22.0,0
2015-01-22,19.99,4.99,14.999999999999998,300.60120240480956,19,21,14.0,21.305068493150685,22.0,0
2015-01-23,19.99,4.99,14.999999999999998,300.60120240480956,20,22,14.0,21.27767123287671,22.0,0
2015-01-24,19.99,4.99,14.999999999999998,300.60120240480956,21,23,14.0,21.250273972602738,22.0,0
2015-01-25,19.99,4.99,14.999999999999998,300.60120240480956,22,24,14.0,21.222876712328766,22.0,0
2015-01-26,19.99,4.99,14.999999999999998,300.60120240480956,23,25,14.0,21.195479452054794,22.0,0
2015-01-27,19.99,4.99,14.999999999999998,300.60120240480956,24,26,14.0,21.16808219178082,22.0,0
2015-01-28,19.99,4.99,14.999999999999998,300.60120240480956,25,27,14.0,21.140684931506847,22.0,0
2015-01-29,19.99,4.99,14.999999999999998,300.60120240480956,26,28,14.0,21.113287671232875,22.0,0
2015-01-30,19.99,4.99,14.999999999999998,300.60120240480956,27,29,14.0,21.085890410958903,22.0,0
2015-01-31,19.99,4.99,14.999999999999998,300.60120240480956,28,30,14.0,21.05849315068493,22.0,0
2015-02-01,19.99,4.99,14.999999999999998,300.60120240480956,29,31,14.0,21.03109589041096,22.0,0
2015-02-02,19.99,4.99,14.999999999999998,300.60120240480956,30,32,14.0,21.003698630136984,22.0,0
2015-02-03,19.99,4.99,14.999999999999998,300.60120240480956,31,33,14.0,20.976301369863013,22.0,0
2015-02-04,19.99,4.99,14.999999999999998,300.60120240480956,32,34,14.0,20.94890410958904,22.0,0
2015-02-05,19.99,4.99,14.999999999999998,300.60120240480956,33,35,14.0,20.921506849315065,22.0,0
2015-02-06,19.99,4.99,14.999999999999998,300.60120240480956,34,36,14.0,20.894109589041093,22.0,0
2015-02-07,19.99,4.99,14.999999999999998,300.60120240480956,35,37,14.0,20.86671232876712,22.0,0
2015-02-08,19.99,4.99,14.999999999999998,300.60120240480956,36,38,14.0,20.83931506849315,22.0,0
2015-02-09,19.99,4.99,14.999999999999998,300.60120240480956,37,39,14.0,20.811917808219178,22.0,0
2015-02-10,19.99,4.99,14.999999999999998,300.60120240480956,38,40,14.0,20.784520547945203,22.0,0
2015-02-11,19.99,4.99,14.999999999999998,300.60120240480956,39,41,14.0,20.75712328767123,22.0,0
2015-02-12,19.99,4.99,14.999999999999998,300.60120240480956,40,42,14.0,20.72972602739726,22.0,0
2015-02-13,19.99,4.99,14.999999999999998,300.60120240480956,41,43,14.0,20.702328767123287,22.0,0
2015-02-14,19.99,4.99,14.999999999999998,300.60120240480956,42,44,14.0,20.674931506849312,22.0,0
2015-02-15,19.99,4.99,14.999999999999998,300.60120240480956,43,45,14.0,20.64753424657534,22.0,0
2015-02-16,19.99,4.99,14.999999999999998,300.60120240480956,44,46,14.0,20.620136986301368,22.0,0
2015-02-17,19.99,4.99,14.999999999999998,300.60120240480956,45,47,14.0,20.592739726027396,22.0,0
2015-02-18,19.99,4.99,14.999999999999998,300.60120240480956,46,48,14.0,20.565342465753425,22.0,0
2015-02-19,19.99,4.99,14.999999999999998,300.60120240480956,47,49,14.0,20.53794520547945,22.0,0
2015-02-20,19.99,4.99,14.999999999999998,300.60120240480956,48,50,14.0,20.510547945205477,22.0,0
2015-02-21,19.99,4.99,14.999999999999998,300.60120240480956,49,51,14.0,20.483150684931505,22.0,0
2015-02-22,19.99,4.99,14.999999999999998,300.60120240480956,50,52,14.0,20.455753424657534,22.0,0
2015-02-23,19.99,4.99,14.999999999999998,300.60120240480956,51,53,14.0,20.428356164383562,22.0,0
2015-02-24,19.99,4.99,14.999999999999998,300.60120240480956,52,54,14.0,20.400958904109586,22.0,0
2015-02-25,19.99,4.99,14.999999999999998,300.60120240480956,53,55,14.0,20.373561643835615,22.0,0
2015-02-26,19.99,4.99,14.999999999999998,300.60120240480956,54,56,14.0,20.346164383561643,22.0,0
2015-02-27,19.99,4.99,14.999999999999998,300.60120240480956,55,57,14.0,20.31876712328767,22.0,0
2015-02-28,19.99,4.99,14.999999999999998,300.60120240480956,56,58,14.0,20.291369863013696,22.0,0
2015-03-01,19.99,4.99,14.999999999999998,300.60120240480956,57,59,14.0,20.263972602739724,22.0,0
2015-03-02,19.99,4.99,14.999999999999998,300.60120240480956,58,60,14.0,20.236575342465752,22.0,0
2015-03-03,19.99,4.99,14.999999999999998,300.60120240480956,59,61,14.0,20.20917808219178,22.0,0
2015-03-04,19.99,4.99,14.999999999999998,300.60120240480956,60,62,14.0,20.18178082191781,22.0,0
2015-03-05,19.99,4.99,14.999999999999998,300.60120240480956,61,63,14.0,20.154383561643833,22.0,0
2015-03-06,19.99,4.99,14.999999999999998,300.60120240480956,62,64,14.0,20.12698630136986,22.0,0
2015-03-07,19.99,4.99,14.999999999999998,300.60120240480956,63,65,14.0,20.09958904109589,22.0,0
2015-03-08,19.99,4.99,14.999999999999998,300.60120240480956,64,66,14.0,20.072191780821917,22.0,0
2015-03-09,19.99,4.99,14.999999999999998,300.60120240480956,65,67,14.0,20.044794520547942,22.0,0
2015-03-10,19.99,4.99,14.999999999999998,300.60120240480956,66,68,14.0,20.01739726027397,22.0,0
2015-03-11,19.99,4.99,14.999999999999998,300.60120240480956,67,69,14.0,19.99,22.0,0
2015-03-12,19.99,4.99,14.999999999999998,300.60120240480956,68,70,14.0,19.962602739726027,22.0,0
2015-03-13,19.99,4.99,14.999999999999998,300.60120240480956,69,71,14.0,19.935205479452055,22.0,0
2015-03-14,19.99,4.99,14.999999999999998,300.60120240480956,70,72,14.0,19.90780821917808,22.0,0
2015-03-15,19.99,4.99,14.999999999999998,300.60120240480956,71,73,14.0,19.88041095890411,22.0,0
2015-03-16,19.99,4.99,14.999999999999998,300.60120240480956,72,74,14.0,19.853013698630136,22.0,0
2015-03-17,19.99,4.99,14.999999999999998,300.60120240480956,73,75,14.0,19.825616438356164,22.0,0
2015-03-18,19.99,4.99,14.999999999999998,300.60120240480956,74,76,14.0,19.79821917808219,22.0,0
2015-03-19,19.99,4.99,14.999999999999998,300.60120240480956,75,77,14.0,19.770821917808217,22.0,0
2015-03-20,19.99,4.99,14.999999999999998,300.60120240480956,76,78,14.0,19.743424657534245,22.0,0
2015-03-21,19.99,4.99,14.999999999999998,300.60120240480956,77,79,14.0,19.716027397260273,22.0,0
2015-03-22,19.99,4.99,14.999999999999998,300.60120240480956,78,80,14.0,19.6886301369863,22.0,0
2015-03-23,19.99,4.99,14.999999999999998,300.60120240480956,79,81,14.0,19.661232876712326,22.0,0
2015-03-24,19.99,4.99,14.999999999999998,300.60120240480956,80,82,14.0,19.633835616438354,22.0,0
2015-03-25,19.99,4.99,14.999999999999998,300.60120240480956,81,83,14.0,19.606438356164382,22.0,1
2015-03-26,19.99,4.99,14.999999999999998,300.60120240480956,82,84,14.0,19.57904109589041,22.0,1
2015-03-27,19.99,4.99,14.999999999999998,300.60120240480956,83,85,14.0,19.55164383561644,22.0,1
2015-03-28,19.99,4.99,14.999999999999998,300.60120240480956,84,86,14.0,19.524246575342463,22.0,1
2015-03-29,19.99,4.99,14.999999999999998,300.60120240480956,85,87,14.0,19.49684931506849,22.0,1
2015-03-30,19.99,4.99,14.999999999999998,300.60120240480956,86,88,14.0,19.46945205479452,22.0,1
2015-03-31,19.99,4.99,14.999999999999998,300.60120240480956,87,89,14.0,19.442054794520548,22.0,1
2015-04-01,19.99,4.99,14.999999999999998,300.60120240480956,88,90,14.0,19.414657534246572,22.0,1
2015-04-02,19.99,4.99,14.999999999999998,300.60120240480956,89,91,14.0,19.3872602739726,22.0,1
2015-04-03,19.99,4.99,14.999999999999998,300.60120240480956,90,92,14.0,19.35986301369863,22.0,1
2015-04-04,19.99,4.99,14.999999999999998,300.60120240480956,91,93,14.0,19.332465753424657,22.0,1
2015-04-05,19.99,4.99,14.999999999999998,300.60120240480956,92,94,14.0,19.305068493150685,22.0,1
2015-04-06,19.99,4.99,14.999999999999998,300.60120240480956,93,95,14.0,19.27767123287671,22.0,1
2015-04-07,19.99,4.99,14.999999999999998,300.60120240480956,94,96,14.0,19.250273972602738,22.0,1
2015-04-08,19.99,4.99,14.999999999999998,300.60120240480956,95,97,14.0,19.222876712328766,22.0,1
2015-04-09,19.99,4.99,14.999999999999998,300.60120240480956,96,98,14.0,19.195479452054794,22.0,1
2015-04-10,19.99,4.99,14.999999999999998,300.60120240480956,97,99,14.0,19.16808219178082,22.0,1
2015-04-11,19.99,4.99,14.999999999999998,300.60120240480956,98,100,14.0,19.140684931506847,22.0,1
2015-04-12,19.99,4.99,14.999999999999998,300.60120240480956,99,101,14.0,19.113287671232875,22.0,1
2015-04-13,19.99,4.99,14.999999999999998,300.60120240480956,100,102,14.0,19.085890410958903,22.0,1
2015-04-14,19.99,4.99,14.999999999999998,300.60120240480956,101,103,14.0,19.05849315068493,22.0,1
2015-04-15,19.99,4.99,14.999999999999998,300.60120240480956,102,104,14.0,19.031095890410956,22.0,1
2015-04-16,19.99,4.99,14.999999999999998,300.60120240480956,103,105,14.0,19.003698630136984,22.0,1
2015-04-17,19.99,4.99,14.999999999999998,300.60120240480956,104,106,14.0,18.976301369863013,22.0,1
2015-04-18,19.99,4.99,14.999999999999998,300.60120240480956,105,107,14.0,18.94890410958904,22.0,1
2015-04-19,19.99,4.99,14.999999999999998,300.60120240480956,106,108,14.0,18.921506849315065,22.0,1
2015-04-20,19.99,4.99,14.999999999999998,300.60120240480956,107,109,14.0,18.894109589041093,22.0,1
2015-04-21,19.99,4.99,14.999999999999998,300.60120240480956,108,110,14.0,18.86671232876712,22.0,1
2015-04-22,19.99,4.99,14.999999999999998,300.60120240480956,109,111,14.0,18.83931506849315,22.0,1
2015-04-23,19.99,4.99,14.999999999999998,300.60120240480956,110,112,14.0,18.811917808219178,22.0,1
2015-04-24,4.99,4.99,0.0,0.0,0,0,13.0,18.811917808219178,21.0,0
2015-04-25,4.99,4.99,0.0,0.0,1,1,14.0,18.770821917808217,22.0,0
2015-04-26,4.99,4.99,0.0,0.0,2,2,14.0,18.729726027397263,22.0,0
2015-04-27,4.99,4.99,0.0,0.0,3,3,14.0,18.6886301369863,22.0,0
2015-04-28,19.99,4.99,14.999999999999998,300.60120240480956,0,4,14.0,18.64753424657534,22.0,0
2015-04-29,19.99,4.99,14.999999999999998,300.60120240480956,1,5,14.0,18.64753424657534,23.0,0
2015-04-30,19.99,4.99,14.999999999999998,300.60120240480956,2,6,14.0,18.64753424657534,23.0,0
2015-05-01,19.99,4.99,14.999999999999998,300.60120240480956,3,7,14.0,18.64753424657534,23.0,0
2015-05-02,19.99,4.99,14.999999999999998,300.60120240480956,4,8,14.0,18.64753424657534,23.0,0
2015-05-03,19.99,4.99,14.999999999999998,300.60120240480956,5,9,14.0,18.64753424657534,23.0,0
2015-05-04,19.99,4.99,14.999999999999998,300.60120240480956,6,10,14.0,18.64753424657534,23.0,0
2015-05-05,19.99,4.99,14.999999999999998,300.60120240480956,7,11,14.0,18.64753424657534,23.0,0
2015-05-06,19.99,4.99,14.999999999999998,300.60120240480956,8,12,14.0,18.64753424657534,23.0,0
2015-05-07,19.99,4.99,14.999999999999998,300.60120240480956,9,13,14.0,18.64753424657534,23.0,0
2015-05-08,19.99,4.99,14.999999999999998,300.60120240480956,10,14,14.0,18.64753424657534,23.0,0
2015-05-09,19.99,4.99,14.999999999999998,300.60120240480956,11,15,14.0,18.64753424657534,23.0,0
2015-05-10,19.99,4.99,14.999999999999998,300.60120240480956,12,16,14.0,18.64753424657534,23.0,0
2015-05-11,19.99,4.99,14.999999999999998,300.60120240480956,13,17,14.0,18.64753424657534,23.0,0
2015-05-12,19.99,4.99,14.999999999999998,300.60120240480956,14,18,14.0,18.64753424657534,23.0,0
2015-05-13,19.99,4.99,14.999999999999998,300.60120240480956,15,19,14.0,18.64753424657534,23.0,1
2015-05-14,19.99,4.99,14.999999999999998,300.60120240480956,16,20,14.0,18.64753424657534,23.0,1
2015-05-15,19.99,4.99,14.999999999999998,300.60120240480956,17,21,14.0,18.64753424657534,23.0,1
2015-05-16,19.99,4.99,14.999999999999998,300.60120240480956,18,22,14.0,18.64753424657534,23.0,1
2015-05-17,19.99,4.99,14.999999999999998,300.60120240480956,19,23,14.0,18.647534246575344,23.0,1
2015-05-18,19.99,4.99,14.999999999999998,300.60120240480956,20,24,14.0,18.64753424657534,23.0,1
2015-05-19,19.99,4.99,14.999999999999998,300.60120240480956,21,25,14.0,18.64753424657534,23.0,1
2015-05-20,19.99,4.99,14.999999999999998,300.60120240480956,22,26,14.0,18.64753424657534,23.0,1
2015-05-21,19.99,4.99,14.999999999999998,300.60120240480956,23,27,14.0,18.64753424657534,23.0,1
2015-05-22,19.99,4.99,14.999999999999998,300.60120240480956,24,28,14.0,18.64753424657534,23.0,1
2015-05-23,19.99,4.99,14.999999999999998,300.60120240480956,25,29,14.0,18.64753424657534,23.0,1
2015-05-24,19.99,4.99,14.999999999999998,300.60120240480956,26,30,14.0,18.64753424657534,23.0,1
2015-05-25,19.99,4.99,14.999999999999998,300.60120240480956,27,31,14.0,18.64753424657534,23.0,1
2015-05-26,19.99,4.99,14.999999999999998,300.60120240480956,28,32,14.0,18.64753424657534,23.0,1
2015-05-27,19.99,4.99,14.999999999999998,300.60120240480956,29,33,14.0,18.64753424657534,23.0,1
2015-05-28,19.99,4.99,14.999999999999998,300.60120240480956,30,34,14.0,18.64753424657534,23.0,1
2015-05-29,19.99,4.99,14.999999999999998,300.60120240480956,31,35,14.0,18.64753424657534,23.0,1
2015-05-30,19.99,4.99,14.999999999999998,300.60120240480956,32,36,14.0,18.64753424657534,23.0,1
2015-05-31,19.99,4.99,14.999999999999998,300.60120240480956,33,37,14.0,18.64753424657534,23.0,1
2015-06-01,19.99,4.99,14.999999999999998,300.60120240480956,34,38,14.0,18.64753424657534,23.0,1
2015-06-02,19.99,4.99,14.999999999999998,300.60120240480956,35,39,14.0,18.64753424657534,23.0,1
2015-06-03,19.99,4.99,14.999999999999998,300.60120240480956,36,40,14.0,18.64753424657534,23.0,1
2015-06-04,19.99,4.99,14.999999999999998,300.60120240480956,37,41,14.0,18.64753424657534,23.0,1
2015-06-05,19.99,4.99,14.999999999999998,300.60120240480956,38,42,14.0,18.64753424657534,23.0,1
2015-06-06,19.99,4.99,14.999999999999998,300.60120240480956,39,43,14.0,18.64753424657534,23.0,1
2015-06-07,19.99,4.99,14.999999999999998,300.60120240480956,40,44,14.0,18.647534246575344,23.0,1
2015-06-08,19.99,4.99,14.999999999999998,300.60120240480956,41,45,14.0,18.64753424657534,23.0,1
2015-06-09,19.99,4.99,14.999999999999998,300.60120240480956,42,46,14.0,18.64753424657534,23.0,1
2015-06-10,19.99,4.99,14.999999999999998,300.60120240480956,43,47,14.0,18.64753424657534,23.0,1
2015-06-11,19.99,4.99,14.999999999999998,300.60120240480956,44,48,14.0,18.64753424657534,23.0,1
2015-06-12,9.99,4.99,5.0,100.2004008016032,0,0,14.0,18.64753424657534,23.0,1
2015-06-13,9.99,4.99,5.0,100.2004008016032,1,1,15.0,18.620136986301368,24.0,1
2015-06-14,9.99,4.99,5.0,100.2004008016032,2,2,15.0,18.592739726027396,24.0,1
2015-06-15,9.99,4.99,5.0,100.2004008016032,3,3,15.0,18.565342465753425,24.0,1
2015-06-16,9.99,4.99,5.0,100.2004008016032,4,4,15.0,18.53794520547945,24.0,1
2015-06-17,9.99,4.99,5.0,100.2004008016032,5,5,15.0,18.510547945205477,24.0,1
2015-06-18,4.99,4.99,0.0,0.0,0,0,15.0,18.483150684931505,24.0,0
2015-06-19,4.99,4.99,0.0,0.0,1,1,16.0,18.442054794520548,25.0,0
2015-06-20,9.99,4.99,5.0,100.2004008016032,0,2,16.0,18.400958904109586,25.0,1
2015-06-21,4.99,4.99,0.0,0.0,0,0,15.0,18.400958904109586,25.0,0
2015-06-22,4.99,4.99,0.0,0.0,1,1,16.0,18.3872602739726,26.0,0
2015-06-23,19.99,4.99,14.999999999999998,300.60120240480956,0,2,15.0,18.3872602739726,25.0,0
2015-06-24,19.99,4.99,14.999999999999998,300.60120240480956,1,3,15.0,18.3872602739726,25.0,1
2015-06-25,19.99,4.99,14.999999999999998,300.60120240480956,2,4,14.0,18.414657534246572,24.0,1
2015-06-26,19.99,4.99,14.999999999999998,300.60120240480956,3,5,14.0,18.442054794520548,24.0,1
2015-06-27,19.99,4.99,14.999999999999998,300.60120240480956,4,6,14.0,18.46945205479452,24.0,1
2015-06-28,19.99,4.99,14.999999999999998,300.60120240480956,5,7,14.0,18.46945205479452,23.0,1
2015-06-29,19.99,4.99,14.999999999999998,300.60120240480956,6,8,13.0,18.49684931506849,22.0,1
2015-06-30,19.99,4.99,14.999999999999998,300.60120240480956,7,9,13.0,18.524246575342463,22.0,1
2015-07-01,19.99,4.99,14.999999999999998,300.60120240480956,8,10,12.0,18.565342465753425,21.0,1
2015-07-02,19.99,4.99,14.999999999999998,300.60120240480956,9,11,12.0,18.565342465753425,20.0,1
2015-07-03,19.99,4.99,14.999999999999998,300.60120240480956,10,12,12.0,18.565342465753425,20.0,1
2015-07-04,19.99,4.99,14.999999999999998,300.60120240480956,11,13,12.0,18.565342465753425,20.0,1
2015-07-05,19.99,4.99,14.999999999999998,300.60120240480956,12,14,12.0,18.565342465753425,20.0,1
2015-07-06,19.99,4.99,14.999999999999998,300.60120240480956,13,15,12.0,18.565342465753425,20.0,1
2015-07-07,19.99,4.99,14.999999999999998,300.60120240480956,14,16,12.0,18.565342465753425,20.0,1
2015-07-08,19.99,4.99,14.999999999999998,300.60120240480956,15,17,12.0,18.565342465753425,20.0,1
2015-07-09,19.99,4.99,14.999999999999998,300.60120240480956,16,18,12.0,18.565342465753425,20.0,1
2015-07-10,19.99,4.99,14.999999999999998,300.60120240480956,17,19,12.0,18.565342465753425,20.0,1
2015-07-11,19.99,4.99,14.999999999999998,300.60120240480956,18,20,12.0,18.565342465753425,20.0,1
2015-07-12,19.99,4.99,14.999999999999998,300.60120240480956,19,21,12.0,18.565342465753425,20.0,1
2015-07-13,19.99,4.99,14.999999999999998,300.60120240480956,20,22,12.0,18.565342465753425,20.0,1
2015-07-14,19.99,4.99,14.999999999999998,300.60120240480956,21,23,12.0,18.565342465753425,20.0,1
2015-07-15,19.99,4.99,14.999999999999998,300.60120240480956,22,24,12.0,18.565342465753425,20.0,1
2015-07-16,19.99,4.99,14.999999999999998,300.60120240480956,23,25,12.0,18.565342465753425,20.0,1
2015-07-17,19.99,4.99,14.999999999999998,300.60120240480956,24,26,12.0,18.565342465753425,20.0,1
2015-07-18,19.99,4.99,14.999999999999998,300.60120240480956,25,27,12.0,18.565342465753425,20.0,1
2015-07-19,19.99,4.99,14.999999999999998,300.60120240480956,26,28,11.0,18.57904109589041,19.0,1
2015-07-20,19.99,4.99,14.999999999999998,300.60120240480956,27,29,11.0,18.592739726027396,19.0,1
2015-07-21,19.99,4.99,14.999999999999998,300.60120240480956,28,30,11.0,18.606438356164382,19.0,1
2015-07-22,19.99,4.99,14.999999999999998,300.60120240480956,29,31,10.0,18.64753424657534,18.0,1
2015-07-23,19.99,4.99,14.999999999999998,300.60120240480956,30,32,10.0,18.647534246575344,17.0,1
2015-07-24,6.79,4.99,1.7999999999999998,36.07214428857715,0,0,10.0,18.64753424657534,17.0,0
2015-07-25,6.79,4.99,1.7999999999999998,36.07214428857715,1,1,11.0,18.611369863013696,18.0,0
2015-07-26,11.99,4.99,7.0,140.28056112224448,0,2,11.0,18.575205479452055,18.0,0
2015-07-27,11.99,4.99,7.0,140.28056112224448,1,3,11.0,18.553287671232876,19.0,0
2015-07-28,19.99,4.99,14.999999999999998,300.60120240480956,0,4,11.0,18.531369863013694,19.0,0
2015-07-29,19.99,4.99,14.999999999999998,300.60120240480956,1,5,11.0,18.531369863013698,20.0,0
2015-07-30,19.99,4.99,14.999999999999998,300.60120240480956,2,6,11.0,18.531369863013698,20.0,0
2015-07-31,19.99,4.99,14.999999999999998,300.60120240480956,3,7,11.0,18.531369863013698,20.0,0
2015-08-01,19.99,4.99,14.999999999999998,300.60120240480956,4,8,11.0,18.531369863013694,20.0,0
2015-08-02,19.99,4.99,14.999999999999998,300.60120240480956,5,9,11.0,18.531369863013698,20.0,0
2015-08-03,19.99,4.99,14.999999999999998,300.60120240480956,6,10,11.0,18.531369863013698,20.0,0
2015-08-04,19.99,4.99,14.999999999999998,300.60120240480956,7,11,11.0,18.531369863013698,20.0,0
2015-08-05,19.99,4.99,14.999999999999998,300.60120240480956,8,12,11.0,18.531369863013694,20.0,0
2015-08-06,19.99,4.99,14.999999999999998,300.60120240480956,9,13,11.0,18.531369863013694,20.0,0
2015-08-07,19.99,4.99,14.999999999999998,300.60120240480956,10,14,11.0,18.531369863013698,20.0,0
2015-08-08,19.99,4.99,14.999999999999998,300.60120240480956,11,15,11.0,18.531369863013698,20.0,0
2015-08-09,19.99,4.99,14.999999999999998,300.60120240480956,12,16,11.0,18.531369863013694,20.0,0
2015-08-10,19.99,4.99,14.999999999999998,300.60120240480956,13,17,11.0,18.531369863013694,20.0,0
2015-08-11,19.99,4.99,14.999999999999998,300.60120240480956,14,18,11.0,18.531369863013698,20.0,0
2015-08-12,19.99,4.99,14.999999999999998,300.60120240480956,15,19,11.0,18.531369863013698,20.0,0
2015-08-13,19.99,4.99,14.999999999999998,300.60120240480956,16,20,11.0,18.531369863013698,20.0,0
2015-08-14,19.99,4.99,14.999999999999998,300.60120240480956,17,21,11.0,18.531369863013694,20.0,0
2015-08-15,19.99,4.99,14.999999999999998,300.60120240480956,18,22,11.0,18.531369863013698,20.0,0
2015-08-16,19.99,4.99,14.999999999999998,300.60120240480956,19,23,11.0,18.531369863013698,20.0,0
2015-08-17,19.99,4.99,14.999999999999998,300.60120240480956,20,24,11.0,18.531369863013698,20.0,0
2015-08-18,19.99,4.99,14.999999999999998,300.60120240480956,21,25,11.0,18.531369863013694,20.0,0
2015-08-19,19.99,4.99,14.999999999999998,300.60120240480956,22,26,11.0,18.531369863013698,20.0,0
2015-08-20,19.99,4.99,14.999999999999998,300.60120240480956,23,27,11.0,18.531369863013698,20.0,0
2015-08-21,19.99,4.99,14.999999999999998,300.60120240480956,24,28,11.0,18.531369863013698,20.0,0
2015-08-22,19.99,4.99,14.999999999999998,300.60120240480956,25,29,11.0,18.531369863013694,20.0,0
2015-08-23,19.99,4.99,14.999999999999998,300.60120240480956,26,30,11.0,18.531369863013698,20.0,0
2015-08-24,19.99,4.99,14.999999999999998,300.60120240480956,27,31,11.0,18.531369863013698,20.0,0
2015-08-25,19.99,4.99,14.999999999999998,300.60120240480956,28,32,11.0,18.531369863013698,20.0,0
2015-08-26,19.99,4.99,14.999999999999998,300.60120240480956,29,33,11.0,18.531369863013694,20.0,0
2015-08-27,19.99,4.99,14.999999999999998,300.60120240480956,30,34,11.0,18.531369863013694,20.0,0
2015-08-28,19.99,4.99,14.999999999999998,300.60120240480956,31,35,11.0,18.531369863013698,20.0,0
2015-08-29,19.99,4.99,14.999999999999998,300.60120240480956,32,36,11.0,18.531369863013698,20.0,0
2015-08-30,19.99,4.99,14.999999999999998,300.60120240480956,33,37,11.0,18.531369863013694,20.0,0
2015-08-31,19.99,4.99,14.999999999999998,300.60120240480956,34,38,11.0,18.531369863013694,20.0,0
2015-09-01,19.99,4.99,14.999999999999998,300.60120240480956,35,39,11.0,18.531369863013698,20.0,0
2015-09-02,19.99,4.99,14.999999999999998,300.60120240480956,36,40,11.0,18.531369863013698,20.0,0
2015-09-03,19.99,4.99,14.999999999999998,300.60120240480956,37,41,11.0,18.531369863013698,20.0,0
2015-09-04,19.99,4.99,14.999999999999998,300.60120240480956,38,42,11.0,18.531369863013694,20.0,0
2015-09-05,19.99,4.99,14.999999999999998,300.60120240480956,39,43,11.0,18.531369863013698,20.0,0
2015-09-06,19.99,4.99,14.999999999999998,300.60120240480956,40,44,11.0,18.531369863013698,20.0,0
2015-09-07,19.99,4.99,14.999999999999998,300.60120240480956,41,45,11.0,18.531369863013698,20.0,0
2015-09-08,19.99,4.99,14.999999999999998,300.60120240480956,42,46,11.0,18.531369863013694,20.0,0
2015-09-09,19.99,4.99,14.999999999999998,300.60120240480956,43,47,11.0,18.531369863013698,20.0,0
2015-09-10,19.99,4.99,14.999999999999998,300.60120240480956,44,48,11.0,18.531369863013698,20.0,0
2015-09-11,19.99,4.99,14.999999999999998,300.60120240480956,45,49,11.0,18.531369863013698,20.0,0
2015-09-12,19.99,4.99,14.999999999999998,300.60120240480956,46,50,11.0,18.531369863013694,20.0,0
2015-09-13,19.99,4.99,14.999999999999998,300.60120240480956,47,51,10.0,18.572465753424655,19.0,0
2015-09-14,19.99,4.99,14.999999999999998,300.60120240480956,48,52,10.0,18.613561643835617,19.0,1
2015-09-15,19.99,4.99,14.999999999999998,300.60120240480956,49,53,10.0,18.654657534246574,19.0,1
2015-09-16,19.99,4.99,14.999999999999998,300.60120240480956,50,54,10.0,18.695753424657532,19.0,1
2015-09-17,19.99,4.99,14.999999999999998,300.60120240480956,51,55,10.0,18.695753424657532,18.0,1
2015-09-18,19.99,4.99,14.999999999999998,300.60120240480956,52,56,10.0,18.695753424657532,18.0,1
2015-09-19,19.99,4.99,14.999999999999998,300.60120240480956,53,57,10.0,18.695753424657532,18.0,1
2015-09-20,19.99,4.99,14.999999999999998,300.60120240480956,54,58,10.0,18.695753424657532,18.0,1
2015-09-21,19.99,4.99,14.999999999999998,300.60120240480956,55,59,10.0,18.695753424657532,18.0,1
2015-09-22,19.99,4.99,14.999999999999998,300.60120240480956,56,60,10.0,18.695753424657532,18.0,1
2015-09-23,19.99,4.99,14.999999999999998,300.60120240480956,57,61,10.0,18.695753424657532,18.0,1
2015-09-24,19.99,4.99,14.999999999999998,300.60120240480956,58,62,10.0,18.695753424657532,18.0,1
2015-09-25,19.99,4.99,14.999999999999998,300.60120240480956,59,63,10.0,18.695753424657532,18.0,1
2015-09-26,19.99,4.99,14.999999999999998,300.60120240480956,60,64,10.0,18.695753424657532,18.0,1
2015-09-27,19.99,4.99,14.999999999999998,300.60120240480956,61,65,10.0,18.695753424657532,18.0,1
2015-09-28,19.99,4.99,14.999999999999998,300.60120240480956,62,66,10.0,18.695753424657532,18.0,1
2015-09-29,19.99,4.99,14.999999999999998,300.60120240480956,63,67,10.0,18.695753424657532,18.0,1
2015-09-30,19.99,4.99,14.999999999999998,300.60120240480956,64,68,10.0,18.695753424657532,18.0,1
2015-10-01,19.99,4.99,14.999999999999998,300.60120240480956,65,69,10.0,18.695753424657532,18.0,1
2015-10-02,19.99,4.99,14.999999999999998,300.60120240480956,66,70,10.0,18.695753424657532,18.0,1
2015-10-03,19.99,4.99,14.999999999999998,300.60120240480956,67,71,10.0,18.695753424657532,18.0,1
2015-10-04,19.99,4.99,14.999999999999998,300.60120240480956,68,72,10.0,18.695753424657532,18.0,1
2015-10-05,19.99,4.99,14.999999999999998,300.60120240480956,69,73,10.0,18.695753424657532,18.0,1
2015-10-06,19.99,4.99,14.999999999999998,300.60120240480956,70,74,10.0,18.695753424657532,18.0,1
2015-10-07,19.99,4.99,14.999999999999998,300.60120240480956,71,75,10.0,18.695753424657532,18.0,1
2015-10-08,19.99,4.99,14.999999999999998,300.60120240480956,72,76,10.0,18.695753424657532,18.0,1
2015-10-09,19.99,4.99,14.999999999999998,300.60120240480956,73,77,10.0,18.695753424657532,18.0,1
2015-10-10,19.99,4.99,14.999999999999998,300.60120240480956,74,78,10.0,18.695753424657532,18.0,1
2015-10-11,19.99,4.99,14.999999999999998,300.60120240480956,75,79,10.0,18.695753424657532,18.0,1
2015-10-12,19.99,4.99,14.999999999999998,300.60120240480956,76,80,10.0,18.695753424657532,18.0,1
2015-10-13,19.99,4.99,14.999999999999998,300.60120240480956,77,81,10.0,18.695753424657532,18.0,1
2015-10-14,6.79,4.99,1.7999999999999998,36.07214428857715,0,0,10.0,18.695753424657532,18.0,0
2015-10-15,6.79,4.99,1.7999999999999998,36.07214428857715,1,1,11.0,18.65958904109589,19.0,0
2015-10-16,6.79,4.99,1.7999999999999998,36.07214428857715,2,2,11.0,18.623424657534244,19.0,0
2015-10-17,19.99,4.99,14.999999999999998,300.60120240480956,0,3,11.0,18.5872602739726,19.0,0
2015-10-18,19.99,4.99,14.999999999999998,300.60120240480956,1,4,11.0,18.5872602739726,20.0,0
2015-10-19,19.99,4.99,14.999999999999998,300.60120240480956,2,5,11.0,18.587260273972603,20.0,0
2015-10-20,19.99,4.99,14.999999999999998,300.60120240480956,3,6,11.0,18.5872602739726,20.0,0
2015-10-21,19.99,4.99,14.999999999999998,300.60120240480956,4,7,11.0,18.5872602739726,20.0,0
2015-10-22,19.99,4.99,14.999999999999998,300.60120240480956,5,8,11.0,18.5872602739726,20.0,0
2015-10-23,19.99,4.99,14.999999999999998,300.60120240480956,6,9,11.0,18.5872602739726,20.0,0
2015-10-24,19.99,4.99,14.999999999999998,300.60120240480956,7,10,11.0,18.5872602739726,20.0,0
2015-10-25,19.99,4.99,14.999999999999998,300.60120240480956,8,11,11.0,18.5872602739726,20.0,0
2015-10-26,19.99,4.99,14.999999999999998,300.60120240480956,9,12,11.0,18.5872602739726,20.0,0
2015-10-27,19.99,4.99,14.999999999999998,300.60120240480956,10,13,11.0,18.5872602739726,20.0,1
2015-10-28,19.99,4.99,14.999999999999998,300.60120240480956,11,14,11.0,18.5872602739726,20.0,1
2015-10-29,19.99,4.99,14.999999999999998,300.60120240480956,12,15,11.0,18.5872602739726,20.0,1
2015-10-30,19.99,4.99,14.999999999999998,300.60120240480956,13,16,11.0,18.5872602739726,20.0,1
2015-10-31,19.99,4.99,14.999999999999998,300.60120240480956,14,17,11.0,18.5872602739726,20.0,1
2015-11-01,19.99,4.99,14.999999999999998,300.60120240480956,15,18,11.0,18.5872602739726,20.0,1
2015-11-02,19.99,4.99,14.999999999999998,300.60120240480956,16,19,11.0,18.5872602739726,20.0,1
2015-11-03,19.99,4.99,14.999999999999998,300.60120240480956,17,20,11.0,18.5872602739726,20.0,1
2015-11-04,19.99,4.99,14.999999999999998,300.60120240480956,18,21,11.0,18.5872602739726,20.0,1
2015-11-05,19.99,4.99,14.999999999999998,300.60120240480956,19,22,11.0,18.5872602739726,20.0,1
2015-11-06,19.99,4.99,14.999999999999998,300.60120240480956,20,23,11.0,18.5872602739726,20.0,1
2015-11-07,19.99,4.99,14.999999999999998,300.60120240480956,21,24,11.0,18.5872602739726,20.0,1
2015-11-08,19.99,4.99,14.999999999999998,300.60120240480956,22,25,11.0,18.5872602739726,20.0,1
2015-11-09,19.99,4.99,14.999999999999998,300.60120240480956,23,26,11.0,18.587260273972603,20.0,1
2015-11-10,19.99,4.99,14.999999999999998,300.60120240480956,24,27,11.0,18.5872602739726,20.0,1
2015-11-11,19.99,4.99,14.999999999999998,300.60120240480956,25,28,11.0,18.5872602739726,20.0,1
2015-11-12,19.99,4.99,14.999999999999998,300.60120240480956,26,29,11.0,18.5872602739726,20.0,1
2015-11-13,19.99,4.99,14.999999999999998,300.60120240480956,27,30,11.0,18.5872602739726,20.0,1
2015-11-14,19.99,4.99,14.999999999999998,300.60120240480956,28,31,11.0,18.5872602739726,20.0,1
2015-11-15,19.99,4.99,14.999999999999998,300.60120240480956,29,32,11.0,18.5872602739726,20.0,1
2015-11-16,19.99,4.99,14.999999999999998,300.60120240480956,30,33,11.0,18.5872602739726,20.0,1
2015-11-17,19.99,4.99,14.999999999999998,300.60120240480956,31,34,11.0,18.5872602739726,20.0,1
2015-11-18,19.99,4.99,14.999999999999998,300.60120240480956,32,35,11.0,18.5872602739726,20.0,1
2015-11-19,19.99,4.99,14.999999999999998,300.60120240480956,33,36,11.0,18.5872602739726,20.0,1
2015-11-20,19.99,4.99,14.999999999999998,300.60120240480956,34,37,11.0,18.5872602739726,20.0,1
2015-11-21,19.99,4.99,14.999999999999998,300.60120240480956,35,38,11.0,18.5872602739726,20.0,1
2015-11-22,19.99,4.99,14.999999999999998,300.60120240480956,36,39,11.0,18.5872602739726,20.0,1
2015-11-23,19.99,4.99,14.999999999999998,300.60120240480956,37,40,11.0,18.5872602739726,20.0,1
2015-11-24,19.99,4.99,14.999999999999998,300.60120240480956,38,41,11.0,18.5872602739726,20.0,1
2015-11-25,19.99,4.99,14.999999999999998,300.60120240480956,39,42,11.0,18.5872602739726,20.0,1
2015-11-26,4.99,4.99,0.0,0.0,0,0,11.0,18.5872602739726,20.0,0
2015-11-27,4.99,4.99,0.0,0.0,1,1,12.0,18.546164383561642,21.0,0
2015-11-28,4.99,4.99,0.0,0.0,2,2,12.0,18.505068493150684,21.0,0
2015-11-29,4.99,4.99,0.0,0.0,3,3,11.0,18.4913698630137,20.0,0
2015-11-30,4.99,4.99,0.0,0.0,4,4,11.0,18.477671232876713,20.0,0
2015-12-01,4.99,4.99,0.0,0.0,5,5,11.0,18.463972602739723,20.0,0
2015-12-02,19.99,4.99,14.999999999999998,300.60120240480956,0,6,11.0,18.450273972602737,20.0,1
2015-12-03,19.99,4.99,14.999999999999998,300.60120240480956,1,7,10.0,18.4913698630137,20.0,1
2015-12-04,19.99,4.99,14.999999999999998,300.60120240480956,2,8,10.0,18.532465753424656,20.0,1
2015-12-05,19.99,4.99,14.999999999999998,300.60120240480956,3,9,10.0,18.532465753424656,19.0,1
2015-12-06,19.99,4.99,14.999999999999998,300.60120240480956,4,10,10.0,18.532465753424656,19.0,1
2015-12-07,19.99,4.99,14.999999999999998,300.60120240480956,5,11,10.0,18.532465753424656,19.0,1
2015-12-08,19.99,4.99,14.999999999999998,300.60120240480956,6,12,10.0,18.532465753424656,19.0,1
2015-12-09,19.99,4.99,14.999999999999998,300.60120240480956,7,13,10.0,18.532465753424656,19.0,1
2015-12-10,19.99,4.99,14.999999999999998,300.60120240480956,8,14,10.0,18.532465753424656,19.0,1
2015-12-11,19.99,4.99,14.999999999999998,300.60120240480956,9,15,10.0,18.532465753424656,19.0,1
2015-12-12,19.99,4.99,14.999999999999998,300.60120240480956,10,16,10.0,18.532465753424656,19.0,1
2015-12-13,19.99,4.99,14.999999999999998,300.60120240480956,11,17,10.0,18.532465753424656,19.0,1
2015-12-14,19.99,4.99,14.999999999999998,300.60120240480956,12,18,10.0,18.532465753424656,19.0,1
2015-12-15,19.99,4.99,14.999999999999998,300.60120240480956,13,19,10.0,18.532465753424656,19.0,1
2015-12-16,19.99,4.99,14.999999999999998,300.60120240480956,14,20,10.0,18.532465753424656,19.0,1
2015-12-17,19.99,4.99,14.999999999999998,300.60120240480956,15,21,10.0,18.532465753424656,19.0,1
2015-12-18,19.99,4.99,14.999999999999998,300.60120240480956,16,22,10.0,18.532465753424656,19.0,1
2015-12-19,19.99,4.99,14.999999999999998,300.60120240480956,17,23,10.0,18.532465753424656,19.0,1
2015-12-20,19.99,4.99,14.999999999999998,300.60120240480956,18,24,9.0,18.559863013698628,18.0,1
2015-12-21,19.99,4.99,14.999999999999998,300.60120240480956,19,25,9.0,18.587260273972603,18.0,1
2015-12-22,19.99,4.99,14.999999999999998,300.60120240480956,20,26,9.0,18.614657534246575,18.0,1
2015-12-23,4.99,4.99,0.0,0.0,0,0,8.0,18.655753424657533,17.0,0
2015-12-24,4.99,4.99,0.0,0.0,1,1,9.0,18.655753424657533,18.0,0
2015-12-25,4.99,4.99,0.0,0.0,2,2,9.0,18.642054794520547,17.0,0
2015-12-26,4.99,4.99,0.0,0.0,3,3,9.0,18.62835616438356,17.0,0
2015-12-27,4.99,4.99,0.0,0.0,4,4,9.0,18.614657534246575,17.0,0
2015-12-28,4.99,4.99,0.0,0.0,5,5,9.0,18.60095890410959,17.0,0
2015-12-29,4.99,4.99,0.0,0.0,6,6,9.0,18.5872602739726,17.0,0
2015-12-30,4.99,4.99,0.0,0.0,7,7,9.0,18.573561643835614,17.0,0
2015-12-31,4.99,4.99,0.0,0.0,8,8,9.0,18.559863013698628,17.0,0
2016-01-01,4.99,4.99,0.0,0.0,9,9,9.0,18.546164383561642,17.0,0
2016-01-02,4.99,4.99,0.0,0.0,10,10,8.0,18.546164383561642,16.0,0
2016-01-03,4.99,4.99,0.0,0.0,11,11,8.0,18.546164383561642,16.0,0
2016-01-04,4.99,4.99,0.0,0.0,12,12,8.0,18.505068493150684,15.0,0
2016-01-05,19.99,4.99,14.999999999999998,300.60120240480956,0,13,8.0,18.463972602739723,15.0,0
2016-01-06,19.99,4.99,14.999999999999998,300.60120240480956,1,14,8.0,18.463972602739723,16.0,0
2016-01-07,19.99,4.99,14.999999999999998,300.60120240480956,2,15,8.0,18.463972602739723,16.0,1
2016-01-08,19.99,4.99,14.999999999999998,300.60120240480956,3,16,8.0,18.463972602739723,16.0,1
2016-01-09,19.99,4.99,14.999999999999998,300.60120240480956,4,17,8.0,18.463972602739723,16.0,1
2016-01-10,19.99,4.99,14.999999999999998,300.60120240480956,5,18,8.0,18.463972602739723,16.0,1
2016-01-11,19.99,4.99,14.999999999999998,300.60120240480956,6,19,8.0,18.463972602739723,16.0,1
2016-01-12,19.99,4.99,14.999999999999998,300.60120240480956,7,20,8.0,18.463972602739723,16.0,1
2016-01-13,19.99,4.99,14.999999999999998,300.60120240480956,8,21,8.0,18.463972602739723,16.0,1
2016-01-14,19.99,4.99,14.999999999999998,300.60120240480956,9,22,8.0,18.463972602739723,16.0,1
2016-01-15,19.99,4.99,14.999999999999998,300.60120240480956,10,23,8.0,18.463972602739727,16.0,1
2016-01-16,19.99,4.99,14.999999999999998,300.60120240480956,11,24,8.0,18.463972602739723,16.0,1
2016-01-17,19.99,4.99,14.999999999999998,300.60120240480956,12,25,8.0,18.463972602739723,16.0,1
2016-01-18,19.99,4.99,14.999999999999998,300.60120240480956,13,26,8.0,18.463972602739723,16.0,1
2016-01-19,19.99,4.99,14.999999999999998,300.60120240480956,14,27,8.0,18.463972602739723,16.0,1
2016-01-20,19.99,4.99,14.999999999999998,300.60120240480956,15,28,8.0,18.463972602739723,16.0,1
2016-01-21,19.99,4.99,14.999999999999998,300.60120240480956,16,29,8.0,18.463972602739723,16.0,1
2016-01-22,19.99,4.99,14.999999999999998,300.60120240480956,17,30,8.0,18.463972602739723,16.0,1
2016-01-23,19.99,4.99,14.999999999999998,300.60120240480956,18,31,8.0,18.463972602739723,16.0,1
2016-01-24,19.99,4.99,14.999999999999998,300.60120240480956,19,32,8.0,18.463972602739723,16.0,1
2016-01-25,19.99,4.99,14.999999999999998,300.60120240480956,20,33,8.0,18.463972602739723,16.0,1
2016-01-26,19.99,4.99,14.999999999999998,300.60120240480956,21,34,8.0,18.463972602739723,16.0,1
2016-01-27,19.99,4.99,14.999999999999998,300.60120240480956,22,35,8.0,18.463972602739723,16.0,1
2016-01-28,19.99,4.99,14.999999999999998,300.60120240480956,23,36,8.0,18.463972602739723,16.0,1
2016-01-29,19.99,4.99,14.999999999999998,300.60120240480956,24,37,8.0,18.463972602739723,16.0,1
2016-01-30,19.99,4.99,14.999999999999998,300.60120240480956,25,38,8.0,18.463972602739723,16.0,1
2016-01-31,19.99,4.99,14.999999999999998,300.60120240480956,26,39,8.0,18.463972602739723,16.0,1
2016-02-01,19.99,4.99,14.999999999999998,300.60120240480956,27,40,8.0,18.463972602739723,16.0,1
2016-02-02,19.99,4.99,14.999999999999998,300.60120240480956,28,41,8.0,18.463972602739723,16.0,1
2016-02-03,19.99,4.99,14.999999999999998,300.60120240480956,29,42,8.0,18.463972602739723,16.0,1
2016-02-04,19.99,4.99,14.999999999999998,300.60120240480956,30,43,8.0,18.463972602739723,16.0,1
2016-02-05,19.99,4.99,14.999999999999998,300.60120240480956,31,44,8.0,18.463972602739727,16.0,1
2016-02-06,4.99,4.99,0.0,0.0,0,0,8.0,18.463972602739723,16.0,0
2016-02-07,4.99,4.99,0.0,0.0,1,1,9.0,18.422876712328765,17.0,0
2016-02-08,4.99,4.99,0.0,0.0,2,2,9.0,18.381780821917808,17.0,0
2016-02-09,4.99,4.99,0.0,0.0,3,3,9.0,18.340684931506846,17.0,0
2016-02-10,4.99,4.99,0.0,0.0,4,4,9.0,18.29958904109589,17.0,0
2016-02-11,4.99,4.99,0.0,0.0,5,5,9.0,18.25849315068493,17.0,0
2016-02-12,4.99,4.99,0.0,0.0,6,6,9.0,18.21739726027397,17.0,0
2016-02-13,19.99,4.99,14.999999999999998,300.60120240480956,0,7,9.0,18.176301369863012,17.0,0
2016-02-14,19.99,4.99,14.999999999999998,300.60120240480956,1,8,9.0,18.176301369863012,18.0,0
2016-02-15,19.99,4.99,14.999999999999998,300.60120240480956,2,9,9.0,18.176301369863012,18.0,0
2016-02-16,19.99,4.99,14.999999999999998,300.60120240480956,3,10,9.0,18.176301369863012,18.0,0
2016-02-17,19.99,4.99,14.999999999999998,300.60120240480956,4,11,9.0,18.176301369863012,18.0,0
2016-02-18,19.99,4.99,14.999999999999998,300.60120240480956,5,12,9.0,18.176301369863012,18.0,0
2016-02-19,19.99,4.99,14.999999999999998,300.60120240480956,6,13,9.0,18.176301369863012,18.0,0
2016-02-20,19.99,4.99,14.999999999999998,300.60120240480956,7,14,9.0,18.176301369863012,18.0,0
2016-02-21,19.99,4.99,14.999999999999998,300.60120240480956,8,15,9.0,18.176301369863012,18.0,0
2016-02-22,19.99,4.99,14.999999999999998,300.60120240480956,9,16,9.0,18.176301369863012,18.0,0
2016-02-23,19.99,4.99,14.999999999999998,300.60120240480956,10,17,9.0,18.176301369863012,18.0,0
2016-02-24,19.99,4.99,14.999999999999998,300.60120240480956,11,18,9.0,18.176301369863012,18.0,0
2016-02-25,19.99,4.99,14.999999999999998,300.60120240480956,12,19,9.0,18.176301369863012,18.0,0
2016-02-26,19.99,4.99,14.999999999999998,300.60120240480956,13,20,9.0,18.176301369863015,18.0,0
2016-02-27,19.99,4.99,14.999999999999998,300.60120240480956,14,21,9.0,18.176301369863012,18.0,0
2016-02-28,19.99,4.99,14.999999999999998,300.60120240480956,15,22,9.0,18.176301369863012,18.0,0
2016-02-29,19.99,4.99,14.999999999999998,300.60120240480956,16,23,9.0,18.176301369863012,18.0,0
2016-03-01,19.99,4.99,14.999999999999998,300.60120240480956,17,24,9.0,18.176301369863012,18.0,0
2016-03-02,19.99,4.99,14.999999999999998,300.60120240480956,18,25,9.0,18.176301369863012,18.0,0
2016-03-03,19.99,4.99,14.999999999999998,300.60120240480956,19,26,9.0,18.176301369863012,18.0,0
2016-03-04,19.99,4.99,14.999999999999998,300.60120240480956,20,27,9.0,18.176301369863012,18.0,0
2016-03-05,19.99,4.99,14.999999999999998,300.60120240480956,21,28,9.0,18.176301369863012,18.0,0
2016-03-06,19.99,4.99,14.999999999999998,300.60120240480956,22,29,9.0,18.176301369863012,18.0,0
2016-03-07,19.99,4.99,14.999999999999998,300.60120240480956,23,30,9.0,18.176301369863012,18.0,0
2016-03-08,19.99,4.99,14.999999999999998,300.60120240480956,24,31,9.0,18.176301369863012,18.0,0
2016-03-09,19.99,4.99,14.999999999999998,300.60120240480956,25,32,9.0,18.176301369863012,18.0,0
2016-03-10,19.99,4.99,14.999999999999998,300.60120240480956,26,33,9.0,18.176301369863012,18.0,0
2016-03-11,19.99,4.99,14.999999999999998,300.60120240480956,27,34,9.0,18.176301369863012,18.0,0
2016-03-12,19.99,4.99,14.999999999999998,300.60120240480956,28,35,9.0,18.176301369863012,18.0,0
2016-03-13,19.99,4.99,14.999999999999998,300.60120240480956,29,36,9.0,18.176301369863012,18.0,0
2016-03-14,19.99,4.99,14.999999999999998,300.60120240480956,30,37,9.0,18.176301369863012,18.0,0
2016-03-15,19.99,4.99,14.999999999999998,300.60120240480956,31,38,9.0,18.176301369863012,18.0,0
2016-03-16,19.99,4.99,14.999999999999998,300.60120240480956,32,39,9.0,18.176301369863012,18.0,0
2016-03-17,19.99,4.99,14.999999999999998,300.60120240480956,33,40,9.0,18.176301369863012,18.0,0
2016-03-18,19.99,4.99,14.999999999999998,300.60120240480956,34,41,9.0,18.176301369863015,18.0,0
2016-03-19,19.99,4.99,14.999999999999998,300.60120240480956,35,42,9.0,18.176301369863012,18.0,0
2016-03-20,19.99,4.99,14.999999999999998,300.60120240480956,36,43,9.0,18.176301369863012,18.0,0
2016-03-21,19.99,4.99,14.999999999999998,300.60120240480956,37,44,9.0,18.176301369863012,18.0,0
2016-03-22,19.99,4.99,14.999999999999998,300.60120240480956,38,45,9.0,18.176301369863012,18.0,0
2016-03-23,19.99,4.99,14.999999999999998,300.60120240480956,39,46,9.0,18.176301369863012,18.0,0
2016-03-24,19.99,4.99,14.999999999999998,300.60120240480956,40,47,9.0,18.176301369863012,18.0,0
2016-03-25,19.99,4.99,14.999999999999998,300.60120240480956,41,48,9.0,18.176301369863012,18.0,0
2016-03-26,19.99,4.99,14.999999999999998,300.60120240480956,42,49,9.0,18.176301369863012,18.0,0
2016-03-27,19.99,4.99,14.999999999999998,300.60120240480956,43,50,9.0,18.176301369863012,18.0,0
2016-03-28,19.99,4.99,14.999999999999998,300.60120240480956,44,51,9.0,18.176301369863012,18.0,0
2016-03-29,19.99,4.99,14.999999999999998,300.60120240480956,45,52,9.0,18.176301369863012,18.0,0
2016-03-30,19.99,4.99,14.999999999999998,300.60120240480956,46,53,9.0,18.176301369863012,18.0,0
2016-03-31,19.99,4.99,14.999999999999998,300.60120240480956,47,54,9.0,18.176301369863012,18.0,0
2016-04-01,19.99,4.99,14.999999999999998,300.60120240480956,48,55,9.0,18.176301369863012,18.0,0
2016-04-02,19.99,4.99,14.999999999999998,300.60120240480956,49,56,9.0,18.176301369863012,18.0,0
2016-04-03,19.99,4.99,14.999999999999998,300.60120240480956,50,57,9.0,18.176301369863012,18.0,0
2016-04-04,19.99,4.99,14.999999999999998,300.60120240480956,51,58,9.0,18.176301369863012,18.0,0
2016-04-05,19.99,4.99,14.999999999999998,300.60120240480956,52,59,9.0,18.176301369863012,18.0,0
2016-04-06,19.99,4.99,14.999999999999998,300.60120240480956,53,60,9.0,18.176301369863012,18.0,0
2016-04-07,19.99,4.99,14.999999999999998,300.60120240480956,54,61,9.0,18.176301369863012,18.0,0
2016-04-08,19.99,4.99,14.999999999999998,300.60120240480956,55,62,9.0,18.176301369863015,18.0,0
2016-04-09,19.99,4.99,14.999999999999998,300.60120240480956,56,63,9.0,18.176301369863012,18.0,0
2016-04-10,19.99,4.99,14.999999999999998,300.60120240480956,57,64,9.0,18.176301369863012,18.0,0
2016-04-11,19.99,4.99,14.999999999999998,300.60120240480956,58,65,9.0,18.176301369863012,18.0,0
2016-04-12,19.99,4.99,14.999999999999998,300.60120240480956,59,66,9.0,18.176301369863012,18.0,0
2016-04-13,19.99,4.99,14.999999999999998,300.60120240480956,60,67,9.0,18.176301369863012,18.0,0
2016-04-14,19.99,4.99,14.999999999999998,300.60120240480956,61,68,9.0,18.176301369863012,18.0,0
2016-04-15,19.99,4.99,14.999999999999998,300.60120240480956,62,69,9.0,18.176301369863012,18.0,0
2016-04-16,19.99,4.99,14.999999999999998,300.60120240480956,63,70,9.0,18.176301369863012,18.0,0
2016-04-17,19.99,4.99,14.999999999999998,300.60120240480956,64,71,9.0,18.176301369863012,18.0,0
2016-04-18,19.99,4.99,14.999999999999998,300.60120240480956,65,72,9.0,18.176301369863012,18.0,0
2016-04-19,19.99,4.99,14.999999999999998,300.60120240480956,66,73,9.0,18.176301369863012,18.0,0
2016-04-20,19.99,4.99,14.999999999999998,300.60120240480956,67,74,9.0,18.176301369863012,18.0,0
2016-04-21,19.99,4.99,14.999999999999998,300.60120240480956,68,75,9.0,18.176301369863012,18.0,0
2016-04-22,19.99,4.99,14.999999999999998,300.60120240480956,69,76,9.0,18.176301369863012,18.0,0
2016-04-23,19.99,4.99,14.999999999999998,300.60120240480956,70,77,9.0,18.176301369863012,18.0,0
2016-04-24,19.99,4.99,14.999999999999998,300.60120240480956,71,78,8.0,18.21739726027397,17.0,0
2016-04-25,19.99,4.99,14.999999999999998,300.60120240480956,72,79,8.0,18.25849315068493,17.0,0
2016-04-26,19.99,4.99,14.999999999999998,300.60120240480956,73,80,8.0,18.29958904109589,17.0,0
2016-04-27,19.99,4.99,14.999999999999998,300.60120240480956,74,81,8.0,18.340684931506846,17.0,0
2016-04-28,19.99,4.99,14.999999999999998,300.60120240480956,75,82,8.0,18.340684931506846,16.0,0
2016-04-29,19.99,4.99,14.999999999999998,300.60120240480956,76,83,8.0,18.34068493150685,16.0,0
2016-04-30,19.99,4.99,14.999999999999998,300.60120240480956,77,84,8.0,18.340684931506846,16.0,0
2016-05-01,19.99,4.99,14.999999999999998,300.60120240480956,78,85,8.0,18.340684931506846,16.0,0
2016-05-02,19.99,4.99,14.999999999999998,300.60120240480956,79,86,8.0,18.340684931506846,16.0,0
2016-05-03,19.99,4.99,14.999999999999998,300.60120240480956,80,87,8.0,18.340684931506846,16.0,0
2016-05-04,19.99,4.99,14.999999999999998,300.60120240480956,81,88,8.0,18.340684931506846,16.0,0
2016-05-05,19.99,4.99,14.999999999999998,300.60120240480956,82,89,8.0,18.340684931506846,16.0,0
2016-05-06,19.99,4.99,14.999999999999998,300.60120240480956,83,90,8.0,18.340684931506846,16.0,0
2016-05-07,19.99,4.99,14.999999999999998,300.60120240480956,84,91,8.0,18.340684931506846,16.0,0
2016-05-08,19.99,4.99,14.999999999999998,300.60120240480956,85,92,8.0,18.340684931506846,16.0,0
2016-05-09,19.99,4.99,14.999999999999998,300.60120240480956,86,93,8.0,18.340684931506846,16.0,0
2016-05-10,19.99,4.99,14.999999999999998,300.60120240480956,87,94,8.0,18.340684931506846,16.0,0
2016-05-11,19.99,4.99,14.999999999999998,300.60120240480956,88,95,8.0,18.340684931506846,16.0,0
2016-05-12,19.99,4.99,14.999999999999998,300.60120240480956,89,96,8.0,18.340684931506846,16.0,0
2016-05-13,19.99,4.99,14.999999999999998,300.60120240480956,90,97,8.0,18.340684931506846,16.0,0
2016-05-14,19.99,4.99,14.999999999999998,300.60120240480956,91,98,8.0,18.340684931506846,16.0,0
2016-05-15,19.99,4.99,14.999999999999998,300.60120240480956,92,99,8.0,18.340684931506846,16.0,0
2016-05-16,19.99,4.99,14.999999999999998,300.60120240480956,93,100,8.0,18.340684931506846,16.0,0
2016-05-17,19.99,4.99,14.999999999999998,300.60120240480956,94,101,8.0,18.340684931506846,16.0,0
2016-05-18,19.99,4.99,14.999999999999998,300.60120240480956,95,102,8.0,18.340684931506846,16.0,0
2016-05-19,19.99,4.99,14.999999999999998,300.60120240480956,96,103,8.0,18.340684931506846,16.0,0
2016-05-20,19.99,4.99,14.999999999999998,300.60120240480956,97,104,8.0,18.34068493150685,16.0,0
2016-05-21,19.99,4.99,14.999999999999998,300.60120240480956,98,105,8.0,18.340684931506846,16.0,0
2016-05-22,19.99,4.99,14.999999999999998,300.60120240480956,99,106,8.0,18.340684931506846,16.0,0
2016-05-23,19.99,4.99,14.999999999999998,300.60120240480956,100,107,8.0,18.340684931506846,16.0,0
2016-05-24,19.99,4.99,14.999999999999998,300.60120240480956,101,108,8.0,18.340684931506846,16.0,0
2016-05-25,19.99,4.99,14.999999999999998,300.60120240480956,102,109,8.0,18.340684931506846,16.0,1
2016-05-26,19.99,4.99,14.999999999999998,300.60120240480956,103,110,8.0,18.340684931506846,16.0,1
2016-05-27,19.99,4.99,14.999999999999998,300.60120240480956,104,111,8.0,18.340684931506846,16.0,1
2016-05-28,19.99,4.99,14.999999999999998,300.60120240480956,105,112,8.0,18.340684931506846,16.0,1
2016-05-29,19.99,4.99,14.999999999999998,300.60120240480956,106,113,8.0,18.340684931506846,16.0,1
2016-05-30,19.99,4.99,14.999999999999998,300.60120240480956,107,114,8.0,18.340684931506846,16.0,1
2016-05-31,19.99,4.99,14.999999999999998,300.60120240480956,108,115,8.0,18.340684931506846,16.0,1
2016-06-01,19.99,4.99,14.999999999999998,300.60120240480956,109,116,8.0,18.340684931506846,16.0,1
2016-06-02,19.99,4.99,14.999999999999998,300.60120240480956,110,117,8.0,18.340684931506846,16.0,1
2016-06-03,19.99,4.99,14.999999999999998,300.60120240480956,111,118,8.0,18.340684931506846,16.0,1
2016-06-04,19.99,4.99,14.999999999999998,300.60120240480956,112,119,8.0,18.340684931506846,16.0,1
2016-06-05,19.99,4.99,14.999999999999998,300.60120240480956,113,120,8.0,18.340684931506846,16.0,1
2016-06-06,19.99,4.99,14.999999999999998,300.60120240480956,114,121,8.0,18.340684931506846,16.0,1
2016-06-07,19.99,4.99,14.999999999999998,300.60120240480956,115,122,8.0,18.340684931506846,16.0,1
2016-06-08,19.99,4.99,14.999999999999998,300.60120240480956,116,123,8.0,18.340684931506846,16.0,1
2016-06-09,19.99,4.99,14.999999999999998,300.60120240480956,117,124,8.0,18.340684931506846,16.0,1
2016-06-10,19.99,4.99,14.999999999999998,300.60120240480956,118,125,8.0,18.34068493150685,16.0,1
2016-06-11,19.99,4.99,14.999999999999998,300.60120240480956,119,126,8.0,18.340684931506846,16.0,1
2016-06-12,19.99,4.99,14.999999999999998,300.60120240480956,120,127,7.0,18.36808219178082,15.0,1
2016-06-13,19.99,4.99,14.999999999999998,300.60120240480956,121,128,7.0,18.395479452054794,15.0,1
2016-06-14,19.99,4.99,14.999999999999998,300.60120240480956,122,129,7.0,18.422876712328765,15.0,1
2016-06-15,19.99,4.99,14.999999999999998,300.60120240480956,123,130,7.0,18.450273972602737,15.0,1
2016-06-16,19.99,4.99,14.999999999999998,300.60120240480956,124,131,7.0,18.477671232876713,15.0,1
2016-06-17,19.99,4.99,14.999999999999998,300.60120240480956,125,132,7.0,18.505068493150684,15.0,1
2016-06-18,19.99,4.99,14.999999999999998,300.60120240480956,126,133,6.0,18.546164383561642,14.0,1
2016-06-19,19.99,4.99,14.999999999999998,300.60120240480956,127,134,6.0,18.5872602739726,14.0,1
2016-06-20,19.99,4.99,14.999999999999998,300.60120240480956,128,135,6.0,18.614657534246575,13.0,1
2016-06-21,19.99,4.99,14.999999999999998,300.60120240480956,129,136,5.0,18.655753424657533,12.0,1
2016-06-22,19.99,4.99,14.999999999999998,300.60120240480956,130,137,5.0,18.69684931506849,12.0,1
2016-06-23,19.99,4.99,14.999999999999998,300.60120240480956,131,138,5.0,18.69684931506849,11.0,1
2016-06-24,9.99,4.99,5.0,100.2004008016032,0,0,5.0,18.69684931506849,11.0,0
2016-06-25,9.99,4.99,5.0,100.2004008016032,1,1,6.0,18.66945205479452,12.0,0
2016-06-26,9.99,4.99,5.0,100.2004008016032,2,2,6.0,18.642054794520547,12.0,0
2016-06-27,9.99,4.99,5.0,100.2004008016032,3,3,6.0,18.614657534246575,12.0,0
2016-06-28,9.99,4.99,5.0,100.2004008016032,4,4,6.0,18.5872602739726,12.0,0
2016-06-29,9.99,4.99,5.0,100.2004008016032,5,5,6.0,18.559863013698628,12.0,0
2016-06-30,9.99,4.99,5.0,100.2004008016032,6,6,6.0,18.532465753424656,12.0,0
2016-07-01,9.99,4.99,5.0,100.2004008016032,7,7,6.0,18.505068493150684,12.0,0
2016-07-02,9.99,4.99,5.0,100.2004008016032,8,8,6.0,18.477671232876713,12.0,0
2016-07-03,9.99,4.99,5.0,100.2004008016032,9,9,6.0,18.450273972602737,12.0,0
2016-07-04,9.99,4.99,5.0,100.2004008016032,10,10,6.0,18.422876712328765,12.0,0
2016-07-05,19.99,4.99,14.999999999999998,300.60120240480956,0,11,6.0,18.395479452054797,12.0,1
2016-07-06,19.99,4.99,14.999999999999998,300.60120240480956,1,12,6.0,18.395479452054794,13.0,1
2016-07-07,19.99,4.99,14.999999999999998,300.60120240480956,2,13,6.0,18.395479452054794,13.0,1
2016-07-08,19.99,4.99,14.999999999999998,300.60120240480956,3,14,6.0,18.395479452054794,13.0,1
2016-07-09,19.99,4.99,14.999999999999998,300.60120240480956,4,15,6.0,18.395479452054794,13.0,1
2016-07-10,19.99,4.99,14.999999999999998,300.60120240480956,5,16,6.0,18.395479452054794,13.0,1
2016-07-11,19.99,4.99,14.999999999999998,300.60120240480956,6,17,6.0,18.395479452054794,13.0,1
2016-07-12,19.99,4.99,14.999999999999998,300.60120240480956,7,18,6.0,18.395479452054794,13.0,1
2016-07-13,19.99,4.99,14.999999999999998,300.60120240480956,8,19,6.0,18.395479452054794,13.0,1
2016-07-14,19.99,4.99,14.999999999999998,300.60120240480956,9,20,6.0,18.395479452054794,13.0,1
2016-07-15,19.99,4.99,14.999999999999998,300.60120240480956,10,21,6.0,18.395479452054794,13.0,1
2016-07-16,19.99,4.99,14.999999999999998,300.60120240480956,11,22,6.0,18.395479452054794,13.0,1
2016-07-17,19.99,4.99,14.999999999999998,300.60120240480956,12,23,6.0,18.395479452054794,13.0,1
2016-07-18,19.99,4.99,14.999999999999998,300.60120240480956,13,24,6.0,18.395479452054794,13.0,1
2016-07-19,19.99,4.99,14.999999999999998,300.60120240480956,14,25,6.0,18.395479452054794,13.0,1
2016-07-20,19.99,4.99,14.999999999999998,300.60120240480956,15,26,6.0,18.395479452054794,13.0,1
2016-07-21,19.99,4.99,14.999999999999998,300.60120240480956,16,27,6.0,18.395479452054794,13.0,1
2016-07-22,19.99,4.99,14.999999999999998,300.60120240480956,17,28,6.0,18.395479452054794,13.0,1
2016-07-23,19.99,4.99,14.999999999999998,300.60120240480956,18,29,6.0,18.395479452054794,13.0,1
2016-07-24,19.99,4.99,14.999999999999998,300.60120240480956,19,30,5.0,18.431643835616438,12.0,1
2016-07-25,19.99,4.99,14.999999999999998,300.60120240480956,20,31,5.0,18.467808219178078,12.0,1
2016-07-26,19.99,4.99,14.999999999999998,300.60120240480956,21,32,5.0,18.48972602739726,11.0,1
2016-07-27,19.99,4.99,14.999999999999998,300.60120240480956,22,33,5.0,18.51164383561644,11.0,1
2016-07-28,19.99,4.99,14.999999999999998,300.60120240480956,23,34,5.0,18.511643835616436,10.0,1
2016-07-29,19.99,4.99,14.999999999999998,300.60120240480956,24,35,5.0,18.511643835616436,10.0,1
2016-07-30,19.99,4.99,14.999999999999998,300.60120240480956,25,36,5.0,18.511643835616436,10.0,1
2016-07-31,19.99,4.99,14.999999999999998,300.60120240480956,26,37,5.0,18.51164383561644,10.0,1
2016-08-01,19.99,4.99,14.999999999999998,300.60120240480956,27,38,5.0,18.511643835616436,10.0,1
2016-08-02,19.99,4.99,14.999999999999998,300.60120240480956,28,39,5.0,18.511643835616436,10.0,1
2016-08-03,9.99,4.99,5.0,100.2004008016032,0,0,5.0,18.511643835616436,10.0,0
2016-08-04,9.99,4.99,5.0,100.2004008016032,1,1,6.0,18.484246575342464,11.0,0
2016-08-05,9.99,4.99,5.0,100.2004008016032,2,2,6.0,18.456849315068492,11.0,0
2016-08-06,9.99,4.99,5.0,100.2004008016032,3,3,6.0,18.429452054794517,11.0,0
2016-08-07,9.99,4.99,5.0,100.2004008016032,4,4,6.0,18.402054794520545,11.0,0
2016-08-08,9.99,4.99,5.0,100.2004008016032,5,5,6.0,18.374657534246577,11.0,0
2016-08-09,19.99,4.99,14.999999999999998,300.60120240480956,0,6,6.0,18.3472602739726,11.0,0
2016-08-10,19.99,4.99,14.999999999999998,300.60120240480956,1,7,6.0,18.3472602739726,12.0,0
2016-08-11,19.99,4.99,14.999999999999998,300.60120240480956,2,8,6.0,18.3472602739726,12.0,0
2016-08-12,19.99,4.99,14.999999999999998,300.60120240480956,3,9,6.0,18.3472602739726,12.0,0
2016-08-13,19.99,4.99,14.999999999999998,300.60120240480956,4,10,6.0,18.3472602739726,12.0,0
2016-08-14,19.99,4.99,14.999999999999998,300.60120240480956,5,11,6.0,18.3472602739726,12.0,0
2016-08-15,19.99,4.99,14.999999999999998,300.60120240480956,6,12,6.0,18.3472602739726,12.0,0
2016-08-16,19.99,4.99,14.999999999999998,300.60120240480956,7,13,6.0,18.3472602739726,12.0,0
2016-08-17,19.99,4.99,14.999999999999998,300.60120240480956,8,14,6.0,18.3472602739726,12.0,0
2016-08-18,19.99,4.99,14.999999999999998,300.60120240480956,9,15,6.0,18.3472602739726,12.0,0
2016-08-19,19.99,4.99,14.999999999999998,300.60120240480956,10,16,6.0,18.3472602739726,12.0,0
2016-08-20,19.99,4.99,14.999999999999998,300.60120240480956,11,17,6.0,18.3472602739726,12.0,0
2016-08-21,19.99,4.99,14.999999999999998,300.60120240480956,12,18,6.0,18.3472602739726,12.0,0
2016-08-22,19.99,4.99,14.999999999999998,300.60120240480956,13,19,6.0,18.3472602739726,12.0,0
2016-08-23,19.99,4.99,14.999999999999998,300.60120240480956,14,20,6.0,18.3472602739726,12.0,0
2016-08-24,19.99,4.99,14.999999999999998,300.60120240480956,15,21,6.0,18.3472602739726,12.0,0
2016-08-25,19.99,4.99,14.999999999999998,300.60120240480956,16,22,6.0,18.3472602739726,12.0,0
2016-08-26,19.99,4.99,14.999999999999998,300.60120240480956,17,23,6.0,18.3472602739726,12.0,0
2016-08-27,19.99,4.99,14.999999999999998,300.60120240480956,18,24,6.0,18.3472602739726,12.0,0
2016-08-28,19.99,4.99,14.999999999999998,300.60120240480956,19,25,6.0,18.3472602739726,12.0,0
2016-08-29,19.99,4.99,14.999999999999998,300.60120240480956,20,26,6.0,18.3472602739726,12.0,0
2016-08-30,19.99,4.99,14.999999999999998,300.60120240480956,21,27,6.0,18.3472602739726,12.0,0
2016-08-31,19.99,4.99,14.999999999999998,300.60120240480956,22,28,6.0,18.3472602739726,12.0,0
2016-09-01,19.99,4.99,14.999999999999998,300.60120240480956,23,29,6.0,18.3472602739726,12.0,0
2016-09-02,19.99,4.99,14.999999999999998,300.60120240480956,24,30,6.0,18.3472602739726,12.0,0
2016-09-03,19.99,4.99,14.999999999999998,300.60120240480956,25,31,6.0,18.3472602739726,12.0,0
2016-09-04,19.99,4.99,14.999999999999998,300.60120240480956,26,32,6.0,18.3472602739726,12.0,0
2016-09-05,19.99,4.99,14.999999999999998,300.60120240480956,27,33,6.0,18.3472602739726,12.0,0
2016-09-06,19.99,4.99,14.999999999999998,300.60120240480956,28,34,6.0,18.3472602739726,12.0,0
2016-09-07,19.99,4.99,14.999999999999998,300.60120240480956,29,35,6.0,18.3472602739726,12.0,0
2016-09-08,19.99,4.99,14.999999999999998,300.60120240480956,30,36,6.0,18.3472602739726,12.0,0
2016-09-09,19.99,4.99,14.999999999999998,300.60120240480956,31,37,6.0,18.3472602739726,12.0,0
2016-09-10,19.99,4.99,14.999999999999998,300.60120240480956,32,38,6.0,18.3472602739726,12.0,0
2016-09-11,19.99,4.99,14.999999999999998,300.60120240480956,33,39,6.0,18.3472602739726,12.0,0
2016-09-12,19.99,4.99,14.999999999999998,300.60120240480956,34,40,6.0,18.3472602739726,12.0,0
2016-09-13,19.99,4.99,14.999999999999998,300.60120240480956,35,41,6.0,18.3472602739726,12.0,0
2016-09-14,19.99,4.99,14.999999999999998,300.60120240480956,36,42,6.0,18.3472602739726,12.0,0
2016-09-15,19.99,4.99,14.999999999999998,300.60120240480956,37,43,6.0,18.3472602739726,12.0,0
2016-09-16,19.99,4.99,14.999999999999998,300.60120240480956,38,44,6.0,18.3472602739726,12.0,0
2016-09-17,19.99,4.99,14.999999999999998,300.60120240480956,39,45,6.0,18.3472602739726,12.0,0
2016-09-18,19.99,4.99,14.999999999999998,300.60120240480956,40,46,6.0,18.3472602739726,12.0,0
2016-09-19,19.99,4.99,14.999999999999998,300.60120240480956,41,47,6.0,18.3472602739726,12.0,0
2016-09-20,19.99,4.99,14.999999999999998,300.60120240480956,42,48,6.0,18.3472602739726,12.0,0
2016-09-21,19.99,4.99,14.999999999999998,300.60120240480956,43,49,6.0,18.3472602739726,12.0,0
2016-09-22,19.99,4.99,14.999999999999998,300.60120240480956,44,50,6.0,18.3472602739726,12.0,0
2016-09-23,19.99,4.99,14.999999999999998,300.60120240480956,45,51,6.0,18.3472602739726,12.0,0
2016-09-24,19.99,4.99,14.999999999999998,300.60120240480956,46,52,6.0,18.3472602739726,12.0,0
2016-09-25,19.99,4.99,14.999999999999998,300.60120240480956,47,53,6.0,18.3472602739726,12.0,0
2016-09-26,19.99,4.99,14.999999999999998,300.60120240480956,48,54,6.0,18.3472602739726,12.0,0
2016-09-27,19.99,4.99,14.999999999999998,300.60120240480956,49,55,6.0,18.3472602739726,12.0,0
2016-09-28,19.99,4.99,14.999999999999998,300.60120240480956,50,56,6.0,18.3472602739726,12.0,0
2016-09-29,19.99,4.99,14.999999999999998,300.60120240480956,51,57,6.0,18.3472602739726,12.0,0
2016-09-30,19.99,4.99,14.999999999999998,300.60120240480956,52,58,6.0,18.3472602739726,12.0,0
2016-10-01,19.99,4.99,14.999999999999998,300.60120240480956,53,59,6.0,18.3472602739726,12.0,0
2016-10-02,19.99,4.99,14.999999999999998,300.60120240480956,54,60,6.0,18.3472602739726,12.0,0
2016-10-03,19.99,4.99,14.999999999999998,300.60120240480956,55,61,6.0,18.3472602739726,12.0,0
2016-10-04,19.99,4.99,14.999999999999998,300.60120240480956,56,62,6.0,18.3472602739726,12.0,0
2016-10-05,19.99,4.99,14.999999999999998,300.60120240480956,57,63,6.0,18.3472602739726,12.0,0
2016-10-06,19.99,4.99,14.999999999999998,300.60120240480956,58,64,6.0,18.3472602739726,12.0,0
2016-10-07,19.99,4.99,14.999999999999998,300.60120240480956,59,65,6.0,18.3472602739726,12.0,0
2016-10-08,19.99,4.99,14.999999999999998,300.60120240480956,60,66,6.0,18.3472602739726,12.0,0
2016-10-09,19.99,4.99,14.999999999999998,300.60120240480956,61,67,6.0,18.3472602739726,12.0,0
2016-10-10,19.99,4.99,14.999999999999998,300.60120240480956,62,68,6.0,18.3472602739726,12.0,0
2016-10-11,19.99,4.99,14.999999999999998,300.60120240480956,63,69,6.0,18.3472602739726,12.0,0
2016-10-12,19.99,4.99,14.999999999999998,300.60120240480956,64,70,6.0,18.3472602739726,12.0,0
2016-10-13,19.99,4.99,14.999999999999998,300.60120240480956,65,71,6.0,18.3472602739726,12.0,0
2016-10-14,19.99,4.99,14.999999999999998,300.60120240480956,66,72,5.0,18.383424657534245,11.0,0
2016-10-15,19.99,4.99,14.999999999999998,300.60120240480956,67,73,5.0,18.41958904109589,11.0,0
2016-10-16,19.99,4.99,14.999999999999998,300.60120240480956,68,74,5.0,18.455753424657534,11.0,0
2016-10-17,19.99,4.99,14.999999999999998,300.60120240480956,69,75,5.0,18.455753424657534,10.0,0
2016-10-18,19.99,4.99,14.999999999999998,300.60120240480956,70,76,5.0,18.455753424657534,10.0,0
2016-10-19,19.99,4.99,14.999999999999998,300.60120240480956,71,77,5.0,18.455753424657534,10.0,0
2016-10-20,19.99,4.99,14.999999999999998,300.60120240480956,72,78,5.0,18.455753424657534,10.0,0
2016-10-21,19.99,4.99,14.999999999999998,300.60120240480956,73,79,5.0,18.455753424657534,10.0,0
2016-10-22,19.99,4.99,14.999999999999998,300.60120240480956,74,80,5.0,18.455753424657534,10.0,0
2016-10-23,19.99,4.99,14.999999999999998,300.60120240480956,75,81,5.0,18.455753424657534,10.0,0
2016-10-24,19.99,4.99,14.999999999999998,300.60120240480956,76,82,5.0,18.455753424657534,10.0,0
2016-10-25,19.99,4.99,14.999999999999998,300.60120240480956,77,83,5.0,18.455753424657534,10.0,1
2016-10-26,19.99,4.99,14.999999999999998,300.60120240480956,78,84,5.0,18.455753424657534,10.0,1
2016-10-27,19.99,4.99,14.999999999999998,300.60120240480956,79,85,5.0,18.455753424657534,10.0,1
2016-10-28,19.99,4.99,14.999999999999998,300.60120240480956,80,86,5.0,18.455753424657534,10.0,1
2016-10-29,19.99,4.99,14.999999999999998,300.60120240480956,81,87,5.0,18.455753424657534,10.0,1
2016-10-30,19.99,4.99,14.999999999999998,300.60120240480956,82,88,5.0,18.455753424657534,10.0,1
2016-10-31,19.99,4.99,14.999999999999998,300.60120240480956,83,89,5.0,18.455753424657534,10.0,1
2016-11-01,19.99,4.99,14.999999999999998,300.60120240480956,84,90,5.0,18.455753424657534,10.0,1
2016-11-02,19.99,4.99,14.999999999999998,300.60120240480956,85,91,5.0,18.455753424657534,10.0,1
2016-11-03,19.99,4.99,14.999999999999998,300.60120240480956,86,92,5.0,18.455753424657534,10.0,1
2016-11-04,19.99,4.99,14.999999999999998,300.60120240480956,87,93,5.0,18.455753424657534,10.0,1
2016-11-05,19.99,4.99,14.999999999999998,300.60120240480956,88,94,5.0,18.455753424657534,10.0,1
2016-11-06,19.99,4.99,14.999999999999998,300.60120240480956,89,95,5.0,18.455753424657534,10.0,1
2016-11-07,19.99,4.99,14.999999999999998,300.60120240480956,90,96,5.0,18.455753424657534,10.0,1
2016-11-08,19.99,4.99,14.999999999999998,300.60120240480956,91,97,5.0,18.455753424657534,10.0,1
2016-11-09,19.99,4.99,14.999999999999998,300.60120240480956,92,98,5.0,18.455753424657534,10.0,1
2016-11-10,19.99,4.99,14.999999999999998,300.60120240480956,93,99,5.0,18.455753424657534,10.0,1
2016-11-11,19.99,4.99,14.999999999999998,300.60120240480956,94,100,5.0,18.455753424657534,10.0,1
2016-11-12,19.99,4.99,14.999999999999998,300.60120240480956,95,101,5.0,18.455753424657534,10.0,1
2016-11-13,19.99,4.99,14.999999999999998,300.60120240480956,96,102,5.0,18.455753424657534,10.0,1
2016-11-14,19.99,4.99,14.999999999999998,300.60120240480956,97,103,5.0,18.455753424657534,10.0,1
2016-11-15,19.99,4.99,14.999999999999998,300.60120240480956,98,104,5.0,18.455753424657534,10.0,1
2016-11-16,19.99,4.99,14.999999999999998,300.60120240480956,99,105,5.0,18.455753424657534,10.0,1
2016-11-17,19.99,4.99,14.999999999999998,300.60120240480956,100,106,5.0,18.455753424657534,10.0,1
2016-11-18,19.99,4.99,14.999999999999998,300.60120240480956,101,107,5.0,18.455753424657534,10.0,1
2016-11-19,19.99,4.99,14.999999999999998,300.60120240480956,102,108,5.0,18.455753424657534,10.0,1
2016-11-20,19.99,4.99,14.999999999999998,300.60120240480956,103,109,5.0,18.455753424657534,10.0,1
2016-11-21,19.99,4.99,14.999999999999998,300.60120240480956,104,110,5.0,18.455753424657534,10.0,1
2016-11-22,19.99,4.99,14.999999999999998,300.60120240480956,105,111,5.0,18.455753424657534,10.0,1
2016-11-23,19.99,4.99,14.999999999999998,300.60120240480956,106,112,5.0,18.455753424657534,10.0,1
2016-11-24,6.59,4.99,1.5999999999999996,32.06412825651302,0,0,5.0,18.455753424657534,10.0,0
2016-11-25,6.59,4.99,1.5999999999999996,32.06412825651302,1,1,6.0,18.419041095890407,11.0,0
2016-11-26,6.59,4.99,1.5999999999999996,32.06412825651302,2,2,5.0,18.423424657534245,10.0,0
2016-11-27,6.59,4.99,1.5999999999999996,32.06412825651302,3,3,5.0,18.427808219178083,10.0,0
2016-11-28,6.59,4.99,1.5999999999999996,32.06412825651302,4,4,5.0,18.432191780821917,10.0,0
2016-11-29,6.59,4.99,1.5999999999999996,32.06412825651302,5,5,5.0,18.43657534246575,10.0,0
2016-11-30,6.59,4.99,1.5999999999999996,32.06412825651302,6,6,5.0,18.440958904109586,10.0,0
2016-12-01,19.99,4.99,14.999999999999998,300.60120240480956,0,7,5.0,18.445342465753424,10.0,0
2016-12-02,19.99,4.99,14.999999999999998,300.60120240480956,1,8,5.0,18.445342465753424,10.0,0
2016-12-03,19.99,4.99,14.999999999999998,300.60120240480956,2,9,5.0,18.445342465753424,10.0,0
2016-12-04,19.99,4.99,14.999999999999998,300.60120240480956,3,10,5.0,18.445342465753424,10.0,0
2016-12-05,19.99,4.99,14.999999999999998,300.60120240480956,4,11,5.0,18.445342465753424,10.0,0
2016-12-06,19.99,4.99,14.999999999999998,300.60120240480956,5,12,5.0,18.445342465753424,10.0,0
2016-12-07,19.99,4.99,14.999999999999998,300.60120240480956,6,13,5.0,18.445342465753424,10.0,0
2016-12-08,19.99,4.99,14.999999999999998,300.60120240480956,7,14,5.0,18.445342465753424,10.0,0
2016-12-09,19.99,4.99,14.999999999999998,300.60120240480956,8,15,5.0,18.445342465753424,10.0,0
2016-12-10,19.99,4.99,14.999999999999998,300.60120240480956,9,16,5.0,18.445342465753424,10.0,0
2016-12-11,19.99,4.99,14.999999999999998,300.60120240480956,10,17,5.0,18.445342465753424,10.0,0
2016-12-12,19.99,4.99,14.999999999999998,300.60120240480956,11,18,5.0,18.445342465753424,10.0,0
2016-12-13,19.99,4.99,14.999999999999998,300.60120240480956,12,19,5.0,18.445342465753424,10.0,0
2016-12-14,19.99,4.99,14.999999999999998,300.60120240480956,13,20,5.0,18.445342465753424,10.0,0
2016-12-15,19.99,4.99,14.999999999999998,300.60120240480956,14,21,5.0,18.445342465753424,10.0,0
2016-12-16,19.99,4.99,14.999999999999998,300.60120240480956,15,22,5.0,18.445342465753424,10.0,0
2016-12-17,19.99,4.99,14.999999999999998,300.60120240480956,16,23,5.0,18.445342465753424,10.0,0
2016-12-18,19.99,4.99,14.999999999999998,300.60120240480956,17,24,5.0,18.445342465753424,10.0,0
2016-12-19,19.99,4.99,14.999999999999998,300.60120240480956,18,25,5.0,18.445342465753424,10.0,0
2016-12-20,19.99,4.99,14.999999999999998,300.60120240480956,19,26,5.0,18.445342465753424,10.0,0
2016-12-21,19.99,4.99,14.999999999999998,300.60120240480956,20,27,5.0,18.445342465753424,10.0,0
2016-12-22,19.99,4.99,14.999999999999998,300.60120240480956,21,28,5.0,18.445342465753424,10.0,0
2016-12-23,19.99,4.99,14.999999999999998,300.60120240480956,22,29,4.0,18.48643835616438,9.0,0
2016-12-24,19.99,4.99,14.999999999999998,300.60120240480956,23,30,4.0,18.527534246575343,9.0,0
2016-12-25,19.99,4.99,14.999999999999998,300.60120240480956,24,31,4.0,18.5686301369863,9.0,0
2016-12-26,19.99,4.99,14.999999999999998,300.60120240480956,25,32,4.0,18.609726027397258,9.0,0
2016-12-27,19.99,4.99,14.999999999999998,300.60120240480956,26,33,4.0,18.650821917808216,9.0,0
2016-12-28,19.99,4.99,14.999999999999998,300.60120240480956,27,34,4.0,18.691917808219177,9.0,0
2016-12-29,19.99,4.99,14.999999999999998,300.60120240480956,28,35,4.0,18.733013698630135,9.0,0
2016-12-30,19.99,4.99,14.999999999999998,300.60120240480956,29,36,4.0,18.774109589041093,9.0,0
2016-12-31,19.99,4.99,14.999999999999998,300.60120240480956,30,37,4.0,18.815205479452054,9.0,0
2017-01-01,19.99,4.99,14.999999999999998,300.60120240480956,31,38,4.0,18.856301369863015,9.0,0
2017-01-02,19.99,4.99,14.999999999999998,300.60120240480956,32,39,4.0,18.89739726027397,9.0,0
2017-01-03,19.99,4.99,14.999999999999998,300.60120240480956,33,40,4.0,18.93849315068493,9.0,0
2017-01-04,19.99,4.99,14.999999999999998,300.60120240480956,34,41,4.0,18.97958904109589,9.0,0
2017-01-05,19.99,4.99,14.999999999999998,300.60120240480956,35,42,4.0,18.979589041095892,8.0,0
2017-01-06,19.99,4.99,14.999999999999998,300.60120240480956,36,43,4.0,18.97958904109589,8.0,0
2017-01-07,19.99,4.99,14.999999999999998,300.60120240480956,37,44,4.0,18.97958904109589,8.0,0
2017-01-08,19.99,4.99,14.999999999999998,300.60120240480956,38,45,4.0,18.97958904109589,8.0,0
2017-01-09,19.99,4.99,14.999999999999998,300.60120240480956,39,46,4.0,18.979589041095892,8.0,0
2017-01-10,19.99,4.99,14.999999999999998,300.60120240480956,40,47,4.0,18.97958904109589,8.0,0
2017-01-11,19.99,4.99,14.999999999999998,300.60120240480956,41,48,4.0,18.97958904109589,8.0,0
2017-01-12,19.99,4.99,14.999999999999998,300.60120240480956,42,49,4.0,18.97958904109589,8.0,0
2017-01-13,19.99,4.99,14.999999999999998,300.60120240480956,43,50,4.0,18.97958904109589,8.0,0
2017-01-14,19.99,4.99,14.999999999999998,300.60120240480956,44,51,4.0,18.97958904109589,8.0,0
2017-01-15,19.99,4.99,14.999999999999998,300.60120240480956,45,52,4.0,18.97958904109589,8.0,0
2017-01-16,19.99,4.99,14.999999999999998,300.60120240480956,46,53,4.0,18.97958904109589,8.0,0
2017-01-17,19.99,4.99,14.999999999999998,300.60120240480956,47,54,4.0,18.97958904109589,8.0,0
2017-01-18,19.99,4.99,14.999999999999998,300.60120240480956,48,55,4.0,18.979589041095892,8.0,0
2017-01-19,19.99,4.99,14.999999999999998,300.60120240480956,49,56,4.0,18.97958904109589,8.0,0
2017-01-20,19.99,4.99,14.999999999999998,300.60120240480956,50,57,4.0,18.97958904109589,8.0,0
2017-01-21,19.99,4.99,14.999999999999998,300.60120240480956,51,58,4.0,18.97958904109589,8.0,0
2017-01-22,19.99,4.99,14.999999999999998,300.60120240480956,52,59,4.0,18.979589041095892,8.0,0
2017-01-23,19.99,4.99,14.999999999999998,300.60120240480956,53,60,4.0,18.97958904109589,8.0,0
2017-01-24,19.99,4.99,14.999999999999998,300.60120240480956,54,61,4.0,18.97958904109589,8.0,0
2017-01-25,19.99,4.99,14.999999999999998,300.60120240480956,55,62,4.0,18.97958904109589,8.0,0
2017-01-26,19.99,4.99,14.999999999999998,300.60120240480956,56,63,4.0,18.979589041095892,8.0,0
2017-01-27,19.99,4.99,14.999999999999998,300.60120240480956,57,64,4.0,18.97958904109589,8.0,0
2017-01-28,19.99,4.99,14.999999999999998,300.60120240480956,58,65,4.0,18.97958904109589,8.0,0
2017-01-29,19.99,4.99,14.999999999999998,300.60120240480956,59,66,4.0,18.97958904109589,8.0,0
2017-01-30,19.99,4.99,14.999999999999998,300.60120240480956,60,67,4.0,18.979589041095892,8.0,0
2017-01-31,19.99,4.99,14.999999999999998,300.60120240480956,61,68,4.0,18.97958904109589,8.0,0
2017-02-01,19.99,4.99,14.999999999999998,300.60120240480956,62,69,4.0,18.97958904109589,8.0,0
2017-02-02,19.99,4.99,14.999999999999998,300.60120240480956,63,70,4.0,18.97958904109589,8.0,0
2017-02-03,19.99,4.99,14.999999999999998,300.60120240480956,64,71,4.0,18.97958904109589,8.0,0
2017-02-04,19.99,4.99,14.999999999999998,300.60120240480956,65,72,4.0,18.97958904109589,8.0,0
2017-02-05,19.99,4.99,14.999999999999998,300.60120240480956,66,73,4.0,18.97958904109589,8.0,0
2017-02-06,19.99,4.99,14.999999999999998,300.60120240480956,67,74,3.0,19.020684931506846,7.0,0
2017-02-07,19.99,4.99,14.999999999999998,300.60120240480956,68,75,3.0,19.061780821917807,7.0,0
2017-02-08,19.99,4.99,14.999999999999998,300.60120240480956,69,76,3.0,19.10287671232877,7.0,0
2017-02-09,19.99,4.99,14.999999999999998,300.60120240480956,70,77,3.0,19.143972602739723,7.0,0
2017-02-10,19.99,4.99,14.999999999999998,300.60120240480956,71,78,3.0,19.185068493150684,7.0,0
2017-02-11,19.99,4.99,14.999999999999998,300.60120240480956,72,79,3.0,19.226164383561642,7.0,0
2017-02-12,19.99,4.99,14.999999999999998,300.60120240480956,73,80,3.0,19.267260273972603,7.0,0
2017-02-13,19.99,4.99,14.999999999999998,300.60120240480956,74,81,3.0,19.2672602739726,6.0,0
2017-02-14,19.99,4.99,14.999999999999998,300.60120240480956,75,82,3.0,19.2672602739726,6.0,0
2017-02-15,19.99,4.99,14.999999999999998,300.60120240480956,76,83,3.0,19.2672602739726,6.0,0
2017-02-16,19.99,4.99,14.999999999999998,300.60120240480956,77,84,3.0,19.267260273972603,6.0,0
2017-02-17,19.99,4.99,14.999999999999998,300.60120240480956,78,85,3.0,19.2672602739726,6.0,0
2017-02-18,19.99,4.99,14.999999999999998,300.60120240480956,79,86,3.0,19.2672602739726,6.0,0
2017-02-19,19.99,4.99,14.999999999999998,300.60120240480956,80,87,3.0,19.2672602739726,6.0,0
2017-02-20,19.99,4.99,14.999999999999998,300.60120240480956,81,88,3.0,19.267260273972603,6.0,0
2017-02-21,19.99,4.99,14.999999999999998,300.60120240480956,82,89,3.0,19.2672602739726,6.0,0
2017-02-22,19.99,4.99,14.999999999999998,300.60120240480956,83,90,3.0,19.2672602739726,6.0,0
2017-02-23,19.99,4.99,14.999999999999998,300.60120240480956,84,91,3.0,19.2672602739726,6.0,0
2017-02-24,19.99,4.99,14.999999999999998,300.60120240480956,85,92,3.0,19.2672602739726,6.0,0
2017-02-25,19.99,4.99,14.999999999999998,300.60120240480956,86,93,3.0,19.2672602739726,6.0,0
2017-02-26,19.99,4.99,14.999999999999998,300.60120240480956,87,94,3.0,19.2672602739726,6.0,0
2017-02-27,19.99,4.99,14.999999999999998,300.60120240480956,88,95,3.0,19.2672602739726,6.0,0
2017-02-28,19.99,4.99,14.999999999999998,300.60120240480956,89,96,3.0,19.2672602739726,6.0,0
2017-03-01,19.99,4.99,14.999999999999998,300.60120240480956,90,97,3.0,19.267260273972603,6.0,0
2017-03-02,19.99,4.99,14.999999999999998,300.60120240480956,91,98,3.0,19.2672602739726,6.0,0
2017-03-03,19.99,4.99,14.999999999999998,300.60120240480956,92,99,3.0,19.2672602739726,6.0,0
2017-03-04,19.99,4.99,14.999999999999998,300.60120240480956,93,100,3.0,19.2672602739726,6.0,0
2017-03-05,19.99,4.99,14.999999999999998,300.60120240480956,94,101,3.0,19.267260273972603,6.0,0
2017-03-06,19.99,4.99,14.999999999999998,300.60120240480956,95,102,3.0,19.2672602739726,6.0,0
2017-03-07,19.99,4.99,14.999999999999998,300.60120240480956,96,103,3.0,19.2672602739726,6.0,0
2017-03-08,19.99,4.99,14.999999999999998,300.60120240480956,97,104,3.0,19.2672602739726,6.0,0
2017-03-09,19.99,4.99,14.999999999999998,300.60120240480956,98,105,3.0,19.267260273972603,6.0,0
2017-03-10,19.99,4.99,14.999999999999998,300.60120240480956,99,106,3.0,19.2672602739726,6.0,0
2017-03-11,19.99,4.99,14.999999999999998,300.60120240480956,100,107,3.0,19.2672602739726,6.0,0
2017-03-12,19.99,4.99,14.999999999999998,300.60120240480956,101,108,3.0,19.2672602739726,6.0,0
2017-03-13,19.99,4.99,14.999999999999998,300.60120240480956,102,109,3.0,19.267260273972603,6.0,0
2017-03-14,19.99,4.99,14.999999999999998,300.60120240480956,103,110,3.0,19.2672602739726,6.0,0
2017-03-15,19.99,4.99,14.999999999999998,300.60120240480956,104,111,3.0,19.2672602739726,6.0,0
2017-03-16,19.99,4.99,14.999999999999998,300.60120240480956,105,112,3.0,19.2672602739726,6.0,0
2017-03-17,19.99,4.99,14.999999999999998,300.60120240480956,106,113,3.0,19.267260273972603,6.0,0
2017-03-18,19.99,4.99,14.999999999999998,300.60120240480956,107,114,3.0,19.2672602739726,6.0,0
2017-03-19,19.99,4.99,14.999999999999998,300.60120240480956,108,115,3.0,19.2672602739726,6.0,0
2017-03-20,19.99,4.99,14.999999999999998,300.60120240480956,109,116,3.0,19.2672602739726,6.0,0
2017-03-21,19.99,4.99,14.999999999999998,300.60120240480956,110,117,3.0,19.2672602739726,6.0,0
2017-03-22,19.99,4.99,14.999999999999998,300.60120240480956,111,118,3.0,19.267260273972603,6.0,0
2017-03-23,19.99,4.99,14.999999999999998,300.60120240480956,112,119,3.0,19.2672602739726,6.0,0
2017-03-24,19.99,4.99,14.999999999999998,300.60120240480956,113,120,3.0,19.2672602739726,6.0,0
2017-03-25,19.99,4.99,14.999999999999998,300.60120240480956,114,121,3.0,19.2672602739726,6.0,0
2017-03-26,19.99,4.99,14.999999999999998,300.60120240480956,115,122,3.0,19.267260273972603,6.0,0
2017-03-27,19.99,4.99,14.999999999999998,300.60120240480956,116,123,3.0,19.2672602739726,6.0,0
2017-03-28,19.99,4.99,14.999999999999998,300.60120240480956,117,124,3.0,19.2672602739726,6.0,0
2017-03-29,19.99,4.99,14.999999999999998,300.60120240480956,118,125,3.0,19.2672602739726,6.0,0
2017-03-30,19.99,4.99,14.999999999999998,300.60120240480956,119,126,3.0,19.267260273972603,6.0,0
2017-03-31,19.99,4.99,14.999999999999998,300.60120240480956,120,127,3.0,19.2672602739726,6.0,0
2017-04-01,19.99,4.99,14.999999999999998,300.60120240480956,121,128,3.0,19.2672602739726,6.0,0
2017-04-02,19.99,4.99,14.999999999999998,300.60120240480956,122,129,3.0,19.2672602739726,6.0,0
2017-04-03,19.99,4.99,14.999999999999998,300.60120240480956,123,130,3.0,19.267260273972603,6.0,0
2017-04-04,19.99,4.99,14.999999999999998,300.60120240480956,124,131,3.0,19.2672602739726,6.0,0
2017-04-05,19.99,4.99,14.999999999999998,300.60120240480956,125,132,3.0,19.2672602739726,6.0,0
2017-04-06,19.99,4.99,14.999999999999998,300.60120240480956,126,133,3.0,19.2672602739726,6.0,0
2017-04-07,19.99,4.99,14.999999999999998,300.60120240480956,127,134,3.0,19.267260273972603,6.0,0
2017-04-08,19.99,4.99,14.999999999999998,300.60120240480956,128,135,3.0,19.2672602739726,6.0,0
2017-04-09,19.99,4.99,14.999999999999998,300.60120240480956,129,136,3.0,19.2672602739726,6.0,0
2017-04-10,19.99,4.99,14.999999999999998,300.60120240480956,130,137,3.0,19.2672602739726,6.0,0
2017-04-11,19.99,4.99,14.999999999999998,300.60120240480956,131,138,3.0,19.2672602739726,6.0,0
2017-04-12,19.99,4.99,14.999999999999998,300.60120240480956,132,139,3.0,19.267260273972603,6.0,0
2017-04-13,19.99,4.99,14.999999999999998,300.60120240480956,133,140,3.0,19.2672602739726,6.0,0
2017-04-14,19.99,4.99,14.999999999999998,300.60120240480956,134,141,3.0,19.2672602739726,6.0,0
2017-04-15,19.99,4.99,14.999999999999998,300.60120240480956,135,142,3.0,19.2672602739726,6.0,0
2017-04-16,19.99,4.99,14.999999999999998,300.60120240480956,136,143,3.0,19.267260273972603,6.0,0
2017-04-17,19.99,4.99,14.999999999999998,300.60120240480956,137,144,3.0,19.2672602739726,6.0,0
2017-04-18,19.99,4.99,14.999999999999998,300.60120240480956,138,145,3.0,19.2672602739726,6.0,0
2017-04-19,19.99,4.99,14.999999999999998,300.60120240480956,139,146,3.0,19.2672602739726,6.0,0
2017-04-20,19.99,4.99,14.999999999999998,300.60120240480956,140,147,3.0,19.267260273972603,6.0,0
2017-04-21,19.99,4.99,14.999999999999998,300.60120240480956,141,148,3.0,19.2672602739726,6.0,0
2017-04-22,19.99,4.99,14.999999999999998,300.60120240480956,142,149,3.0,19.2672602739726,6.0,0
2017-04-23,19.99,4.99,14.999999999999998,300.60120240480956,143,150,3.0,19.2672602739726,6.0,0
2017-04-24,19.99,4.99,14.999999999999998,300.60120240480956,144,151,3.0,19.267260273972603,6.0,0
2017-04-25,19.99,4.99,14.999999999999998,300.60120240480956,145,152,3.0,19.2672602739726,6.0,0
2017-04-26,19.99,4.99,14.999999999999998,300.60120240480956,146,153,3.0,19.2672602739726,6.0,0
2017-04-27,19.99,4.99,14.999999999999998,300.60120240480956,147,154,3.0,19.2672602739726,6.0,0
2017-04-28,19.99,4.99,14.999999999999998,300.60120240480956,148,155,3.0,19.267260273972603,6.0,0
2017-04-29,19.99,4.99,14.999999999999998,300.60120240480956,149,156,3.0,19.2672602739726,6.0,0
2017-04-30,19.99,4.99,14.999999999999998,300.60120240480956,150,157,3.0,19.2672602739726,6.0,0
2017-05-01,19.99,4.99,14.999999999999998,300.60120240480956,151,158,3.0,19.2672602739726,6.0,0
2017-05-02,19.99,4.99,14.999999999999998,300.60120240480956,152,159,3.0,19.2672602739726,6.0,0
2017-05-03,19.99,4.99,14.999999999999998,300.60120240480956,153,160,3.0,19.267260273972603,6.0,0
2017-05-04,19.99,4.99,14.999999999999998,300.60120240480956,154,161,3.0,19.2672602739726,6.0,0
2017-05-05,19.99,4.99,14.999999999999998,300.60120240480956,155,162,3.0,19.2672602739726,6.0,0
2017-05-06,19.99,4.99,14.999999999999998,300.60120240480956,156,163,3.0,19.2672602739726,6.0,0
2017-05-07,19.99,4.99,14.999999999999998,300.60120240480956,157,164,3.0,19.267260273972603,6.0,0
2017-05-08,19.99,4.99,14.999999999999998,300.60120240480956,158,165,3.0,19.2672602739726,6.0,0
2017-05-09,19.99,4.99,14.999999999999998,300.60120240480956,159,166,3.0,19.2672602739726,6.0,0
2017-05-10,19.99,4.99,14.999999999999998,300.60120240480956,160,167,3.0,19.2672602739726,6.0,0
2017-05-11,19.99,4.99,14.999999999999998,300.60120240480956,161,168,3.0,19.267260273972603,6.0,0
2017-05-12,19.99,4.99,14.999999999999998,300.60120240480956,162,169,3.0,19.2672602739726,6.0,0
2017-05-13,19.99,4.99,14.999999999999998,300.60120240480956,163,170,3.0,19.2672602739726,6.0,0
2017-05-14,19.99,4.99,14.999999999999998,300.60120240480956,164,171,3.0,19.2672602739726,6.0,0
2017-05-15,19.99,4.99,14.999999999999998,300.60120240480956,165,172,3.0,19.267260273972603,6.0,0
2017-05-16,19.99,4.99,14.999999999999998,300.60120240480956,166,173,3.0,19.2672602739726,6.0,0
2017-05-17,19.99,4.99,14.999999999999998,300.60120240480956,167,174,3.0,19.2672602739726,6.0,0
2017-05-18,19.99,4.99,14.999999999999998,300.60120240480956,168,175,3.0,19.2672602739726,6.0,0
2017-05-19,19.99,4.99,14.999999999999998,300.60120240480956,169,176,3.0,19.267260273972603,6.0,0
2017-05-20,19.99,4.99,14.999999999999998,300.60120240480956,170,177,3.0,19.2672602739726,6.0,0
2017-05-21,19.99,4.99,14.999999999999998,300.60120240480956,171,178,3.0,19.2672602739726,6.0,0
2017-05-22,19.99,4.99,14.999999999999998,300.60120240480956,172,179,3.0,19.2672602739726,6.0,0
2017-05-23,19.99,4.99,14.999999999999998,300.60120240480956,173,180,3.0,19.2672602739726,6.0,0
2017-05-24,19.99,4.99,14.999999999999998,300.60120240480956,174,181,3.0,19.267260273972603,6.0,0
2017-05-25,19.99,4.99,14.999999999999998,300.60120240480956,175,182,3.0,19.2672602739726,6.0,0
2017-05-26,19.99,4.99,14.999999999999998,300.60120240480956,176,183,3.0,19.2672602739726,6.0,0
2017-05-27,19.99,4.99,14.999999999999998,300.60120240480956,177,184,3.0,19.2672602739726,6.0,0
2017-05-28,19.99,4.99,14.999999999999998,300.60120240480956,178,185,3.0,19.267260273972603,6.0,0
2017-05-29,19.99,4.99,14.999999999999998,300.60120240480956,179,186,3.0,19.2672602739726,6.0,0
2017-05-30,19.99,4.99,14.999999999999998,300.60120240480956,180,187,3.0,19.2672602739726,6.0,0
2017-05-31,19.99,4.99,14.999999999999998,300.60120240480956,181,188,3.0,19.2672602739726,6.0,0
2017-06-01,19.99,4.99,14.999999999999998,300.60120240480956,182,189,3.0,19.267260273972603,6.0,0
2017-06-02,19.99,4.99,14.999999999999998,300.60120240480956,183,190,3.0,19.2672602739726,6.0,0
2017-06-03,19.99,4.99,14.999999999999998,300.60120240480956,184,191,3.0,19.2672602739726,6.0,0
2017-06-04,19.99,4.99,14.999999999999998,300.60120240480956,185,192,3.0,19.2672602739726,6.0,0
2017-06-05,19.99,4.99,14.999999999999998,300.60120240480956,186,193,3.0,19.267260273972603,6.0,0
2017-06-06,19.99,4.99,14.999999999999998,300.60120240480956,187,194,3.0,19.2672602739726,6.0,0
2017-06-07,19.99,4.99,14.999999999999998,300.60120240480956,188,195,3.0,19.2672602739726,6.0,0
2017-06-08,19.99,4.99,14.999999999999998,300.60120240480956,189,196,3.0,19.2672602739726,6.0,0
2017-06-09,19.99,4.99,14.999999999999998,300.60120240480956,190,197,3.0,19.267260273972603,6.0,0
2017-06-10,19.99,4.99,14.999999999999998,300.60120240480956,191,198,3.0,19.2672602739726,6.0,0
2017-06-11,19.99,4.99,14.999999999999998,300.60120240480956,192,199,3.0,19.2672602739726,6.0,0
2017-06-12,19.99,4.99,14.999999999999998,300.60120240480956,193,200,3.0,19.2672602739726,6.0,0
2017-06-13,19.99,4.99,14.999999999999998,300.60120240480956,194,201,3.0,19.2672602739726,6.0,0
2017-06-14,19.99,4.99,14.999999999999998,300.60120240480956,195,202,3.0,19.267260273972603,6.0,0
2017-06-15,19.99,4.99,14.999999999999998,300.60120240480956,196,203,3.0,19.2672602739726,6.0,0
2017-06-16,19.99,4.99,14.999999999999998,300.60120240480956,197,204,3.0,19.2672602739726,6.0,0
2017-06-17,19.99,4.99,14.999999999999998,300.60120240480956,198,205,3.0,19.2672602739726,6.0,0
2017-06-18,19.99,4.99,14.999999999999998,300.60120240480956,199,206,3.0,19.267260273972603,6.0,0
2017-06-19,19.99,4.99,14.999999999999998,300.60120240480956,200,207,3.0,19.2672602739726,6.0,0
2017-06-20,19.99,4.99,14.999999999999998,300.60120240480956,201,208,3.0,19.2672602739726,6.0,0
2017-06-21,19.99,4.99,14.999999999999998,300.60120240480956,202,209,3.0,19.2672602739726,6.0,0
2017-06-22,19.99,4.99,14.999999999999998,300.60120240480956,203,210,3.0,19.267260273972603,6.0,0
2017-06-23,19.99,4.99,14.999999999999998,300.60120240480956,204,211,3.0,19.2672602739726,6.0,0
2017-06-24,19.99,4.99,14.999999999999998,300.60120240480956,205,212,3.0,19.2672602739726,6.0,0
2017-06-25,19.99,4.99,14.999999999999998,300.60120240480956,206,213,2.0,19.294657534246575,5.0,0
2017-06-26,19.99,4.99,14.999999999999998,300.60120240480956,207,214,2.0,19.322054794520547,5.0,0
2017-06-27,19.99,4.99,14.999999999999998,300.60120240480956,208,215,2.0,19.34945205479452,5.0,0
2017-06-28,19.99,4.99,14.999999999999998,300.60120240480956,209,216,2.0,19.37684931506849,5.0,0
2017-06-29,19.99,4.99,14.999999999999998,300.60120240480956,210,217,2.0,19.404246575342462,5.0,0
2017-06-30,19.99,4.99,14.999999999999998,300.60120240480956,211,218,2.0,19.431643835616438,5.0,0
2017-07-01,19.99,4.99,14.999999999999998,300.60120240480956,212,219,2.0,19.45904109589041,5.0,0
2017-07-02,19.99,4.99,14.999999999999998,300.60120240480956,213,220,2.0,19.48643835616438,5.0,0
2017-07-03,19.99,4.99,14.999999999999998,300.60120240480956,214,221,2.0,19.513835616438353,5.0,0
2017-07-04,19.99,4.99,14.999999999999998,300.60120240480956,215,222,2.0,19.54123287671233,5.0,0
2017-07-05,19.99,4.99,14.999999999999998,300.60120240480956,216,223,2.0,19.5686301369863,5.0,0
2017-07-06,19.99,4.99,14.999999999999998,300.60120240480956,217,224,2.0,19.5686301369863,4.0,0
2017-07-07,19.99,4.99,14.999999999999998,300.60120240480956,218,225,2.0,19.5686301369863,4.0,0
2017-07-08,19.99,4.99,14.999999999999998,300.60120240480956,219,226,2.0,19.5686301369863,4.0,0
2017-07-09,19.99,4.99,14.999999999999998,300.60120240480956,220,227,2.0,19.5686301369863,4.0,0
2017-07-10,19.99,4.99,14.999999999999998,300.60120240480956,221,228,2.0,19.5686301369863,4.0,0
2017-07-11,19.99,4.99,14.999999999999998,300.60120240480956,222,229,2.0,19.5686301369863,4.0,0
2017-07-12,19.99,4.99,14.999999999999998,300.60120240480956,223,230,2.0,19.5686301369863,4.0,0
2017-07-13,19.99,4.99,14.999999999999998,300.60120240480956,224,231,2.0,19.5686301369863,4.0,0
2017-07-14,19.99,4.99,14.999999999999998,300.60120240480956,225,232,2.0,19.5686301369863,4.0,0
2017-07-15,19.99,4.99,14.999999999999998,300.60120240480956,226,233,2.0,19.5686301369863,4.0,0
2017-07-16,19.99,4.99,14.999999999999998,300.60120240480956,227,234,2.0,19.5686301369863,4.0,0
2017-07-17,19.99,4.99,14.999999999999998,300.60120240480956,228,235,2.0,19.5686301369863,4.0,0
2017-07-18,19.99,4.99,14.999999999999998,300.60120240480956,229,236,2.0,19.5686301369863,4.0,0
2017-07-19,19.99,4.99,14.999999999999998,300.60120240480956,230,237,2.0,19.5686301369863,4.0,0
2017-07-20,19.99,4.99,14.999999999999998,300.60120240480956,231,238,2.0,19.5686301369863,4.0,0
2017-07-21,19.99,4.99,14.999999999999998,300.60120240480956,232,239,2.0,19.5686301369863,4.0,0
2017-07-22,19.99,4.99,14.999999999999998,300.60120240480956,233,240,2.0,19.5686301369863,4.0,0
2017-07-23,19.99,4.99,14.999999999999998,300.60120240480956,234,241,2.0,19.5686301369863,4.0,0
2017-07-24,19.99,4.99,14.999999999999998,300.60120240480956,235,242,2.0,19.5686301369863,4.0,0
2017-07-25,19.99,4.99,14.999999999999998,300.60120240480956,236,243,2.0,19.5686301369863,4.0,0
2017-07-26,19.99,4.99,14.999999999999998,300.60120240480956,237,244,2.0,19.5686301369863,4.0,0
2017-07-27,19.99,4.99,14.999999999999998,300.60120240480956,238,245,2.0,19.5686301369863,4.0,0
2017-07-28,19.99,4.99,14.999999999999998,300.60120240480956,239,246,2.0,19.5686301369863,4.0,0
2017-07-29,19.99,4.99,14.999999999999998,300.60120240480956,240,247,2.0,19.5686301369863,4.0,0
2017-07-30,19.99,4.99,14.999999999999998,300.60120240480956,241,248,2.0,19.5686301369863,4.0,0
2017-07-31,19.99,4.99,14.999999999999998,300.60120240480956,242,249,2.0,19.5686301369863,4.0,0
2017-08-01,19.99,4.99,14.999999999999998,300.60120240480956,243,250,2.0,19.5686301369863,4.0,0
2017-08-02,19.99,4.99,14.999999999999998,300.60120240480956,244,251,2.0,19.5686301369863,4.0,0
2017-08-03,19.99,4.99,14.999999999999998,300.60120240480956,245,252,2.0,19.5686301369863,4.0,0
2017-08-04,19.99,4.99,14.999999999999998,300.60120240480956,246,253,1.0,19.596027397260272,3.0,0
2017-08-05,19.99,4.99,14.999999999999998,300.60120240480956,247,254,1.0,19.623424657534244,3.0,0
2017-08-06,19.99,4.99,14.999999999999998,300.60120240480956,248,255,1.0,19.650821917808216,3.0,0
2017-08-07,19.99,4.99,14.999999999999998,300.60120240480956,249,256,1.0,19.67821917808219,3.0,0
2017-08-08,19.99,4.99,14.999999999999998,300.60120240480956,250,257,1.0,19.705616438356163,3.0,0
2017-08-09,19.99,4.99,14.999999999999998,300.60120240480956,251,258,1.0,19.733013698630135,3.0,0
2017-08-10,19.99,4.99,14.999999999999998,300.60120240480956,252,259,1.0,19.733013698630135,2.0,0
2017-08-11,19.99,4.99,14.999999999999998,300.60120240480956,253,260,1.0,19.73301369863014,2.0,0
2017-08-12,19.99,4.99,14.999999999999998,300.60120240480956,254,261,1.0,19.733013698630135,2.0,0
2017-08-13,19.99,4.99,14.999999999999998,300.60120240480956,255,262,1.0,19.733013698630135,2.0,0
2017-08-14,19.99,4.99,14.999999999999998,300.60120240480956,256,263,1.0,19.733013698630135,2.0,0
2017-08-15,19.99,4.99,14.999999999999998,300.60120240480956,257,264,1.0,19.733013698630135,2.0,0
2017-08-16,19.99,4.99,14.999999999999998,300.60120240480956,258,265,1.0,19.733013698630135,2.0,0
2017-08-17,19.99,4.99,14.999999999999998,300.60120240480956,259,266,1.0,19.733013698630135,2.0,0
2017-08-18,19.99,4.99,14.999999999999998,300.60120240480956,260,267,1.0,19.733013698630135,2.0,0
2017-08-19,19.99,4.99,14.999999999999998,300.60120240480956,261,268,1.0,19.733013698630135,2.0,0
2017-08-20,19.99,4.99,14.999999999999998,300.60120240480956,262,269,1.0,19.73301369863014,2.0,0
2017-08-21,19.99,4.99,14.999999999999998,300.60120240480956,263,270,1.0,19.733013698630135,2.0,0
2017-08-22,19.99,4.99,14.999999999999998,300.60120240480956,264,271,1.0,19.733013698630135,2.0,0
2017-08-23,19.99,4.99,14.999999999999998,300.60120240480956,265,272,1.0,19.733013698630135,2.0,0
2017-08-24,19.99,4.99,14.999999999999998,300.60120240480956,266,273,1.0,19.73301369863014,2.0,0
2017-08-25,19.99,4.99,14.999999999999998,300.60120240480956,267,274,1.0,19.733013698630135,2.0,0
2017-08-26,19.99,4.99,14.999999999999998,300.60120240480956,268,275,1.0,19.733013698630135,2.0,0
2017-08-27,19.99,4.99,14.999999999999998,300.60120240480956,269,276,1.0,19.733013698630135,2.0,0
2017-08-28,19.99,4.99,14.999999999999998,300.60120240480956,270,277,1.0,19.73301369863014,2.0,0
2017-08-29,19.99,4.99,14.999999999999998,300.60120240480956,271,278,1.0,19.733013698630135,2.0,0
2017-08-30,19.99,4.99,14.999999999999998,300.60120240480956,272,279,1.0,19.733013698630135,2.0,0
2017-08-31,19.99,4.99,14.999999999999998,300.60120240480956,273,280,1.0,19.733013698630135,2.0,0
2017-09-01,19.99,4.99,14.999999999999998,300.60120240480956,274,281,1.0,19.73301369863014,2.0,0
2017-09-02,19.99,4.99,14.999999999999998,300.60120240480956,275,282,1.0,19.733013698630135,2.0,0
2017-09-03,19.99,4.99,14.999999999999998,300.60120240480956,276,283,1.0,19.733013698630135,2.0,0
2017-09-04,19.99,4.99,14.999999999999998,300.60120240480956,277,284,1.0,19.733013698630135,2.0,0
2017-09-05,19.99,4.99,14.999999999999998,300.60120240480956,278,285,1.0,19.733013698630135,2.0,0
2017-09-06,19.99,4.99,14.999999999999998,300.60120240480956,279,286,1.0,19.733013698630135,2.0,0
2017-09-07,19.99,4.99,14.999999999999998,300.60120240480956,280,287,1.0,19.733013698630135,2.0,0
2017-09-08,19.99,4.99,14.999999999999998,300.60120240480956,281,288,1.0,19.733013698630135,2.0,0
2017-09-09,19.99,4.99,14.999999999999998,300.60120240480956,282,289,1.0,19.733013698630135,2.0,0
2017-09-10,19.99,4.99,14.999999999999998,300.60120240480956,283,290,1.0,19.73301369863014,2.0,0
2017-09-11,19.99,4.99,14.999999999999998,300.60120240480956,284,291,1.0,19.733013698630135,2.0,0
2017-09-12,19.99,4.99,14.999999999999998,300.60120240480956,285,292,1.0,19.733013698630135,2.0,0
2017-09-13,19.99,4.99,14.999999999999998,300.60120240480956,286,293,1.0,19.733013698630135,2.0,0
2017-09-14,19.99,4.99,14.999999999999998,300.60120240480956,287,294,1.0,19.73301369863014,2.0,0
2017-09-15,19.99,4.99,14.999999999999998,300.60120240480956,288,295,1.0,19.733013698630135,2.0,0
2017-09-16,19.99,4.99,14.999999999999998,300.60120240480956,289,296,1.0,19.733013698630135,2.0,0
2017-09-17,19.99,4.99,14.999999999999998,300.60120240480956,290,297,1.0,19.733013698630135,2.0,0
2017-09-18,19.99,4.99,14.999999999999998,300.60120240480956,291,298,1.0,19.73301369863014,2.0,0
2017-09-19,19.99,4.99,14.999999999999998,300.60120240480956,292,299,1.0,19.733013698630135,2.0,0
2017-09-20,19.99,4.99,14.999999999999998,300.60120240480956,293,300,1.0,19.733013698630135,2.0,0
2017-09-21,19.99,4.99,14.999999999999998,300.60120240480956,294,301,1.0,19.733013698630135,2.0,0
2017-09-22,19.99,4.99,14.999999999999998,300.60120240480956,295,302,1.0,19.73301369863014,2.0,0
2017-09-23,19.99,4.99,14.999999999999998,300.60120240480956,296,303,1.0,19.733013698630135,2.0,0
2017-09-24,19.99,4.99,14.999999999999998,300.60120240480956,297,304,1.0,19.733013698630135,2.0,0
2017-09-25,19.99,4.99,14.999999999999998,300.60120240480956,298,305,1.0,19.733013698630135,2.0,0
2017-09-26,19.99,4.99,14.999999999999998,300.60120240480956,299,306,1.0,19.733013698630135,2.0,0
2017-09-27,19.99,4.99,14.999999999999998,300.60120240480956,300,307,1.0,19.733013698630135,2.0,0
2017-09-28,19.99,4.99,14.999999999999998,300.60120240480956,301,308,1.0,19.733013698630135,2.0,0
2017-09-29,19.99,4.99,14.999999999999998,300.60120240480956,302,309,1.0,19.733013698630135,2.0,0
2017-09-30,19.99,4.99,14.999999999999998,300.60120240480956,303,310,1.0,19.733013698630135,2.0,0
2017-10-01,19.99,4.99,14.999999999999998,300.60120240480956,304,311,1.0,19.73301369863014,2.0,0
2017-10-02,19.99,4.99,14.999999999999998,300.60120240480956,305,312,1.0,19.733013698630135,2.0,0
2017-10-03,19.99,4.99,14.999999999999998,300.60120240480956,306,313,1.0,19.733013698630135,2.0,0
2017-10-04,19.99,4.99,14.999999999999998,300.60120240480956,307,314,1.0,19.733013698630135,2.0,0
2017-10-05,19.99,4.99,14.999999999999998,300.60120240480956,308,315,1.0,19.73301369863014,2.0,0
2017-10-06,19.99,4.99,14.999999999999998,300.60120240480956,309,316,1.0,19.733013698630135,2.0,0
2017-10-07,19.99,4.99,14.999999999999998,300.60120240480956,310,317,1.0,19.733013698630135,2.0,0
2017-10-08,19.99,4.99,14.999999999999998,300.60120240480956,311,318,1.0,19.733013698630135,2.0,0
2017-10-09,19.99,4.99,14.999999999999998,300.60120240480956,312,319,1.0,19.73301369863014,2.0,0
2017-10-10,19.99,4.99,14.999999999999998,300.60120240480956,313,320,1.0,19.733013698630135,2.0,0
2017-10-11,19.99,4.99,14.999999999999998,300.60120240480956,314,321,1.0,19.733013698630135,2.0,0
2017-10-12,19.99,4.99,14.999999999999998,300.60120240480956,315,322,1.0,19.733013698630135,2.0,0
2017-10-13,19.99,4.99,14.999999999999998,300.60120240480956,316,323,1.0,19.73301369863014,2.0,0
2017-10-14,19.99,4.99,14.999999999999998,300.60120240480956,317,324,1.0,19.733013698630135,2.0,0
2017-10-15,19.99,4.99,14.999999999999998,300.60120240480956,318,325,1.0,19.733013698630135,2.0,0
2017-10-16,19.99,4.99,14.999999999999998,300.60120240480956,319,326,1.0,19.733013698630135,2.0,0
2017-10-17,19.99,4.99,14.999999999999998,300.60120240480956,320,327,1.0,19.733013698630135,2.0,0
2017-10-18,19.99,4.99,14.999999999999998,300.60120240480956,321,328,1.0,19.733013698630135,2.0,0
2017-10-19,19.99,4.99,14.999999999999998,300.60120240480956,322,329,1.0,19.733013698630135,2.0,0
2017-10-20,19.99,4.99,14.999999999999998,300.60120240480956,323,330,1.0,19.733013698630135,2.0,0
2017-10-21,19.99,4.99,14.999999999999998,300.60120240480956,324,331,1.0,19.733013698630135,2.0,0
2017-10-22,19.99,4.99,14.999999999999998,300.60120240480956,325,332,1.0,19.733013698630135,2.0,0
2017-10-23,19.99,4.99,14.999999999999998,300.60120240480956,326,333,1.0,19.733013698630135,2.0,0
2017-10-24,19.99,4.99,14.999999999999998,300.60120240480956,327,334,1.0,19.733013698630135,2.0,0
2017-10-25,19.99,4.99,14.999999999999998,300.60120240480956,328,335,1.0,19.733013698630135,2.0,0
2017-10-26,19.99,4.99,14.999999999999998,300.60120240480956,329,336,1.0,19.73301369863014,2.0,0
2017-10-27,19.99,4.99,14.999999999999998,300.60120240480956,330,337,1.0,19.733013698630135,2.0,0
2017-10-28,19.99,4.99,14.999999999999998,300.60120240480956,331,338,1.0,19.733013698630135,2.0,0
2017-10-29,19.99,4.99,14.999999999999998,300.60120240480956,332,339,1.0,19.733013698630135,2.0,0
2017-10-30,19.99,4.99,14.999999999999998,300.60120240480956,333,340,1.0,19.73301369863014,2.0,0
2017-10-31,19.99,4.99,14.999999999999998,300.60120240480956,334,341,1.0,19.733013698630135,2.0,0
2017-11-01,19.99,4.99,14.999999999999998,300.60120240480956,335,342,1.0,19.733013698630135,2.0,0
2017-11-02,19.99,4.99,14.999999999999998,300.60120240480956,336,343,1.0,19.733013698630135,2.0,0
2017-11-03,19.99,4.99,14.999999999999998,300.60120240480956,337,344,1.0,19.73301369863014,2.0,0
2017-11-04,19.99,4.99,14.999999999999998,300.60120240480956,338,345,1.0,19.733013698630135,2.0,0
2017-11-05,19.99,4.99,14.999999999999998,300.60120240480956,339,346,1.0,19.733013698630135,2.0,0
2017-11-06,19.99,4.99,14.999999999999998,300.60120240480956,340,347,1.0,19.733013698630135,2.0,0
2017-11-07,19.99,4.99,14.999999999999998,300.60120240480956,341,348,1.0,19.733013698630135,2.0,0
2017-11-08,19.99,4.99,14.999999999999998,300.60120240480956,342,349,1.0,19.733013698630135,2.0,0
2017-11-09,19.99,4.99,14.999999999999998,300.60120240480956,343,350,1.0,19.733013698630135,2.0,0
2017-11-10,19.99,4.99,14.999999999999998,300.60120240480956,344,351,1.0,19.733013698630135,2.0,0
2017-11-11,19.99,4.99,14.999999999999998,300.60120240480956,345,352,1.0,19.733013698630135,2.0,0
2017-11-12,19.99,4.99,14.999999999999998,300.60120240480956,346,353,1.0,19.733013698630135,2.0,0
2017-11-13,19.99,4.99,14.999999999999998,300.60120240480956,347,354,1.0,19.733013698630135,2.0,0
2017-11-14,19.99,4.99,14.999999999999998,300.60120240480956,348,355,1.0,19.733013698630135,2.0,0
2017-11-15,19.99,4.99,14.999999999999998,300.60120240480956,349,356,1.0,19.733013698630135,2.0,0
2017-11-16,19.99,4.99,14.999999999999998,300.60120240480956,350,357,1.0,19.73301369863014,2.0,0
2017-11-17,19.99,4.99,14.999999999999998,300.60120240480956,351,358,1.0,19.733013698630135,2.0,0
2017-11-18,19.99,4.99,14.999999999999998,300.60120240480956,352,359,1.0,19.733013698630135,2.0,0
2017-11-19,19.99,4.99,14.999999999999998,300.60120240480956,353,360,1.0,19.733013698630135,2.0,0
2017-11-20,19.99,4.99,14.999999999999998,300.60120240480956,354,361,1.0,19.73301369863014,2.0,0
2017-11-21,19.99,4.99,14.999999999999998,300.60120240480956,355,362,1.0,19.733013698630135,2.0,0
2017-11-22,19.99,4.99,14.999999999999998,300.60120240480956,356,363,1.0,19.733013698630135,2.0,0
2017-11-23,19.99,4.99,14.999999999999998,300.60120240480956,357,364,1.0,19.733013698630135,2.0,0
2017-11-24,19.99,4.99,14.999999999999998,300.60120240480956,358,365,1.0,19.73301369863014,2.0,0
2017-11-25,19.99,4.99,14.999999999999998,300.60120240480956,359,366,0.0,19.769726027397258,1.0,0
2017-11-26,19.99,4.99,14.999999999999998,300.60120240480956,360,367,0.0,19.80643835616438,1.0,0
2017-11-27,19.99,4.99,14.999999999999998,300.60120240480956,361,368,0.0,19.843150684931505,1.0,0
2017-11-28,19.99,4.99,14.999999999999998,300.60120240480956,362,369,0.0,19.87986301369863,1.0,0
2017-11-29,19.99,4.99,14.999999999999998,300.60120240480956,363,370,0.0,19.91657534246575,1.0,0
2017-11-30,19.99,4.99,14.999999999999998,300.60120240480956,364,371,0.0,19.953287671232875,1.0,0
2017-12-01,19.99,4.99,14.999999999999998,300.60120240480956,365,372,0.0,19.99,1.0,0
2017-12-02,19.99,4.99,14.999999999999998,300.60120240480956,366,373,0.0,19.99,0.0,0
2017-12-03,19.99,4.99,14.999999999999998,300.60120240480956,367,374,0.0,19.99,0.0,0
2017-12-04,19.99,4.99,14.999999999999998,300.60120240480956,368,375,0.0,19.99,0.0,0
2017-12-05,19.99,4.99,14.999999999999998,300.60120240480956,369,376,0.0,19.99,0.0,0
2017-12-06,19.99,4.99,14.999999999999998,300.60120240480956,370,377,0.0,19.99,0.0,0
2017-12-07,19.99,4.99,14.999999999999998,300.60120240480956,371,378,0.0,19.99,0.0,0
2017-12-08,19.99,4.99,14.999999999999998,300.60120240480956,372,379,0.0,19.99,0.0,0
2017-12-09,19.99,4.99,14.999999999999998,300.60120240480956,373,380,0.0,19.99,0.0,0
2017-12-10,19.99,4.99,14.999999999999998,300.60120240480956,374,381,0.0,19.99,0.0,0
2017-12-11,19.99,4.99,14.999999999999998,300.60120240480956,375,382,0.0,19.99,0.0,0
2017-12-12,19.99,4.99,14.999999999999998,300.60120240480956,376,383,0.0,19.99,0.0,0
2017-12-13,19.99,4.99,14.999999999999998,300.60120240480956,377,384,0.0,19.99,0.0,0
2017-12-14,19.99,4.99,14.999999999999998,300.60120240480956,378,385,0.0,19.99,0.0,0
2017-12-15,19.99,4.99,14.999999999999998,300.60120240480956,379,386,0.0,19.99,0.0,0
2017-12-16,19.99,4.99,14.999999999999998,300.60120240480956,380,387,0.0,19.99,0.0,0
2017-12-17,19.99,4.99,14.999999999999998,300.60120240480956,381,388,0.0,19.99,0.0,0
2017-12-18,19.99,4.99,14.999999999999998,300.60120240480956,382,389,0.0,19.99,0.0,0
2017-12-19,19.99,4.99,14.999999999999998,300.60120240480956,383,390,0.0,19.99,0.0,0
2017-12-20,19.99,4.99,14.999999999999998,300.60120240480956,384,391,0.0,19.99,0.0,0
2017-12-21,19.99,4.99,14.999999999999998,300.60120240480956,385,392,0.0,19.99,0.0,0
2017-12-22,19.99,4.99,14.999999999999998,300.60120240480956,386,393,0.0,19.99,0.0,0
2017-12-23,19.99,4.99,14.999999999999998,300.60120240480956,387,394,0.0,19.99,0.0,0
2017-12-24,19.99,4.99,14.999999999999998,300.60120240480956,388,395,0.0,19.99,0.0,0
2017-12-25,19.99,4.99,14.999999999999998,300.60120240480956,389,396,0.0,19.99,0.0,0
2017-12-26,19.99,4.99,14.999999999999998,300.60120240480956,390,397,0.0,19.99,0.0,0
2017-12-27,19.99,4.99,14.999999999999998,300.60120240480956,391,398,0.0,19.99,0.0,0
2017-12-28,19.99,4.99,14.999999999999998,300.60120240480956,392,399,0.0,19.99,0.0,0
2017-12-29,19.99,4.99,14.999999999999998,300.60120240480956,393,400,0.0,19.99,0.0,0
2017-12-30,19.99,4.99,14.999999999999998,300.60120240480956,394,401,0.0,19.99,0.0,0
2017-12-31,19.99,4.99,14.999999999999998,300.60120240480956,395,402,0.0,19.99,0.0,0
2018-01-01,19.99,4.99,14.999999999999998,300.60120240480956,396,403,0.0,19.99,0.0,0
2018-01-02,19.99,4.99,14.999999999999998,300.60120240480956,397,404,0.0,19.99,0.0,0
2018-01-03,19.99,4.99,14.999999999999998,300.60120240480956,398,405,0.0,19.99,0.0,0
2018-01-04,19.99,4.99,14.999999999999998,300.60120240480956,399,406,0.0,19.99,0.0,0
2018-01-05,19.99,4.99,14.999999999999998,300.60120240480956,400,407,0.0,19.99,0.0,0
2018-01-06,19.99,4.99,14.999999999999998,300.60120240480956,401,408,0.0,19.99,0.0,0
2018-01-07,19.99,4.99,14.999999999999998,300.60120240480956,402,409,0.0,19.99,0.0,0
2018-01-08,19.99,4.99,14.999999999999998,300.60120240480956,403,410,0.0,19.99,0.0,0
2018-01-09,19.99,4.99,14.999999999999998,300.60120240480956,404,411,0.0,19.99,0.0,0
2018-01-10,19.99,4.99,14.999999999999998,300.60120240480956,405,412,0.0,19.99,0.0,0
2018-01-11,19.99,4.99,14.999999999999998,300.60120240480956,406,413,0.0,19.99,0.0,0
2018-01-12,19.99,4.99,14.999999999999998,300.60120240480956,407,414,0.0,19.99,0.0,0
2018-01-13,19.99,4.99,14.999999999999998,300.60120240480956,408,415,0.0,19.99,0.0,0
2018-01-14,19.99,4.99,14.999999999999998,300.60120240480956,409,416,0.0,19.99,0.0,0
2018-01-15,19.99,4.99,14.999999999999998,300.60120240480956,410,417,0.0,19.99,0.0,0
2018-01-16,19.99,4.99,14.999999999999998,300.60120240480956,411,418,0.0,19.99,0.0,0
2018-01-17,19.99,4.99,14.999999999999998,300.60120240480956,412,419,0.0,19.99,0.0,0
2018-01-18,19.99,4.99,14.999999999999998,300.60120240480956,413,420,0.0,19.99,0.0,0
2018-01-19,19.99,4.99,14.999999999999998,300.60120240480956,414,421,0.0,19.99,0.0,0
2018-01-20,19.99,4.99,14.999999999999998,300.60120240480956,415,422,0.0,19.99,0.0,0
2018-01-21,19.99,4.99,14.999999999999998,300.60120240480956,416,423,0.0,19.99,0.0,0
2018-01-22,19.99,4.99,14.999999999999998,300.60120240480956,417,424,0.0,19.99,0.0,0
2018-01-23,19.99,4.99,14.999999999999998,300.60120240480956,418,425,0.0,19.99,0.0,0
2018-01-24,19.99,4.99,14.999999999999998,300.60120240480956,419,426,0.0,19.99,0.0,0
2018-01-25,19.99,4.99,14.999999999999998,300.60120240480956,420,427,0.0,19.99,0.0,0
2018-01-26,19.99,4.99,14.999999999999998,300.60120240480956,421,428,0.0,19.99,0.0,0
2018-01-27,19.99,4.99,14.999999999999998,300.60120240480956,422,429,0.0,19.99,0.0,0
2018-01-28,19.99,4.99,14.999999999999998,300.60120240480956,423,430,0.0,19.99,0.0,0
2018-01-29,19.99,4.99,14.999999999999998,300.60120240480956,424,431,0.0,19.99,0.0,0
2018-01-30,19.99,4.99,14.999999999999998,300.60120240480956,425,432,0.0,19.99,0.0,0
2018-01-31,19.99,4.99,14.999999999999998,300.60120240480956,426,433,0.0,19.99,0.0,0
2018-02-01,19.99,4.99,14.999999999999998,300.60120240480956,427,434,0.0,19.99,0.0,0
2018-02-02,19.99,4.99,14.999999999999998,300.60120240480956,428,435,0.0,19.99,0.0,0
2018-02-03,19.99,4.99,14.999999999999998,300.60120240480956,429,436,0.0,19.99,0.0,0
2018-02-04,19.99,4.99,14.999999999999998,300.60120240480956,430,437,0.0,19.99,0.0,0
2018-02-05,19.99,4.99,14.999999999999998,300.60120240480956,431,438,0.0,19.99,0.0,0
2018-02-06,19.99,4.99,14.999999999999998,300.60120240480956,432,439,0.0,19.99,0.0,0
2018-02-07,19.99,4.99,14.999999999999998,300.60120240480956,433,440,0.0,19.99,0.0,0
2018-02-08,19.99,4.99,14.999999999999998,300.60120240480956,434,441,0.0,19.99,0.0,0
2018-02-09,19.99,4.99,14.999999999999998,300.60120240480956,435,442,0.0,19.99,0.0,0
2018-02-10,19.99,4.99,14.999999999999998,300.60120240480956,436,443,0.0,19.99,0.0,0
2018-02-11,19.99,4.99,14.999999999999998,300.60120240480956,437,444,0.0,19.99,0.0,0
2018-02-12,19.99,4.99,14.999999999999998,300.60120240480956,438,445,0.0,19.99,0.0,0
2018-02-13,19.99,4.99,14.999999999999998,300.60120240480956,439,446,0.0,19.99,0.0,0
2018-02-14,19.99,4.99,14.999999999999998,300.60120240480956,440,447,0.0,19.99,0.0,0
2018-02-15,19.99,4.99,14.999999999999998,300.60120240480956,441,448,0.0,19.99,0.0,0
2018-02-16,19.99,4.99,14.999999999999998,300.60120240480956,442,449,0.0,19.99,0.0,0
2018-02-17,19.99,4.99,14.999999999999998,300.60120240480956,443,450,0.0,19.99,0.0,0
2018-02-18,19.99,4.99,14.999999999999998,300.60120240480956,444,451,0.0,19.99,0.0,0
2018-02-19,19.99,4.99,14.999999999999998,300.60120240480956,445,452,0.0,19.99,0.0,0
2018-02-20,19.99,4.99,14.999999999999998,300.60120240480956,446,453,0.0,19.99,0.0,0
2018-02-21,19.99,4.99,14.999999999999998,300.60120240480956,447,454,0.0,19.99,0.0,0
2018-02-22,19.99,4.99,14.999999999999998,300.60120240480956,448,455,0.0,19.99,0.0,0
2018-02-23,19.99,4.99,14.999999999999998,300.60120240480956,449,456,0.0,19.99,0.0,0
2018-02-24,19.99,4.99,14.999999999999998,300.60120240480956,450,457,0.0,19.99,0.0,0
2018-02-25,19.99,4.99,14.999999999999998,300.60120240480956,451,458,0.0,19.99,0.0,0
2018-02-26,19.99,4.99,14.999999999999998,300.60120240480956,452,459,0.0,19.99,0.0,0
2018-02-27,19.99,4.99,14.999999999999998,300.60120240480956,453,460,0.0,19.99,0.0,0
2018-02-28,19.99,4.99,14.999999999999998,300.60120240480956,454,461,0.0,19.99,0.0,0
2018-03-01,19.99,4.99,14.999999999999998,300.60120240480956,455,462,0.0,19.99,0.0,0
2018-03-02,19.99,4.99,14.999999999999998,300.60120240480956,456,463,0.0,19.99,0.0,0
2018-03-03,19.99,4.99,14.999999999999998,300.60120240480956,457,464,0.0,19.99,0.0,0
2018-03-04,19.99,4.99,14.999999999999998,300.60120240480956,458,465,0.0,19.99,0.0,0
2018-03-05,19.99,4.99,14.999999999999998,300.60120240480956,459,466,0.0,19.99,0.0,0
2018-03-06,19.99,4.99,14.999999999999998,300.60120240480956,460,467,0.0,19.99,0.0,0
2018-03-07,19.99,4.99,14.999999999999998,300.60120240480956,461,468,0.0,19.99,0.0,0
2018-03-08,19.99,4.99,14.999999999999998,300.60120240480956,462,469,0.0,19.99,0.0,0
2018-03-09,19.99,4.99,14.999999999999998,300.60120240480956,463,470,0.0,19.99,0.0,0
2018-03-10,19.99,4.99,14.999999999999998,300.60120240480956,464,471,0.0,19.99,0.0,0
2018-03-11,19.99,4.99,14.999999999999998,300.60120240480956,465,472,0.0,19.99,0.0,0
2018-03-12,19.99,4.99,14.999999999999998,300.60120240480956,466,473,0.0,19.99,0.0,0
2018-03-13,19.99,4.99,14.999999999999998,300.60120240480956,467,474,0.0,19.99,0.0,0
2018-03-14,19.99,4.99,14.999999999999998,300.60120240480956,468,475,0.0,19.99,0.0,0
2018-03-15,19.99,4.99,14.999999999999998,300.60120240480956,469,476,0.0,19.99,0.0,0
2018-03-16,19.99,4.99,14.999999999999998,300.60120240480956,470,477,0.0,19.99,0.0,0
2018-03-17,19.99,4.99,14.999999999999998,300.60120240480956,471,478,0.0,19.99,0.0,0
2018-03-18,19.99,4.99,14.999999999999998,300.60120240480956,472,479,0.0,19.99,0.0,0
2018-03-19,19.99,4.99,14.999999999999998,300.60120240480956,473,480,0.0,19.99,0.0,0
2018-03-20,19.99,4.99,14.999999999999998,300.60120240480956,474,481,0.0,19.99,0.0,0
2018-03-21,19.99,4.99,14.999999999999998,300.60120240480956,475,482,0.0,19.99,0.0,0
2018-03-22,19.99,4.99,14.999999999999998,300.60120240480956,476,483,0.0,19.99,0.0,0
2018-03-23,19.99,4.99,14.999999999999998,300.60120240480956,477,484,0.0,19.99,0.0,0
2018-03-24,19.99,4.99,14.999999999999998,300.60120240480956,478,485,0.0,19.99,0.0,0
2018-03-25,19.99,4.99,14.999999999999998,300.60120240480956,479,486,0.0,19.99,0.0,0
2018-03-26,19.99,4.99,14.999999999999998,300.60120240480956,480,487,0.0,19.99,0.0,0
2018-03-27,19.99,4.99,14.999999999999998,300.60120240480956,481,488,0.0,19.99,0.0,0
2018-03-28,19.99,4.99,14.999999999999998,300.60120240480956,482,489,0.0,19.99,0.0,0
2018-03-29,19.99,4.99,14.999999999999998,300.60120240480956,483,490,0.0,19.99,0.0,0
2018-03-30,19.99,4.99,14.999999999999998,300.60120240480956,484,491,0.0,19.99,0.0,0
2018-03-31,19.99,4.99,14.999999999999998,300.60120240480956,485,492,0.0,19.99,0.0,0
2018-04-01,19.99,4.99,14.999999999999998,300.60120240480956,486,493,0.0,19.99,0.0,0
2018-04-02,19.99,4.99,14.999999999999998,300.60120240480956,487,494,0.0,19.99,0.0,0
2018-04-03,19.99,4.99,14.999999999999998,300.60120240480956,488,495,0.0,19.99,0.0,0
2018-04-04,19.99,4.99,14.999999999999998,300.60120240480956,489,496,0.0,19.99,0.0,0
2018-04-05,19.99,4.99,14.999999999999998,300.60120240480956,490,497,0.0,19.99,0.0,0
2018-04-06,19.99,4.99,14.999999999999998,300.60120240480956,491,498,0.0,19.99,0.0,0
2018-04-07,19.99,4.99,14.999999999999998,300.60120240480956,492,499,0.0,19.99,0.0,0
2018-04-08,19.99,4.99,14.999999999999998,300.60120240480956,493,500,0.0,19.99,0.0,0
2018-04-09,19.99,4.99,14.999999999999998,300.60120240480956,494,501,0.0,19.99,0.0,0
2018-04-10,19.99,4.99,14.999999999999998,300.60120240480956,495,502,0.0,19.99,0.0,0
2018-04-11,19.99,4.99,14.999999999999998,300.60120240480956,496,503,0.0,19.99,0.0,0
2018-04-12,19.99,4.99,14.999999999999998,300.60120240480956,497,504,0.0,19.99,0.0,0
2018-04-13,19.99,4.99,14.999999999999998,300.60120240480956,498,505,0.0,19.99,0.0,0
2018-04-14,19.99,4.99,14.999999999999998,300.60120240480956,499,506,0.0,19.99,0.0,0
2018-04-15,19.99,4.99,14.999999999999998,300.60120240480956,500,507,0.0,19.99,0.0,0
2018-04-16,19.99,4.99,14.999999999999998,300.60120240480956,501,508,0.0,19.99,0.0,0
2018-04-17,19.99,4.99,14.999999999999998,300.60120240480956,502,509,0.0,19.99,0.0,0
2018-04-18,19.99,4.99,14.999999999999998,300.60120240480956,503,510,0.0,19.99,0.0,0
2018-04-19,19.99,4.99,14.999999999999998,300.60120240480956,504,511,0.0,19.99,0.0,0
2018-04-20,19.99,4.99,14.999999999999998,300.60120240480956,505,512,0.0,19.99,0.0,0
2018-04-21,19.99,4.99,14.999999999999998,300.60120240480956,506,513,0.0,19.99,0.0,0
2018-04-22,19.99,4.99,14.999999999999998,300.60120240480956,507,514,0.0,19.99,0.0,0
2018-04-23,19.99,4.99,14.999999999999998,300.60120240480956,508,515,0.0,19.99,0.0,0
2018-04-24,19.99,4.99,14.999999999999998,300.60120240480956,509,516,0.0,19.99,0.0,0
2018-04-25,19.99,4.99,14.999999999999998,300.60120240480956,510,517,0.0,19.99,0.0,0
2018-04-26,19.99,4.99,14.999999999999998,300.60120240480956,511,518,0.0,19.99,0.0,0
2018-04-27,19.99,4.99,14.999999999999998,300.60120240480956,512,519,0.0,19.99,0.0,0
2018-04-28,19.99,4.99,14.999999999999998,300.60120240480956,513,520,0.0,19.99,0.0,0
2018-04-29,19.99,4.99,14.999999999999998,300.60120240480956,514,521,0.0,19.99,0.0,0
2018-04-30,19.99,4.99,14.999999999999998,300.60120240480956,515,522,0.0,19.99,0.0,0
2018-05-01,19.99,4.99,14.999999999999998,300.60120240480956,516,523,0.0,19.99,0.0,0
2018-05-02,19.99,4.99,14.999999999999998,300.60120240480956,517,524,0.0,19.99,0.0,0
2018-05-03,19.99,4.99,14.999999999999998,300.60120240480956,518,525,0.0,19.99,0.0,0
2018-05-04,19.99,4.99,14.999999999999998,300.60120240480956,519,526,0.0,19.99,0.0,0
2018-05-05,19.99,4.99,14.999999999999998,300.60120240480956,520,527,0.0,19.99,0.0,0
2018-05-06,19.99,4.99,14.999999999999998,300.60120240480956,521,528,0.0,19.99,0.0,0
2018-05-07,19.99,4.99,14.999999999999998,300.60120240480956,522,529,0.0,19.99,0.0,0
2018-05-08,19.99,4.99,14.999999999999998,300.60120240480956,523,530,0.0,19.99,0.0,0
2018-05-09,19.99,4.99,14.999999999999998,300.60120240480956,524,531,0.0,19.99,0.0,0
2018-05-10,19.99,4.99,14.999999999999998,300.60120240480956,525,532,0.0,19.99,0.0,0
2018-05-11,19.99,4.99,14.999999999999998,300.60120240480956,526,533,0.0,19.99,0.0,0
2018-05-12,19.99,4.99,14.999999999999998,300.60120240480956,527,534,0.0,19.99,0.0,0
2018-05-13,19.99,4.99,14.999999999999998,300.60120240480956,528,535,0.0,19.99,0.0,0
2018-05-14,19.99,4.99,14.999999999999998,300.60120240480956,529,536,0.0,19.99,0.0,0
2018-05-15,19.99,4.99,14.999999999999998,300.60120240480956,530,537,0.0,19.99,0.0,0
2018-05-16,19.99,4.99,14.999999999999998,300.60120240480956,531,538,0.0,19.99,0.0,0
2018-05-17,19.99,4.99,14.999999999999998,300.60120240480956,532,539,0.0,19.99,0.0,0
2018-05-18,19.99,4.99,14.999999999999998,300.60120240480956,533,540,0.0,19.99,0.0,0
2018-05-19,19.99,4.99,14.999999999999998,300.60120240480956,534,541,0.0,19.99,0.0,0
2018-05-20,19.99,4.99,14.999999999999998,300.60120240480956,535,542,0.0,19.99,0.0,0
2018-05-21,19.99,4.99,14.999999999999998,300.60120240480956,536,543,0.0,19.99,0.0,0
2018-05-22,19.99,4.99,14.999999999999998,300.60120240480956,537,544,0.0,19.99,0.0,0
2018-05-23,19.99,4.99,14.999999999999998,300.60120240480956,538,545,0.0,19.99,0.0,0
2018-05-24,19.99,4.99,14.999999999999998,300.60120240480956,539,546,0.0,19.99,0.0,0
2018-05-25,19.99,4.99,14.999999999999998,300.60120240480956,540,547,0.0,19.99,0.0,0
2018-05-26,19.99,4.99,14.999999999999998,300.60120240480956,541,548,0.0,19.99,0.0,0
2018-05-27,19.99,4.99,14.999999999999998,300.60120240480956,542,549,0.0,19.99,0.0,0
2018-05-28,19.99,4.99,14.999999999999998,300.60120240480956,543,550,0.0,19.99,0.0,0
2018-05-29,19.99,4.99,14.999999999999998,300.60120240480956,544,551,0.0,19.99,0.0,0
2018-05-30,19.99,4.99,14.999999999999998,300.60120240480956,545,552,0.0,19.99,0.0,0
2018-05-31,19.99,4.99,14.999999999999998,300.60120240480956,546,553,0.0,19.99,0.0,0
2018-06-01,19.99,4.99,14.999999999999998,300.60120240480956,547,554,0.0,19.99,0.0,0
2018-06-02,19.99,4.99,14.999999999999998,300.60120240480956,548,555,0.0,19.99,0.0,0
2018-06-03,19.99,4.99,14.999999999999998,300.60120240480956,549,556,0.0,19.99,0.0,0
2018-06-04,19.99,4.99,14.999999999999998,300.60120240480956,550,557,0.0,19.99,0.0,0
2018-06-05,19.99,4.99,14.999999999999998,300.60120240480956,551,558,0.0,19.99,0.0,0
2018-06-06,19.99,4.99,14.999999999999998,300.60120240480956,552,559,0.0,19.99,0.0,0
2018-06-07,19.99,4.99,14.999999999999998,300.60120240480956,553,560,0.0,19.99,0.0,0
2018-06-08,19.99,4.99,14.999999999999998,300.60120240480956,554,561,0.0,19.99,0.0,0
2018-06-09,19.99,4.99,14.999999999999998,300.60120240480956,555,562,0.0,19.99,0.0,0
2018-06-10,19.99,4.99,14.999999999999998,300.60120240480956,556,563,0.0,19.99,0.0,0
2018-06-11,19.99,4.99,14.999999999999998,300.60120240480956,557,564,0.0,19.99,0.0,0
2018-06-12,19.99,4.99,14.999999999999998,300.60120240480956,558,565,0.0,19.99,0.0,0
2018-06-13,19.99,4.99,14.999999999999998,300.60120240480956,559,566,0.0,19.99,0.0,0
2018-06-14,19.99,4.99,14.999999999999998,300.60120240480956,560,567,0.0,19.99,0.0,0
2018-06-15,19.99,4.99,14.999999999999998,300.60120240480956,561,568,0.0,19.99,0.0,0
2018-06-16,19.99,4.99,14.999999999999998,300.60120240480956,562,569,0.0,19.99,0.0,0
2018-06-17,19.99,4.99,14.999999999999998,300.60120240480956,563,570,0.0,19.99,0.0,0
2018-06-18,19.99,4.99,14.999999999999998,300.60120240480956,564,571,0.0,19.99,0.0,0
2018-06-19,19.99,4.99,14.999999999999998,300.60120240480956,565,572,0.0,19.99,0.0,0
2018-06-20,19.99,4.99,14.999999999999998,300.60120240480956,566,573,0.0,19.99,0.0,0
2018-06-21,19.99,4.99,14.999999999999998,300.60120240480956,567,574,0.0,19.99,0.0,0
2018-06-22,19.99,4.99,14.999999999999998,300.60120240480956,568,575,0.0,19.99,0.0,0
2018-06-23,19.99,4.99,14.999999999999998,300.60120240480956,569,576,0.0,19.99,0.0,0
2018-06-24,19.99,4.99,14.999999999999998,300.60120240480956,570,577,0.0,19.99,0.0,0
2018-06-25,19.99,4.99,14.999999999999998,300.60120240480956,571,578,0.0,19.99,0.0,0
2018-06-26,19.99,4.99,14.999999999999998,300.60120240480956,572,579,0.0,19.99,0.0,0
2018-06-27,19.99,4.99,14.999999999999998,300.60120240480956,573,580,0.0,19.99,0.0,0
2018-06-28,19.99,4.99,14.999999999999998,300.60120240480956,574,581,0.0,19.99,0.0,0
2018-06-29,19.99,4.99,14.999999999999998,300.60120240480956,575,582,0.0,19.99,0.0,0
2018-06-30,19.99,4.99,14.999999999999998,300.60120240480956,576,583,0.0,19.99,0.0,0
2018-07-01,19.99,4.99,14.999999999999998,300.60120240480956,577,584,0.0,19.99,0.0,0
2018-07-02,19.99,4.99,14.999999999999998,300.60120240480956,578,585,0.0,19.99,0.0,0
2018-07-03,19.99,4.99,14.999999999999998,300.60120240480956,579,586,0.0,19.99,0.0,0
2018-07-04,19.99,4.99,14.999999999999998,300.60120240480956,580,587,0.0,19.99,0.0,0
2018-07-05,19.99,4.99,14.999999999999998,300.60120240480956,581,588,0.0,19.99,0.0,0
2018-07-06,19.99,4.99,14.999999999999998,300.60120240480956,582,589,0.0,19.99,0.0,0
2018-07-07,19.99,4.99,14.999999999999998,300.60120240480956,583,590,0.0,19.99,0.0,0
2018-07-08,19.99,4.99,14.999999999999998,300.60120240480956,584,591,0.0,19.99,0.0,0
2018-07-09,19.99,4.99,14.999999999999998,300.60120240480956,585,592,0.0,19.99,0.0,0
2018-07-10,19.99,4.99,14.999999999999998,300.60120240480956,586,593,0.0,19.99,0.0,0
2018-07-11,19.99,4.99,14.999999999999998,300.60120240480956,587,594,0.0,19.99,0.0,0
2018-07-12,19.99,4.99,14.999999999999998,300.60120240480956,588,595,0.0,19.99,0.0,0
2018-07-13,19.99,4.99,14.999999999999998,300.60120240480956,589,596,0.0,19.99,0.0,0
2018-07-14,19.99,4.99,14.999999999999998,300.60120240480956,590,597,0.0,19.99,0.0,0
2018-07-15,19.99,4.99,14.999999999999998,300.60120240480956,591,598,0.0,19.99,0.0,0
2018-07-16,19.99,4.99,14.999999999999998,300.60120240480956,592,599,0.0,19.99,0.0,0
2018-07-17,19.99,4.99,14.999999999999998,300.60120240480956,593,600,0.0,19.99,0.0,0
2018-07-18,19.99,4.99,14.999999999999998,300.60120240480956,594,601,0.0,19.99,0.0,0
2018-07-19,19.99,4.99,14.999999999999998,300.60120240480956,595,602,0.0,19.99,0.0,0
2018-07-20,19.99,4.99,14.999999999999998,300.60120240480956,596,603,0.0,19.99,0.0,0
2018-07-21,19.99,4.99,14.999999999999998,300.60120240480956,597,604,0.0,19.99,0.0,0
2018-07-22,19.99,4.99,14.999999999999998,300.60120240480956,598,605,0.0,19.99,0.0,0
2018-07-23,19.99,4.99,14.999999999999998,300.60120240480956,599,606,0.0,19.99,0.0,0
2018-07-24,19.99,4.99,14.999999999999998,300.60120240480956,600,607,0.0,19.99,0.0,0
2018-07-25,19.99,4.99,14.999999999999998,300.60120240480956,601,608,0.0,19.99,0.0,0
2018-07-26,19.99,4.99,14.999999999999998,300.60120240480956,602,609,0.0,19.99,0.0,0
2018-07-27,19.99,4.99,14.999999999999998,300.60120240480956,603,610,0.0,19.99,0.0,0
2018-07-28,19.99,4.99,14.999999999999998,300.60120240480956,604,611,0.0,19.99,0.0,0
2018-07-29,19.99,4.99,14.999999999999998,300.60120240480956,605,612,0.0,19.99,0.0,0
2018-07-30,19.99,4.99,14.999999999999998,300.60120240480956,606,613,0.0,19.99,0.0,0
2018-07-31,19.99,4.99,14.999999999999998,300.60120240480956,607,614,0.0,19.99,0.0,0
2018-08-01,19.99,4.99,14.999999999999998,300.60120240480956,608,615,0.0,19.99,0.0,0
2018-08-02,19.99,4.99,14.999999999999998,300.60120240480956,609,616,0.0,19.99,0.0,0
2018-08-03,19.99,4.99,14.999999999999998,300.60120240480956,610,617,0.0,19.99,0.0,0
2018-08-04,19.99,4.99,14.999999999999998,300.60120240480956,611,618,0.0,19.99,0.0,0
2018-08-05,19.99,4.99,14.999999999999998,300.60120240480956,612,619,0.0,19.99,0.0,0
2018-08-06,19.99,4.99,14.999999999999998,300.60120240480956,613,620,0.0,19.99,0.0,0
2018-08-07,19.99,4.99,14.999999999999998,300.60120240480956,614,621,0.0,19.99,0.0,0
2018-08-08,19.99,4.99,14.999999999999998,300.60120240480956,615,622,0.0,19.99,0.0,0
2018-08-09,19.99,4.99,14.999999999999998,300.60120240480956,616,623,0.0,19.99,0.0,0
2018-08-10,19.99,4.99,14.999999999999998,300.60120240480956,617,624,0.0,19.99,0.0,0
2018-08-11,19.99,4.99,14.999999999999998,300.60120240480956,618,625,0.0,19.99,0.0,0
2018-08-12,19.99,4.99,14.999999999999998,300.60120240480956,619,626,0.0,19.99,0.0,0
2018-08-13,19.99,4.99,14.999999999999998,300.60120240480956,620,627,0.0,19.99,0.0,0
2018-08-14,19.99,4.99,14.999999999999998,300.60120240480956,621,628,0.0,19.99,0.0,0
2018-08-15,19.99,4.99,14.999999999999998,300.60120240480956,622,629,0.0,19.99,0.0,0
2018-08-16,19.99,4.99,14.999999999999998,300.60120240480956,623,630,0.0,19.99,0.0,0
2018-08-17,19.99,4.99,14.999999999999998,300.60120240480956,624,631,0.0,19.99,0.0,0
2018-08-18,19.99,4.99,14.999999999999998,300.60120240480956,625,632,0.0,19.99,0.0,0
2018-08-19,19.99,4.99,14.999999999999998,300.60120240480956,626,633,0.0,19.99,0.0,0
2018-08-20,19.99,4.99,14.999999999999998,300.60120240480956,627,634,0.0,19.99,0.0,0
2018-08-21,19.99,4.99,14.999999999999998,300.60120240480956,628,635,0.0,19.99,0.0,0
2018-08-22,19.99,4.99,14.999999999999998,300.60120240480956,629,636,0.0,19.99,0.0,0
2018-08-23,19.99,4.99,14.999999999999998,300.60120240480956,630,637,0.0,19.99,0.0,0
2018-08-24,19.99,4.99,14.999999999999998,300.60120240480956,631,638,0.0,19.99,0.0,0
2018-08-25,19.99,4.99,14.999999999999998,300.60120240480956,632,639,0.0,19.99,0.0,0
2018-08-26,19.99,4.99,14.999999999999998,300.60120240480956,633,640,0.0,19.99,0.0,0
2018-08-27,19.99,4.99,14.999999999999998,300.60120240480956,634,641,0.0,19.99,0.0,0
2018-08-28,19.99,4.99,14.999999999999998,300.60120240480956,635,642,0.0,19.99,0.0,0
2018-08-29,19.99,4.99,14.999999999999998,300.60120240480956,636,643,0.0,19.99,0.0,0
2018-08-30,19.99,4.99,14.999999999999998,300.60120240480956,637,644,0.0,19.99,0.0,0
2018-08-31,19.99,4.99,14.999999999999998,300.60120240480956,638,645,0.0,19.99,0.0,0
2018-09-01,19.99,4.99,14.999999999999998,300.60120240480956,639,646,0.0,19.99,0.0,0
2018-09-02,19.99,4.99,14.999999999999998,300.60120240480956,640,647,0.0,19.99,0.0,0
2018-09-03,19.99,4.99,14.999999999999998,300.60120240480956,641,648,0.0,19.99,0.0,0
2018-09-04,19.99,4.99,14.999999999999998,300.60120240480956,642,649,0.0,19.99,0.0,0
2018-09-05,19.99,4.99,14.999999999999998,300.60120240480956,643,650,0.0,19.99,0.0,0
2018-09-06,19.99,4.99,14.999999999999998,300.60120240480956,644,651,0.0,19.99,0.0,0
2018-09-07,19.99,4.99,14.999999999999998,300.60120240480956,645,652,0.0,19.99,0.0,0
2018-09-08,19.99,4.99,14.999999999999998,300.60120240480956,646,653,0.0,19.99,0.0,0
2018-09-09,19.99,4.99,14.999999999999998,300.60120240480956,647,654,0.0,19.99,0.0,0
2018-09-10,19.99,4.99,14.999999999999998,300.60120240480956,648,655,0.0,19.99,0.0,0
2018-09-11,19.99,4.99,14.999999999999998,300.60120240480956,649,656,0.0,19.99,0.0,0
2018-09-12,19.99,4.99,14.999999999999998,300.60120240480956,650,657,0.0,19.99,0.0,0
2018-09-13,19.99,4.99,14.999999999999998,300.60120240480956,651,658,0.0,19.99,0.0,0
2018-09-14,19.99,4.99,14.999999999999998,300.60120240480956,652,659,0.0,19.99,0.0,0
2018-09-15,19.99,4.99,14.999999999999998,300.60120240480956,653,660,0.0,19.99,0.0,0
2018-09-16,19.99,4.99,14.999999999999998,300.60120240480956,654,661,0.0,19.99,0.0,0
2018-09-17,19.99,4.99,14.999999999999998,300.60120240480956,655,662,0.0,19.99,0.0,0
2018-09-18,19.99,4.99,14.999999999999998,300.60120240480956,656,663,0.0,19.99,0.0,0
2018-09-19,19.99,4.99,14.999999999999998,300.60120240480956,657,664,0.0,19.99,0.0,0
2018-09-20,19.99,4.99,14.999999999999998,300.60120240480956,658,665,0.0,19.99,0.0,0
2018-09-21,19.99,4.99,14.999999999999998,300.60120240480956,659,666,0.0,19.99,0.0,0
2018-09-22,19.99,4.99,14.999999999999998,300.60120240480956,660,667,0.0,19.99,0.0,0
2018-09-23,19.99,4.99,14.999999999999998,300.60120240480956,661,668,0.0,19.99,0.0,0
2018-09-24,19.99,4.99,14.999999999999998,300.60120240480956,662,669,0.0,19.99,0.0,0
2018-09-25,19.99,4.99,14.999999999999998,300.60120240480956,663,670,0.0,19.99,0.0,0
2018-09-26,19.99,4.99,14.999999999999998,300.60120240480956,664,671,0.0,19.99,0.0,0
2018-09-27,19.99,4.99,14.999999999999998,300.60120240480956,665,672,0.0,19.99,0.0,0
2018-09-28,19.99,4.99,14.999999999999998,300.60120240480956,666,673,0.0,19.99,0.0,0
2018-09-29,19.99,4.99,14.999999999999998,300.60120240480956,667,674,0.0,19.99,0.0,0
2018-09-30,19.99,4.99,14.999999999999998,300.60120240480956,668,675,0.0,19.99,0.0,0
2018-10-01,19.99,4.99,14.999999999999998,300.60120240480956,669,676,0.0,19.99,0.0,0
2018-10-02,19.99,4.99,14.999999999999998,300.60120240480956,670,677,0.0,19.99,0.0,0
2018-10-03,19.99,4.99,14.999999999999998,300.60120240480956,671,678,0.0,19.99,0.0,0
2018-10-04,19.99,4.99,14.999999999999998,300.60120240480956,672,679,0.0,19.99,0.0,0
2018-10-05,19.99,4.99,14.999999999999998,300.60120240480956,673,680,0.0,19.99,0.0,0
2018-10-06,19.99,4.99,14.999999999999998,300.60120240480956,674,681,0.0,19.99,0.0,0
2018-10-07,19.99,4.99,14.999999999999998,300.60120240480956,675,682,0.0,19.99,0.0,0
2018-10-08,19.99,4.99,14.999999999999998,300.60120240480956,676,683,0.0,19.99,0.0,0
2018-10-09,19.99,4.99,14.999999999999998,300.60120240480956,677,684,0.0,19.99,0.0,0
2018-10-10,19.99,4.99,14.999999999999998,300.60120240480956,678,685,0.0,19.99,0.0,0
2018-10-11,19.99,4.99,14.999999999999998,300.60120240480956,679,686,0.0,19.99,0.0,0
2018-10-12,19.99,4.99,14.999999999999998,300.60120240480956,680,687,0.0,19.99,0.0,0
2018-10-13,19.99,4.99,14.999999999999998,300.60120240480956,681,688,0.0,19.99,0.0,0
2018-10-14,19.99,4.99,14.999999999999998,300.60120240480956,682,689,0.0,19.99,0.0,0
2018-10-15,19.99,4.99,14.999999999999998,300.60120240480956,683,690,0.0,19.99,0.0,0
2018-10-16,19.99,4.99,14.999999999999998,300.60120240480956,684,691,0.0,19.99,0.0,0
2018-10-17,19.99,4.99,14.999999999999998,300.60120240480956,685,692,0.0,19.99,0.0,0
2018-10-18,19.99,4.99,14.999999999999998,300.60120240480956,686,693,0.0,19.99,0.0,0
2018-10-19,19.99,4.99,14.999999999999998,300.60120240480956,687,694,0.0,19.99,0.0,0
2018-10-20,19.99,4.99,14.999999999999998,300.60120240480956,688,695,0.0,19.99,0.0,0
2018-10-21,19.99,4.99,14.999999999999998,300.60120240480956,689,696,0.0,19.99,0.0,0
2018-10-22,19.99,4.99,14.999999999999998,300.60120240480956,690,697,0.0,19.99,0.0,0
2018-10-23,19.99,4.99,14.999999999999998,300.60120240480956,691,698,0.0,19.99,0.0,0
2018-10-24,19.99,4.99,14.999999999999998,300.60120240480956,692,699,0.0,19.99,0.0,0
2018-10-25,19.99,4.99,14.999999999999998,300.60120240480956,693,700,0.0,19.99,0.0,0
2018-10-26,19.99,4.99,14.999999999999998,300.60120240480956,694,701,0.0,19.99,0.0,0
2018-10-27,19.99,4.99,14.999999999999998,300.60120240480956,695,702,0.0,19.99,0.0,0
2018-10-28,19.99,4.99,14.999999999999998,300.60120240480956,696,703,0.0,19.99,0.0,0
2018-10-29,19.99,4.99,14.999999999999998,300.60120240480956,697,704,0.0,19.99,0.0,0
2018-10-30,19.99,4.99,14.999999999999998,300.60120240480956,698,705,0.0,19.99,0.0,0
2018-10-31,19.99,4.99,14.999999999999998,300.60120240480956,699,706,0.0,19.99,0.0,0
2018-11-01,19.99,4.99,14.999999999999998,300.60120240480956,700,707,0.0,19.99,0.0,0
2018-11-02,19.99,4.99,14.999999999999998,300.60120240480956,701,708,0.0,19.99,0.0,0
2018-11-03,19.99,4.99,14.999999999999998,300.60120240480956,702,709,0.0,19.99,0.0,0
2018-11-04,19.99,4.99,14.999999999999998,300.60120240480956,703,710,0.0,19.99,0.0,0
2018-11-05,19.99,4.99,14.999999999999998,300.60120240480956,704,711,0.0,19.99,0.0,0
2018-11-06,19.99,4.99,14.999999999999998,300.60120240480956,705,712,0.0,19.99,0.0,0
2018-11-07,19.99,4.99,14.999999999999998,300.60120240480956,706,713,0.0,19.99,0.0,0
2018-11-08,19.99,4.99,14.999999999999998,300.60120240480956,707,714,0.0,19.99,0.0,0
2018-11-09,19.99,4.99,14.999999999999998,300.60120240480956,708,715,0.0,19.99,0.0,0
2018-11-10,19.99,4.99,14.999999999999998,300.60120240480956,709,716,0.0,19.99,0.0,0
2018-11-11,19.99,4.99,14.999999999999998,300.60120240480956,710,717,0.0,19.99,0.0,0
2018-11-12,19.99,4.99,14.999999999999998,300.60120240480956,711,718,0.0,19.99,0.0,0
2018-11-13,19.99,4.99,14.999999999999998,300.60120240480956,712,719,0.0,19.99,0.0,0
2018-11-14,19.99,4.99,14.999999999999998,300.60120240480956,713,720,0.0,19.99,0.0,0
2018-11-15,19.99,4.99,14.999999999999998,300.60120240480956,714,721,0.0,19.99,0.0,0
2018-11-16,19.99,4.99,14.999999999999998,300.60120240480956,715,722,0.0,19.99,0.0,0
2018-11-17,19.99,4.99,14.999999999999998,300.60120240480956,716,723,0.0,19.99,0.0,0
2018-11-18,19.99,4.99,14.999999999999998,300.60120240480956,717,724,0.0,19.99,0.0,0
2018-11-19,19.99,4.99,14.999999999999998,300.60120240480956,718,725,0.0,19.99,0.0,0
2018-11-20,19.99,4.99,14.999999999999998,300.60120240480956,719,726,0.0,19.99,0.0,0
2018-11-21,19.99,4.99,14.999999999999998,300.60120240480956,720,727,0.0,19.99,0.0,0
2018-11-22,19.99,4.99,14.999999999999998,300.60120240480956,721,728,0.0,19.99,0.0,0
2018-11-23,19.99,4.99,14.999999999999998,300.60120240480956,722,729,0.0,19.99,0.0,0
2018-11-24,19.99,4.99,14.999999999999998,300.60120240480956,723,730,0.0,19.99,0.0,0
2018-11-25,19.99,4.99,14.999999999999998,300.60120240480956,724,731,0.0,19.99,0.0,0
2018-11-26,19.99,4.99,14.999999999999998,300.60120240480956,725,732,0.0,19.99,0.0,0
2018-11-27,19.99,4.99,14.999999999999998,300.60120240480956,726,733,0.0,19.99,0.0,0
2018-11-28,19.99,4.99,14.999999999999998,300.60120240480956,727,734,0.0,19.99,0.0,0
2018-11-29,19.99,4.99,14.999999999999998,300.60120240480956,728,735,0.0,19.99,0.0,0
2018-11-30,19.99,4.99,14.999999999999998,300.60120240480956,729,736,0.0,19.99,0.0,0
2018-12-01,19.99,4.99,14.999999999999998,300.60120240480956,730,737,0.0,19.99,0.0,0
2018-12-02,19.99,4.99,14.999999999999998,300.60120240480956,731,738,0.0,19.99,0.0,0
2018-12-03,19.99,4.99,14.999999999999998,300.60120240480956,732,739,0.0,19.99,0.0,0
2018-12-04,19.99,4.99,14.999999999999998,300.60120240480956,733,740,0.0,19.99,0.0,0
2018-12-05,19.99,4.99,14.999999999999998,300.60120240480956,734,741,0.0,19.99,0.0,0
2018-12-06,19.99,4.99,14.999999999999998,300.60120240480956,735,742,0.0,19.99,0.0,0
2018-12-07,19.99,4.99,14.999999999999998,300.60120240480956,736,743,0.0,19.99,0.0,0
2018-12-08,19.99,4.99,14.999999999999998,300.60120240480956,737,744,0.0,19.99,0.0,0
2018-12-09,19.99,4.99,14.999999999999998,300.60120240480956,738,745,0.0,19.99,0.0,0
2018-12-10,19.99,4.99,14.999999999999998,300.60120240480956,739,746,0.0,19.99,0.0,0
2018-12-11,19.99,4.99,14.999999999999998,300.60120240480956,740,747,0.0,19.99,0.0,0
2018-12-12,19.99,4.99,14.999999999999998,300.60120240480956,741,748,0.0,19.99,0.0,0
2018-12-13,19.99,4.99,14.999999999999998,300.60120240480956,742,749,0.0,19.99,0.0,0
2018-12-14,19.99,4.99,14.999999999999998,300.60120240480956,743,750,0.0,19.99,0.0,0
2018-12-15,19.99,4.99,14.999999999999998,300.60120240480956,744,751,0.0,19.99,0.0,0
2018-12-16,19.99,4.99,14.999999999999998,300.60120240480956,745,752,0.0,19.99,0.0,0
2018-12-17,19.99,4.99,14.999999999999998,300.60120240480956,746,753,0.0,19.99,0.0,0
2018-12-18,19.99,4.99,14.999999999999998,300.60120240480956,747,754,0.0,19.99,0.0,0
2018-12-19,19.99,4.99,14.999999999999998,300.60120240480956,748,755,0.0,19.99,0.0,0
2018-12-20,19.99,4.99,14.999999999999998,300.60120240480956,749,756,0.0,19.99,0.0,0
2018-12-21,19.99,4.99,14.999999999999998,300.60120240480956,750,757,0.0,19.99,0.0,0
2018-12-22,19.99,4.99,14.999999999999998,300.60120240480956,751,758,0.0,19.99,0.0,0
2018-12-23,19.99,4.99,14.999999999999998,300.60120240480956,752,759,0.0,19.99,0.0,0
2018-12-24,19.99,4.99,14.999999999999998,300.60120240480956,753,760,0.0,19.99,0.0,0
2018-12-25,19.99,4.99,14.999999999999998,300.60120240480956,754,761,0.0,19.99,0.0,0
2018-12-26,19.99,4.99,14.999999999999998,300.60120240480956,755,762,0.0,19.99,0.0,0
2018-12-27,19.99,4.99,14.999999999999998,300.60120240480956,756,763,0.0,19.99,0.0,0
2018-12-28,19.99,4.99,14.999999999999998,300.60120240480956,757,764,0.0,19.99,0.0,0
2018-12-29,19.99,4.99,14.999999999999998,300.60120240480956,758,765,0.0,19.99,0.0,0
2018-12-30,19.99,4.99,14.999999999999998,300.60120240480956,759,766,0.0,19.99,0.0,0
2018-12-31,19.99,4.99,14.999999999999998,300.60120240480956,760,767,0.0,19.99,0.0,0
2019-01-01,19.99,4.99,14.999999999999998,300.60120240480956,761,768,0.0,19.99,0.0,0
2019-01-02,19.99,4.99,14.999999999999998,300.60120240480956,762,769,0.0,19.99,0.0,0
2019-01-03,19.99,4.99,14.999999999999998,300.60120240480956,763,770,0.0,19.99,0.0,0
2019-01-04,19.99,4.99,14.999999999999998,300.60120240480956,764,771,0.0,19.99,0.0,0
2019-01-05,19.99,4.99,14.999999999999998,300.60120240480956,765,772,0.0,19.99,0.0,0
2019-01-06,19.99,4.99,14.999999999999998,300.60120240480956,766,773,0.0,19.99,0.0,0
2019-01-07,19.99,4.99,14.999999999999998,300.60120240480956,767,774,0.0,19.99,0.0,0
2019-01-08,19.99,4.99,14.999999999999998,300.60120240480956,768,775,0.0,19.99,0.0,0
2019-01-09,19.99,4.99,14.999999999999998,300.60120240480956,769,776,0.0,19.99,0.0,0
2019-01-10,19.99,4.99,14.999999999999998,300.60120240480956,770,777,0.0,19.99,0.0,0
2019-01-11,19.99,4.99,14.999999999999998,300.60120240480956,771,778,0.0,19.99,0.0,0
2019-01-12,19.99,4.99,14.999999999999998,300.60120240480956,772,779,0.0,19.99,0.0,0
2019-01-13,19.99,4.99,14.999999999999998,300.60120240480956,773,780,0.0,19.99,0.0,0
2019-01-14,19.99,4.99,14.999999999999998,300.60120240480956,774,781,0.0,19.99,0.0,0
2019-01-15,19.99,4.99,14.999999999999998,300.60120240480956,775,782,0.0,19.99,0.0,0
2019-01-16,19.99,4.99,14.999999999999998,300.60120240480956,776,783,0.0,19.99,0.0,0
2019-01-17,19.99,4.99,14.999999999999998,300.60120240480956,777,784,0.0,19.99,0.0,0
2019-01-18,19.99,4.99,14.999999999999998,300.60120240480956,778,785,0.0,19.99,0.0,0
2019-01-19,19.99,4.99,14.999999999999998,300.60120240480956,779,786,0.0,19.99,0.0,0
2019-01-20,19.99,4.99,14.999999999999998,300.60120240480956,780,787,0.0,19.99,0.0,0
2019-01-21,19.99,4.99,14.999999999999998,300.60120240480956,781,788,0.0,19.99,0.0,0
2019-01-22,19.99,4.99,14.999999999999998,300.60120240480956,782,789,0.0,19.99,0.0,0
2019-01-23,19.99,4.99,14.999999999999998,300.60120240480956,783,790,0.0,19.99,0.0,0
2019-01-24,19.99,4.99,14.999999999999998,300.60120240480956,784,791,0.0,19.99,0.0,0
2019-01-25,19.99,4.99,14.999999999999998,300.60120240480956,785,792,0.0,19.99,0.0,0
2019-01-26,19.99,4.99,14.999999999999998,300.60120240480956,786,793,0.0,19.99,0.0,0
2019-01-27,19.99,4.99,14.999999999999998,300.60120240480956,787,794,0.0,19.99,0.0,0
2019-01-28,19.99,4.99,14.999999999999998,300.60120240480956,788,795,0.0,19.99,0.0,0
2019-01-29,19.99,4.99,14.999999999999998,300.60120240480956,789,796,0.0,19.99,0.0,0
2019-01-30,19.99,4.99,14.999999999999998,300.60120240480956,790,797,0.0,19.99,0.0,0
2019-01-31,19.99,4.99,14.999999999999998,300.60120240480956,791,798,0.0,19.99,0.0,0
2019-02-01,19.99,4.99,14.999999999999998,300.60120240480956,792,799,0.0,19.99,0.0,0
2019-02-02,19.99,4.99,14.999999999999998,300.60120240480956,793,800,0.0,19.99,0.0,0
2019-02-03,19.99,4.99,14.999999999999998,300.60120240480956,794,801,0.0,19.99,0.0,0
2019-02-04,19.99,4.99,14.999999999999998,300.60120240480956,795,802,0.0,19.99,0.0,0
2019-02-05,19.99,4.99,14.999999999999998,300.60120240480956,796,803,0.0,19.99,0.0,0
2019-02-06,19.99,4.99,14.999999999999998,300.60120240480956,797,804,0.0,19.99,0.0,0
2019-02-07,19.99,4.99,14.999999999999998,300.60120240480956,798,805,0.0,19.99,0.0,0
2019-02-08,19.99,4.99,14.999999999999998,300.60120240480956,799,806,0.0,19.99,0.0,0
2019-02-09,19.99,4.99,14.999999999999998,300.60120240480956,800,807,0.0,19.99,0.0,0
2019-02-10,19.99,4.99,14.999999999999998,300.60120240480956,801,808,0.0,19.99,0.0,0
2019-02-11,19.99,4.99,14.999999999999998,300.60120240480956,802,809,0.0,19.99,0.0,0
2019-02-12,19.99,4.99,14.999999999999998,300.60120240480956,803,810,0.0,19.99,0.0,0
2019-02-13,19.99,4.99,14.999999999999998,300.60120240480956,804,811,0.0,19.99,0.0,0
2019-02-14,19.99,4.99,14.999999999999998,300.60120240480956,805,812,0.0,19.99,0.0,0
2019-02-15,19.99,4.99,14.999999999999998,300.60120240480956,806,813,0.0,19.99,0.0,0
2019-02-16,19.99,4.99,14.999999999999998,300.60120240480956,807,814,0.0,19.99,0.0,0
2019-02-17,19.99,4.99,14.999999999999998,300.60120240480956,808,815,0.0,19.99,0.0,0
2019-02-18,19.99,4.99,14.999999999999998,300.60120240480956,809,816,0.0,19.99,0.0,0
2019-02-19,19.99,4.99,14.999999999999998,300.60120240480956,810,817,0.0,19.99,0.0,0
2019-02-20,19.99,4.99,14.999999999999998,300.60120240480956,811,818,0.0,19.99,0.0,0
2019-02-21,19.99,4.99,14.999999999999998,300.60120240480956,812,819,0.0,19.99,0.0,0
2019-02-22,19.99,4.99,14.999999999999998,300.60120240480956,813,820,0.0,19.99,0.0,0
2019-02-23,19.99,4.99,14.999999999999998,300.60120240480956,814,821,0.0,19.99,0.0,0
2019-02-24,19.99,4.99,14.999999999999998,300.60120240480956,815,822,0.0,19.99,0.0,0
2019-02-25,19.99,4.99,14.999999999999998,300.60120240480956,816,823,0.0,19.99,0.0,0
2019-02-26,19.99,4.99,14.999999999999998,300.60120240480956,817,824,0.0,19.99,0.0,0
2019-02-27,19.99,4.99,14.999999999999998,300.60120240480956,818,825,0.0,19.99,0.0,0
2019-02-28,19.99,4.99,14.999999999999998,300.60120240480956,819,826,0.0,19.99,0.0,0
2019-03-01,19.99,4.99,14.999999999999998,300.60120240480956,820,827,0.0,19.99,0.0,0
2019-03-02,19.99,4.99,14.999999999999998,300.60120240480956,821,828,0.0,19.99,0.0,0
2019-03-03,19.99,4.99,14.999999999999998,300.60120240480956,822,829,0.0,19.99,0.0,0
2019-03-04,19.99,4.99,14.999999999999998,300.60120240480956,823,830,0.0,19.99,0.0,0
2019-03-05,19.99,4.99,14.999999999999998,300.60120240480956,824,831,0.0,19.99,0.0,0
2019-03-06,19.99,4.99,14.999999999999998,300.60120240480956,825,832,0.0,19.99,0.0,0
2019-03-07,19.99,4.99,14.999999999999998,300.60120240480956,826,833,0.0,19.99,0.0,0
2019-03-08,19.99,4.99,14.999999999999998,300.60120240480956,827,834,0.0,19.99,0.0,0
2019-03-09,19.99,4.99,14.999999999999998,300.60120240480956,828,835,0.0,19.99,0.0,0
2019-03-10,19.99,4.99,14.999999999999998,300.60120240480956,829,836,0.0,19.99,0.0,0
2019-03-11,19.99,4.99,14.999999999999998,300.60120240480956,830,837,0.0,19.99,0.0,0
2019-03-12,19.99,4.99,14.999999999999998,300.60120240480956,831,838,0.0,19.99,0.0,0
2019-03-13,19.99,4.99,14.999999999999998,300.60120240480956,832,839,0.0,19.99,0.0,0
2019-03-14,19.99,4.99,14.999999999999998,300.60120240480956,833,840,0.0,19.99,0.0,0
2019-03-15,19.99,4.99,14.999999999999998,300.60120240480956,834,841,0.0,19.99,0.0,0
2019-03-16,19.99,4.99,14.999999999999998,300.60120240480956,835,842,0.0,19.99,0.0,0
2019-03-17,19.99,4.99,14.999999999999998,300.60120240480956,836,843,0.0,19.99,0.0,0
2019-03-18,19.99,4.99,14.999999999999998,300.60120240480956,837,844,0.0,19.99,0.0,0
2019-03-19,19.99,4.99,14.999999999999998,300.60120240480956,838,845,0.0,19.99,0.0,0
2019-03-20,19.99,4.99,14.999999999999998,300.60120240480956,839,846,0.0,19.99,0.0,0
2019-03-21,19.99,4.99,14.999999999999998,300.60120240480956,840,847,0.0,19.99,0.0,0
2019-03-22,19.99,4.99,14.999999999999998,300.60120240480956,841,848,0.0,19.99,0.0,0
2019-03-23,19.99,4.99,14.999999999999998,300.60120240480956,842,849,0.0,19.99,0.0,0
2019-03-24,19.99,4.99,14.999999999999998,300.60120240480956,843,850,0.0,19.99,0.0,0
2019-03-25,19.99,4.99,14.999999999999998,300.60120240480956,844,851,0.0,19.99,0.0,0
2019-03-26,19.99,4.99,14.999999999999998,300.60120240480956,845,852,0.0,19.99,0.0,0
2019-03-27,19.99,4.99,14.999999999999998,300.60120240480956,846,853,0.0,19.99,0.0,0
2019-03-28,19.99,4.99,14.999999999999998,300.60120240480956,847,854,0.0,19.99,0.0,0
2019-03-29,19.99,4.99,14.999999999999998,300.60120240480956,848,855,0.0,19.99,0.0,0
2019-03-30,19.99,4.99,14.999999999999998,300.60120240480956,849,856,0.0,19.99,0.0,0
2019-03-31,19.99,4.99,14.999999999999998,300.60120240480956,850,857,0.0,19.99,0.0,0
2019-04-01,19.99,4.99,14.999999999999998,300.60120240480956,851,858,0.0,19.99,0.0,0
2019-04-02,19.99,4.99,14.999999999999998,300.60120240480956,852,859,0.0,19.99,0.0,0
2019-04-03,19.99,4.99,14.999999999999998,300.60120240480956,853,860,0.0,19.99,0.0,0
2019-04-04,19.99,4.99,14.999999999999998,300.60120240480956,854,861,0.0,19.99,0.0,0
2019-04-05,19.99,4.99,14.999999999999998,300.60120240480956,855,862,0.0,19.99,0.0,0
2019-04-06,19.99,4.99,14.999999999999998,300.60120240480956,856,863,0.0,19.99,0.0,0
2019-04-07,19.99,4.99,14.999999999999998,300.60120240480956,857,864,0.0,19.99,0.0,0
2019-04-08,19.99,4.99,14.999999999999998,300.60120240480956,858,865,0.0,19.99,0.0,0
2019-04-09,19.99,4.99,14.999999999999998,300.60120240480956,859,866,0.0,19.99,0.0,0
2019-04-10,19.99,4.99,14.999999999999998,300.60120240480956,860,867,0.0,19.99,0.0,0
2019-04-11,19.99,4.99,14.999999999999998,300.60120240480956,861,868,0.0,19.99,0.0,0
2019-04-12,19.99,4.99,14.999999999999998,300.60120240480956,862,869,0.0,19.99,0.0,0
2019-04-13,19.99,4.99,14.999999999999998,300.60120240480956,863,870,0.0,19.99,0.0,0
2019-04-14,19.99,4.99,14.999999999999998,300.60120240480956,864,871,0.0,19.99,0.0,0
2019-04-15,19.99,4.99,14.999999999999998,300.60120240480956,865,872,0.0,19.99,0.0,0
2019-04-16,19.99,4.99,14.999999999999998,300.60120240480956,866,873,0.0,19.99,0.0,0
2019-04-17,19.99,4.99,14.999999999999998,300.60120240480956,867,874,0.0,19.99,0.0,0
2019-04-18,19.99,4.99,14.999999999999998,300.60120240480956,868,875,0.0,19.99,0.0,0
2019-04-19,19.99,4.99,14.999999999999998,300.60120240480956,869,876,0.0,19.99,0.0,0
2019-04-20,19.99,4.99,14.999999999999998,300.60120240480956,870,877,0.0,19.99,0.0,0
2019-04-21,19.99,4.99,14.999999999999998,300.60120240480956,871,878,0.0,19.99,0.0,0
2019-04-22,19.99,4.99,14.999999999999998,300.60120240480956,872,879,0.0,19.99,0.0,0
2019-04-23,19.99,4.99,14.999999999999998,300.60120240480956,873,880,0.0,19.99,0.0,0
2019-04-24,19.99,4.99,14.999999999999998,300.60120240480956,874,881,0.0,19.99,0.0,0
2019-04-25,19.99,4.99,14.999999999999998,300.60120240480956,875,882,0.0,19.99,0.0,0
2019-04-26,19.99,4.99,14.999999999999998,300.60120240480956,876,883,0.0,19.99,0.0,0
2019-04-27,19.99,4.99,14.999999999999998,300.60120240480956,877,884,0.0,19.99,0.0,0
2019-04-28,19.99,4.99,14.999999999999998,300.60120240480956,878,885,0.0,19.99,0.0,0
2019-04-29,19.99,4.99,14.999999999999998,300.60120240480956,879,886,0.0,19.99,0.0,0
2019-04-30,19.99,4.99,14.999999999999998,300.60120240480956,880,887,0.0,19.99,0.0,0
2019-05-01,19.99,4.99,14.999999999999998,300.60120240480956,881,888,0.0,19.99,0.0,0
2019-05-02,19.99,4.99,14.999999999999998,300.60120240480956,882,889,0.0,19.99,0.0,0
2019-05-03,19.99,4.99,14.999999999999998,300.60120240480956,883,890,0.0,19.99,0.0,0
2019-05-04,19.99,4.99,14.999999999999998,300.60120240480956,884,891,0.0,19.99,0.0,0
2019-05-05,19.99,4.99,14.999999999999998,300.60120240480956,885,892,0.0,19.99,0.0,0
2019-05-06,19.99,4.99,14.999999999999998,300.60120240480956,886,893,0.0,19.99,0.0,0
2019-05-07,19.99,4.99,14.999999999999998,300.60120240480956,887,894,0.0,19.99,0.0,0
2019-05-08,19.99,4.99,14.999999999999998,300.60120240480956,888,895,0.0,19.99,0.0,0
2019-05-09,19.99,4.99,14.999999999999998,300.60120240480956,889,896,0.0,19.99,0.0,0
2019-05-10,19.99,4.99,14.999999999999998,300.60120240480956,890,897,0.0,19.99,0.0,0
2019-05-11,19.99,4.99,14.999999999999998,300.60120240480956,891,898,0.0,19.99,0.0,0
2019-05-12,19.99,4.99,14.999999999999998,300.60120240480956,892,899,0.0,19.99,0.0,0
2019-05-13,19.99,4.99,14.999999999999998,300.60120240480956,893,900,0.0,19.99,0.0,0
2019-05-14,19.99,4.99,14.999999999999998,300.60120240480956,894,901,0.0,19.99,0.0,0
2019-05-15,19.99,4.99,14.999999999999998,300.60120240480956,895,902,0.0,19.99,0.0,0
2019-05-16,19.99,4.99,14.999999999999998,300.60120240480956,896,903,0.0,19.99,0.0,0
2019-05-17,19.99,4.99,14.999999999999998,300.60120240480956,897,904,0.0,19.99,0.0,0
2019-05-18,19.99,4.99,14.999999999999998,300.60120240480956,898,905,0.0,19.99,0.0,0
2019-05-19,19.99,4.99,14.999999999999998,300.60120240480956,899,906,0.0,19.99,0.0,0
2019-05-20,19.99,4.99,14.999999999999998,300.60120240480956,900,907,0.0,19.99,0.0,0
2019-05-21,19.99,4.99,14.999999999999998,300.60120240480956,901,908,0.0,19.99,0.0,0
2019-05-22,19.99,4.99,14.999999999999998,300.60120240480956,902,909,0.0,19.99,0.0,0
2019-05-23,19.99,4.99,14.999999999999998,300.60120240480956,903,910,0.0,19.99,0.0,0
2019-05-24,19.99,4.99,14.999999999999998,300.60120240480956,904,911,0.0,19.99,0.0,0
2019-05-25,19.99,4.99,14.999999999999998,300.60120240480956,905,912,0.0,19.99,0.0,0
2019-05-26,19.99,4.99,14.999999999999998,300.60120240480956,906,913,0.0,19.99,0.0,0
2019-05-27,19.99,4.99,14.999999999999998,300.60120240480956,907,914,0.0,19.99,0.0,0
2019-05-28,19.99,4.99,14.999999999999998,300.60120240480956,908,915,0.0,19.99,0.0,0
2019-05-29,19.99,4.99,14.999999999999998,300.60120240480956,909,916,0.0,19.99,0.0,0
2019-05-30,19.99,4.99,14.999999999999998,300.60120240480956,910,917,0.0,19.99,0.0,0
2019-05-31,19.99,4.99,14.999999999999998,300.60120240480956,911,918,0.0,19.99,0.0,0
2019-06-01,19.99,4.99,14.999999999999998,300.60120240480956,912,919,0.0,19.99,0.0,0
2019-06-02,19.99,4.99,14.999999999999998,300.60120240480956,913,920,0.0,19.99,0.0,0
2019-06-03,19.99,4.99,14.999999999999998,300.60120240480956,914,921,0.0,19.99,0.0,0
2019-06-04,19.99,4.99,14.999999999999998,300.60120240480956,915,922,0.0,19.99,0.0,0
2019-06-05,19.99,4.99,14.999999999999998,300.60120240480956,916,923,0.0,19.99,0.0,0
2019-06-06,19.99,4.99,14.999999999999998,300.60120240480956,917,924,0.0,19.99,0.0,0
2019-06-07,19.99,4.99,14.999999999999998,300.60120240480956,918,925,0.0,19.99,0.0,0
2019-06-08,19.99,4.99,14.999999999999998,300.60120240480956,919,926,0.0,19.99,0.0,0
2019-06-09,19.99,4.99,14.999999999999998,300.60120240480956,920,927,0.0,19.99,0.0,0
2019-06-10,19.99,4.99,14.999999999999998,300.60120240480956,921,928,0.0,19.99,0.0,0
2019-06-11,19.99,4.99,14.999999999999998,300.60120240480956,922,929,0.0,19.99,0.0,0
2019-06-12,19.99,4.99,14.999999999999998,300.60120240480956,923,930,0.0,19.99,0.0,0
2019-06-13,19.99,4.99,14.999999999999998,300.60120240480956,924,931,0.0,19.99,0.0,0
2019-06-14,19.99,4.99,14.999999999999998,300.60120240480956,925,932,0.0,19.99,0.0,0
2019-06-15,19.99,4.99,14.999999999999998,300.60120240480956,926,933,0.0,19.99,0.0,0
2019-06-16,19.99,4.99,14.999999999999998,300.60120240480956,927,934,0.0,19.99,0.0,0
2019-06-17,19.99,4.99,14.999999999999998,300.60120240480956,928,935,0.0,19.99,0.0,0
2019-06-18,19.99,4.99,14.999999999999998,300.60120240480956,929,936,0.0,19.99,0.0,0
2019-06-19,19.99,4.99,14.999999999999998,300.60120240480956,930,937,0.0,19.99,0.0,0
2019-06-20,19.99,4.99,14.999999999999998,300.60120240480956,931,938,0.0,19.99,0.0,0
2019-06-21,19.99,4.99,14.999999999999998,300.60120240480956,932,939,0.0,19.99,0.0,0
2019-06-22,19.99,4.99,14.999999999999998,300.60120240480956,933,940,0.0,19.99,0.0,0
2019-06-23,19.99,4.99,14.999999999999998,300.60120240480956,934,941,0.0,19.99,0.0,0
2019-06-24,19.99,4.99,14.999999999999998,300.60120240480956,935,942,0.0,19.99,0.0,0
2019-06-25,19.99,4.99,14.999999999999998,300.60120240480956,936,943,0.0,19.99,0.0,0
2019-06-26,19.99,4.99,14.999999999999998,300.60120240480956,937,944,0.0,19.99,0.0,0
2019-06-27,19.99,4.99,14.999999999999998,300.60120240480956,938,945,0.0,19.99,0.0,0
2019-06-28,19.99,4.99,14.999999999999998,300.60120240480956,939,946,0.0,19.99,0.0,0
2019-06-29,19.99,4.99,14.999999999999998,300.60120240480956,940,947,0.0,19.99,0.0,0
2019-06-30,19.99,4.99,14.999999999999998,300.60120240480956,941,948,0.0,19.99,0.0,0
2019-07-01,19.99,4.99,14.999999999999998,300.60120240480956,942,949,0.0,19.99,0.0,0
2019-07-02,19.99,4.99,14.999999999999998,300.60120240480956,943,950,0.0,19.99,0.0,0
2019-07-03,19.99,4.99,14.999999999999998,300.60120240480956,944,951,0.0,19.99,0.0,0
2019-07-04,19.99,4.99,14.999999999999998,300.60120240480956,945,952,0.0,19.99,0.0,0
2019-07-05,19.99,4.99,14.999999999999998,300.60120240480956,946,953,0.0,19.99,0.0,0
2019-07-06,19.99,4.99,14.999999999999998,300.60120240480956,947,954,0.0,19.99,0.0,0
2019-07-07,19.99,4.99,14.999999999999998,300.60120240480956,948,955,0.0,19.99,0.0,0
2019-07-08,19.99,4.99,14.999999999999998,300.60120240480956,949,956,0.0,19.99,0.0,0
2019-07-09,19.99,4.99,14.999999999999998,300.60120240480956,950,957,0.0,19.99,0.0,0
2019-07-10,19.99,4.99,14.999999999999998,300.60120240480956,951,958,0.0,19.99,0.0,0
2019-07-11,19.99,4.99,14.999999999999998,300.60120240480956,952,959,0.0,19.99,0.0,0
2019-07-12,19.99,4.99,14.999999999999998,300.60120240480956,953,960,0.0,19.99,0.0,0
2019-07-13,19.99,4.99,14.999999999999998,300.60120240480956,954,961,0.0,19.99,0.0,0
2019-07-14,19.99,4.99,14.999999999999998,300.60120240480956,955,962,0.0,19.99,0.0,0
2019-07-15,19.99,4.99,14.999999999999998,300.60120240480956,956,963,0.0,19.99,0.0,0
2019-07-16,19.99,4.99,14.999999999999998,300.60120240480956,957,964,0.0,19.99,0.0,0
2019-07-17,19.99,4.99,14.999999999999998,300.60120240480956,958,965,0.0,19.99,0.0,0
2019-07-18,19.99,4.99,14.999999999999998,300.60120240480956,959,966,0.0,19.99,0.0,0
2019-07-19,19.99,4.99,14.999999999999998,300.60120240480956,960,967,0.0,19.99,0.0,0
2019-07-20,19.99,4.99,14.999999999999998,300.60120240480956,961,968,0.0,19.99,0.0,0
2019-07-21,19.99,4.99,14.999999999999998,300.60120240480956,962,969,0.0,19.99,0.0,0
2019-07-22,19.99,4.99,14.999999999999998,300.60120240480956,963,970,0.0,19.99,0.0,0
2019-07-23,19.99,4.99,14.999999999999998,300.60120240480956,964,971,0.0,19.99,0.0,0
2019-07-24,19.99,4.99,14.999999999999998,300.60120240480956,965,972,0.0,19.99,0.0,0
2019-07-25,19.99,4.99,14.999999999999998,300.60120240480956,966,973,0.0,19.99,0.0,0
2019-07-26,19.99,4.99,14.999999999999998,300.60120240480956,967,974,0.0,19.99,0.0,0
2019-07-27,19.99,4.99,14.999999999999998,300.60120240480956,968,975,0.0,19.99,0.0,0
2019-07-28,19.99,4.99,14.999999999999998,300.60120240480956,969,976,0.0,19.99,0.0,0
2019-07-29,19.99,4.99,14.999999999999998,300.60120240480956,970,977,0.0,19.99,0.0,0
2019-07-30,19.99,4.99,14.999999999999998,300.60120240480956,971,978,0.0,19.99,0.0,0
2019-07-31,19.99,4.99,14.999999999999998,300.60120240480956,972,979,0.0,19.99,0.0,0
2019-08-01,19.99,4.99,14.999999999999998,300.60120240480956,973,980,0.0,19.99,0.0,0
2019-08-02,19.99,4.99,14.999999999999998,300.60120240480956,974,981,0.0,19.99,0.0,0
2019-08-03,19.99,4.99,14.999999999999998,300.60120240480956,975,982,0.0,19.99,0.0,0
2019-08-04,19.99,4.99,14.999999999999998,300.60120240480956,976,983,0.0,19.99,0.0,0
2019-08-05,19.99,4.99,14.999999999999998,300.60120240480956,977,984,0.0,19.99,0.0,0
2019-08-06,19.99,4.99,14.999999999999998,300.60120240480956,978,985,0.0,19.99,0.0,0
2019-08-07,19.99,4.99,14.999999999999998,300.60120240480956,979,986,0.0,19.99,0.0,0
2019-08-08,19.99,4.99,14.999999999999998,300.60120240480956,980,987,0.0,19.99,0.0,0
2019-08-09,19.99,4.99,14.999999999999998,300.60120240480956,981,988,0.0,19.99,0.0,0
2019-08-10,19.99,4.99,14.999999999999998,300.60120240480956,982,989,0.0,19.99,0.0,0
2019-08-11,19.99,4.99,14.999999999999998,300.60120240480956,983,990,0.0,19.99,0.0,0
2019-08-12,19.99,4.99,14.999999999999998,300.60120240480956,984,991,0.0,19.99,0.0,0
2019-08-13,19.99,4.99,14.999999999999998,300.60120240480956,985,992,0.0,19.99,0.0,0
2019-08-14,19.99,4.99,14.999999999999998,300.60120240480956,986,993,0.0,19.99,0.0,0
2019-08-15,19.99,4.99,14.999999999999998,300.60120240480956,987,994,0.0,19.99,0.0,0
2019-08-16,19.99,4.99,14.999999999999998,300.60120240480956,988,995,0.0,19.99,0.0,0
2019-08-17,19.99,4.99,14.999999999999998,300.60120240480956,989,996,0.0,19.99,0.0,0
2019-08-18,19.99,4.99,14.999999999999998,300.60120240480956,990,997,0.0,19.99,0.0,0
2019-08-19,19.99,4.99,14.999999999999998,300.60120240480956,991,998,0.0,19.99,0.0,0
2019-08-20,19.99,4.99,14.999999999999998,300.60120240480956,992,999,0.0,19.99,0.0,0
2019-08-21,19.99,4.99,14.999999999999998,300.60120240480956,993,1000,0.0,19.99,0.0,0
2019-08-22,19.99,4.99,14.999999999999998,300.60120240480956,994,1001,0.0,19.99,0.0,0
2019-08-23,19.99,4.99,14.999999999999998,300.60120240480956,995,1002,0.0,19.99,0.0,0
2019-08-24,19.99,4.99,14.999999999999998,300.60120240480956,996,1003,0.0,19.99,0.0,0
2019-08-25,19.99,4.99,14.999999999999998,300.60120240480956,997,1004,0.0,19.99,0.0,0
2019-08-26,19.99,4.99,14.999999999999998,300.60120240480956,998,1005,0.0,19.99,0.0,0
2019-08-27,19.99,4.99,14.999999999999998,300.60120240480956,999,1006,0.0,19.99,0.0,0
2019-08-28,19.99,4.99,14.999999999999998,300.60120240480956,1000,1007,0.0,19.99,0.0,0
2019-08-29,19.99,4.99,14.999999999999998,300.60120240480956,1001,1008,0.0,19.99,0.0,0
2019-08-30,19.99,4.99,14.999999999999998,300.60120240480956,1002,1009,0.0,19.99,0.0,0
2019-08-31,19.99,4.99,14.999999999999998,300.60120240480956,1003,1010,0.0,19.99,0.0,0
2019-09-01,19.99,4.99,14.999999999999998,300.60120240480956,1004,1011,0.0,19.99,0.0,0
2019-09-02,19.99,4.99,14.999999999999998,300.60120240480956,1005,1012,0.0,19.99,0.0,0
2019-09-03,19.99,4.99,14.999999999999998,300.60120240480956,1006,1013,0.0,19.99,0.0,0
2019-09-04,19.99,4.99,14.999999999999998,300.60120240480956,1007,1014,0.0,19.99,0.0,0
2019-09-05,19.99,4.99,14.999999999999998,300.60120240480956,1008,1015,0.0,19.99,0.0,0
2019-09-06,19.99,4.99,14.999999999999998,300.60120240480956,1009,1016,0.0,19.99,0.0,0
2019-09-07,19.99,4.99,14.999999999999998,300.60120240480956,1010,1017,0.0,19.99,0.0,0
2019-09-08,19.99,4.99,14.999999999999998,300.60120240480956,1011,1018,0.0,19.99,0.0,0
2019-09-09,19.99,4.99,14.999999999999998,300.60120240480956,1012,1019,0.0,19.99,0.0,0
2019-09-10,19.99,4.99,14.999999999999998,300.60120240480956,1013,1020,0.0,19.99,0.0,0
2019-09-11,19.99,4.99,14.999999999999998,300.60120240480956,1014,1021,0.0,19.99,0.0,0
2019-09-12,19.99,4.99,14.999999999999998,300.60120240480956,1015,1022,0.0,19.99,0.0,0
2019-09-13,19.99,4.99,14.999999999999998,300.60120240480956,1016,1023,0.0,19.99,0.0,0
2019-09-14,19.99,4.99,14.999999999999998,300.60120240480956,1017,1024,0.0,19.99,0.0,0
2019-09-15,19.99,4.99,14.999999999999998,300.60120240480956,1018,1025,0.0,19.99,0.0,0
2019-09-16,19.99,4.99,14.999999999999998,300.60120240480956,1019,1026,0.0,19.99,0.0,0
2019-09-17,19.99,4.99,14.999999999999998,300.60120240480956,1020,1027,0.0,19.99,0.0,0
2019-09-18,19.99,4.99,14.999999999999998,300.60120240480956,1021,1028,0.0,19.99,0.0,0
2019-09-19,19.99,4.99,14.999999999999998,300.60120240480956,1022,1029,0.0,19.99,0.0,0
2019-09-20,19.99,4.99,14.999999999999998,300.60120240480956,1023,1030,0.0,19.99,0.0,0
2019-09-21,19.99,4.99,14.999999999999998,300.60120240480956,1024,1031,0.0,19.99,0.0,0
2019-09-22,19.99,4.99,14.999999999999998,300.60120240480956,1025,1032,0.0,19.99,0.0,0
2019-09-23,19.99,4.99,14.999999999999998,300.60120240480956,1026,1033,0.0,19.99,0.0,0
2019-09-24,19.99,4.99,14.999999999999998,300.60120240480956,1027,1034,0.0,19.99,0.0,0
2019-09-25,19.99,4.99,14.999999999999998,300.60120240480956,1028,1035,0.0,19.99,0.0,0
2019-09-26,19.99,4.99,14.999999999999998,300.60120240480956,1029,1036,0.0,19.99,0.0,0
2019-09-27,19.99,4.99,14.999999999999998,300.60120240480956,1030,1037,0.0,19.99,0.0,0
2019-09-28,19.99,4.99,14.999999999999998,300.60120240480956,1031,1038,0.0,19.99,0.0,0
2019-09-29,19.99,4.99,14.999999999999998,300.60120240480956,1032,1039,0.0,19.99,0.0,0
2019-09-30,19.99,4.99,14.999999999999998,300.60120240480956,1033,1040,0.0,19.99,0.0,0
2019-10-01,19.99,4.99,14.999999999999998,300.60120240480956,1034,1041,0.0,19.99,0.0,0
2019-10-02,19.99,4.99,14.999999999999998,300.60120240480956,1035,1042,0.0,19.99,0.0,0
2019-10-03,19.99,4.99,14.999999999999998,300.60120240480956,1036,1043,0.0,19.99,0.0,0
2019-10-04,19.99,4.99,14.999999999999998,300.60120240480956,1037,1044,0.0,19.99,0.0,0
2019-10-05,19.99,4.99,14.999999999999998,300.60120240480956,1038,1045,0.0,19.99,0.0,0
2019-10-06,19.99,4.99,14.999999999999998,300.60120240480956,1039,1046,0.0,19.99,0.0,0
2019-10-07,19.99,4.99,14.999999999999998,300.60120240480956,1040,1047,0.0,19.99,0.0,0
2019-10-08,19.99,4.99,14.999999999999998,300.60120240480956,1041,1048,0.0,19.99,0.0,0
2019-10-09,19.99,4.99,14.999999999999998,300.60120240480956,1042,1049,0.0,19.99,0.0,0
2019-10-10,19.99,4.99,14.999999999999998,300.60120240480956,1043,1050,0.0,19.99,0.0,0
2019-10-11,19.99,4.99,14.999999999999998,300.60120240480956,1044,1051,0.0,19.99,0.0,0
2019-10-12,19.99,4.99,14.999999999999998,300.60120240480956,1045,1052,0.0,19.99,0.0,0
2019-10-13,19.99,4.99,14.999999999999998,300.60120240480956,1046,1053,0.0,19.99,0.0,0
2019-10-14,19.99,4.99,14.999999999999998,300.60120240480956,1047,1054,0.0,19.99,0.0,0
2019-10-15,19.99,4.99,14.999999999999998,300.60120240480956,1048,1055,0.0,19.99,0.0,0
2019-10-16,19.99,4.99,14.999999999999998,300.60120240480956,1049,1056,0.0,19.99,0.0,0
2019-10-17,19.99,4.99,14.999999999999998,300.60120240480956,1050,1057,0.0,19.99,0.0,0
2019-10-18,19.99,4.99,14.999999999999998,300.60120240480956,1051,1058,0.0,19.99,0.0,0
2019-10-19,19.99,4.99,14.999999999999998,300.60120240480956,1052,1059,0.0,19.99,0.0,0
2019-10-20,19.99,4.99,14.999999999999998,300.60120240480956,1053,1060,0.0,19.99,0.0,0
2019-10-21,19.99,4.99,14.999999999999998,300.60120240480956,1054,1061,0.0,19.99,0.0,0
2019-10-22,19.99,4.99,14.999999999999998,300.60120240480956,1055,1062,0.0,19.99,0.0,0
2019-10-23,19.99,4.99,14.999999999999998,300.60120240480956,1056,1063,0.0,19.99,0.0,0
2019-10-24,19.99,4.99,14.999999999999998,300.60120240480956,1057,1064,0.0,19.99,0.0,0
2019-10-25,19.99,4.99,14.999999999999998,300.60120240480956,1058,1065,0.0,19.99,0.0,0
2019-10-26,19.99,4.99,14.999999999999998,300.60120240480956,1059,1066,0.0,19.99,0.0,0
2019-10-27,19.99,4.99,14.999999999999998,300.60120240480956,1060,1067,0.0,19.99,0.0,0
2019-10-28,19.99,4.99,14.999999999999998,300.60120240480956,1061,1068,0.0,19.99,0.0,0
2019-10-29,19.99,4.99,14.999999999999998,300.60120240480956,1062,1069,0.0,19.99,0.0,0
2019-10-30,19.99,4.99,14.999999999999998,300.60120240480956,1063,1070,0.0,19.99,0.0,0
2019-10-31,19.99,4.99,14.999999999999998,300.60120240480956,1064,1071,0.0,19.99,0.0,0
2019-11-01,19.99,4.99,14.999999999999998,300.60120240480956,1065,1072,0.0,19.99,0.0,0
2019-11-02,19.99,4.99,14.999999999999998,300.60120240480956,1066,1073,0.0,19.99,0.0,0
2019-11-03,19.99,4.99,14.999999999999998,300.60120240480956,1067,1074,0.0,19.99,0.0,0
2019-11-04,19.99,4.99,14.999999999999998,300.60120240480956,1068,1075,0.0,19.99,0.0,0
2019-11-05,19.99,4.99,14.999999999999998,300.60120240480956,1069,1076,0.0,19.99,0.0,0
2019-11-06,19.99,4.99,14.999999999999998,300.60120240480956,1070,1077,0.0,19.99,0.0,0
2019-11-07,19.99,4.99,14.999999999999998,300.60120240480956,1071,1078,0.0,19.99,0.0,0
2019-11-08,19.99,4.99,14.999999999999998,300.60120240480956,1072,1079,0.0,19.99,0.0,0
2019-11-09,19.99,4.99,14.999999999999998,300.60120240480956,1073,1080,0.0,19.99,0.0,0
2019-11-10,19.99,4.99,14.999999999999998,300.60120240480956,1074,1081,0.0,19.99,0.0,0
2019-11-11,19.99,4.99,14.999999999999998,300.60120240480956,1075,1082,0.0,19.99,0.0,0
2019-11-12,19.99,4.99,14.999999999999998,300.60120240480956,1076,1083,0.0,19.99,0.0,0
2019-11-13,19.99,4.99,14.999999999999998,300.60120240480956,1077,1084,0.0,19.99,0.0,0
2019-11-14,19.99,4.99,14.999999999999998,300.60120240480956,1078,1085,0.0,19.99,0.0,0
2019-11-15,19.99,4.99,14.999999999999998,300.60120240480956,1079,1086,0.0,19.99,0.0,0
2019-11-16,19.99,4.99,14.999999999999998,300.60120240480956,1080,1087,0.0,19.99,0.0,0
2019-11-17,19.99,4.99,14.999999999999998,300.60120240480956,1081,1088,0.0,19.99,0.0,0
2019-11-18,19.99,4.99,14.999999999999998,300.60120240480956,1082,1089,0.0,19.99,0.0,0
2019-11-19,19.99,4.99,14.999999999999998,300.60120240480956,1083,1090,0.0,19.99,0.0,0
2019-11-20,19.99,4.99,14.999999999999998,300.60120240480956,1084,1091,0.0,19.99,0.0,0
2019-11-21,19.99,4.99,14.999999999999998,300.60120240480956,1085,1092,0.0,19.99,0.0,0
2019-11-22,19.99,4.99,14.999999999999998,300.60120240480956,1086,1093,0.0,19.99,0.0,0
2019-11-23,19.99,4.99,14.999999999999998,300.60120240480956,1087,1094,0.0,19.99,0.0,0
2019-11-24,19.99,4.99,14.999999999999998,300.60120240480956,1088,1095,0.0,19.99,0.0,0
2019-11-25,19.99,4.99,14.999999999999998,300.60120240480956,1089,1096,0.0,19.99,0.0,0
2019-11-26,19.99,4.99,14.999999999999998,300.60120240480956,1090,1097,0.0,19.99,0.0,0
2019-11-27,19.99,4.99,14.999999999999998,300.60120240480956,1091,1098,0.0,19.99,0.0,0
2019-11-28,19.99,4.99,14.999999999999998,300.60120240480956,1092,1099,0.0,19.99,0.0,0
2019-11-29,19.99,4.99,14.999999999999998,300.60120240480956,1093,1100,0.0,19.99,0.0,0
2019-11-30,19.99,4.99,14.999999999999998,300.60120240480956,1094,1101,0.0,19.99,0.0,0
2019-12-01,19.99,4.99,14.999999999999998,300.60120240480956,1095,1102,0.0,19.99,0.0,0
2019-12-02,19.99,4.99,14.999999999999998,300.60120240480956,1096,1103,0.0,19.99,0.0,0
2019-12-03,19.99,4.99,14.999999999999998,300.60120240480956,1097,1104,0.0,19.99,0.0,0
2019-12-04,19.99,4.99,14.999999999999998,300.60120240480956,1098,1105,0.0,19.99,0.0,0
2019-12-05,19.99,4.99,14.999999999999998,300.60120240480956,1099,1106,0.0,19.99,0.0,0
2019-12-06,19.99,4.99,14.999999999999998,300.60120240480956,1100,1107,0.0,19.99,0.0,0
2019-12-07,19.99,4.99,14.999999999999998,300.60120240480956,1101,1108,0.0,19.99,0.0,0
2019-12-08,19.99,4.99,14.999999999999998,300.60120240480956,1102,1109,0.0,19.99,0.0,0
2019-12-09,19.99,4.99,14.999999999999998,300.60120240480956,1103,1110,0.0,19.99,0.0,0
2019-12-10,19.99,4.99,14.999999999999998,300.60120240480956,1104,1111,0.0,19.99,0.0,0
2019-12-11,19.99,4.99,14.999999999999998,300.60120240480956,1105,1112,0.0,19.99,0.0,0
2019-12-12,19.99,4.99,14.999999999999998,300.60120240480956,1106,1113,0.0,19.99,0.0,0
2019-12-13,19.99,4.99,14.999999999999998,300.60120240480956,1107,1114,0.0,19.99,0.0,0
2019-12-14,19.99,4.99,14.999999999999998,300.60120240480956,1108,1115,0.0,19.99,0.0,0
2019-12-15,19.99,4.99,14.999999999999998,300.60120240480956,1109,1116,0.0,19.99,0.0,0
2019-12-16,19.99,4.99,14.999999999999998,300.60120240480956,1110,1117,0.0,19.99,0.0,0
2019-12-17,19.99,4.99,14.999999999999998,300.60120240480956,1111,1118,0.0,19.99,0.0,0
2019-12-18,19.99,4.99,14.999999999999998,300.60120240480956,1112,1119,0.0,19.99,0.0,0
2019-12-19,19.99,4.99,14.999999999999998,300.60120240480956,1113,1120,0.0,19.99,0.0,0
2019-12-20,19.99,4.99,14.999999999999998,300.60120240480956,1114,1121,0.0,19.99,0.0,0
2019-12-21,19.99,4.99,14.999999999999998,300.60120240480956,1115,1122,0.0,19.99,0.0,0
2019-12-22,19.99,4.99,14.999999999999998,300.60120240480956,1116,1123,0.0,19.99,0.0,0
2019-12-23,19.99,4.99,14.999999999999998,300.60120240480956,1117,1124,0.0,19.99,0.0,0
2019-12-24,19.99,4.99,14.999999999999998,300.60120240480956,1118,1125,0.0,19.99,0.0,0
2019-12-25,19.99,4.99,14.999999999999998,300.60120240480956,1119,1126,0.0,19.99,0.0,0
2019-12-26,19.99,4.99,14.999999999999998,300.60120240480956,1120,1127,0.0,19.99,0.0,0
2019-12-27,19.99,4.99,14.999999999999998,300.60120240480956,1121,1128,0.0,19.99,0.0,0
2019-12-28,19.99,4.99,14.999999999999998,300.60120240480956,1122,1129,0.0,19.99,0.0,0
2019-12-29,19.99,4.99,14.999999999999998,300.60120240480956,1123,1130,0.0,19.99,0.0,0
2019-12-30,19.99,4.99,14.999999999999998,300.60120240480956,1124,1131,0.0,19.99,0.0,0
2019-12-31,19.99,4.99,14.999999999999998,300.60120240480956,1125,1132,0.0,19.99,0.0,0
2020-01-01,19.99,4.99,14.999999999999998,300.60120240480956,1126,1133,0.0,19.99,0.0,0
2020-01-02,19.99,4.99,14.999999999999998,300.60120240480956,1127,1134,0.0,19.99,0.0,0
2020-01-03,19.99,4.99,14.999999999999998,300.60120240480956,1128,1135,0.0,19.99,0.0,0
2020-01-04,19.99,4.99,14.999999999999998,300.60120240480956,1129,1136,0.0,19.99,0.0,0
2020-01-05,19.99,4.99,14.999999999999998,300.60120240480956,1130,1137,0.0,19.99,0.0,0
2020-01-06,19.99,4.99,14.999999999999998,300.60120240480956,1131,1138,0.0,19.99,0.0,0
2020-01-07,19.99,4.99,14.999999999999998,300.60120240480956,1132,1139,0.0,19.99,0.0,0
2020-01-08,19.99,4.99,14.999999999999998,300.60120240480956,1133,1140,0.0,19.99,0.0,0
2020-01-09,19.99,4.99,14.999999999999998,300.60120240480956,1134,1141,0.0,19.99,0.0,0
2020-01-10,19.99,4.99,14.999999999999998,300.60120240480956,1135,1142,0.0,19.99,0.0,0
2020-01-11,19.99,4.99,14.999999999999998,300.60120240480956,1136,1143,0.0,19.99,0.0,0
2020-01-12,19.99,4.99,14.999999999999998,300.60120240480956,1137,1144,0.0,19.99,0.0,0
2020-01-13,19.99,4.99,14.999999999999998,300.60120240480956,1138,1145,0.0,19.99,0.0,0
2020-01-14,19.99,4.99,14.999999999999998,300.60120240480956,1139,1146,0.0,19.99,0.0,0
2020-01-15,19.99,4.99,14.999999999999998,300.60120240480956,1140,1147,0.0,19.99,0.0,0
2020-01-16,19.99,4.99,14.999999999999998,300.60120240480956,1141,1148,0.0,19.99,0.0,0
2020-01-17,19.99,4.99,14.999999999999998,300.60120240480956,1142,1149,0.0,19.99,0.0,0
2020-01-18,19.99,4.99,14.999999999999998,300.60120240480956,1143,1150,0.0,19.99,0.0,0
2020-01-19,19.99,4.99,14.999999999999998,300.60120240480956,1144,1151,0.0,19.99,0.0,0
2020-01-20,19.99,4.99,14.999999999999998,300.60120240480956,1145,1152,0.0,19.99,0.0,0
2020-01-21,19.99,4.99,14.999999999999998,300.60120240480956,1146,1153,0.0,19.99,0.0,0
2020-01-22,19.99,4.99,14.999999999999998,300.60120240480956,1147,1154,0.0,19.99,0.0,0
2020-01-23,19.99,4.99,14.999999999999998,300.60120240480956,1148,1155,0.0,19.99,0.0,0
2020-01-24,19.99,4.99,14.999999999999998,300.60120240480956,1149,1156,0.0,19.99,0.0,0
2020-01-25,19.99,4.99,14.999999999999998,300.60120240480956,1150,1157,0.0,19.99,0.0,0
2020-01-26,19.99,4.99,14.999999999999998,300.60120240480956,1151,1158,0.0,19.99,0.0,0
2020-01-27,19.99,4.99,14.999999999999998,300.60120240480956,1152,1159,0.0,19.99,0.0,0
2020-01-28,19.99,4.99,14.999999999999998,300.60120240480956,1153,1160,0.0,19.99,0.0,0
2020-01-29,19.99,4.99,14.999999999999998,300.60120240480956,1154,1161,0.0,19.99,0.0,0
2020-01-30,19.99,4.99,14.999999999999998,300.60120240480956,1155,1162,0.0,19.99,0.0,0
2020-01-31,19.99,4.99,14.999999999999998,300.60120240480956,1156,1163,0.0,19.99,0.0,0
2020-02-01,19.99,4.99,14.999999999999998,300.60120240480956,1157,1164,0.0,19.99,0.0,0
2020-02-02,19.99,4.99,14.999999999999998,300.60120240480956,1158,1165,0.0,19.99,0.0,0
2020-02-03,19.99,4.99,14.999999999999998,300.60120240480956,1159,1166,0.0,19.99,0.0,0
2020-02-04,19.99,4.99,14.999999999999998,300.60120240480956,1160,1167,0.0,19.99,0.0,0
2020-02-05,19.99,4.99,14.999999999999998,300.60120240480956,1161,1168,0.0,19.99,0.0,0
2020-02-06,19.99,4.99,14.999999999999998,300.60120240480956,1162,1169,0.0,19.99,0.0,0
2020-02-07,19.99,4.99,14.999999999999998,300.60120240480956,1163,1170,0.0,19.99,0.0,0
2020-02-08,19.99,4.99,14.999999999999998,300.60120240480956,1164,1171,0.0,19.99,0.0,0
2020-02-09,19.99,4.99,14.999999999999998,300.60120240480956,1165,1172,0.0,19.99,0.0,0
2020-02-10,19.99,4.99,14.999999999999998,300.60120240480956,1166,1173,0.0,19.99,0.0,0
2020-02-11,19.99,4.99,14.999999999999998,300.60120240480956,1167,1174,0.0,19.99,0.0,0
2020-02-12,19.99,4.99,14.999999999999998,300.60120240480956,1168,1175,0.0,19.99,0.0,0
2020-02-13,19.99,4.99,14.999999999999998,300.60120240480956,1169,1176,0.0,19.99,0.0,0
2020-02-14,19.99,4.99,14.999999999999998,300.60120240480956,1170,1177,0.0,19.99,0.0,0
2020-02-15,19.99,4.99,14.999999999999998,300.60120240480956,1171,1178,0.0,19.99,0.0,0
2020-02-16,19.99,4.99,14.999999999999998,300.60120240480956,1172,1179,0.0,19.99,0.0,0
2020-02-17,19.99,4.99,14.999999999999998,300.60120240480956,1173,1180,0.0,19.99,0.0,0
2020-02-18,19.99,4.99,14.999999999999998,300.60120240480956,1174,1181,0.0,19.99,0.0,0
2020-02-19,19.99,4.99,14.999999999999998,300.60120240480956,1175,1182,0.0,19.99,0.0,0
2020-02-20,19.99,4.99,14.999999999999998,300.60120240480956,1176,1183,0.0,19.99,0.0,0
2020-02-21,19.99,4.99,14.999999999999998,300.60120240480956,1177,1184,0.0,19.99,0.0,0
2020-02-22,19.99,4.99,14.999999999999998,300.60120240480956,1178,1185,0.0,19.99,0.0,0
2020-02-23,19.99,4.99,14.999999999999998,300.60120240480956,1179,1186,0.0,19.99,0.0,0
2020-02-24,19.99,4.99,14.999999999999998,300.60120240480956,1180,1187,0.0,19.99,0.0,0
2020-02-25,19.99,4.99,14.999999999999998,300.60120240480956,1181,1188,0.0,19.99,0.0,0
2020-02-26,19.99,4.99,14.999999999999998,300.60120240480956,1182,1189,0.0,19.99,0.0,0
2020-02-27,19.99,4.99,14.999999999999998,300.60120240480956,1183,1190,0.0,19.99,0.0,0
2020-02-28,19.99,4.99,14.999999999999998,300.60120240480956,1184,1191,0.0,19.99,0.0,0
2020-02-29,19.99,4.99,14.999999999999998,300.60120240480956,1185,1192,0.0,19.99,0.0,0
2020-03-01,19.99,4.99,14.999999999999998,300.60120240480956,1186,1193,0.0,19.99,0.0,0
2020-03-02,19.99,4.99,14.999999999999998,300.60120240480956,1187,1194,0.0,19.99,0.0,0
2020-03-03,19.99,4.99,14.999999999999998,300.60120240480956,1188,1195,0.0,19.99,0.0,0
2020-03-04,19.99,4.99,14.999999999999998,300.60120240480956,1189,1196,0.0,19.99,0.0,0
2020-03-05,19.99,4.99,14.999999999999998,300.60120240480956,1190,1197,0.0,19.99,0.0,0
2020-03-06,19.99,4.99,14.999999999999998,300.60120240480956,1191,1198,0.0,19.99,0.0,0
2020-03-07,19.99,4.99,14.999999999999998,300.60120240480956,1192,1199,0.0,19.99,0.0,0
2020-03-08,19.99,4.99,14.999999999999998,300.60120240480956,1193,1200,0.0,19.99,0.0,0
2020-03-09,19.99,4.99,14.999999999999998,300.60120240480956,1194,1201,0.0,19.99,0.0,0
2020-03-10,19.99,4.99,14.999999999999998,300.60120240480956,1195,1202,0.0,19.99,0.0,0
2020-03-11,19.99,4.99,14.999999999999998,300.60120240480956,1196,1203,0.0,19.99,0.0,0
2020-03-12,19.99,4.99,14.999999999999998,300.60120240480956,1197,1204,0.0,19.99,0.0,0
2020-03-13,19.99,4.99,14.999999999999998,300.60120240480956,1198,1205,0.0,19.99,0.0,0
2020-03-14,19.99,4.99,14.999999999999998,300.60120240480956,1199,1206,0.0,19.99,0.0,0
2020-03-15,19.99,4.99,14.999999999999998,300.60120240480956,1200,1207,0.0,19.99,0.0,0
2020-03-16,19.99,4.99,14.999999999999998,300.60120240480956,1201,1208,0.0,19.99,0.0,0
2020-03-17,19.99,4.99,14.999999999999998,300.60120240480956,1202,1209,0.0,19.99,0.0,0
2020-03-18,19.99,4.99,14.999999999999998,300.60120240480956,1203,1210,0.0,19.99,0.0,0
2020-03-19,19.99,4.99,14.999999999999998,300.60120240480956,1204,1211,0.0,19.99,0.0,0
2020-03-20,19.99,4.99,14.999999999999998,300.60120240480956,1205,1212,0.0,19.99,0.0,0
2020-03-21,19.99,4.99,14.999999999999998,300.60120240480956,1206,1213,0.0,19.99,0.0,0
2020-03-22,19.99,4.99,14.999999999999998,300.60120240480956,1207,1214,0.0,19.99,0.0,0
2020-03-23,19.99,4.99,14.999999999999998,300.60120240480956,1208,1215,0.0,19.99,0.0,0
2020-03-24,19.99,4.99,14.999999999999998,300.60120240480956,1209,1216,0.0,19.99,0.0,0
2020-03-25,19.99,4.99,14.999999999999998,300.60120240480956,1210,1217,0.0,19.99,0.0,0
2020-03-26,19.99,4.99,14.999999999999998,300.60120240480956,1211,1218,0.0,19.99,0.0,0
2020-03-27,19.99,4.99,14.999999999999998,300.60120240480956,1212,1219,0.0,19.99,0.0,0
2020-03-28,19.99,4.99,14.999999999999998,300.60120240480956,1213,1220,0.0,19.99,0.0,0
2020-03-29,19.99,4.99,14.999999999999998,300.60120240480956,1214,1221,0.0,19.99,0.0,0
2020-03-30,19.99,4.99,14.999999999999998,300.60120240480956,1215,1222,0.0,19.99,0.0,0
2020-03-31,19.99,4.99,14.999999999999998,300.60120240480956,1216,1223,0.0,19.99,0.0,0
2020-04-01,19.99,4.99,14.999999999999998,300.60120240480956,1217,1224,0.0,19.99,0.0,0
2020-04-02,19.99,4.99,14.999999999999998,300.60120240480956,1218,1225,0.0,19.99,0.0,0
2020-04-03,19.99,4.99,14.999999999999998,300.60120240480956,1219,1226,0.0,19.99,0.0,0
2020-04-04,19.99,4.99,14.999999999999998,300.60120240480956,1220,1227,0.0,19.99,0.0,0
2020-04-05,19.99,4.99,14.999999999999998,300.60120240480956,1221,1228,0.0,19.99,0.0,0
2020-04-06,19.99,4.99,14.999999999999998,300.60120240480956,1222,1229,0.0,19.99,0.0,0
2020-04-07,19.99,4.99,14.999999999999998,300.60120240480956,1223,1230,0.0,19.99,0.0,0
2020-04-08,19.99,4.99,14.999999999999998,300.60120240480956,1224,1231,0.0,19.99,0.0,0
2020-04-09,19.99,4.99,14.999999999999998,300.60120240480956,1225,1232,0.0,19.99,0.0,0
2020-04-10,19.99,4.99,14.999999999999998,300.60120240480956,1226,1233,0.0,19.99,0.0,0
2020-04-11,19.99,4.99,14.999999999999998,300.60120240480956,1227,1234,0.0,19.99,0.0,0
2020-04-12,19.99,4.99,14.999999999999998,300.60120240480956,1228,1235,0.0,19.99,0.0,0
2020-04-13,19.99,4.99,14.999999999999998,300.60120240480956,1229,1236,0.0,19.99,0.0,0
2020-04-14,19.99,4.99,14.999999999999998,300.60120240480956,1230,1237,0.0,19.99,0.0,0
2020-04-15,19.99,4.99,14.999999999999998,300.60120240480956,1231,1238,0.0,19.99,0.0,0
2020-04-16,19.99,4.99,14.999999999999998,300.60120240480956,1232,1239,0.0,19.99,0.0,0
2020-04-17,19.99,4.99,14.999999999999998,300.60120240480956,1233,1240,0.0,19.99,0.0,0
2020-04-18,19.99,4.99,14.999999999999998,300.60120240480956,1234,1241,0.0,19.99,0.0,0
2020-04-19,19.99,4.99,14.999999999999998,300.60120240480956,1235,1242,0.0,19.99,0.0,0
2020-04-20,19.99,4.99,14.999999999999998,300.60120240480956,1236,1243,0.0,19.99,0.0,0
2020-04-21,19.99,4.99,14.999999999999998,300.60120240480956,1237,1244,0.0,19.99,0.0,0
2020-04-22,19.99,4.99,14.999999999999998,300.60120240480956,1238,1245,0.0,19.99,0.0,0
2020-04-23,19.99,4.99,14.999999999999998,300.60120240480956,1239,1246,0.0,19.99,0.0,0
2020-04-24,19.99,4.99,14.999999999999998,300.60120240480956,1240,1247,0.0,19.99,0.0,0
2020-04-25,19.99,4.99,14.999999999999998,300.60120240480956,1241,1248,0.0,19.99,0.0,0
2020-04-26,19.99,4.99,14.999999999999998,300.60120240480956,1242,1249,0.0,19.99,0.0,0
2020-04-27,19.99,4.99,14.999999999999998,300.60120240480956,1243,1250,0.0,19.99,0.0,0
2020-04-28,19.99,4.99,14.999999999999998,300.60120240480956,1244,1251,0.0,19.99,0.0,0
2020-04-29,19.99,4.99,14.999999999999998,300.60120240480956,1245,1252,0.0,19.99,0.0,0
2020-04-30,19.99,4.99,14.999999999999998,300.60120240480956,1246,1253,0.0,19.99,0.0,0
2020-05-01,19.99,4.99,14.999999999999998,300.60120240480956,1247,1254,0.0,19.99,0.0,0
2020-05-02,19.99,4.99,14.999999999999998,300.60120240480956,1248,1255,0.0,19.99,0.0,0
2020-05-03,19.99,4.99,14.999999999999998,300.60120240480956,1249,1256,0.0,19.99,0.0,0
2020-05-04,19.99,4.99,14.999999999999998,300.60120240480956,1250,1257,0.0,19.99,0.0,0
2020-05-05,19.99,4.99,14.999999999999998,300.60120240480956,1251,1258,0.0,19.99,0.0,0
2020-05-06,19.99,4.99,14.999999999999998,300.60120240480956,1252,1259,0.0,19.99,0.0,0
2020-05-07,19.99,4.99,14.999999999999998,300.60120240480956,1253,1260,0.0,19.99,0.0,0
2020-05-08,19.99,4.99,14.999999999999998,300.60120240480956,1254,1261,0.0,19.99,0.0,0
2020-05-09,19.99,4.99,14.999999999999998,300.60120240480956,1255,1262,0.0,19.99,0.0,0
2020-05-10,19.99,4.99,14.999999999999998,300.60120240480956,1256,1263,0.0,19.99,0.0,0
2020-05-11,19.99,4.99,14.999999999999998,300.60120240480956,1257,1264,0.0,19.99,0.0,0
2020-05-12,19.99,4.99,14.999999999999998,300.60120240480956,1258,1265,0.0,19.99,0.0,0
2020-05-13,19.99,4.99,14.999999999999998,300.60120240480956,1259,1266,0.0,19.99,0.0,0
2020-05-14,19.99,4.99,14.999999999999998,300.60120240480956,1260,1267,0.0,19.99,0.0,0
2020-05-15,19.99,4.99,14.999999999999998,300.60120240480956,1261,1268,0.0,19.99,0.0,0
2020-05-16,19.99,4.99,14.999999999999998,300.60120240480956,1262,1269,0.0,19.99,0.0,0
2020-05-17,19.99,4.99,14.999999999999998,300.60120240480956,1263,1270,0.0,19.99,0.0,0
2020-05-18,19.99,4.99,14.999999999999998,300.60120240480956,1264,1271,0.0,19.99,0.0,0
2020-05-19,19.99,4.99,14.999999999999998,300.60120240480956,1265,1272,0.0,19.99,0.0,0
2020-05-20,19.99,4.99,14.999999999999998,300.60120240480956,1266,1273,0.0,19.99,0.0,0
2020-05-21,19.99,4.99,14.999999999999998,300.60120240480956,1267,1274,0.0,19.99,0.0,0
2020-05-22,19.99,4.99,14.999999999999998,300.60120240480956,1268,1275,0.0,19.99,0.0,0
2020-05-23,19.99,4.99,14.999999999999998,300.60120240480956,1269,1276,0.0,19.99,0.0,0
2020-05-24,19.99,4.99,14.999999999999998,300.60120240480956,1270,1277,0.0,19.99,0.0,0
2020-05-25,19.99,4.99,14.999999999999998,300.60120240480956,1271,1278,0.0,19.99,0.0,0
2020-05-26,19.99,4.99,14.999999999999998,300.60120240480956,1272,1279,0.0,19.99,0.0,0
2020-05-27,19.99,4.99,14.999999999999998,300.60120240480956,1273,1280,0.0,19.99,0.0,0
2020-05-28,19.99,4.99,14.999999999999998,300.60120240480956,1274,1281,0.0,19.99,0.0,0
2020-05-29,19.99,4.99,14.999999999999998,300.60120240480956,1275,1282,0.0,19.99,0.0,0
2020-05-30,19.99,4.99,14.999999999999998,300.60120240480956,1276,1283,0.0,19.99,0.0,0
2020-05-31,19.99,4.99,14.999999999999998,300.60120240480956,1277,1284,0.0,19.99,0.0,0
2020-06-01,19.99,4.99,14.999999999999998,300.60120240480956,1278,1285,0.0,19.99,0.0,0
2020-06-02,19.99,4.99,14.999999999999998,300.60120240480956,1279,1286,0.0,19.99,0.0,0
2020-06-03,19.99,4.99,14.999999999999998,300.60120240480956,1280,1287,0.0,19.99,0.0,0
2020-06-04,19.99,4.99,14.999999999999998,300.60120240480956,1281,1288,0.0,19.99,0.0,0
2020-06-05,19.99,4.99,14.999999999999998,300.60120240480956,1282,1289,0.0,19.99,0.0,0
2020-06-06,19.99,4.99,14.999999999999998,300.60120240480956,1283,1290,0.0,19.99,0.0,0
2020-06-07,19.99,4.99,14.999999999999998,300.60120240480956,1284,1291,0.0,19.99,0.0,0
2020-06-08,19.99,4.99,14.999999999999998,300.60120240480956,1285,1292,0.0,19.99,0.0,0
2020-06-09,19.99,4.99,14.999999999999998,300.60120240480956,1286,1293,0.0,19.99,0.0,0
2020-06-10,19.99,4.99,14.999999999999998,300.60120240480956,1287,1294,0.0,19.99,0.0,0
2020-06-11,19.99,4.99,14.999999999999998,300.60120240480956,1288,1295,0.0,19.99,0.0,0
2020-06-12,19.99,4.99,14.999999999999998,300.60120240480956,1289,1296,0.0,19.99,0.0,0
2020-06-13,19.99,4.99,14.999999999999998,300.60120240480956,1290,1297,0.0,19.99,0.0,0
2020-06-14,19.99,4.99,14.999999999999998,300.60120240480956,1291,1298,0.0,19.99,0.0,0
2020-06-15,19.99,4.99,14.999999999999998,300.60120240480956,1292,1299,0.0,19.99,0.0,0
2020-06-16,19.99,4.99,14.999999999999998,300.60120240480956,1293,1300,0.0,19.99,0.0,0
2020-06-17,19.99,4.99,14.999999999999998,300.60120240480956,1294,1301,0.0,19.99,0.0,0
2020-06-18,19.99,4.99,14.999999999999998,300.60120240480956,1295,1302,0.0,19.99,0.0,0
2020-06-19,19.99,4.99,14.999999999999998,300.60120240480956,1296,1303,0.0,19.99,0.0,0
2020-06-20,19.99,4.99,14.999999999999998,300.60120240480956,1297,1304,0.0,19.99,0.0,0
2020-06-21,19.99,4.99,14.999999999999998,300.60120240480956,1298,1305,0.0,19.99,0.0,0
2020-06-22,19.99,4.99,14.999999999999998,300.60120240480956,1299,1306,0.0,19.99,0.0,0
2020-06-23,19.99,4.99,14.999999999999998,300.60120240480956,1300,1307,0.0,19.99,0.0,0
2020-06-24,19.99,4.99,14.999999999999998,300.60120240480956,1301,1308,0.0,19.99,0.0,0
2020-06-25,19.99,4.99,14.999999999999998,300.60120240480956,1302,1309,0.0,19.99,0.0,0
2020-06-26,19.99,4.99,14.999999999999998,300.60120240480956,1303,1310,0.0,19.99,0.0,0
2020-06-27,19.99,4.99,14.999999999999998,300.60120240480956,1304,1311,0.0,19.99,0.0,0
2020-06-28,19.99,4.99,14.999999999999998,300.60120240480956,1305,1312,0.0,19.99,0.0,0
2020-06-29,19.99,4.99,14.999999999999998,300.60120240480956,1306,1313,0.0,19.99,0.0,0
2020-06-30,19.99,4.99,14.999999999999998,300.60120240480956,1307,1314,0.0,19.99,0.0,0
2020-07-01,19.99,4.99,14.999999999999998,300.60120240480956,1308,1315,0.0,19.99,0.0,0
2020-07-02,19.99,4.99,14.999999999999998,300.60120240480956,1309,1316,0.0,19.99,0.0,0
2020-07-03,19.99,4.99,14.999999999999998,300.60120240480956,1310,1317,0.0,19.99,0.0,0
2020-07-04,19.99,4.99,14.999999999999998,300.60120240480956,1311,1318,0.0,19.99,0.0,0
2020-07-05,19.99,4.99,14.999999999999998,300.60120240480956,1312,1319,0.0,19.99,0.0,0
2020-07-06,19.99,4.99,14.999999999999998,300.60120240480956,1313,1320,0.0,19.99,0.0,0
2020-07-07,19.99,4.99,14.999999999999998,300.60120240480956,1314,1321,0.0,19.99,0.0,0
2020-07-08,19.99,4.99,14.999999999999998,300.60120240480956,1315,1322,0.0,19.99,0.0,0
2020-07-09,19.99,4.99,14.999999999999998,300.60120240480956,1316,1323,0.0,19.99,0.0,0
2020-07-10,19.99,4.99,14.999999999999998,300.60120240480956,1317,1324,0.0,19.99,0.0,0
2020-07-11,19.99,4.99,14.999999999999998,300.60120240480956,1318,1325,0.0,19.99,0.0,0
2020-07-12,19.99,4.99,14.999999999999998,300.60120240480956,1319,1326,0.0,19.99,0.0,0
2020-07-13,19.99,4.99,14.999999999999998,300.60120240480956,1320,1327,0.0,19.99,0.0,0
2020-07-14,19.99,4.99,14.999999999999998,300.60120240480956,1321,1328,0.0,19.99,0.0,0
2020-07-15,19.99,4.99,14.999999999999998,300.60120240480956,1322,1329,0.0,19.99,0.0,0
2020-07-16,19.99,4.99,14.999999999999998,300.60120240480956,1323,1330,0.0,19.99,0.0,0
2020-07-17,19.99,4.99,14.999999999999998,300.60120240480956,1324,1331,0.0,19.99,0.0,0
2020-07-18,19.99,4.99,14.999999999999998,300.60120240480956,1325,1332,0.0,19.99,0.0,0
2020-07-19,19.99,4.99,14.999999999999998,300.60120240480956,1326,1333,0.0,19.99,0.0,0
2020-07-20,19.99,4.99,14.999999999999998,300.60120240480956,1327,1334,0.0,19.99,0.0,0
2020-07-21,19.99,4.99,14.999999999999998,300.60120240480956,1328,1335,0.0,19.99,0.0,0
2020-07-22,19.99,4.99,14.999999999999998,300.60120240480956,1329,1336,0.0,19.99,0.0,0
2020-07-23,19.99,4.99,14.999999999999998,300.60120240480956,1330,1337,0.0,19.99,0.0,0
2020-07-24,19.99,4.99,14.999999999999998,300.60120240480956,1331,1338,0.0,19.99,0.0,0
2020-07-25,19.99,4.99,14.999999999999998,300.60120240480956,1332,1339,0.0,19.99,0.0,0
2020-07-26,19.99,4.99,14.999999999999998,300.60120240480956,1333,1340,0.0,19.99,0.0,0
2020-07-27,19.99,4.99,14.999999999999998,300.60120240480956,1334,1341,0.0,19.99,0.0,0
2020-07-28,19.99,4.99,14.999999999999998,300.60120240480956,1335,1342,0.0,19.99,0.0,0
2020-07-29,19.99,4.99,14.999999999999998,300.60120240480956,1336,1343,0.0,19.99,0.0,0
2020-07-30,19.99,4.99,14.999999999999998,300.60120240480956,1337,1344,0.0,19.99,0.0,0
2020-07-31,19.99,4.99,14.999999999999998,300.60120240480956,1338,1345,0.0,19.99,0.0,0
2020-08-01,19.99,4.99,14.999999999999998,300.60120240480956,1339,1346,0.0,19.99,0.0,0
2020-08-02,19.99,4.99,14.999999999999998,300.60120240480956,1340,1347,0.0,19.99,0.0,0
2020-08-03,19.99,4.99,14.999999999999998,300.60120240480956,1341,1348,0.0,19.99,0.0,0
2020-08-04,19.99,4.99,14.999999999999998,300.60120240480956,1342,1349,0.0,19.99,0.0,0
2020-08-05,19.99,4.99,14.999999999999998,300.60120240480956,1343,1350,0.0,19.99,0.0,0
2020-08-06,19.99,4.99,14.999999999999998,300.60120240480956,1344,1351,0.0,19.99,0.0,0
2020-08-07,19.99,4.99,14.999999999999998,300.60120240480956,1345,1352,0.0,19.99,0.0,0
2020-08-08,19.99,4.99,14.999999999999998,300.60120240480956,1346,1353,0.0,19.99,0.0,0
2020-08-09,19.99,4.99,14.999999999999998,300.60120240480956,1347,1354,0.0,19.99,0.0,0
2020-08-10,19.99,4.99,14.999999999999998,300.60120240480956,1348,1355,0.0,19.99,0.0,0
2020-08-11,19.99,4.99,14.999999999999998,300.60120240480956,1349,1356,0.0,19.99,0.0,0
2020-08-12,19.99,4.99,14.999999999999998,300.60120240480956,1350,1357,0.0,19.99,0.0,0
2020-08-13,19.99,4.99,14.999999999999998,300.60120240480956,1351,1358,0.0,19.99,0.0,0
2020-08-14,19.99,4.99,14.999999999999998,300.60120240480956,1352,1359,0.0,19.99,0.0,0
2020-08-15,19.99,4.99,14.999999999999998,300.60120240480956,1353,1360,0.0,19.99,0.0,0
2020-08-16,19.99,4.99,14.999999999999998,300.60120240480956,1354,1361,0.0,19.99,0.0,0
2020-08-17,19.99,4.99,14.999999999999998,300.60120240480956,1355,1362,0.0,19.99,0.0,0
2020-08-18,19.99,4.99,14.999999999999998,300.60120240480956,1356,1363,0.0,19.99,0.0,0
2020-08-19,19.99,4.99,14.999999999999998,300.60120240480956,1357,1364,0.0,19.99,0.0,0
2020-08-20,19.99,4.99,14.999999999999998,300.60120240480956,1358,1365,0.0,19.99,0.0,0
2020-08-21,19.99,4.99,14.999999999999998,300.60120240480956,1359,1366,0.0,19.99,0.0,0
2020-08-22,19.99,4.99,14.999999999999998,300.60120240480956,1360,1367,0.0,19.99,0.0,0
2020-08-23,19.99,4.99,14.999999999999998,300.60120240480956,1361,1368,0.0,19.99,0.0,0
2020-08-24,19.99,4.99,14.999999999999998,300.60120240480956,1362,1369,0.0,19.99,0.0,0
2020-08-25,19.99,4.99,14.999999999999998,300.60120240480956,1363,1370,0.0,19.99,0.0,0
2020-08-26,19.99,4.99,14.999999999999998,300.60120240480956,1364,1371,0.0,19.99,0.0,0
2020-08-27,19.99,4.99,14.999999999999998,300.60120240480956,1365,1372,0.0,19.99,0.0,0
2020-08-28,19.99,4.99,14.999999999999998,300.60120240480956,1366,1373,0.0,19.99,0.0,0
2020-08-29,19.99,4.99,14.999999999999998,300.60120240480956,1367,1374,0.0,19.99,0.0,0
2020-08-30,19.99,4.99,14.999999999999998,300.60120240480956,1368,1375,0.0,19.99,0.0,0
2020-08-31,19.99,4.99,14.999999999999998,300.60120240480956,1369,1376,0.0,19.99,0.0,0
2020-09-01,19.99,4.99,14.999999999999998,300.60120240480956,1370,1377,0.0,19.99,0.0,0
2020-09-02,19.99,4.99,14.999999999999998,300.60120240480956,1371,1378,0.0,19.99,0.0,0
2020-09-03,19.99,4.99,14.999999999999998,300.60120240480956,1372,1379,0.0,19.99,0.0,0
2020-09-04,19.99,4.99,14.999999999999998,300.60120240480956,1373,1380,0.0,19.99,0.0,0
2020-09-05,19.99,4.99,14.999999999999998,300.60120240480956,1374,1381,0.0,19.99,0.0,0
2020-09-06,19.99,4.99,14.999999999999998,300.60120240480956,1375,1382,0.0,19.99,0.0,0
2020-09-07,19.99,4.99,14.999999999999998,300.60120240480956,1376,1383,0.0,19.99,0.0,0
2020-09-08,19.99,4.99,14.999999999999998,300.60120240480956,1377,1384,0.0,19.99,0.0,0
2020-09-09,19.99,4.99,14.999999999999998,300.60120240480956,1378,1385,0.0,19.99,0.0,0
2020-09-10,19.99,4.99,14.999999999999998,300.60120240480956,1379,1386,0.0,19.99,0.0,0
2020-09-11,19.99,4.99,14.999999999999998,300.60120240480956,1380,1387,0.0,19.99,0.0,0
2020-09-12,19.99,4.99,14.999999999999998,300.60120240480956,1381,1388,0.0,19.99,0.0,0
2020-09-13,19.99,4.99,14.999999999999998,300.60120240480956,1382,1389,0.0,19.99,0.0,0
2020-09-14,19.99,4.99,14.999999999999998,300.60120240480956,1383,1390,0.0,19.99,0.0,0
2020-09-15,19.99,4.99,14.999999999999998,300.60120240480956,1384,1391,0.0,19.99,0.0,0
2020-09-16,19.99,4.99,14.999999999999998,300.60120240480956,1385,1392,0.0,19.99,0.0,0
2020-09-17,19.99,4.99,14.999999999999998,300.60120240480956,1386,1393,0.0,19.99,0.0,0
2020-09-18,19.99,4.99,14.999999999999998,300.60120240480956,1387,1394,0.0,19.99,0.0,0
2020-09-19,19.99,4.99,14.999999999999998,300.60120240480956,1388,1395,0.0,19.99,0.0,0
2020-09-20,19.99,4.99,14.999999999999998,300.60120240480956,1389,1396,0.0,19.99,0.0,0
2020-09-21,19.99,4.99,14.999999999999998,300.60120240480956,1390,1397,0.0,19.99,0.0,0
2020-09-22,19.99,4.99,14.999999999999998,300.60120240480956,1391,1398,0.0,19.99,0.0,0
2020-09-23,19.99,4.99,14.999999999999998,300.60120240480956,1392,1399,0.0,19.99,0.0,0
2020-09-24,19.99,4.99,14.999999999999998,300.60120240480956,1393,1400,0.0,19.99,0.0,0
2020-09-25,19.99,4.99,14.999999999999998,300.60120240480956,1394,1401,0.0,19.99,0.0,0
2020-09-26,19.99,4.99,14.999999999999998,300.60120240480956,1395,1402,0.0,19.99,0.0,0
2020-09-27,19.99,4.99,14.999999999999998,300.60120240480956,1396,1403,0.0,19.99,0.0,0
2020-09-28,19.99,4.99,14.999999999999998,300.60120240480956,1397,1404,0.0,19.99,0.0,0
2020-09-29,19.99,4.99,14.999999999999998,300.60120240480956,1398,1405,0.0,19.99,0.0,0
2020-09-30,19.99,4.99,14.999999999999998,300.60120240480956,1399,1406,0.0,19.99,0.0,0
2020-10-01,19.99,4.99,14.999999999999998,300.60120240480956,1400,1407,0.0,19.99,0.0,0
2020-10-02,19.99,4.99,14.999999999999998,300.60120240480956,1401,1408,0.0,19.99,0.0,0
2020-10-03,19.99,4.99,14.999999999999998,300.60120240480956,1402,1409,0.0,19.99,0.0,0
2020-10-04,19.99,4.99,14.999999999999998,300.60120240480956,1403,1410,0.0,19.99,0.0,0
2020-10-05,19.99,4.99,14.999999999999998,300.60120240480956,1404,1411,0.0,19.99,0.0,0
2020-10-06,19.99,4.99,14.999999999999998,300.60120240480956,1405,1412,0.0,19.99,0.0,0
2020-10-07,19.99,4.99,14.999999999999998,300.60120240480956,1406,1413,0.0,19.99,0.0,0
2020-10-08,19.99,4.99,14.999999999999998,300.60120240480956,1407,1414,0.0,19.99,0.0,0
2020-10-09,19.99,4.99,14.999999999999998,300.60120240480956,1408,1415,0.0,19.99,0.0,0
2020-10-10,19.99,4.99,14.999999999999998,300.60120240480956,1409,1416,0.0,19.99,0.0,0
2020-10-11,19.99,4.99,14.999999999999998,300.60120240480956,1410,1417,0.0,19.99,0.0,0
2020-10-12,19.99,4.99,14.999999999999998,300.60120240480956,1411,1418,0.0,19.99,0.0,0
2020-10-13,19.99,4.99,14.999999999999998,300.60120240480956,1412,1419,0.0,19.99,0.0,0
2020-10-14,19.99,4.99,14.999999999999998,300.60120240480956,1413,1420,0.0,19.99,0.0,0
2020-10-15,19.99,4.99,14.999999999999998,300.60120240480956,1414,1421,0.0,19.99,0.0,0
2020-10-16,19.99,4.99,14.999999999999998,300.60120240480956,1415,1422,0.0,19.99,0.0,0
2020-10-17,19.99,4.99,14.999999999999998,300.60120240480956,1416,1423,0.0,19.99,0.0,0
2020-10-18,19.99,4.99,14.999999999999998,300.60120240480956,1417,1424,0.0,19.99,0.0,0
2020-10-19,19.99,4.99,14.999999999999998,300.60120240480956,1418,1425,0.0,19.99,0.0,0
2020-10-20,19.99,4.99,14.999999999999998,300.60120240480956,1419,1426,0.0,19.99,0.0,0
2020-10-21,19.99,4.99,14.999999999999998,300.60120240480956,1420,1427,0.0,19.99,0.0,0
2020-10-22,19.99,4.99,14.999999999999998,300.60120240480956,1421,1428,0.0,19.99,0.0,0
2020-10-23,19.99,4.99,14.999999999999998,300.60120240480956,1422,1429,0.0,19.99,0.0,0
2020-10-24,19.99,4.99,14.999999999999998,300.60120240480956,1423,1430,0.0,19.99,0.0,0
2020-10-25,19.99,4.99,14.999999999999998,300.60120240480956,1424,1431,0.0,19.99,0.0,0
2020-10-26,19.99,4.99,14.999999999999998,300.60120240480956,1425,1432,0.0,19.99,0.0,0
2020-10-27,19.99,4.99,14.999999999999998,300.60120240480956,1426,1433,0.0,19.99,0.0,0
2020-10-28,19.99,4.99,14.999999999999998,300.60120240480956,1427,1434,0.0,19.99,0.0,0
2020-10-29,19.99,4.99,14.999999999999998,300.60120240480956,1428,1435,0.0,19.99,0.0,0
2020-10-30,19.99,4.99,14.999999999999998,300.60120240480956,1429,1436,0.0,19.99,0.0,0
2020-10-31,19.99,4.99,14.999999999999998,300.60120240480956,1430,1437,0.0,19.99,0.0,0
2020-11-01,19.99,4.99,14.999999999999998,300.60120240480956,1431,1438,0.0,19.99,0.0,0
2020-11-02,19.99,4.99,14.999999999999998,300.60120240480956,1432,1439,0.0,19.99,0.0,0
2020-11-03,19.99,4.99,14.999999999999998,300.60120240480956,1433,1440,0.0,19.99,0.0,0
2020-11-04,19.99,4.99,14.999999999999998,300.60120240480956,1434,1441,0.0,19.99,0.0,0
2020-11-05,19.99,4.99,14.999999999999998,300.60120240480956,1435,1442,0.0,19.99,0.0,0
2020-11-06,19.99,4.99,14.999999999999998,300.60120240480956,1436,1443,0.0,19.99,0.0,0
2020-11-07,19.99,4.99,14.999999999999998,300.60120240480956,1437,1444,0.0,19.99,0.0,0
2020-11-08,19.99,4.99,14.999999999999998,300.60120240480956,1438,1445,0.0,19.99,0.0,0
2020-11-09,19.99,4.99,14.999999999999998,300.60120240480956,1439,1446,0.0,19.99,0.0,0
2020-11-10,19.99,4.99,14.999999999999998,300.60120240480956,1440,1447,0.0,19.99,0.0,0
2020-11-11,19.99,4.99,14.999999999999998,300.60120240480956,1441,1448,0.0,19.99,0.0,0
2020-11-12,19.99,4.99,14.999999999999998,300.60120240480956,1442,1449,0.0,19.99,0.0,0
2020-11-13,19.99,4.99,14.999999999999998,300.60120240480956,1443,1450,0.0,19.99,0.0,0
2020-11-14,19.99,4.99,14.999999999999998,300.60120240480956,1444,1451,0.0,19.99,0.0,0
2020-11-15,19.99,4.99,14.999999999999998,300.60120240480956,1445,1452,0.0,19.99,0.0,0
2020-11-16,19.99,4.99,14.999999999999998,300.60120240480956,1446,1453,0.0,19.99,0.0,0
2020-11-17,19.99,4.99,14.999999999999998,300.60120240480956,1447,1454,0.0,19.99,0.0,0
2020-11-18,19.99,4.99,14.999999999999998,300.60120240480956,1448,1455,0.0,19.99,0.0,0
2020-11-19,19.99,4.99,14.999999999999998,300.60120240480956,1449,1456,0.0,19.99,0.0,0
2020-11-20,19.99,4.99,14.999999999999998,300.60120240480956,1450,1457,0.0,19.99,0.0,0
2020-11-21,19.99,4.99,14.999999999999998,300.60120240480956,1451,1458,0.0,19.99,0.0,0
2020-11-22,19.99,4.99,14.999999999999998,300.60120240480956,1452,1459,0.0,19.99,0.0,0
2020-11-23,19.99,4.99,14.999999999999998,300.60120240480956,1453,1460,0.0,19.99,0.0,0
2020-11-24,19.99,4.99,14.999999999999998,300.60120240480956,1454,1461,0.0,19.99,0.0,0
2020-11-25,19.99,4.99,14.999999999999998,300.60120240480956,1455,1462,0.0,19.99,0.0,0
2020-11-26,19.99,4.99,14.999999999999998,300.60120240480956,1456,1463,0.0,19.99,0.0,0
2020-11-27,19.99,4.99,14.999999999999998,300.60120240480956,1457,1464,0.0,19.99,0.0,0
2020-11-28,19.99,4.99,14.999999999999998,300.60120240480956,1458,1465,0.0,19.99,0.0,0
2020-11-29,19.99,4.99,14.999999999999998,300.60120240480956,1459,1466,0.0,19.99,0.0,0
2020-11-30,19.99,4.99,14.999999999999998,300.60120240480956,1460,1467,0.0,19.99,0.0,0
2020-12-01,19.99,4.99,14.999999999999998,300.60120240480956,1461,1468,0.0,19.99,0.0,0
2020-12-02,19.99,4.99,14.999999999999998,300.60120240480956,1462,1469,0.0,19.99,0.0,0
2020-12-03,19.99,4.99,14.999999999999998,300.60120240480956,1463,1470,0.0,19.99,0.0,0
2020-12-04,19.99,4.99,14.999999999999998,300.60120240480956,1464,1471,0.0,19.99,0.0,0
2020-12-05,19.99,4.99,14.999999999999998,300.60120240480956,1465,1472,0.0,19.99,0.0,0
2020-12-06,19.99,4.99,14.999999999999998,300.60120240480956,1466,1473,0.0,19.99,0.0,0
2020-12-07,19.99,4.99,14.999999999999998,300.60120240480956,1467,1474,0.0,19.99,0.0,0
2020-12-08,19.99,4.99,14.999999999999998,300.60120240480956,1468,1475,0.0,19.99,0.0,0
2020-12-09,19.99,4.99,14.999999999999998,300.60120240480956,1469,1476,0.0,19.99,0.0,0
2020-12-10,19.99,4.99,14.999999999999998,300.60120240480956,1470,1477,0.0,19.99,0.0,0
2020-12-11,19.99,4.99,14.999999999999998,300.60120240480956,1471,1478,0.0,19.99,0.0,0
2020-12-12,19.99,4.99,14.999999999999998,300.60120240480956,1472,1479,0.0,19.99,0.0,0
2020-12-13,19.99,4.99,14.999999999999998,300.60120240480956,1473,1480,0.0,19.99,0.0,0
2020-12-14,19.99,4.99,14.999999999999998,300.60120240480956,1474,1481,0.0,19.99,0.0,0
2020-12-15,19.99,4.99,14.999999999999998,300.60120240480956,1475,1482,0.0,19.99,0.0,0
2020-12-16,19.99,4.99,14.999999999999998,300.60120240480956,1476,1483,0.0,19.99,0.0,0
2020-12-17,19.99,4.99,14.999999999999998,300.60120240480956,1477,1484,0.0,19.99,0.0,0
2020-12-18,19.99,4.99,14.999999999999998,300.60120240480956,1478,1485,0.0,19.99,0.0,0
2020-12-19,19.99,4.99,14.999999999999998,300.60120240480956,1479,1486,0.0,19.99,0.0,0
2020-12-20,19.99,4.99,14.999999999999998,300.60120240480956,1480,1487,0.0,19.99,0.0,0
2020-12-21,19.99,4.99,14.999999999999998,300.60120240480956,1481,1488,0.0,19.99,0.0,0
2020-12-22,19.99,4.99,14.999999999999998,300.60120240480956,1482,1489,0.0,19.99,0.0,0
2020-12-23,19.99,4.99,14.999999999999998,300.60120240480956,1483,1490,0.0,19.99,0.0,0
2020-12-24,19.99,4.99,14.999999999999998,300.60120240480956,1484,1491,0.0,19.99,0.0,0
2020-12-25,19.99,4.99,14.999999999999998,300.60120240480956,1485,1492,0.0,19.99,0.0,0
2020-12-26,19.99,4.99,14.999999999999998,300.60120240480956,1486,1493,0.0,19.99,0.0,0
2020-12-27,19.99,4.99,14.999999999999998,300.60120240480956,1487,1494,0.0,19.99,0.0,0
2020-12-28,19.99,4.99,14.999999999999998,300.60120240480956,1488,1495,0.0,19.99,0.0,0
2020-12-29,19.99,4.99,14.999999999999998,300.60120240480956,1489,1496,0.0,19.99,0.0,0
2020-12-30,19.99,4.99,14.999999999999998,300.60120240480956,1490,1497,0.0,19.99,0.0,0
2020-12-31,19.99,4.99,14.999999999999998,300.60120240480956,1491,1498,0.0,19.99,0.0,0
2021-01-01,19.99,4.99,14.999999999999998,300.60120240480956,1492,1499,0.0,19.99,0.0,0
2021-01-02,19.99,4.99,14.999999999999998,300.60120240480956,1493,1500,0.0,19.99,0.0,0
2021-01-03,19.99,4.99,14.999999999999998,300.60120240480956,1494,1501,0.0,19.99,0.0,0
2021-01-04,19.99,4.99,14.999999999999998,300.60120240480956,1495,1502,0.0,19.99,0.0,0
2021-01-05,19.99,4.99,14.999999999999998,300.60120240480956,1496,1503,0.0,19.99,0.0,0
2021-01-06,19.99,4.99,14.999999999999998,300.60120240480956,1497,1504,0.0,19.99,0.0,0
2021-01-07,19.99,4.99,14.999999999999998,300.60120240480956,1498,1505,0.0,19.99,0.0,0
2021-01-08,19.99,4.99,14.999999999999998,300.60120240480956,1499,1506,0.0,19.99,0.0,0
2021-01-09,19.99,4.99,14.999999999999998,300.60120240480956,1500,1507,0.0,19.99,0.0,0
2021-01-10,19.99,4.99,14.999999999999998,300.60120240480956,1501,1508,0.0,19.99,0.0,0
2021-01-11,19.99,4.99,14.999999999999998,300.60120240480956,1502,1509,0.0,19.99,0.0,0
2021-01-12,19.99,4.99,14.999999999999998,300.60120240480956,1503,1510,0.0,19.99,0.0,0
2021-01-13,19.99,4.99,14.999999999999998,300.60120240480956,1504,1511,0.0,19.99,0.0,0
2021-01-14,19.99,4.99,14.999999999999998,300.60120240480956,1505,1512,0.0,19.99,0.0,0
2021-01-15,19.99,4.99,14.999999999999998,300.60120240480956,1506,1513,0.0,19.99,0.0,0
2021-01-16,19.99,4.99,14.999999999999998,300.60120240480956,1507,1514,0.0,19.99,0.0,0
2021-01-17,19.99,4.99,14.999999999999998,300.60120240480956,1508,1515,0.0,19.99,0.0,0
2021-01-18,19.99,4.99,14.999999999999998,300.60120240480956,1509,1516,0.0,19.99,0.0,0
2021-01-19,19.99,4.99,14.999999999999998,300.60120240480956,1510,1517,0.0,19.99,0.0,0
2021-01-20,19.99,4.99,14.999999999999998,300.60120240480956,1511,1518,0.0,19.99,0.0,0
2021-01-21,19.99,4.99,14.999999999999998,300.60120240480956,1512,1519,0.0,19.99,0.0,0
2021-01-22,19.99,4.99,14.999999999999998,300.60120240480956,1513,1520,0.0,19.99,0.0,0
2021-01-23,19.99,4.99,14.999999999999998,300.60120240480956,1514,1521,0.0,19.99,0.0,0
2021-01-24,19.99,4.99,14.999999999999998,300.60120240480956,1515,1522,0.0,19.99,0.0,0
2021-01-25,19.99,4.99,14.999999999999998,300.60120240480956,1516,1523,0.0,19.99,0.0,0
2021-01-26,19.99,4.99,14.999999999999998,300.60120240480956,1517,1524,0.0,19.99,0.0,0
2021-01-27,19.99,4.99,14.999999999999998,300.60120240480956,1518,1525,0.0,19.99,0.0,0
2021-01-28,19.99,4.99,14.999999999999998,300.60120240480956,1519,1526,0.0,19.99,0.0,0
2021-01-29,19.99,4.99,14.999999999999998,300.60120240480956,1520,1527,0.0,19.99,0.0,0
2021-01-30,19.99,4.99,14.999999999999998,300.60120240480956,1521,1528,0.0,19.99,0.0,0
2021-01-31,19.99,4.99,14.999999999999998,300.60120240480956,1522,1529,0.0,19.99,0.0,0
2021-02-01,19.99,4.99,14.999999999999998,300.60120240480956,1523,1530,0.0,19.99,0.0,0
2021-02-02,19.99,4.99,14.999999999999998,300.60120240480956,1524,1531,0.0,19.99,0.0,0
2021-02-03,19.99,4.99,14.999999999999998,300.60120240480956,1525,1532,0.0,19.99,0.0,0
2021-02-04,19.99,4.99,14.999999999999998,300.60120240480956,1526,1533,0.0,19.99,0.0,0
2021-02-05,19.99,4.99,14.999999999999998,300.60120240480956,1527,1534,0.0,19.99,0.0,0
2021-02-06,19.99,4.99,14.999999999999998,300.60120240480956,1528,1535,0.0,19.99,0.0,0
2021-02-07,19.99,4.99,14.999999999999998,300.60120240480956,1529,1536,0.0,19.99,0.0,0
2021-02-08,19.99,4.99,14.999999999999998,300.60120240480956,1530,1537,0.0,19.99,0.0,0
2021-02-09,19.99,4.99,14.999999999999998,300.60120240480956,1531,1538,0.0,19.99,0.0,0
2021-02-10,19.99,4.99,14.999999999999998,300.60120240480956,1532,1539,0.0,19.99,0.0,0
2021-02-11,19.99,4.99,14.999999999999998,300.60120240480956,1533,1540,0.0,19.99,0.0,0
2021-02-12,19.99,4.99,14.999999999999998,300.60120240480956,1534,1541,0.0,19.99,0.0,0
2021-02-13,19.99,4.99,14.999999999999998,300.60120240480956,1535,1542,0.0,19.99,0.0,0
2021-02-14,19.99,4.99,14.999999999999998,300.60120240480956,1536,1543,0.0,19.99,0.0,0
2021-02-15,19.99,4.99,14.999999999999998,300.60120240480956,1537,1544,0.0,19.99,0.0,0
2021-02-16,19.99,4.99,14.999999999999998,300.60120240480956,1538,1545,0.0,19.99,0.0,0
2021-02-17,19.99,4.99,14.999999999999998,300.60120240480956,1539,1546,0.0,19.99,0.0,0
2021-02-18,19.99,4.99,14.999999999999998,300.60120240480956,1540,1547,0.0,19.99,0.0,0
2021-02-19,19.99,4.99,14.999999999999998,300.60120240480956,1541,1548,0.0,19.99,0.0,0
2021-02-20,19.99,4.99,14.999999999999998,300.60120240480956,1542,1549,0.0,19.99,0.0,0
2021-02-21,19.99,4.99,14.999999999999998,300.60120240480956,1543,1550,0.0,19.99,0.0,0
2021-02-22,19.99,4.99,14.999999999999998,300.60120240480956,1544,1551,0.0,19.99,0.0,0
2021-02-23,19.99,4.99,14.999999999999998,300.60120240480956,1545,1552,0.0,19.99,0.0,0
2021-02-24,19.99,4.99,14.999999999999998,300.60120240480956,1546,1553,0.0,19.99,0.0,0
2021-02-25,19.99,4.99,14.999999999999998,300.60120240480956,1547,1554,0.0,19.99,0.0,0
2021-02-26,19.99,4.99,14.999999999999998,300.60120240480956,1548,1555,0.0,19.99,0.0,0
2021-02-27,19.99,4.99,14.999999999999998,300.60120240480956,1549,1556,0.0,19.99,0.0,0
2021-02-28,19.99,4.99,14.999999999999998,300.60120240480956,1550,1557,0.0,19.99,0.0,0
2021-03-01,19.99,4.99,14.999999999999998,300.60120240480956,1551,1558,0.0,19.99,0.0,0
2021-03-02,19.99,4.99,14.999999999999998,300.60120240480956,1552,1559,0.0,19.99,0.0,0
2021-03-03,19.99,4.99,14.999999999999998,300.60120240480956,1553,1560,0.0,19.99,0.0,0
2021-03-04,19.99,4.99,14.999999999999998,300.60120240480956,1554,1561,0.0,19.99,0.0,0
2021-03-05,19.99,4.99,14.999999999999998,300.60120240480956,1555,1562,0.0,19.99,0.0,0
2021-03-06,19.99,4.99,14.999999999999998,300.60120240480956,1556,1563,0.0,19.99,0.0,0
2021-03-07,19.99,4.99,14.999999999999998,300.60120240480956,1557,1564,0.0,19.99,0.0,0
2021-03-08,19.99,4.99,14.999999999999998,300.60120240480956,1558,1565,0.0,19.99,0.0,0
2021-03-09,19.99,4.99,14.999999999999998,300.60120240480956,1559,1566,0.0,19.99,0.0,0
2021-03-10,19.99,4.99,14.999999999999998,300.60120240480956,1560,1567,0.0,19.99,0.0,0
2021-03-11,19.99,4.99,14.999999999999998,300.60120240480956,1561,1568,0.0,19.99,0.0,0
2021-03-12,19.99,4.99,14.999999999999998,300.60120240480956,1562,1569,0.0,19.99,0.0,0
2021-03-13,19.99,4.99,14.999999999999998,300.60120240480956,1563,1570,0.0,19.99,0.0,0
2021-03-14,19.99,4.99,14.999999999999998,300.60120240480956,1564,1571,0.0,19.99,0.0,0
2021-03-15,19.99,4.99,14.999999999999998,300.60120240480956,1565,1572,0.0,19.99,0.0,0
2021-03-16,19.99,4.99,14.999999999999998,300.60120240480956,1566,1573,0.0,19.99,0.0,0
2021-03-17,19.99,4.99,14.999999999999998,300.60120240480956,1567,1574,0.0,19.99,0.0,0
2021-03-18,19.99,4.99,14.999999999999998,300.60120240480956,1568,1575,0.0,19.99,0.0,0
2021-03-19,19.99,4.99,14.999999999999998,300.60120240480956,1569,1576,0.0,19.99,0.0,0
2021-03-20,19.99,4.99,14.999999999999998,300.60120240480956,1570,1577,0.0,19.99,0.0,0
2021-03-21,19.99,4.99,14.999999999999998,300.60120240480956,1571,1578,0.0,19.99,0.0,0
2021-03-22,19.99,4.99,14.999999999999998,300.60120240480956,1572,1579,0.0,19.99,0.0,0
2021-03-23,19.99,4.99,14.999999999999998,300.60120240480956,1573,1580,0.0,19.99,0.0,0
2021-03-24,19.99,4.99,14.999999999999998,300.60120240480956,1574,1581,0.0,19.99,0.0,0
2021-03-25,19.99,4.99,14.999999999999998,300.60120240480956,1575,1582,0.0,19.99,0.0,0
2021-03-26,19.99,4.99,14.999999999999998,300.60120240480956,1576,1583,0.0,19.99,0.0,0
2021-03-27,19.99,4.99,14.999999999999998,300.60120240480956,1577,1584,0.0,19.99,0.0,0
2021-03-28,19.99,4.99,14.999999999999998,300.60120240480956,1578,1585,0.0,19.99,0.0,0
2021-03-29,19.99,4.99,14.999999999999998,300.60120240480956,1579,1586,0.0,19.99,0.0,0
2021-03-30,19.99,4.99,14.999999999999998,300.60120240480956,1580,1587,0.0,19.99,0.0,0
2021-03-31,19.99,4.99,14.999999999999998,300.60120240480956,1581,1588,0.0,19.99,0.0,0
2021-04-01,19.99,4.99,14.999999999999998,300.60120240480956,1582,1589,0.0,19.99,0.0,0
2021-04-02,19.99,4.99,14.999999999999998,300.60120240480956,1583,1590,0.0,19.99,0.0,0
2021-04-03,19.99,4.99,14.999999999999998,300.60120240480956,1584,1591,0.0,19.99,0.0,0
2021-04-04,19.99,4.99,14.999999999999998,300.60120240480956,1585,1592,0.0,19.99,0.0,0
2021-04-05,19.99,4.99,14.999999999999998,300.60120240480956,1586,1593,0.0,19.99,0.0,0
2021-04-06,19.99,4.99,14.999999999999998,300.60120240480956,1587,1594,0.0,19.99,0.0,0
2021-04-07,19.99,4.99,14.999999999999998,300.60120240480956,1588,1595,0.0,19.99,0.0,0
2021-04-08,19.99,4.99,14.999999999999998,300.60120240480956,1589,1596,0.0,19.99,0.0,0
2021-04-09,19.99,4.99,14.999999999999998,300.60120240480956,1590,1597,0.0,19.99,0.0,0
2021-04-10,19.99,4.99,14.999999999999998,300.60120240480956,1591,1598,0.0,19.99,0.0,0
2021-04-11,19.99,4.99,14.999999999999998,300.60120240480956,1592,1599,0.0,19.99,0.0,0
2021-04-12,19.99,4.99,14.999999999999998,300.60120240480956,1593,1600,0.0,19.99,0.0,0
2021-04-13,19.99,4.99,14.999999999999998,300.60120240480956,1594,1601,0.0,19.99,0.0,0
2021-04-14,19.99,4.99,14.999999999999998,300.60120240480956,1595,1602,0.0,19.99,0.0,0
2021-04-15,19.99,4.99,14.999999999999998,300.60120240480956,1596,1603,0.0,19.99,0.0,0
2021-04-16,19.99,4.99,14.999999999999998,300.60120240480956,1597,1604,0.0,19.99,0.0,0
2021-04-17,19.99,4.99,14.999999999999998,300.60120240480956,1598,1605,0.0,19.99,0.0,0
2021-04-18,19.99,4.99,14.999999999999998,300.60120240480956,1599,1606,0.0,19.99,0.0,0
2021-04-19,19.99,4.99,14.999999999999998,300.60120240480956,1600,1607,0.0,19.99,0.0,0
2021-04-20,19.99,4.99,14.999999999999998,300.60120240480956,1601,1608,0.0,19.99,0.0,0
2021-04-21,19.99,4.99,14.999999999999998,300.60120240480956,1602,1609,0.0,19.99,0.0,0
2021-04-22,19.99,4.99,14.999999999999998,300.60120240480956,1603,1610,0.0,19.99,0.0,0
2021-04-23,19.99,4.99,14.999999999999998,300.60120240480956,1604,1611,0.0,19.99,0.0,0
2021-04-24,19.99,4.99,14.999999999999998,300.60120240480956,1605,1612,0.0,19.99,0.0,0
2021-04-25,19.99,4.99,14.999999999999998,300.60120240480956,1606,1613,0.0,19.99,0.0,0
2021-04-26,19.99,4.99,14.999999999999998,300.60120240480956,1607,1614,0.0,19.99,0.0,0
2021-04-27,19.99,4.99,14.999999999999998,300.60120240480956,1608,1615,0.0,19.99,0.0,0
2021-04-28,19.99,4.99,14.999999999999998,300.60120240480956,1609,1616,0.0,19.99,0.0,0
2021-04-29,19.99,4.99,14.999999999999998,300.60120240480956,1610,1617,0.0,19.99,0.0,0
2021-04-30,19.99,4.99,14.999999999999998,300.60120240480956,1611,1618,0.0,19.99,0.0,0
2021-05-01,19.99,4.99,14.999999999999998,300.60120240480956,1612,1619,0.0,19.99,0.0,0
2021-05-02,19.99,4.99,14.999999999999998,300.60120240480956,1613,1620,0.0,19.99,0.0,0
2021-05-03,19.99,4.99,14.999999999999998,300.60120240480956,1614,1621,0.0,19.99,0.0,0
2021-05-04,19.99,4.99,14.999999999999998,300.60120240480956,1615,1622,0.0,19.99,0.0,0
2021-05-05,19.99,4.99,14.999999999999998,300.60120240480956,1616,1623,0.0,19.99,0.0,0
2021-05-06,19.99,4.99,14.999999999999998,300.60120240480956,1617,1624,0.0,19.99,0.0,0
2021-05-07,19.99,4.99,14.999999999999998,300.60120240480956,1618,1625,0.0,19.99,0.0,0
2021-05-08,19.99,4.99,14.999999999999998,300.60120240480956,1619,1626,0.0,19.99,0.0,0
2021-05-09,19.99,4.99,14.999999999999998,300.60120240480956,1620,1627,0.0,19.99,0.0,0
2021-05-10,19.99,4.99,14.999999999999998,300.60120240480956,1621,1628,0.0,19.99,0.0,0
2021-05-11,19.99,4.99,14.999999999999998,300.60120240480956,1622,1629,0.0,19.99,0.0,0
2021-05-12,19.99,4.99,14.999999999999998,300.60120240480956,1623,1630,0.0,19.99,0.0,0
2021-05-13,19.99,4.99,14.999999999999998,300.60120240480956,1624,1631,0.0,19.99,0.0,0
2021-05-14,19.99,4.99,14.999999999999998,300.60120240480956,1625,1632,0.0,19.99,0.0,0
2021-05-15,19.99,4.99,14.999999999999998,300.60120240480956,1626,1633,0.0,19.99,0.0,0
2021-05-16,19.99,4.99,14.999999999999998,300.60120240480956,1627,1634,0.0,19.99,0.0,0
2021-05-17,19.99,4.99,14.999999999999998,300.60120240480956,1628,1635,0.0,19.99,0.0,0
2021-05-18,19.99,4.99,14.999999999999998,300.60120240480956,1629,1636,0.0,19.99,0.0,0
2021-05-19,19.99,4.99,14.999999999999998,300.60120240480956,1630,1637,0.0,19.99,0.0,0
2021-05-20,19.99,4.99,14.999999999999998,300.60120240480956,1631,1638,0.0,19.99,0.0,0
2021-05-21,19.99,4.99,14.999999999999998,300.60120240480956,1632,1639,0.0,19.99,0.0,0
2021-05-22,19.99,4.99,14.999999999999998,300.60120240480956,1633,1640,0.0,19.99,0.0,0
2021-05-23,19.99,4.99,14.999999999999998,300.60120240480956,1634,1641,0.0,19.99,0.0,0
2021-05-24,19.99,4.99,14.999999999999998,300.60120240480956,1635,1642,0.0,19.99,0.0,0
2021-05-25,19.99,4.99,14.999999999999998,300.60120240480956,1636,1643,0.0,19.99,0.0,0
2021-05-26,19.99,4.99,14.999999999999998,300.60120240480956,1637,1644,0.0,19.99,0.0,0
2021-05-27,19.99,4.99,14.999999999999998,300.60120240480956,1638,1645,0.0,19.99,0.0,0
2021-05-28,19.99,4.99,14.999999999999998,300.60120240480956,1639,1646,0.0,19.99,0.0,0
2021-05-29,19.99,4.99,14.999999999999998,300.60120240480956,1640,1647,0.0,19.99,0.0,0
2021-05-30,19.99,4.99,14.999999999999998,300.60120240480956,1641,1648,0.0,19.99,0.0,0
2021-05-31,19.99,4.99,14.999999999999998,300.60120240480956,1642,1649,0.0,19.99,0.0,0
2021-06-01,19.99,4.99,14.999999999999998,300.60120240480956,1643,1650,0.0,19.99,0.0,0
2021-06-02,19.99,4.99,14.999999999999998,300.60120240480956,1644,1651,0.0,19.99,0.0,0
2021-06-03,19.99,4.99,14.999999999999998,300.60120240480956,1645,1652,0.0,19.99,0.0,0
2021-06-04,19.99,4.99,14.999999999999998,300.60120240480956,1646,1653,0.0,19.99,0.0,0
2021-06-05,19.99,4.99,14.999999999999998,300.60120240480956,1647,1654,0.0,19.99,0.0,0
2021-06-06,19.99,4.99,14.999999999999998,300.60120240480956,1648,1655,0.0,19.99,0.0,0
2021-06-07,19.99,4.99,14.999999999999998,300.60120240480956,1649,1656,0.0,19.99,0.0,0
2021-06-08,19.99,4.99,14.999999999999998,300.60120240480956,1650,1657,0.0,19.99,0.0,0
2021-06-09,19.99,4.99,14.999999999999998,300.60120240480956,1651,1658,0.0,19.99,0.0,0
2021-06-10,19.99,4.99,14.999999999999998,300.60120240480956,1652,1659,0.0,19.99,0.0,0
2021-06-11,19.99,4.99,14.999999999999998,300.60120240480956,1653,1660,0.0,19.99,0.0,0
2021-06-12,19.99,4.99,14.999999999999998,300.60120240480956,1654,1661,0.0,19.99,0.0,0
2021-06-13,19.99,4.99,14.999999999999998,300.60120240480956,1655,1662,0.0,19.99,0.0,0
2021-06-14,19.99,4.99,14.999999999999998,300.60120240480956,1656,1663,0.0,19.99,0.0,0
2021-06-15,19.99,4.99,14.999999999999998,300.60120240480956,1657,1664,0.0,19.99,0.0,0
2021-06-16,19.99,4.99,14.999999999999998,300.60120240480956,1658,1665,0.0,19.99,0.0,0
2021-06-17,19.99,4.99,14.999999999999998,300.60120240480956,1659,1666,0.0,19.99,0.0,0
2021-06-18,19.99,4.99,14.999999999999998,300.60120240480956,1660,1667,0.0,19.99,0.0,0
2021-06-19,19.99,4.99,14.999999999999998,300.60120240480956,1661,1668,0.0,19.99,0.0,0
2021-06-20,19.99,4.99,14.999999999999998,300.60120240480956,1662,1669,0.0,19.99,0.0,0
2021-06-21,19.99,4.99,14.999999999999998,300.60120240480956,1663,1670,0.0,19.99,0.0,0
2021-06-22,19.99,4.99,14.999999999999998,300.60120240480956,1664,1671,0.0,19.99,0.0,0
2021-06-23,19.99,4.99,14.999999999999998,300.60120240480956,1665,1672,0.0,19.99,0.0,0
2021-06-24,19.99,4.99,14.999999999999998,300.60120240480956,1666,1673,0.0,19.99,0.0,0
2021-06-25,19.99,4.99,14.999999999999998,300.60120240480956,1667,1674,0.0,19.99,0.0,0
2021-06-26,19.99,4.99,14.999999999999998,300.60120240480956,1668,1675,0.0,19.99,0.0,0
2021-06-27,19.99,4.99,14.999999999999998,300.60120240480956,1669,1676,0.0,19.99,0.0,0
2021-06-28,19.99,4.99,14.999999999999998,300.60120240480956,1670,1677,0.0,19.99,0.0,0
2021-06-29,19.99,4.99,14.999999999999998,300.60120240480956,1671,1678,0.0,19.99,0.0,0
2021-06-30,19.99,4.99,14.999999999999998,300.60120240480956,1672,1679,0.0,19.99,0.0,0
2021-07-01,19.99,4.99,14.999999999999998,300.60120240480956,1673,1680,0.0,19.99,0.0,0
2021-07-02,19.99,4.99,14.999999999999998,300.60120240480956,1674,1681,0.0,19.99,0.0,0
2021-07-03,19.99,4.99,14.999999999999998,300.60120240480956,1675,1682,0.0,19.99,0.0,0
2021-07-04,19.99,4.99,14.999999999999998,300.60120240480956,1676,1683,0.0,19.99,0.0,0
2021-07-05,19.99,4.99,14.999999999999998,300.60120240480956,1677,1684,0.0,19.99,0.0,0
2021-07-06,19.99,4.99,14.999999999999998,300.60120240480956,1678,1685,0.0,19.99,0.0,0
2021-07-07,19.99,4.99,14.999999999999998,300.60120240480956,1679,1686,0.0,19.99,0.0,0
2021-07-08,19.99,4.99,14.999999999999998,300.60120240480956,1680,1687,0.0,19.99,0.0,0
2021-07-09,19.99,4.99,14.999999999999998,300.60120240480956,1681,1688,0.0,19.99,0.0,0
2021-07-10,19.99,4.99,14.999999999999998,300.60120240480956,1682,1689,0.0,19.99,0.0,0
2021-07-11,19.99,4.99,14.999999999999998,300.60120240480956,1683,1690,0.0,19.99,0.0,0
2021-07-12,19.99,4.99,14.999999999999998,300.60120240480956,1684,1691,0.0,19.99,0.0,0
2021-07-13,19.99,4.99,14.999999999999998,300.60120240480956,1685,1692,0.0,19.99,0.0,0
2021-07-14,19.99,4.99,14.999999999999998,300.60120240480956,1686,1693,0.0,19.99,0.0,0
2021-07-15,19.99,4.99,14.999999999999998,300.60120240480956,1687,1694,0.0,19.99,0.0,0
2021-07-16,19.99,4.99,14.999999999999998,300.60120240480956,1688,1695,0.0,19.99,0.0,0
2021-07-17,19.99,4.99,14.999999999999998,300.60120240480956,1689,1696,0.0,19.99,0.0,0
2021-07-18,19.99,4.99,14.999999999999998,300.60120240480956,1690,1697,0.0,19.99,0.0,0
2021-07-19,19.99,4.99,14.999999999999998,300.60120240480956,1691,1698,0.0,19.99,0.0,0
2021-07-20,19.99,4.99,14.999999999999998,300.60120240480956,1692,1699,0.0,19.99,0.0,0
2021-07-21,19.99,4.99,14.999999999999998,300.60120240480956,1693,1700,0.0,19.99,0.0,0
2021-07-22,19.99,4.99,14.999999999999998,300.60120240480956,1694,1701,0.0,19.99,0.0,0
2021-07-23,19.99,4.99,14.999999999999998,300.60120240480956,1695,1702,0.0,19.99,0.0,0
2021-07-24,19.99,4.99,14.999999999999998,300.60120240480956,1696,1703,0.0,19.99,0.0,0
2021-07-25,19.99,4.99,14.999999999999998,300.60120240480956,1697,1704,0.0,19.99,0.0,0
2021-07-26,19.99,4.99,14.999999999999998,300.60120240480956,1698,1705,0.0,19.99,0.0,0
2021-07-27,19.99,4.99,14.999999999999998,300.60120240480956,1699,1706,0.0,19.99,0.0,0
2021-07-28,19.99,4.99,14.999999999999998,300.60120240480956,1700,1707,0.0,19.99,0.0,0
2021-07-29,19.99,4.99,14.999999999999998,300.60120240480956,1701,1708,0.0,19.99,0.0,0
2021-07-30,19.99,4.99,14.999999999999998,300.60120240480956,1702,1709,0.0,19.99,0.0,0
2021-07-31,19.99,4.99,14.999999999999998,300.60120240480956,1703,1710,0.0,19.99,0.0,0
2021-08-01,19.99,4.99,14.999999999999998,300.60120240480956,1704,1711,0.0,19.99,0.0,0
2021-08-02,19.99,4.99,14.999999999999998,300.60120240480956,1705,1712,0.0,19.99,0.0,0
2021-08-03,19.99,4.99,14.999999999999998,300.60120240480956,1706,1713,0.0,19.99,0.0,0
2021-08-04,19.99,4.99,14.999999999999998,300.60120240480956,1707,1714,0.0,19.99,0.0,0
2021-08-05,19.99,4.99,14.999999999999998,300.60120240480956,1708,1715,0.0,19.99,0.0,0
2021-08-06,19.99,4.99,14.999999999999998,300.60120240480956,1709,1716,0.0,19.99,0.0,0
2021-08-07,19.99,4.99,14.999999999999998,300.60120240480956,1710,1717,0.0,19.99,0.0,0
2021-08-08,19.99,4.99,14.999999999999998,300.60120240480956,1711,1718,0.0,19.99,0.0,0
2021-08-09,19.99,4.99,14.999999999999998,300.60120240480956,1712,1719,0.0,19.99,0.0,0
2021-08-10,19.99,4.99,14.999999999999998,300.60120240480956,1713,1720,0.0,19.99,0.0,0
2021-08-11,19.99,4.99,14.999999999999998,300.60120240480956,1714,1721,0.0,19.99,0.0,0
2021-08-12,19.99,4.99,14.999999999999998,300.60120240480956,1715,1722,0.0,19.99,0.0,0
2021-08-13,19.99,4.99,14.999999999999998,300.60120240480956,1716,1723,0.0,19.99,0.0,0
2021-08-14,19.99,4.99,14.999999999999998,300.60120240480956,1717,1724,0.0,19.99,0.0,0
2021-08-15,19.99,4.99,14.999999999999998,300.60120240480956,1718,1725,0.0,19.99,0.0,0
2021-08-16,19.99,4.99,14.999999999999998,300.60120240480956,1719,1726,0.0,19.99,0.0,0
2021-08-17,19.99,4.99,14.999999999999998,300.60120240480956,1720,1727,0.0,19.99,0.0,0
2021-08-18,19.99,4.99,14.999999999999998,300.60120240480956,1721,1728,0.0,19.99,0.0,0
2021-08-19,19.99,4.99,14.999999999999998,300.60120240480956,1722,1729,0.0,19.99,0.0,0
2021-08-20,19.99,4.99,14.999999999999998,300.60120240480956,1723,1730,0.0,19.99,0.0,0
2021-08-21,19.99,4.99,14.999999999999998,300.60120240480956,1724,1731,0.0,19.99,0.0,0
2021-08-22,19.99,4.99,14.999999999999998,300.60120240480956,1725,1732,0.0,19.99,0.0,0
2021-08-23,19.99,4.99,14.999999999999998,300.60120240480956,1726,1733,0.0,19.99,0.0,0
2021-08-24,19.99,4.99,14.999999999999998,300.60120240480956,1727,1734,0.0,19.99,0.0,0
2021-08-25,19.99,4.99,14.999999999999998,300.60120240480956,1728,1735,0.0,19.99,0.0,0
2021-08-26,19.99,4.99,14.999999999999998,300.60120240480956,1729,1736,0.0,19.99,0.0,0
2021-08-27,19.99,4.99,14.999999999999998,300.60120240480956,1730,1737,0.0,19.99,0.0,0
2021-08-28,19.99,4.99,14.999999999999998,300.60120240480956,1731,1738,0.0,19.99,0.0,0
2021-08-29,19.99,4.99,14.999999999999998,300.60120240480956,1732,1739,0.0,19.99,0.0,0
2021-08-30,19.99,4.99,14.999999999999998,300.60120240480956,1733,1740,0.0,19.99,0.0,0
2021-08-31,19.99,4.99,14.999999999999998,300.60120240480956,1734,1741,0.0,19.99,0.0,0
2021-09-01,19.99,4.99,14.999999999999998,300.60120240480956,1735,1742,0.0,19.99,0.0,0
2021-09-02,19.99,4.99,14.999999999999998,300.60120240480956,1736,1743,0.0,19.99,0.0,0
2021-09-03,19.99,4.99,14.999999999999998,300.60120240480956,1737,1744,0.0,19.99,0.0,0
2021-09-04,19.99,4.99,14.999999999999998,300.60120240480956,1738,1745,0.0,19.99,0.0,0
2021-09-05,19.99,4.99,14.999999999999998,300.60120240480956,1739,1746,0.0,19.99,0.0,0
2021-09-06,19.99,4.99,14.999999999999998,300.60120240480956,1740,1747,0.0,19.99,0.0,0
2021-09-07,19.99,4.99,14.999999999999998,300.60120240480956,1741,1748,0.0,19.99,0.0,0
2021-09-08,19.99,4.99,14.999999999999998,300.60120240480956,1742,1749,0.0,19.99,0.0,0
2021-09-09,19.99,4.99,14.999999999999998,300.60120240480956,1743,1750,0.0,19.99,0.0,0
2021-09-10,19.99,4.99,14.999999999999998,300.60120240480956,1744,1751,0.0,19.99,0.0,0
2021-09-11,19.99,4.99,14.999999999999998,300.60120240480956,1745,1752,0.0,19.99,0.0,0
2021-09-12,19.99,4.99,14.999999999999998,300.60120240480956,1746,1753,0.0,19.99,0.0,0
2021-09-13,19.99,4.99,14.999999999999998,300.60120240480956,1747,1754,0.0,19.99,0.0,0
2021-09-14,19.99,4.99,14.999999999999998,300.60120240480956,1748,1755,0.0,19.99,0.0,0
2021-09-15,19.99,4.99,14.999999999999998,300.60120240480956,1749,1756,0.0,19.99,0.0,0
2021-09-16,19.99,4.99,14.999999999999998,300.60120240480956,1750,1757,0.0,19.99,0.0,0
2021-09-17,19.99,4.99,14.999999999999998,300.60120240480956,1751,1758,0.0,19.99,0.0,0
2021-09-18,19.99,4.99,14.999999999999998,300.60120240480956,1752,1759,0.0,19.99,0.0,0
2021-09-19,19.99,4.99,14.999999999999998,300.60120240480956,1753,1760,0.0,19.99,0.0,0
2021-09-20,19.99,4.99,14.999999999999998,300.60120240480956,1754,1761,0.0,19.99,0.0,0
2021-09-21,19.99,4.99,14.999999999999998,300.60120240480956,1755,1762,0.0,19.99,0.0,0
2021-09-22,19.99,4.99,14.999999999999998,300.60120240480956,1756,1763,0.0,19.99,0.0,0
2021-09-23,19.99,4.99,14.999999999999998,300.60120240480956,1757,1764,0.0,19.99,0.0,0
2021-09-24,19.99,4.99,14.999999999999998,300.60120240480956,1758,1765,0.0,19.99,0.0,0
2021-09-25,19.99,4.99,14.999999999999998,300.60120240480956,1759,1766,0.0,19.99,0.0,0
2021-09-26,19.99,4.99,14.999999999999998,300.60120240480956,1760,1767,0.0,19.99,0.0,0
2021-09-27,19.99,4.99,14.999999999999998,300.60120240480956,1761,1768,0.0,19.99,0.0,0
2021-09-28,19.99,4.99,14.999999999999998,300.60120240480956,1762,1769,0.0,19.99,0.0,0
2021-09-29,19.99,4.99,14.999999999999998,300.60120240480956,1763,1770,0.0,19.99,0.0,0
2021-09-30,19.99,4.99,14.999999999999998,300.60120240480956,1764,1771,0.0,19.99,0.0,0
2021-10-01,19.99,4.99,14.999999999999998,300.60120240480956,1765,1772,0.0,19.99,0.0,0
2021-10-02,19.99,4.99,14.999999999999998,300.60120240480956,1766,1773,0.0,19.99,0.0,0
2021-10-03,19.99,4.99,14.999999999999998,300.60120240480956,1767,1774,0.0,19.99,0.0,0
2021-10-04,19.99,4.99,14.999999999999998,300.60120240480956,1768,1775,0.0,19.99,0.0,0
2021-10-05,19.99,4.99,14.999999999999998,300.60120240480956,1769,1776,0.0,19.99,0.0,0
2021-10-06,19.99,4.99,14.999999999999998,300.60120240480956,1770,1777,0.0,19.99,0.0,0
2021-10-07,19.99,4.99,14.999999999999998,300.60120240480956,1771,1778,0.0,19.99,0.0,0
2021-10-08,19.99,4.99,14.999999999999998,300.60120240480956,1772,1779,0.0,19.99,0.0,0
2021-10-09,19.99,4.99,14.999999999999998,300.60120240480956,1773,1780,0.0,19.99,0.0,0
2021-10-10,19.99,4.99,14.999999999999998,300.60120240480956,1774,1781,0.0,19.99,0.0,0
2021-10-11,19.99,4.99,14.999999999999998,300.60120240480956,1775,1782,0.0,19.99,0.0,0
2021-10-12,19.99,4.99,14.999999999999998,300.60120240480956,1776,1783,0.0,19.99,0.0,0
2021-10-13,19.99,4.99,14.999999999999998,300.60120240480956,1777,1784,0.0,19.99,0.0,0
2021-10-14,19.99,4.99,14.999999999999998,300.60120240480956,1778,1785,0.0,19.99,0.0,0
2021-10-15,19.99,4.99,14.999999999999998,300.60120240480956,1779,1786,0.0,19.99,0.0,0
2021-10-16,19.99,4.99,14.999999999999998,300.60120240480956,1780,1787,0.0,19.99,0.0,0
2021-10-17,19.99,4.99,14.999999999999998,300.60120240480956,1781,1788,0.0,19.99,0.0,0
2021-10-18,19.99,4.99,14.999999999999998,300.60120240480956,1782,1789,0.0,19.99,0.0,0
2021-10-19,19.99,4.99,14.999999999999998,300.60120240480956,1783,1790,0.0,19.99,0.0,0
2021-10-20,19.99,4.99,14.999999999999998,300.60120240480956,1784,1791,0.0,19.99,0.0,0
2021-10-21,19.99,4.99,14.999999999999998,300.60120240480956,1785,1792,0.0,19.99,0.0,0
2021-10-22,19.99,4.99,14.999999999999998,300.60120240480956,1786,1793,0.0,19.99,0.0,0
2021-10-23,19.99,4.99,14.999999999999998,300.60120240480956,1787,1794,0.0,19.99,0.0,0
2021-10-24,19.99,4.99,14.999999999999998,300.60120240480956,1788,1795,0.0,19.99,0.0,0
2021-10-25,19.99,4.99,14.999999999999998,300.60120240480956,1789,1796,0.0,19.99,0.0,0
2021-10-26,19.99,4.99,14.999999999999998,300.60120240480956,1790,1797,0.0,19.99,0.0,0
2021-10-27,19.99,4.99,14.999999999999998,300.60120240480956,1791,1798,0.0,19.99,0.0,0
2021-10-28,19.99,4.99,14.999999999999998,300.60120240480956,1792,1799,0.0,19.99,0.0,0
2021-10-29,19.99,4.99,14.999999999999998,300.60120240480956,1793,1800,0.0,19.99,0.0,0
2021-10-30,19.99,4.99,14.999999999999998,300.60120240480956,1794,1801,0.0,19.99,0.0,0
2021-10-31,19.99,4.99,14.999999999999998,300.60120240480956,1795,1802,0.0,19.99,0.0,0
2021-11-01,19.99,4.99,14.999999999999998,300.60120240480956,1796,1803,0.0,19.99,0.0,0
2021-11-02,19.99,4.99,14.999999999999998,300.60120240480956,1797,1804,0.0,19.99,0.0,0
2021-11-03,19.99,4.99,14.999999999999998,300.60120240480956,1798,1805,0.0,19.99,0.0,0
2021-11-04,19.99,4.99,14.999999999999998,300.60120240480956,1799,1806,0.0,19.99,0.0,0
2021-11-05,19.99,4.99,14.999999999999998,300.60120240480956,1800,1807,0.0,19.99,0.0,0
2021-11-06,19.99,4.99,14.999999999999998,300.60120240480956,1801,1808,0.0,19.99,0.0,0
2021-11-07,19.99,4.99,14.999999999999998,300.60120240480956,1802,1809,0.0,19.99,0.0,0
2021-11-08,19.99,4.99,14.999999999999998,300.60120240480956,1803,1810,0.0,19.99,0.0,0
2021-11-09,19.99,4.99,14.999999999999998,300.60120240480956,1804,1811,0.0,19.99,0.0,0
2021-11-10,19.99,4.99,14.999999999999998,300.60120240480956,1805,1812,0.0,19.99,0.0,0
2021-11-11,19.99,4.99,14.999999999999998,300.60120240480956,1806,1813,0.0,19.99,0.0,0
2021-11-12,19.99,4.99,14.999999999999998,300.60120240480956,1807,1814,0.0,19.99,0.0,0
2021-11-13,19.99,4.99,14.999999999999998,300.60120240480956,1808,1815,0.0,19.99,0.0,0
2021-11-14,19.99,4.99,14.999999999999998,300.60120240480956,1809,1816,0.0,19.99,0.0,0
2021-11-15,19.99,4.99,14.999999999999998,300.60120240480956,1810,1817,0.0,19.99,0.0,0
2021-11-16,19.99,4.99,14.999999999999998,300.60120240480956,1811,1818,0.0,19.99,0.0,0
2021-11-17,19.99,4.99,14.999999999999998,300.60120240480956,1812,1819,0.0,19.99,0.0,0
2021-11-18,19.99,4.99,14.999999999999998,300.60120240480956,1813,1820,0.0,19.99,0.0,0
2021-11-19,19.99,4.99,14.999999999999998,300.60120240480956,1814,1821,0.0,19.99,0.0,0
2021-11-20,19.99,4.99,14.999999999999998,300.60120240480956,1815,1822,0.0,19.99,0.0,0
2021-11-21,19.99,4.99,14.999999999999998,300.60120240480956,1816,1823,0.0,19.99,0.0,0
2021-11-22,19.99,4.99,14.999999999999998,300.60120240480956,1817,1824,0.0,19.99,0.0,0
2021-11-23,19.99,4.99,14.999999999999998,300.60120240480956,1818,1825,0.0,19.99,0.0,0
2021-11-24,19.99,4.99,14.999999999999998,300.60120240480956,1819,1826,0.0,19.99,0.0,0
2021-11-25,19.99,4.99,14.999999999999998,300.60120240480956,1820,1827,0.0,19.99,0.0,0
2021-11-26,19.99,4.99,14.999999999999998,300.60120240480956,1821,1828,0.0,19.99,0.0,0
2021-11-27,19.99,4.99,14.999999999999998,300.60120240480956,1822,1829,0.0,19.99,0.0,0
2021-11-28,19.99,4.99,14.999999999999998,300.60120240480956,1823,1830,0.0,19.99,0.0,0
2021-11-29,19.99,4.99,14.999999999999998,300.60120240480956,1824,1831,0.0,19.99,0.0,0
2021-11-30,19.99,4.99,14.999999999999998,300.60120240480956,1825,1832,0.0,19.99,0.0,0
2021-12-01,19.99,4.99,14.999999999999998,300.60120240480956,1826,1833,0.0,19.99,0.0,0
2021-12-02,19.99,4.99,14.999999999999998,300.60120240480956,1827,1834,0.0,19.99,0.0,0
2021-12-03,19.99,4.99,14.999999999999998,300.60120240480956,1828,1835,0.0,19.99,0.0,0
2021-12-04,19.99,4.99,14.999999999999998,300.60120240480956,1829,1836,0.0,19.99,0.0,0
2021-12-05,19.99,4.99,14.999999999999998,300.60120240480956,1830,1837,0.0,19.99,0.0,0
2021-12-06,19.99,4.99,14.999999999999998,300.60120240480956,1831,1838,0.0,19.99,0.0,0
2021-12-07,19.99,4.99,14.999999999999998,300.60120240480956,1832,1839,0.0,19.99,0.0,0
2021-12-08,19.99,4.99,14.999999999999998,300.60120240480956,1833,1840,0.0,19.99,0.0,0
2021-12-09,19.99,4.99,14.999999999999998,300.60120240480956,1834,1841,0.0,19.99,0.0,0
2021-12-10,19.99,4.99,14.999999999999998,300.60120240480956,1835,1842,0.0,19.99,0.0,0
2021-12-11,19.99,4.99,14.999999999999998,300.60120240480956,1836,1843,0.0,19.99,0.0,0
2021-12-12,19.99,4.99,14.999999999999998,300.60120240480956,1837,1844,0.0,19.99,0.0,0
2021-12-13,19.99,4.99,14.999999999999998,300.60120240480956,1838,1845,0.0,19.99,0.0,0
2021-12-14,19.99,4.99,14.999999999999998,300.60120240480956,1839,1846,0.0,19.99,0.0,0
2021-12-15,19.99,4.99,14.999999999999998,300.60120240480956,1840,1847,0.0,19.99,0.0,0
2021-12-16,19.99,4.99,14.999999999999998,300.60120240480956,1841,1848,0.0,19.99,0.0,0
2021-12-17,19.99,4.99,14.999999999999998,300.60120240480956,1842,1849,0.0,19.99,0.0,0
2021-12-18,19.99,4.99,14.999999999999998,300.60120240480956,1843,1850,0.0,19.99,0.0,0
2021-12-19,19.99,4.99,14.999999999999998,300.60120240480956,1844,1851,0.0,19.99,0.0,0
2021-12-20,19.99,4.99,14.999999999999998,300.60120240480956,1845,1852,0.0,19.99,0.0,0
2021-12-21,19.99,4.99,14.999999999999998,300.60120240480956,1846,1853,0.0,19.99,0.0,0
2021-12-22,19.99,4.99,14.999999999999998,300.60120240480956,1847,1854,0.0,19.99,0.0,0
2021-12-23,19.99,4.99,14.999999999999998,300.60120240480956,1848,1855,0.0,19.99,0.0,0
2021-12-24,19.99,4.99,14.999999999999998,300.60120240480956,1849,1856,0.0,19.99,0.0,0
2021-12-25,19.99,4.99,14.999999999999998,300.60120240480956,1850,1857,0.0,19.99,0.0,0
2021-12-26,19.99,4.99,14.999999999999998,300.60120240480956,1851,1858,0.0,19.99,0.0,0
2021-12-27,19.99,4.99,14.999999999999998,300.60120240480956,1852,1859,0.0,19.99,0.0,0
2021-12-28,19.99,4.99,14.999999999999998,300.60120240480956,1853,1860,0.0,19.99,0.0,0
2021-12-29,19.99,4.99,14.999999999999998,300.60120240480956,1854,1861,0.0,19.99,0.0,0
2021-12-30,19.99,4.99,14.999999999999998,300.60120240480956,1855,1862,0.0,19.99,0.0,0
2021-12-31,19.99,4.99,14.999999999999998,300.60120240480956,1856,1863,0.0,19.99,0.0,0
2022-01-01,19.99,4.99,14.999999999999998,300.60120240480956,1857,1864,0.0,19.99,0.0,0
2022-01-02,19.99,4.99,14.999999999999998,300.60120240480956,1858,1865,0.0,19.99,0.0,0
2022-01-03,19.99,4.99,14.999999999999998,300.60120240480956,1859,1866,0.0,19.99,0.0,0
2022-01-04,19.99,4.99,14.999999999999998,300.60120240480956,1860,1867,0.0,19.99,0.0,0
2022-01-05,19.99,4.99,14.999999999999998,300.60120240480956,1861,1868,0.0,19.99,0.0,0
2022-01-06,19.99,4.99,14.999999999999998,300.60120240480956,1862,1869,0.0,19.99,0.0,0
2022-01-07,19.99,4.99,14.999999999999998,300.60120240480956,1863,1870,0.0,19.99,0.0,0
2022-01-08,19.99,4.99,14.999999999999998,300.60120240480956,1864,1871,0.0,19.99,0.0,0
2022-01-09,19.99,4.99,14.999999999999998,300.60120240480956,1865,1872,0.0,19.99,0.0,0
2022-01-10,19.99,4.99,14.999999999999998,300.60120240480956,1866,1873,0.0,19.99,0.0,0
2022-01-11,19.99,4.99,14.999999999999998,300.60120240480956,1867,1874,0.0,19.99,0.0,0
2022-01-12,19.99,4.99,14.999999999999998,300.60120240480956,1868,1875,0.0,19.99,0.0,0
2022-01-13,19.99,4.99,14.999999999999998,300.60120240480956,1869,1876,0.0,19.99,0.0,0
2022-01-14,19.99,4.99,14.999999999999998,300.60120240480956,1870,1877,0.0,19.99,0.0,0
2022-01-15,19.99,4.99,14.999999999999998,300.60120240480956,1871,1878,0.0,19.99,0.0,0
2022-01-16,19.99,4.99,14.999999999999998,300.60120240480956,1872,1879,0.0,19.99,0.0,0
2022-01-17,19.99,4.99,14.999999999999998,300.60120240480956,1873,1880,0.0,19.99,0.0,0
2022-01-18,19.99,4.99,14.999999999999998,300.60120240480956,1874,1881,0.0,19.99,0.0,0
2022-01-19,19.99,4.99,14.999999999999998,300.60120240480956,1875,1882,0.0,19.99,0.0,0
2022-01-20,19.99,4.99,14.999999999999998,300.60120240480956,1876,1883,0.0,19.99,0.0,0
2022-01-21,19.99,4.99,14.999999999999998,300.60120240480956,1877,1884,0.0,19.99,0.0,0
2022-01-22,19.99,4.99,14.999999999999998,300.60120240480956,1878,1885,0.0,19.99,0.0,0
2022-01-23,19.99,4.99,14.999999999999998,300.60120240480956,1879,1886,0.0,19.99,0.0,0
2022-01-24,19.99,4.99,14.999999999999998,300.60120240480956,1880,1887,0.0,19.99,0.0,0
2022-01-25,19.99,4.99,14.999999999999998,300.60120240480956,1881,1888,0.0,19.99,0.0,0
2022-01-26,19.99,4.99,14.999999999999998,300.60120240480956,1882,1889,0.0,19.99,0.0,0
2022-01-27,19.99,4.99,14.999999999999998,300.60120240480956,1883,1890,0.0,19.99,0.0,0
2022-01-28,19.99,4.99,14.999999999999998,300.60120240480956,1884,1891,0.0,19.99,0.0,0
2022-01-29,19.99,4.99,14.999999999999998,300.60120240480956,1885,1892,0.0,19.99,0.0,0
2022-01-30,19.99,4.99,14.999999999999998,300.60120240480956,1886,1893,0.0,19.99,0.0,0
2022-01-31,19.99,4.99,14.999999999999998,300.60120240480956,1887,1894,0.0,19.99,0.0,0
2022-02-01,19.99,4.99,14.999999999999998,300.60120240480956,1888,1895,0.0,19.99,0.0,0
2022-02-02,19.99,4.99,14.999999999999998,300.60120240480956,1889,1896,0.0,19.99,0.0,0
2022-02-03,19.99,4.99,14.999999999999998,300.60120240480956,1890,1897,0.0,19.99,0.0,0
2022-02-04,19.99,4.99,14.999999999999998,300.60120240480956,1891,1898,0.0,19.99,0.0,0
2022-02-05,19.99,4.99,14.999999999999998,300.60120240480956,1892,1899,0.0,19.99,0.0,0
2022-02-06,19.99,4.99,14.999999999999998,300.60120240480956,1893,1900,0.0,19.99,0.0,0
2022-02-07,19.99,4.99,14.999999999999998,300.60120240480956,1894,1901,0.0,19.99,0.0,0
2022-02-08,19.99,4.99,14.999999999999998,300.60120240480956,1895,1902,0.0,19.99,0.0,0
2022-02-09,19.99,4.99,14.999999999999998,300.60120240480956,1896,1903,0.0,19.99,0.0,0
2022-02-10,19.99,4.99,14.999999999999998,300.60120240480956,1897,1904,0.0,19.99,0.0,0
2022-02-11,19.99,4.99,14.999999999999998,300.60120240480956,1898,1905,0.0,19.99,0.0,0
2022-02-12,19.99,4.99,14.999999999999998,300.60120240480956,1899,1906,0.0,19.99,0.0,0
2022-02-13,19.99,4.99,14.999999999999998,300.60120240480956,1900,1907,0.0,19.99,0.0,0
2022-02-14,19.99,4.99,14.999999999999998,300.60120240480956,1901,1908,0.0,19.99,0.0,0
2022-02-15,19.99,4.99,14.999999999999998,300.60120240480956,1902,1909,0.0,19.99,0.0,0
2022-02-16,19.99,4.99,14.999999999999998,300.60120240480956,1903,1910,0.0,19.99,0.0,0
2022-02-17,19.99,4.99,14.999999999999998,300.60120240480956,1904,1911,0.0,19.99,0.0,0
2022-02-18,19.99,4.99,14.999999999999998,300.60120240480956,1905,1912,0.0,19.99,0.0,0
2022-02-19,19.99,4.99,14.999999999999998,300.60120240480956,1906,1913,0.0,19.99,0.0,0
2022-02-20,19.99,4.99,14.999999999999998,300.60120240480956,1907,1914,0.0,19.99,0.0,0
2022-02-21,19.99,4.99,14.999999999999998,300.60120240480956,1908,1915,0.0,19.99,0.0,0
2022-02-22,19.99,4.99,14.999999999999998,300.60120240480956,1909,1916,0.0,19.99,0.0,0
2022-02-23,19.99,4.99,14.999999999999998,300.60120240480956,1910,1917,0.0,19.99,0.0,0
2022-02-24,19.99,4.99,14.999999999999998,300.60120240480956,1911,1918,0.0,19.99,0.0,0
2022-02-25,19.99,4.99,14.999999999999998,300.60120240480956,1912,1919,0.0,19.99,0.0,0
2022-02-26,19.99,4.99,14.999999999999998,300.60120240480956,1913,1920,0.0,19.99,0.0,0
2022-02-27,19.99,4.99,14.999999999999998,300.60120240480956,1914,1921,0.0,19.99,0.0,0
2022-02-28,19.99,4.99,14.999999999999998,300.60120240480956,1915,1922,0.0,19.99,0.0,0
2022-03-01,19.99,4.99,14.999999999999998,300.60120240480956,1916,1923,0.0,19.99,0.0,0
2022-03-02,19.99,4.99,14.999999999999998,300.60120240480956,1917,1924,0.0,19.99,0.0,0
2022-03-03,19.99,4.99,14.999999999999998,300.60120240480956,1918,1925,0.0,19.99,0.0,0
2022-03-04,19.99,4.99,14.999999999999998,300.60120240480956,1919,1926,0.0,19.99,0.0,0
2022-03-05,19.99,4.99,14.999999999999998,300.60120240480956,1920,1927,0.0,19.99,0.0,0
2022-03-06,19.99,4.99,14.999999999999998,300.60120240480956,1921,1928,0.0,19.99,0.0,0
2022-03-07,19.99,4.99,14.999999999999998,300.60120240480956,1922,1929,0.0,19.99,0.0,0
2022-03-08,19.99,4.99,14.999999999999998,300.60120240480956,1923,1930,0.0,19.99,0.0,0
2022-03-09,19.99,4.99,14.999999999999998,300.60120240480956,1924,1931,0.0,19.99,0.0,0
2022-03-10,19.99,4.99,14.999999999999998,300.60120240480956,1925,1932,0.0,19.99,0.0,0
2022-03-11,19.99,4.99,14.999999999999998,300.60120240480956,1926,1933,0.0,19.99,0.0,0
2022-03-12,19.99,4.99,14.999999999999998,300.60120240480956,1927,1934,0.0,19.99,0.0,0
2022-03-13,19.99,4.99,14.999999999999998,300.60120240480956,1928,1935,0.0,19.99,0.0,0
2022-03-14,19.99,4.99,14.999999999999998,300.60120240480956,1929,1936,0.0,19.99,0.0,0
2022-03-15,19.99,4.99,14.999999999999998,300.60120240480956,1930,1937,0.0,19.99,0.0,0
2022-03-16,19.99,4.99,14.999999999999998,300.60120240480956,1931,1938,0.0,19.99,0.0,0
2022-03-17,19.99,4.99,14.999999999999998,300.60120240480956,1932,1939,0.0,19.99,0.0,0
2022-03-18,19.99,4.99,14.999999999999998,300.60120240480956,1933,1940,0.0,19.99,0.0,0
2022-03-19,19.99,4.99,14.999999999999998,300.60120240480956,1934,1941,0.0,19.99,0.0,0
2022-03-20,19.99,4.99,14.999999999999998,300.60120240480956,1935,1942,0.0,19.99,0.0,0
2022-03-21,19.99,4.99,14.999999999999998,300.60120240480956,1936,1943,0.0,19.99,0.0,0
2022-03-22,19.99,4.99,14.999999999999998,300.60120240480956,1937,1944,0.0,19.99,0.0,0
2022-03-23,19.99,4.99,14.999999999999998,300.60120240480956,1938,1945,0.0,19.99,0.0,0
2022-03-24,19.99,4.99,14.999999999999998,300.60120240480956,1939,1946,0.0,19.99,0.0,0
2022-03-25,19.99,4.99,14.999999999999998,300.60120240480956,1940,1947,0.0,19.99,0.0,0
2022-03-26,19.99,4.99,14.999999999999998,300.60120240480956,1941,1948,0.0,19.99,0.0,0
2022-03-27,19.99,4.99,14.999999999999998,300.60120240480956,1942,1949,0.0,19.99,0.0,0
2022-03-28,19.99,4.99,14.999999999999998,300.60120240480956,1943,1950,0.0,19.99,0.0,0
2022-03-29,19.99,4.99,14.999999999999998,300.60120240480956,1944,1951,0.0,19.99,0.0,0
2022-03-30,19.99,4.99,14.999999999999998,300.60120240480956,1945,1952,0.0,19.99,0.0,0
2022-03-31,19.99,4.99,14.999999999999998,300.60120240480956,1946,1953,0.0,19.99,0.0,0
2022-04-01,19.99,4.99,14.999999999999998,300.60120240480956,1947,1954,0.0,19.99,0.0,0
2022-04-02,19.99,4.99,14.999999999999998,300.60120240480956,1948,1955,0.0,19.99,0.0,0
2022-04-03,19.99,4.99,14.999999999999998,300.60120240480956,1949,1956,0.0,19.99,0.0,0
2022-04-04,19.99,4.99,14.999999999999998,300.60120240480956,1950,1957,0.0,19.99,0.0,0
2022-04-05,19.99,4.99,14.999999999999998,300.60120240480956,1951,1958,0.0,19.99,0.0,0
2022-04-06,19.99,4.99,14.999999999999998,300.60120240480956,1952,1959,0.0,19.99,0.0,0
2022-04-07,19.99,4.99,14.999999999999998,300.60120240480956,1953,1960,0.0,19.99,0.0,0
2022-04-08,19.99,4.99,14.999999999999998,300.60120240480956,1954,1961,0.0,19.99,0.0,0
2022-04-09,19.99,4.99,14.999999999999998,300.60120240480956,1955,1962,0.0,19.99,0.0,0
2022-04-10,19.99,4.99,14.999999999999998,300.60120240480956,1956,1963,0.0,19.99,0.0,0
2022-04-11,19.99,4.99,14.999999999999998,300.60120240480956,1957,1964,0.0,19.99,0.0,0
2022-04-12,19.99,4.99,14.999999999999998,300.60120240480956,1958,1965,0.0,19.99,0.0,0
2022-04-13,19.99,4.99,14.999999999999998,300.60120240480956,1959,1966,0.0,19.99,0.0,0
2022-04-14,19.99,4.99,14.999999999999998,300.60120240480956,1960,1967,0.0,19.99,0.0,0
2022-04-15,19.99,4.99,14.999999999999998,300.60120240480956,1961,1968,0.0,19.99,0.0,0
2022-04-16,19.99,4.99,14.999999999999998,300.60120240480956,1962,1969,0.0,19.99,0.0,0
2022-04-17,19.99,4.99,14.999999999999998,300.60120240480956,1963,1970,0.0,19.99,0.0,0
2022-04-18,19.99,4.99,14.999999999999998,300.60120240480956,1964,1971,0.0,19.99,0.0,0
2022-04-19,19.99,4.99,14.999999999999998,300.60120240480956,1965,1972,0.0,19.99,0.0,0
2022-04-20,19.99,4.99,14.999999999999998,300.60120240480956,1966,1973,0.0,19.99,0.0,0
2022-04-21,19.99,4.99,14.999999999999998,300.60120240480956,1967,1974,0.0,19.99,0.0,0
2022-04-22,19.99,4.99,14.999999999999998,300.60120240480956,1968,1975,0.0,19.99,0.0,0
2022-04-23,19.99,4.99,14.999999999999998,300.60120240480956,1969,1976,0.0,19.99,0.0,0
2022-04-24,19.99,4.99,14.999999999999998,300.60120240480956,1970,1977,0.0,19.99,0.0,0
2022-04-25,19.99,4.99,14.999999999999998,300.60120240480956,1971,1978,0.0,19.99,0.0,0
2022-04-26,19.99,4.99,14.999999999999998,300.60120240480956,1972,1979,0.0,19.99,0.0,0
2022-04-27,19.99,4.99,14.999999999999998,300.60120240480956,1973,1980,0.0,19.99,0.0,0
2022-04-28,19.99,4.99,14.999999999999998,300.60120240480956,1974,1981,0.0,19.99,0.0,0
2022-04-29,19.99,4.99,14.999999999999998,300.60120240480956,1975,1982,0.0,19.99,0.0,0
2022-04-30,19.99,4.99,14.999999999999998,300.60120240480956,1976,1983,0.0,19.99,0.0,0
2022-05-01,19.99,4.99,14.999999999999998,300.60120240480956,1977,1984,0.0,19.99,0.0,0
2022-05-02,19.99,4.99,14.999999999999998,300.60120240480956,1978,1985,0.0,19.99,0.0,0
2022-05-03,19.99,4.99,14.999999999999998,300.60120240480956,1979,1986,0.0,19.99,0.0,0
2022-05-04,19.99,4.99,14.999999999999998,300.60120240480956,1980,1987,0.0,19.99,0.0,0
2022-05-05,19.99,4.99,14.999999999999998,300.60120240480956,1981,1988,0.0,19.99,0.0,0
2022-05-06,19.99,4.99,14.999999999999998,300.60120240480956,1982,1989,0.0,19.99,0.0,0
2022-05-07,19.99,4.99,14.999999999999998,300.60120240480956,1983,1990,0.0,19.99,0.0,0
2022-05-08,19.99,4.99,14.999999999999998,300.60120240480956,1984,1991,0.0,19.99,0.0,0
2022-05-09,19.99,4.99,14.999999999999998,300.60120240480956,1985,1992,0.0,19.99,0.0,0
2022-05-10,19.99,4.99,14.999999999999998,300.60120240480956,1986,1993,0.0,19.99,0.0,0
2022-05-11,19.99,4.99,14.999999999999998,300.60120240480956,1987,1994,0.0,19.99,0.0,0
2022-05-12,19.99,4.99,14.999999999999998,300.60120240480956,1988,1995,0.0,19.99,0.0,0
2022-05-13,19.99,4.99,14.999999999999998,300.60120240480956,1989,1996,0.0,19.99,0.0,0
2022-05-14,19.99,4.99,14.999999999999998,300.60120240480956,1990,1997,0.0,19.99,0.0,0
2022-05-15,19.99,4.99,14.999999999999998,300.60120240480956,1991,1998,0.0,19.99,0.0,0
2022-05-16,19.99,4.99,14.999999999999998,300.60120240480956,1992,1999,0.0,19.99,0.0,0
2022-05-17,19.99,4.99,14.999999999999998,300.60120240480956,1993,2000,0.0,19.99,0.0,0
2022-05-18,19.99,4.99,14.999999999999998,300.60120240480956,1994,2001,0.0,19.99,0.0,0
2022-05-19,19.99,4.99,14.999999999999998,300.60120240480956,1995,2002,0.0,19.99,0.0,0
2022-05-20,19.99,4.99,14.999999999999998,300.60120240480956,1996,2003,0.0,19.99,0.0,0
2022-05-21,19.99,4.99,14.999999999999998,300.60120240480956,1997,2004,0.0,19.99,0.0,0
2022-05-22,19.99,4.99,14.999999999999998,300.60120240480956,1998,2005,0.0,19.99,0.0,0
2022-05-23,19.99,4.99,14.999999999999998,300.60120240480956,1999,2006,0.0,19.99,0.0,0
2022-05-24,19.99,4.99,14.999999999999998,300.60120240480956,2000,2007,0.0,19.99,0.0,0
2022-05-25,19.99,4.99,14.999999999999998,300.60120240480956,2001,2008,0.0,19.99,0.0,0
2022-05-26,19.99,4.99,14.999999999999998,300.60120240480956,2002,2009,0.0,19.99,0.0,0
2022-05-27,19.99,4.99,14.999999999999998,300.60120240480956,2003,2010,0.0,19.99,0.0,0
2022-05-28,19.99,4.99,14.999999999999998,300.60120240480956,2004,2011,0.0,19.99,0.0,0
2022-05-29,19.99,4.99,14.999999999999998,300.60120240480956,2005,2012,0.0,19.99,0.0,0
2022-05-30,19.99,4.99,14.999999999999998,300.60120240480956,2006,2013,0.0,19.99,0.0,0
2022-05-31,19.99,4.99,14.999999999999998,300.60120240480956,2007,2014,0.0,19.99,0.0,0
2022-06-01,19.99,4.99,14.999999999999998,300.60120240480956,2008,2015,0.0,19.99,0.0,0
2022-06-02,19.99,4.99,14.999999999999998,300.60120240480956,2009,2016,0.0,19.99,0.0,0
2022-06-03,19.99,4.99,14.999999999999998,300.60120240480956,2010,2017,0.0,19.99,0.0,0
2022-06-04,19.99,4.99,14.999999999999998,300.60120240480956,2011,2018,0.0,19.99,0.0,0
2022-06-05,19.99,4.99,14.999999999999998,300.60120240480956,2012,2019,0.0,19.99,0.0,0
2022-06-06,19.99,4.99,14.999999999999998,300.60120240480956,2013,2020,0.0,19.99,0.0,0
2022-06-07,19.99,4.99,14.999999999999998,300.60120240480956,2014,2021,0.0,19.99,0.0,0
2022-06-08,19.99,4.99,14.999999999999998,300.60120240480956,2015,2022,0.0,19.99,0.0,0
2022-06-09,19.99,4.99,14.999999999999998,300.60120240480956,2016,2023,0.0,19.99,0.0,0
2022-06-10,19.99,4.99,14.999999999999998,300.60120240480956,2017,2024,0.0,19.99,0.0,0
2022-06-11,19.99,4.99,14.999999999999998,300.60120240480956,2018,2025,0.0,19.99,0.0,0
2022-06-12,19.99,4.99,14.999999999999998,300.60120240480956,2019,2026,0.0,19.99,0.0,0
2022-06-13,19.99,4.99,14.999999999999998,300.60120240480956,2020,2027,0.0,19.99,0.0,0
2022-06-14,19.99,4.99,14.999999999999998,300.60120240480956,2021,2028,0.0,19.99,0.0,0
2022-06-15,19.99,4.99,14.999999999999998,300.60120240480956,2022,2029,0.0,19.99,0.0,0
2022-06-16,19.99,4.99,14.999999999999998,300.60120240480956,2023,2030,0.0,19.99,0.0,0
2022-06-17,19.99,4.99,14.999999999999998,300.60120240480956,2024,2031,0.0,19.99,0.0,0
2022-06-18,19.99,4.99,14.999999999999998,300.60120240480956,2025,2032,0.0,19.99,0.0,0
2022-06-19,19.99,4.99,14.999999999999998,300.60120240480956,2026,2033,0.0,19.99,0.0,0
2022-06-20,19.99,4.99,14.999999999999998,300.60120240480956,2027,2034,0.0,19.99,0.0,0
2022-06-21,19.99,4.99,14.999999999999998,300.60120240480956,2028,2035,0.0,19.99,0.0,0
2022-06-22,19.99,4.99,14.999999999999998,300.60120240480956,2029,2036,0.0,19.99,0.0,0
2022-06-23,19.99,4.99,14.999999999999998,300.60120240480956,2030,2037,0.0,19.99,0.0,0
2022-06-24,19.99,4.99,14.999999999999998,300.60120240480956,2031,2038,0.0,19.99,0.0,0
2022-06-25,19.99,4.99,14.999999999999998,300.60120240480956,2032,2039,0.0,19.99,0.0,0
2022-06-26,19.99,4.99,14.999999999999998,300.60120240480956,2033,2040,0.0,19.99,0.0,0
2022-06-27,19.99,4.99,14.999999999999998,300.60120240480956,2034,2041,0.0,19.99,0.0,0
2022-06-28,19.99,4.99,14.999999999999998,300.60120240480956,2035,2042,0.0,19.99,0.0,0
2022-06-29,19.99,4.99,14.999999999999998,300.60120240480956,2036,2043,0.0,19.99,0.0,0
2022-06-30,19.99,4.99,14.999999999999998,300.60120240480956,2037,2044,0.0,19.99,0.0,0
2022-07-01,19.99,4.99,14.999999999999998,300.60120240480956,2038,2045,0.0,19.99,0.0,0
2022-07-02,19.99,4.99,14.999999999999998,300.60120240480956,2039,2046,0.0,19.99,0.0,0
2022-07-03,19.99,4.99,14.999999999999998,300.60120240480956,2040,2047,0.0,19.99,0.0,0
2022-07-04,19.99,4.99,14.999999999999998,300.60120240480956,2041,2048,0.0,19.99,0.0,0
2022-07-05,19.99,4.99,14.999999999999998,300.60120240480956,2042,2049,0.0,19.99,0.0,0
2022-07-06,19.99,4.99,14.999999999999998,300.60120240480956,2043,2050,0.0,19.99,0.0,0
2022-07-07,19.99,4.99,14.999999999999998,300.60120240480956,2044,2051,0.0,19.99,0.0,0
2022-07-08,19.99,4.99,14.999999999999998,300.60120240480956,2045,2052,0.0,19.99,0.0,0
2022-07-09,19.99,4.99,14.999999999999998,300.60120240480956,2046,2053,0.0,19.99,0.0,0
2022-07-10,19.99,4.99,14.999999999999998,300.60120240480956,2047,2054,0.0,19.99,0.0,0
2022-07-11,19.99,4.99,14.999999999999998,300.60120240480956,2048,2055,0.0,19.99,0.0,0
2022-07-12,19.99,4.99,14.999999999999998,300.60120240480956,2049,2056,0.0,19.99,0.0,0
2022-07-13,19.99,4.99,14.999999999999998,300.60120240480956,2050,2057,0.0,19.99,0.0,0
2022-07-14,19.99,4.99,14.999999999999998,300.60120240480956,2051,2058,0.0,19.99,0.0,0
2022-07-15,19.99,4.99,14.999999999999998,300.60120240480956,2052,2059,0.0,19.99,0.0,0
2022-07-16,19.99,4.99,14.999999999999998,300.60120240480956,2053,2060,0.0,19.99,0.0,0
2022-07-17,19.99,4.99,14.999999999999998,300.60120240480956,2054,2061,0.0,19.99,0.0,0
2022-07-18,19.99,4.99,14.999999999999998,300.60120240480956,2055,2062,0.0,19.99,0.0,0
2022-07-19,19.99,4.99,14.999999999999998,300.60120240480956,2056,2063,0.0,19.99,0.0,0
2022-07-20,19.99,4.99,14.999999999999998,300.60120240480956,2057,2064,0.0,19.99,0.0,0
2022-07-21,19.99,4.99,14.999999999999998,300.60120240480956,2058,2065,0.0,19.99,0.0,0
2022-07-22,19.99,4.99,14.999999999999998,300.60120240480956,2059,2066,0.0,19.99,0.0,0
2022-07-23,19.99,4.99,14.999999999999998,300.60120240480956,2060,2067,0.0,19.99,0.0,0
2022-07-24,19.99,4.99,14.999999999999998,300.60120240480956,2061,2068,0.0,19.99,0.0,0
2022-07-25,19.99,4.99,14.999999999999998,300.60120240480956,2062,2069,0.0,19.99,0.0,0
2022-07-26,19.99,4.99,14.999999999999998,300.60120240480956,2063,2070,0.0,19.99,0.0,0
2022-07-27,19.99,4.99,14.999999999999998,300.60120240480956,2064,2071,0.0,19.99,0.0,0
2022-07-28,19.99,4.99,14.999999999999998,300.60120240480956,2065,2072,0.0,19.99,0.0,0
2022-07-29,19.99,4.99,14.999999999999998,300.60120240480956,2066,2073,0.0,19.99,0.0,0
2022-07-30,19.99,4.99,14.999999999999998,300.60120240480956,2067,2074,0.0,19.99,0.0,0
2022-07-31,19.99,4.99,14.999999999999998,300.60120240480956,2068,2075,0.0,19.99,0.0,0
2022-08-01,19.99,4.99,14.999999999999998,300.60120240480956,2069,2076,0.0,19.99,0.0,0
2022-08-02,19.99,4.99,14.999999999999998,300.60120240480956,2070,2077,0.0,19.99,0.0,0
2022-08-03,19.99,4.99,14.999999999999998,300.60120240480956,2071,2078,0.0,19.99,0.0,0
2022-08-04,19.99,4.99,14.999999999999998,300.60120240480956,2072,2079,0.0,19.99,0.0,0
2022-08-05,19.99,4.99,14.999999999999998,300.60120240480956,2073,2080,0.0,19.99,0.0,0
2022-08-06,19.99,4.99,14.999999999999998,300.60120240480956,2074,2081,0.0,19.99,0.0,0
2022-08-07,19.99,4.99,14.999999999999998,300.60120240480956,2075,2082,0.0,19.99,0.0,0
2022-08-08,19.99,4.99,14.999999999999998,300.60120240480956,2076,2083,0.0,19.99,0.0,0
2022-08-09,19.99,4.99,14.999999999999998,300.60120240480956,2077,2084,0.0,19.99,0.0,0
2022-08-10,19.99,4.99,14.999999999999998,300.60120240480956,2078,2085,0.0,19.99,0.0,0
2022-08-11,19.99,4.99,14.999999999999998,300.60120240480956,2079,2086,0.0,19.99,0.0,0
2022-08-12,19.99,4.99,14.999999999999998,300.60120240480956,2080,2087,0.0,19.99,0.0,0
2022-08-13,19.99,4.99,14.999999999999998,300.60120240480956,2081,2088,0.0,19.99,0.0,0
2022-08-14,19.99,4.99,14.999999999999998,300.60120240480956,2082,2089,0.0,19.99,0.0,0
2022-08-15,19.99,4.99,14.999999999999998,300.60120240480956,2083,2090,0.0,19.99,0.0,0
2022-08-16,19.99,4.99,14.999999999999998,300.60120240480956,2084,2091,0.0,19.99,0.0,0
2022-08-17,19.99,4.99,14.999999999999998,300.60120240480956,2085,2092,0.0,19.99,0.0,0
2022-08-18,19.99,4.99,14.999999999999998,300.60120240480956,2086,2093,0.0,19.99,0.0,0
2022-08-19,19.99,4.99,14.999999999999998,300.60120240480956,2087,2094,0.0,19.99,0.0,0
2022-08-20,19.99,4.99,14.999999999999998,300.60120240480956,2088,2095,0.0,19.99,0.0,0
2022-08-21,19.99,4.99,14.999999999999998,300.60120240480956,2089,2096,0.0,19.99,0.0,0
2022-08-22,19.99,4.99,14.999999999999998,300.60120240480956,2090,2097,0.0,19.99,0.0,0
2022-08-23,19.99,4.99,14.999999999999998,300.60120240480956,2091,2098,0.0,19.99,0.0,0
2022-08-24,19.99,4.99,14.999999999999998,300.60120240480956,2092,2099,0.0,19.99,0.0,0
2022-08-25,19.99,4.99,14.999999999999998,300.60120240480956,2093,2100,0.0,19.99,0.0,0
2022-08-26,19.99,4.99,14.999999999999998,300.60120240480956,2094,2101,0.0,19.99,0.0,0
2022-08-27,19.99,4.99,14.999999999999998,300.60120240480956,2095,2102,0.0,19.99,0.0,0
2022-08-28,19.99,4.99,14.999999999999998,300.60120240480956,2096,2103,0.0,19.99,0.0,0
2022-08-29,19.99,4.99,14.999999999999998,300.60120240480956,2097,2104,0.0,19.99,0.0,0
2022-08-30,19.99,4.99,14.999999999999998,300.60120240480956,2098,2105,0.0,19.99,0.0,0
2022-08-31,19.99,4.99,14.999999999999998,300.60120240480956,2099,2106,0.0,19.99,0.0,0
2022-09-01,19.99,4.99,14.999999999999998,300.60120240480956,2100,2107,0.0,19.99,0.0,0
2022-09-02,19.99,4.99,14.999999999999998,300.60120240480956,2101,2108,0.0,19.99,0.0,0
2022-09-03,19.99,4.99,14.999999999999998,300.60120240480956,2102,2109,0.0,19.99,0.0,0
2022-09-04,19.99,4.99,14.999999999999998,300.60120240480956,2103,2110,0.0,19.99,0.0,0
2022-09-05,19.99,4.99,14.999999999999998,300.60120240480956,2104,2111,0.0,19.99,0.0,0
2022-09-06,19.99,4.99,14.999999999999998,300.60120240480956,2105,2112,0.0,19.99,0.0,0
2022-09-07,19.99,4.99,14.999999999999998,300.60120240480956,2106,2113,0.0,19.99,0.0,0
2022-09-08,19.99,4.99,14.999999999999998,300.60120240480956,2107,2114,0.0,19.99,0.0,0
2022-09-09,19.99,4.99,14.999999999999998,300.60120240480956,2108,2115,0.0,19.99,0.0,0
2022-09-10,19.99,4.99,14.999999999999998,300.60120240480956,2109,2116,0.0,19.99,0.0,0
2022-09-11,19.99,4.99,14.999999999999998,300.60120240480956,2110,2117,0.0,19.99,0.0,0
2022-09-12,19.99,4.99,14.999999999999998,300.60120240480956,2111,2118,0.0,19.99,0.0,0
2022-09-13,19.99,4.99,14.999999999999998,300.60120240480956,2112,2119,0.0,19.99,0.0,0
2022-09-14,19.99,4.99,14.999999999999998,300.60120240480956,2113,2120,0.0,19.99,0.0,0
2022-09-15,19.99,4.99,14.999999999999998,300.60120240480956,2114,2121,0.0,19.99,0.0,0
2022-09-16,19.99,4.99,14.999999999999998,300.60120240480956,2115,2122,0.0,19.99,0.0,0
2022-09-17,19.99,4.99,14.999999999999998,300.60120240480956,2116,2123,0.0,19.99,0.0,0
2022-09-18,19.99,4.99,14.999999999999998,300.60120240480956,2117,2124,0.0,19.99,0.0,0
2022-09-19,19.99,4.99,14.999999999999998,300.60120240480956,2118,2125,0.0,19.99,0.0,0
2022-09-20,19.99,4.99,14.999999999999998,300.60120240480956,2119,2126,0.0,19.99,0.0,0
2022-09-21,19.99,4.99,14.999999999999998,300.60120240480956,2120,2127,0.0,19.99,0.0,0
2022-09-22,19.99,4.99,14.999999999999998,300.60120240480956,2121,2128,0.0,19.99,0.0,0
2022-09-23,19.99,4.99,14.999999999999998,300.60120240480956,2122,2129,0.0,19.99,0.0,0
2022-09-24,19.99,4.99,14.999999999999998,300.60120240480956,2123,2130,0.0,19.99,0.0,0
2022-09-25,19.99,4.99,14.999999999999998,300.60120240480956,2124,2131,0.0,19.99,0.0,0
2022-09-26,19.99,4.99,14.999999999999998,300.60120240480956,2125,2132,0.0,19.99,0.0,0
2022-09-27,19.99,4.99,14.999999999999998,300.60120240480956,2126,2133,0.0,19.99,0.0,0
2022-09-28,19.99,4.99,14.999999999999998,300.60120240480956,2127,2134,0.0,19.99,0.0,0
2022-09-29,19.99,4.99,14.999999999999998,300.60120240480956,2128,2135,0.0,19.99,0.0,0
2022-09-30,19.99,4.99,14.999999999999998,300.60120240480956,2129,2136,0.0,19.99,0.0,0
2022-10-01,19.99,4.99,14.999999999999998,300.60120240480956,2130,2137,0.0,19.99,0.0,0
2022-10-02,19.99,4.99,14.999999999999998,300.60120240480956,2131,2138,0.0,19.99,0.0,0
2022-10-03,19.99,4.99,14.999999999999998,300.60120240480956,2132,2139,0.0,19.99,0.0,0
2022-10-04,19.99,4.99,14.999999999999998,300.60120240480956,2133,2140,0.0,19.99,0.0,0
2022-10-05,19.99,4.99,14.999999999999998,300.60120240480956,2134,2141,0.0,19.99,0.0,0
2022-10-06,19.99,4.99,14.999999999999998,300.60120240480956,2135,2142,0.0,19.99,0.0,0
2022-10-07,19.99,4.99,14.999999999999998,300.60120240480956,2136,2143,0.0,19.99,0.0,0
2022-10-08,19.99,4.99,14.999999999999998,300.60120240480956,2137,2144,0.0,19.99,0.0,0
2022-10-09,19.99,4.99,14.999999999999998,300.60120240480956,2138,2145,0.0,19.99,0.0,0
2022-10-10,19.99,4.99,14.999999999999998,300.60120240480956,2139,2146,0.0,19.99,0.0,0
2022-10-11,19.99,4.99,14.999999999999998,300.60120240480956,2140,2147,0.0,19.99,0.0,0
2022-10-12,19.99,4.99,14.999999999999998,300.60120240480956,2141,2148,0.0,19.99,0.0,0
2022-10-13,19.99,4.99,14.999999999999998,300.60120240480956,2142,2149,0.0,19.99,0.0,0
2022-10-14,19.99,4.99,14.999999999999998,300.60120240480956,2143,2150,0.0,19.99,0.0,0
2022-10-15,19.99,4.99,14.999999999999998,300.60120240480956,2144,2151,0.0,19.99,0.0,0
2022-10-16,19.99,4.99,14.999999999999998,300.60120240480956,2145,2152,0.0,19.99,0.0,0
2022-10-17,19.99,4.99,14.999999999999998,300.60120240480956,2146,2153,0.0,19.99,0.0,0
2022-10-18,19.99,4.99,14.999999999999998,300.60120240480956,2147,2154,0.0,19.99,0.0,0
2022-10-19,19.99,4.99,14.999999999999998,300.60120240480956,2148,2155,0.0,19.99,0.0,0
2022-10-20,19.99,4.99,14.999999999999998,300.60120240480956,2149,2156,0.0,19.99,0.0,0
2022-10-21,19.99,4.99,14.999999999999998,300.60120240480956,2150,2157,0.0,19.99,0.0,0
2022-10-22,19.99,4.99,14.999999999999998,300.60120240480956,2151,2158,0.0,19.99,0.0,0
2022-10-23,19.99,4.99,14.999999999999998,300.60120240480956,2152,2159,0.0,19.99,0.0,0
2022-10-24,19.99,4.99,14.999999999999998,300.60120240480956,2153,2160,0.0,19.99,0.0,0
2022-10-25,19.99,4.99,14.999999999999998,300.60120240480956,2154,2161,0.0,19.99,0.0,0
2022-10-26,19.99,4.99,14.999999999999998,300.60120240480956,2155,2162,0.0,19.99,0.0,0
2022-10-27,19.99,4.99,14.999999999999998,300.60120240480956,2156,2163,0.0,19.99,0.0,0
2022-10-28,19.99,4.99,14.999999999999998,300.60120240480956,2157,2164,0.0,19.99,0.0,0
2022-10-29,19.99,4.99,14.999999999999998,300.60120240480956,2158,2165,0.0,19.99,0.0,0
2022-10-30,19.99,4.99,14.999999999999998,300.60120240480956,2159,2166,0.0,19.99,0.0,0
2022-10-31,19.99,4.99,14.999999999999998,300.60120240480956,2160,2167,0.0,19.99,0.0,0
2022-11-01,19.99,4.99,14.999999999999998,300.60120240480956,2161,2168,0.0,19.99,0.0,0
2022-11-02,19.99,4.99,14.999999999999998,300.60120240480956,2162,2169,0.0,19.99,0.0,0
2022-11-03,19.99,4.99,14.999999999999998,300.60120240480956,2163,2170,0.0,19.99,0.0,0
2022-11-04,19.99,4.99,14.999999999999998,300.60120240480956,2164,2171,0.0,19.99,0.0,0
2022-11-05,19.99,4.99,14.999999999999998,300.60120240480956,2165,2172,0.0,19.99,0.0,0
2022-11-06,19.99,4.99,14.999999999999998,300.60120240480956,2166,2173,0.0,19.99,0.0,0
2022-11-07,19.99,4.99,14.999999999999998,300.60120240480956,2167,2174,0.0,19.99,0.0,0
2022-11-08,19.99,4.99,14.999999999999998,300.60120240480956,2168,2175,0.0,19.99,0.0,0
2022-11-09,19.99,4.99,14.999999999999998,300.60120240480956,2169,2176,0.0,19.99,0.0,0
2022-11-10,19.99,4.99,14.999999999999998,300.60120240480956,2170,2177,0.0,19.99,0.0,0
2022-11-11,19.99,4.99,14.999999999999998,300.60120240480956,2171,2178,0.0,19.99,0.0,0
2022-11-12,19.99,4.99,14.999999999999998,300.60120240480956,2172,2179,0.0,19.99,0.0,0
2022-11-13,19.99,4.99,14.999999999999998,300.60120240480956,2173,2180,0.0,19.99,0.0,0
2022-11-14,19.99,4.99,14.999999999999998,300.60120240480956,2174,2181,0.0,19.99,0.0,0
2022-11-15,19.99,4.99,14.999999999999998,300.60120240480956,2175,2182,0.0,19.99,0.0,0
2022-11-16,19.99,4.99,14.999999999999998,300.60120240480956,2176,2183,0.0,19.99,0.0,0
2022-11-17,19.99,4.99,14.999999999999998,300.60120240480956,2177,2184,0.0,19.99,0.0,0
2022-11-18,19.99,4.99,14.999999999999998,300.60120240480956,2178,2185,0.0,19.99,0.0,0
2022-11-19,19.99,4.99,14.999999999999998,300.60120240480956,2179,2186,0.0,19.99,0.0,0
2022-11-20,19.99,4.99,14.999999999999998,300.60120240480956,2180,2187,0.0,19.99,0.0,0
2022-11-21,19.99,4.99,14.999999999999998,300.60120240480956,2181,2188,0.0,19.99,0.0,0
2022-11-22,19.99,4.99,14.999999999999998,300.60120240480956,2182,2189,0.0,19.99,0.0,0
2022-11-23,19.99,4.99,14.999999999999998,300.60120240480956,2183,2190,0.0,19.99,0.0,0
2022-11-24,19.99,4.99,14.999999999999998,300.60120240480956,2184,2191,0.0,19.99,0.0,0
2022-11-25,19.99,4.99,14.999999999999998,300.60120240480956,2185,2192,0.0,19.99,0.0,0
2022-11-26,19.99,4.99,14.999999999999998,300.60120240480956,2186,2193,0.0,19.99,0.0,0
2022-11-27,19.99,4.99,14.999999999999998,300.60120240480956,2187,2194,0.0,19.99,0.0,0
2022-11-28,19.99,4.99,14.999999999999998,300.60120240480956,2188,2195,0.0,19.99,0.0,0
2022-11-29,19.99,4.99,14.999999999999998,300.60120240480956,2189,2196,0.0,19.99,0.0,0
2022-11-30,19.99,4.99,14.999999999999998,300.60120240480956,2190,2197,0.0,19.99,0.0,0
2022-12-01,19.99,4.99,14.999999999999998,300.60120240480956,2191,2198,0.0,19.99,0.0,0
2022-12-02,19.99,4.99,14.999999999999998,300.60120240480956,2192,2199,0.0,19.99,0.0,0
2022-12-03,19.99,4.99,14.999999999999998,300.60120240480956,2193,2200,0.0,19.99,0.0,0
2022-12-04,19.99,4.99,14.999999999999998,300.60120240480956,2194,2201,0.0,19.99,0.0,0
2022-12-05,19.99,4.99,14.999999999999998,300.60120240480956,2195,2202,0.0,19.99,0.0,0
2022-12-06,19.99,4.99,14.999999999999998,300.60120240480956,2196,2203,0.0,19.99,0.0,0
2022-12-07,19.99,4.99,14.999999999999998,300.60120240480956,2197,2204,0.0,19.99,0.0,0
2022-12-08,19.99,4.99,14.999999999999998,300.60120240480956,2198,2205,0.0,19.99,0.0,0
2022-12-09,19.99,4.99,14.999999999999998,300.60120240480956,2199,2206,0.0,19.99,0.0,0
2022-12-10,19.99,4.99,14.999999999999998,300.60120240480956,2200,2207,0.0,19.99,0.0,0
2022-12-11,19.99,4.99,14.999999999999998,300.60120240480956,2201,2208,0.0,19.99,0.0,0
2022-12-12,19.99,4.99,14.999999999999998,300.60120240480956,2202,2209,0.0,19.99,0.0,0
2022-12-13,19.99,4.99,14.999999999999998,300.60120240480956,2203,2210,0.0,19.99,0.0,0
2022-12-14,19.99,4.99,14.999999999999998,300.60120240480956,2204,2211,0.0,19.99,0.0,0
2022-12-15,19.99,4.99,14.999999999999998,300.60120240480956,2205,2212,0.0,19.99,0.0,0
2022-12-16,19.99,4.99,14.999999999999998,300.60120240480956,2206,2213,0.0,19.99,0.0,0
2022-12-17,19.99,4.99,14.999999999999998,300.60120240480956,2207,2214,0.0,19.99,0.0,0
2022-12-18,19.99,4.99,14.999999999999998,300.60120240480956,2208,2215,0.0,19.99,0.0,0
2022-12-19,19.99,4.99,14.999999999999998,300.60120240480956,2209,2216,0.0,19.99,0.0,0
2022-12-20,19.99,4.99,14.999999999999998,300.60120240480956,2210,2217,0.0,19.99,0.0,0
2022-12-21,19.99,4.99,14.999999999999998,300.60120240480956,2211,2218,0.0,19.99,0.0,0
2022-12-22,19.99,4.99,14.999999999999998,300.60120240480956,2212,2219,0.0,19.99,0.0,0
2022-12-23,19.99,4.99,14.999999999999998,300.60120240480956,2213,2220,0.0,19.99,0.0,0
2022-12-24,19.99,4.99,14.999999999999998,300.60120240480956,2214,2221,0.0,19.99,0.0,0
2022-12-25,19.99,4.99,14.999999999999998,300.60120240480956,2215,2222,0.0,19.99,0.0,0
2022-12-26,19.99,4.99,14.999999999999998,300.60120240480956,2216,2223,0.0,19.99,0.0,0
2022-12-27,19.99,4.99,14.999999999999998,300.60120240480956,2217,2224,0.0,19.99,0.0,0
2022-12-28,19.99,4.99,14.999999999999998,300.60120240480956,2218,2225,0.0,19.99,0.0,0
2022-12-29,19.99,4.99,14.999999999999998,300.60120240480956,2219,2226,0.0,19.99,0.0,0
2022-12-30,19.99,4.99,14.999999999999998,300.60120240480956,2220,2227,0.0,19.99,0.0,0
2022-12-31,19.99,4.99,14.999999999999998,300.60120240480956,2221,2228,0.0,19.99,0.0,0
2023-01-01,19.99,4.99,14.999999999999998,300.60120240480956,2222,2229,0.0,19.99,0.0,0
2023-01-02,19.99,4.99,14.999999999999998,300.60120240480956,2223,2230,0.0,19.99,0.0,0
2023-01-03,19.99,4.99,14.999999999999998,300.60120240480956,2224,2231,0.0,19.99,0.0,0
2023-01-04,19.99,4.99,14.999999999999998,300.60120240480956,2225,2232,0.0,19.99,0.0,0
2023-01-05,19.99,4.99,14.999999999999998,300.60120240480956,2226,2233,0.0,19.99,0.0,0
2023-01-06,19.99,4.99,14.999999999999998,300.60120240480956,2227,2234,0.0,19.99,0.0,0
2023-01-07,19.99,4.99,14.999999999999998,300.60120240480956,2228,2235,0.0,19.99,0.0,0
2023-01-08,19.99,4.99,14.999999999999998,300.60120240480956,2229,2236,0.0,19.99,0.0,0
2023-01-09,19.99,4.99,14.999999999999998,300.60120240480956,2230,2237,0.0,19.99,0.0,0
2023-01-10,19.99,4.99,14.999999999999998,300.60120240480956,2231,2238,0.0,19.99,0.0,0
2023-01-11,19.99,4.99,14.999999999999998,300.60120240480956,2232,2239,0.0,19.99,0.0,0
2023-01-12,19.99,4.99,14.999999999999998,300.60120240480956,2233,2240,0.0,19.99,0.0,0
2023-01-13,19.99,4.99,14.999999999999998,300.60120240480956,2234,2241,0.0,19.99,0.0,0
2023-01-14,19.99,4.99,14.999999999999998,300.60120240480956,2235,2242,0.0,19.99,0.0,0
2023-01-15,19.99,4.99,14.999999999999998,300.60120240480956,2236,2243,0.0,19.99,0.0,0
2023-01-16,19.99,4.99,14.999999999999998,300.60120240480956,2237,2244,0.0,19.99,0.0,0
2023-01-17,19.99,4.99,14.999999999999998,300.60120240480956,2238,2245,0.0,19.99,0.0,0
2023-01-18,19.99,4.99,14.999999999999998,300.60120240480956,2239,2246,0.0,19.99,0.0,0
2023-01-19,19.99,4.99,14.999999999999998,300.60120240480956,2240,2247,0.0,19.99,0.0,0
2023-01-20,19.99,4.99,14.999999999999998,300.60120240480956,2241,2248,0.0,19.99,0.0,0
2023-01-21,19.99,4.99,14.999999999999998,300.60120240480956,2242,2249,0.0,19.99,0.0,0
2023-01-22,19.99,4.99,14.999999999999998,300.60120240480956,2243,2250,0.0,19.99,0.0,0
2023-01-23,19.99,4.99,14.999999999999998,300.60120240480956,2244,2251,0.0,19.99,0.0,0
2023-01-24,19.99,4.99,14.999999999999998,300.60120240480956,2245,2252,0.0,19.99,0.0,0
2023-01-25,19.99,4.99,14.999999999999998,300.60120240480956,2246,2253,0.0,19.99,0.0,0
2023-01-26,19.99,4.99,14.999999999999998,300.60120240480956,2247,2254,0.0,19.99,0.0,0
2023-01-27,19.99,4.99,14.999999999999998,300.60120240480956,2248,2255,0.0,19.99,0.0,0
2023-01-28,19.99,4.99,14.999999999999998,300.60120240480956,2249,2256,0.0,19.99,0.0,0
2023-01-29,19.99,4.99,14.999999999999998,300.60120240480956,2250,2257,0.0,19.99,0.0,0
2023-01-30,19.99,4.99,14.999999999999998,300.60120240480956,2251,2258,0.0,19.99,0.0,0
2023-01-31,19.99,4.99,14.999999999999998,300.60120240480956,2252,2259,0.0,19.99,0.0,0
2023-02-01,19.99,4.99,14.999999999999998,300.60120240480956,2253,2260,0.0,19.99,0.0,0
2023-02-02,19.99,4.99,14.999999999999998,300.60120240480956,2254,2261,0.0,19.99,0.0,0
2023-02-03,19.99,4.99,14.999999999999998,300.60120240480956,2255,2262,0.0,19.99,0.0,0
2023-02-04,19.99,4.99,14.999999999999998,300.60120240480956,2256,2263,0.0,19.99,0.0,0
2023-02-05,19.99,4.99,14.999999999999998,300.60120240480956,2257,2264,0.0,19.99,0.0,0
2023-02-06,19.99,4.99,14.999999999999998,300.60120240480956,2258,2265,0.0,19.99,0.0,0
2023-02-07,19.99,4.99,14.999999999999998,300.60120240480956,2259,2266,0.0,19.99,0.0,0
2023-02-08,19.99,4.99,14.999999999999998,300.60120240480956,2260,2267,0.0,19.99,0.0,0
2023-02-09,19.99,4.99,14.999999999999998,300.60120240480956,2261,2268,0.0,19.99,0.0,0
2023-02-10,19.99,4.99,14.999999999999998,300.60120240480956,2262,2269,0.0,19.99,0.0,0
2023-02-11,19.99,4.99,14.999999999999998,300.60120240480956,2263,2270,0.0,19.99,0.0,0
2023-02-12,19.99,4.99,14.999999999999998,300.60120240480956,2264,2271,0.0,19.99,0.0,0
2023-02-13,19.99,4.99,14.999999999999998,300.60120240480956,2265,2272,0.0,19.99,0.0,0
2023-02-14,19.99,4.99,14.999999999999998,300.60120240480956,2266,2273,0.0,19.99,0.0,0
2023-02-15,19.99,4.99,14.999999999999998,300.60120240480956,2267,2274,0.0,19.99,0.0,0
2023-02-16,19.99,4.99,14.999999999999998,300.60120240480956,2268,2275,0.0,19.99,0.0,0
2023-02-17,19.99,4.99,14.999999999999998,300.60120240480956,2269,2276,0.0,19.99,0.0,0
2023-02-18,19.99,4.99,14.999999999999998,300.60120240480956,2270,2277,0.0,19.99,0.0,0
2023-02-19,19.99,4.99,14.999999999999998,300.60120240480956,2271,2278,0.0,19.99,0.0,0
2023-02-20,19.99,4.99,14.999999999999998,300.60120240480956,2272,2279,0.0,19.99,0.0,0
2023-02-21,19.99,4.99,14.999999999999998,300.60120240480956,2273,2280,0.0,19.99,0.0,0
2023-02-22,19.99,4.99,14.999999999999998,300.60120240480956,2274,2281,0.0,19.99,0.0,0
2023-02-23,19.99,4.99,14.999999999999998,300.60120240480956,2275,2282,0.0,19.99,0.0,0
2023-02-24,19.99,4.99,14.999999999999998,300.60120240480956,2276,2283,0.0,19.99,0.0,0
2023-02-25,19.99,4.99,14.999999999999998,300.60120240480956,2277,2284,0.0,19.99,0.0,0
2023-02-26,19.99,4.99,14.999999999999998,300.60120240480956,2278,2285,0.0,19.99,0.0,0
2023-02-27,19.99,4.99,14.999999999999998,300.60120240480956,2279,2286,0.0,19.99,0.0,0
2023-02-28,19.99,4.99,14.999999999999998,300.60120240480956,2280,2287,0.0,19.99,0.0,0
2023-03-01,19.99,4.99,14.999999999999998,300.60120240480956,2281,2288,0.0,19.99,0.0,0
2023-03-02,19.99,4.99,14.999999999999998,300.60120240480956,2282,2289,0.0,19.99,0.0,0
2023-03-03,19.99,4.99,14.999999999999998,300.60120240480956,2283,2290,0.0,19.99,0.0,0
2023-03-04,19.99,4.99,14.999999999999998,300.60120240480956,2284,2291,0.0,19.99,0.0,0
2023-03-05,19.99,4.99,14.999999999999998,300.60120240480956,2285,2292,0.0,19.99,0.0,0
2023-03-06,19.99,4.99,14.999999999999998,300.60120240480956,2286,2293,0.0,19.99,0.0,0
2023-03-07,19.99,4.99,14.999999999999998,300.60120240480956,2287,2294,0.0,19.99,0.0,0
2023-03-08,19.99,4.99,14.999999999999998,300.60120240480956,2288,2295,0.0,19.99,0.0,0
2023-03-09,19.99,4.99,14.999999999999998,300.60120240480956,2289,2296,0.0,19.99,0.0,0
2023-03-10,19.99,4.99,14.999999999999998,300.60120240480956,2290,2297,0.0,19.99,0.0,0
2023-03-11,19.99,4.99,14.999999999999998,300.60120240480956,2291,2298,0.0,19.99,0.0,0
2023-03-12,19.99,4.99,14.999999999999998,300.60120240480956,2292,2299,0.0,19.99,0.0,0
2023-03-13,19.99,4.99,14.999999999999998,300.60120240480956,2293,2300,0.0,19.99,0.0,0
2023-03-14,19.99,4.99,14.999999999999998,300.60120240480956,2294,2301,0.0,19.99,0.0,0
2023-03-15,19.99,4.99,14.999999999999998,300.60120240480956,2295,2302,0.0,19.99,0.0,0
2023-03-16,19.99,4.99,14.999999999999998,300.60120240480956,2296,2303,0.0,19.99,0.0,0
2023-03-17,19.99,4.99,14.999999999999998,300.60120240480956,2297,2304,0.0,19.99,0.0,0
2023-03-18,19.99,4.99,14.999999999999998,300.60120240480956,2298,2305,0.0,19.99,0.0,0
2023-03-19,19.99,4.99,14.999999999999998,300.60120240480956,2299,2306,0.0,19.99,0.0,0
2023-03-20,19.99,4.99,14.999999999999998,300.60120240480956,2300,2307,0.0,19.99,0.0,0
2023-03-21,19.99,4.99,14.999999999999998,300.60120240480956,2301,2308,0.0,19.99,0.0,0
2023-03-22,19.99,4.99,14.999999999999998,300.60120240480956,2302,2309,0.0,19.99,0.0,0
2023-03-23,19.99,4.99,14.999999999999998,300.60120240480956,2303,2310,0.0,19.99,0.0,0
2023-03-24,19.99,4.99,14.999999999999998,300.60120240480956,2304,2311,0.0,19.99,0.0,0
2023-03-25,19.99,4.99,14.999999999999998,300.60120240480956,2305,2312,0.0,19.99,0.0,0
2023-03-26,19.99,4.99,14.999999999999998,300.60120240480956,2306,2313,0.0,19.99,0.0,0
2023-03-27,19.99,4.99,14.999999999999998,300.60120240480956,2307,2314,0.0,19.99,0.0,0
2023-03-28,19.99,4.99,14.999999999999998,300.60120240480956,2308,2315,0.0,19.99,0.0,0
2023-03-29,19.99,4.99,14.999999999999998,300.60120240480956,2309,2316,0.0,19.99,0.0,0
2023-03-30,19.99,4.99,14.999999999999998,300.60120240480956,2310,2317,0.0,19.99,0.0,0
2023-03-31,19.99,4.99,14.999999999999998,300.60120240480956,2311,2318,0.0,19.99,0.0,0
2023-04-01,19.99,4.99,14.999999999999998,300.60120240480956,2312,2319,0.0,19.99,0.0,0
2023-04-02,19.99,4.99,14.999999999999998,300.60120240480956,2313,2320,0.0,19.99,0.0,0
2023-04-03,19.99,4.99,14.999999999999998,300.60120240480956,2314,2321,0.0,19.99,0.0,0
2023-04-04,19.99,4.99,14.999999999999998,300.60120240480956,2315,2322,0.0,19.99,0.0,0
2023-04-05,19.99,4.99,14.999999999999998,300.60120240480956,2316,2323,0.0,19.99,0.0,0
2023-04-06,19.99,4.99,14.999999999999998,300.60120240480956,2317,2324,0.0,19.99,0.0,0
2023-04-07,19.99,4.99,14.999999999999998,300.60120240480956,2318,2325,0.0,19.99,0.0,0
2023-04-08,19.99,4.99,14.999999999999998,300.60120240480956,2319,2326,0.0,19.99,0.0,0
2023-04-09,19.99,4.99,14.999999999999998,300.60120240480956,2320,2327,0.0,19.99,0.0,0
2023-04-10,19.99,4.99,14.999999999999998,300.60120240480956,2321,2328,0.0,19.99,0.0,0
2023-04-11,19.99,4.99,14.999999999999998,300.60120240480956,2322,2329,0.0,19.99,0.0,0
2023-04-12,19.99,4.99,14.999999999999998,300.60120240480956,2323,2330,0.0,19.99,0.0,0
2023-04-13,19.99,4.99,14.999999999999998,300.60120240480956,2324,2331,0.0,19.99,0.0,0
2023-04-14,19.99,4.99,14.999999999999998,300.60120240480956,2325,2332,0.0,19.99,0.0,0
2023-04-15,19.99,4.99,14.999999999999998,300.60120240480956,2326,2333,0.0,19.99,0.0,0
2023-04-16,19.99,4.99,14.999999999999998,300.60120240480956,2327,2334,0.0,19.99,0.0,0
2023-04-17,19.99,4.99,14.999999999999998,300.60120240480956,2328,2335,0.0,19.99,0.0,0
2023-04-18,19.99,4.99,14.999999999999998,300.60120240480956,2329,2336,0.0,19.99,0.0,0
2023-04-19,19.99,4.99,14.999999999999998,300.60120240480956,2330,2337,0.0,19.99,0.0,0
2023-04-20,19.99,4.99,14.999999999999998,300.60120240480956,2331,2338,0.0,19.99,0.0,0
2023-04-21,19.99,4.99,14.999999999999998,300.60120240480956,2332,2339,0.0,19.99,0.0,0
2023-04-22,19.99,4.99,14.999999999999998,300.60120240480956,2333,2340,0.0,19.99,0.0,0
2023-04-23,19.99,4.99,14.999999999999998,300.60120240480956,2334,2341,0.0,19.99,0.0,0
2023-04-24,19.99,4.99,14.999999999999998,300.60120240480956,2335,2342,0.0,19.99,0.0,0
2023-04-25,19.99,4.99,14.999999999999998,300.60120240480956,2336,2343,0.0,19.99,0.0,0
2023-04-26,19.99,4.99,14.999999999999998,300.60120240480956,2337,2344,0.0,19.99,0.0,0
2023-04-27,19.99,4.99,14.999999999999998,300.60120240480956,2338,2345,0.0,19.99,0.0,0
2023-04-28,19.99,4.99,14.999999999999998,300.60120240480956,2339,2346,0.0,19.99,0.0,0
2023-04-29,19.99,4.99,14.999999999999998,300.60120240480956,2340,2347,0.0,19.99,0.0,0
2023-04-30,19.99,4.99,14.999999999999998,300.60120240480956,2341,2348,0.0,19.99,0.0,0
2023-05-01,19.99,4.99,14.999999999999998,300.60120240480956,2342,2349,0.0,19.99,0.0,0
2023-05-02,19.99,4.99,14.999999999999998,300.60120240480956,2343,2350,0.0,19.99,0.0,0
2023-05-03,19.99,4.99,14.999999999999998,300.60120240480956,2344,2351,0.0,19.99,0.0,0
2023-05-04,19.99,4.99,14.999999999999998,300.60120240480956,2345,2352,0.0,19.99,0.0,0
2023-05-05,19.99,4.99,14.999999999999998,300.60120240480956,2346,2353,0.0,19.99,0.0,0
2023-05-06,19.99,4.99,14.999999999999998,300.60120240480956,2347,2354,0.0,19.99,0.0,0
2023-05-07,19.99,4.99,14.999999999999998,300.60120240480956,2348,2355,0.0,19.99,0.0,0
2023-05-08,19.99,4.99,14.999999999999998,300.60120240480956,2349,2356,0.0,19.99,0.0,0
2023-05-09,19.99,4.99,14.999999999999998,300.60120240480956,2350,2357,0.0,19.99,0.0,0
2023-05-10,19.99,4.99,14.999999999999998,300.60120240480956,2351,2358,0.0,19.99,0.0,0
2023-05-11,19.99,4.99,14.999999999999998,300.60120240480956,2352,2359,0.0,19.99,0.0,0
2023-05-12,19.99,4.99,14.999999999999998,300.60120240480956,2353,2360,0.0,19.99,0.0,0
2023-05-13,19.99,4.99,14.999999999999998,300.60120240480956,2354,2361,0.0,19.99,0.0,0
2023-05-14,19.99,4.99,14.999999999999998,300.60120240480956,2355,2362,0.0,19.99,0.0,0
2023-05-15,19.99,4.99,14.999999999999998,300.60120240480956,2356,2363,0.0,19.99,0.0,0
2023-05-16,19.99,4.99,14.999999999999998,300.60120240480956,2357,2364,0.0,19.99,0.0,0
2023-05-17,19.99,4.99,14.999999999999998,300.60120240480956,2358,2365,0.0,19.99,0.0,0
2023-05-18,19.99,4.99,14.999999999999998,300.60120240480956,2359,2366,0.0,19.99,0.0,0
2023-05-19,19.99,4.99,14.999999999999998,300.60120240480956,2360,2367,0.0,19.99,0.0,0
2023-05-20,19.99,4.99,14.999999999999998,300.60120240480956,2361,2368,0.0,19.99,0.0,0
2023-05-21,19.99,4.99,14.999999999999998,300.60120240480956,2362,2369,0.0,19.99,0.0,0
2023-05-22,19.99,4.99,14.999999999999998,300.60120240480956,2363,2370,0.0,19.99,0.0,0
2023-05-23,19.99,4.99,14.999999999999998,300.60120240480956,2364,2371,0.0,19.99,0.0,0
2023-05-24,19.99,4.99,14.999999999999998,300.60120240480956,2365,2372,0.0,19.99,0.0,0
2023-05-25,19.99,4.99,14.999999999999998,300.60120240480956,2366,2373,0.0,19.99,0.0,0
2023-05-26,19.99,4.99,14.999999999999998,300.60120240480956,2367,2374,0.0,19.99,0.0,0
2023-05-27,19.99,4.99,14.999999999999998,300.60120240480956,2368,2375,0.0,19.99,0.0,0
2023-05-28,19.99,4.99,14.999999999999998,300.60120240480956,2369,2376,0.0,19.99,0.0,0
2023-05-29,19.99,4.99,14.999999999999998,300.60120240480956,2370,2377,0.0,19.99,0.0,0
2023-05-30,19.99,4.99,14.999999999999998,300.60120240480956,2371,2378,0.0,19.99,0.0,0
2023-05-31,19.99,4.99,14.999999999999998,300.60120240480956,2372,2379,0.0,19.99,0.0,0
2023-06-01,19.99,4.99,14.999999999999998,300.60120240480956,2373,2380,0.0,19.99,0.0,0
2023-06-02,19.99,4.99,14.999999999999998,300.60120240480956,2374,2381,0.0,19.99,0.0,0
2023-06-03,19.99,4.99,14.999999999999998,300.60120240480956,2375,2382,0.0,19.99,0.0,0
2023-06-04,19.99,4.99,14.999999999999998,300.60120240480956,2376,2383,0.0,19.99,0.0,0
2023-06-05,19.99,4.99,14.999999999999998,300.60120240480956,2377,2384,0.0,19.99,0.0,0
2023-06-06,19.99,4.99,14.999999999999998,300.60120240480956,2378,2385,0.0,19.99,0.0,0
2023-06-07,19.99,4.99,14.999999999999998,300.60120240480956,2379,2386,0.0,19.99,0.0,0
2023-06-08,19.99,4.99,14.999999999999998,300.60120240480956,2380,2387,0.0,19.99,0.0,0
2023-06-09,19.99,4.99,14.999999999999998,300.60120240480956,2381,2388,0.0,19.99,0.0,0
2023-06-10,19.99,4.99,14.999999999999998,300.60120240480956,2382,2389,0.0,19.99,0.0,0
2023-06-11,19.99,4.99,14.999999999999998,300.60120240480956,2383,2390,0.0,19.99,0.0,0
2023-06-12,19.99,4.99,14.999999999999998,300.60120240480956,2384,2391,0.0,19.99,0.0,0
2023-06-13,19.99,4.99,14.999999999999998,300.60120240480956,2385,2392,0.0,19.99,0.0,0
2023-06-14,19.99,4.99,14.999999999999998,300.60120240480956,2386,2393,0.0,19.99,0.0,0
2023-06-15,19.99,4.99,14.999999999999998,300.60120240480956,2387,2394,0.0,19.99,0.0,0
2023-06-16,19.99,4.99,14.999999999999998,300.60120240480956,2388,2395,0.0,19.99,0.0,0
2023-06-17,19.99,4.99,14.999999999999998,300.60120240480956,2389,2396,0.0,19.99,0.0,0
2023-06-18,19.99,4.99,14.999999999999998,300.60120240480956,2390,2397,0.0,19.99,0.0,0
2023-06-19,19.99,4.99,14.999999999999998,300.60120240480956,2391,2398,0.0,19.99,0.0,0
2023-06-20,19.99,4.99,14.999999999999998,300.60120240480956,2392,2399,0.0,19.99,0.0,0
2023-06-21,19.99,4.99,14.999999999999998,300.60120240480956,2393,2400,0.0,19.99,0.0,0
2023-06-22,19.99,4.99,14.999999999999998,300.60120240480956,2394,2401,0.0,19.99,0.0,0
2023-06-23,19.99,4.99,14.999999999999998,300.60120240480956,2395,2402,0.0,19.99,0.0,0
2023-06-24,19.99,4.99,14.999999999999998,300.60120240480956,2396,2403,0.0,19.99,0.0,0
2023-06-25,19.99,4.99,14.999999999999998,300.60120240480956,2397,2404,0.0,19.99,0.0,0
2023-06-26,19.99,4.99,14.999999999999998,300.60120240480956,2398,2405,0.0,19.99,0.0,0
2023-06-27,19.99,4.99,14.999999999999998,300.60120240480956,2399,2406,0.0,19.99,0.0,0
2023-06-28,19.99,4.99,14.999999999999998,300.60120240480956,2400,2407,0.0,19.99,0.0,0
2023-06-29,19.99,4.99,14.999999999999998,300.60120240480956,2401,2408,0.0,19.99,0.0,0
2023-06-30,19.99,4.99,14.999999999999998,300.60120240480956,2402,2409,0.0,19.99,0.0,0
2023-07-01,19.99,4.99,14.999999999999998,300.60120240480956,2403,2410,0.0,19.99,0.0,0
2023-07-02,19.99,4.99,14.999999999999998,300.60120240480956,2404,2411,0.0,19.99,0.0,0
2023-07-03,19.99,4.99,14.999999999999998,300.60120240480956,2405,2412,0.0,19.99,0.0,0
2023-07-04,19.99,4.99,14.999999999999998,300.60120240480956,2406,2413,0.0,19.99,0.0,0
2023-07-05,19.99,4.99,14.999999999999998,300.60120240480956,2407,2414,0.0,19.99,0.0,0
2023-07-06,19.99,4.99,14.999999999999998,300.60120240480956,2408,2415,0.0,19.99,0.0,0
2023-07-07,19.99,4.99,14.999999999999998,300.60120240480956,2409,2416,0.0,19.99,0.0,0
2023-07-08,19.99,4.99,14.999999999999998,300.60120240480956,2410,2417,0.0,19.99,0.0,0
2023-07-09,19.99,4.99,14.999999999999998,300.60120240480956,2411,2418,0.0,19.99,0.0,0
2023-07-10,19.99,4.99,14.999999999999998,300.60120240480956,2412,2419,0.0,19.99,0.0,0
2023-07-11,19.99,4.99,14.999999999999998,300.60120240480956,2413,2420,0.0,19.99,0.0,0
2023-07-12,19.99,4.99,14.999999999999998,300.60120240480956,2414,2421,0.0,19.99,0.0,0
2023-07-13,19.99,4.99,14.999999999999998,300.60120240480956,2415,2422,0.0,19.99,0.0,0
2023-07-14,19.99,4.99,14.999999999999998,300.60120240480956,2416,2423,0.0,19.99,0.0,0
2023-07-15,19.99,4.99,14.999999999999998,300.60120240480956,2417,2424,0.0,19.99,0.0,0
2023-07-16,19.99,4.99,14.999999999999998,300.60120240480956,2418,2425,0.0,19.99,0.0,0
2023-07-17,19.99,4.99,14.999999999999998,300.60120240480956,2419,2426,0.0,19.99,0.0,0
2023-07-18,19.99,4.99,14.999999999999998,300.60120240480956,2420,2427,0.0,19.99,0.0,0
2023-07-19,19.99,4.99,14.999999999999998,300.60120240480956,2421,2428,0.0,19.99,0.0,0
2023-07-20,19.99,4.99,14.999999999999998,300.60120240480956,2422,2429,0.0,19.99,0.0,0
2023-07-21,19.99,4.99,14.999999999999998,300.60120240480956,2423,2430,0.0,19.99,0.0,0
2023-07-22,19.99,4.99,14.999999999999998,300.60120240480956,2424,2431,0.0,19.99,0.0,0
2023-07-23,19.99,4.99,14.999999999999998,300.60120240480956,2425,2432,0.0,19.99,0.0,0
2023-07-24,19.99,4.99,14.999999999999998,300.60120240480956,2426,2433,0.0,19.99,0.0,0
2023-07-25,19.99,4.99,14.999999999999998,300.60120240480956,2427,2434,0.0,19.99,0.0,0
2023-07-26,19.99,4.99,14.999999999999998,300.60120240480956,2428,2435,0.0,19.99,0.0,0
2023-07-27,19.99,4.99,14.999999999999998,300.60120240480956,2429,2436,0.0,19.99,0.0,0
2023-07-28,19.99,4.99,14.999999999999998,300.60120240480956,2430,2437,0.0,19.99,0.0,0
2023-07-29,19.99,4.99,14.999999999999998,300.60120240480956,2431,2438,0.0,19.99,0.0,0
2023-07-30,19.99,4.99,14.999999999999998,300.60120240480956,2432,2439,0.0,19.99,0.0,0
2023-07-31,19.99,4.99,14.999999999999998,300.60120240480956,2433,2440,0.0,19.99,0.0,0
2023-08-01,19.99,4.99,14.999999999999998,300.60120240480956,2434,2441,0.0,19.99,0.0,0
2023-08-02,19.99,4.99,14.999999999999998,300.60120240480956,2435,2442,0.0,19.99,0.0,0
2023-08-03,19.99,4.99,14.999999999999998,300.60120240480956,2436,2443,0.0,19.99,0.0,0
2023-08-04,19.99,4.99,14.999999999999998,300.60120240480956,2437,2444,0.0,19.99,0.0,0
2023-08-05,19.99,4.99,14.999999999999998,300.60120240480956,2438,2445,0.0,19.99,0.0,0
2023-08-06,19.99,4.99,14.999999999999998,300.60120240480956,2439,2446,0.0,19.99,0.0,0
2023-08-07,19.99,4.99,14.999999999999998,300.60120240480956,2440,2447,0.0,19.99,0.0,0
2023-08-08,19.99,4.99,14.999999999999998,300.60120240480956,2441,2448,0.0,19.99,0.0,0
2023-08-09,19.99,4.99,14.999999999999998,300.60120240480956,2442,2449,0.0,19.99,0.0,0
2023-08-10,19.99,4.99,14.999999999999998,300.60120240480956,2443,2450,0.0,19.99,0.0,0
2023-08-11,19.99,4.99,14.999999999999998,300.60120240480956,2444,2451,0.0,19.99,0.0,0
2023-08-12,19.99,4.99,14.999999999999998,300.60120240480956,2445,2452,0.0,19.99,0.0,0
2023-08-13,19.99,4.99,14.999999999999998,300.60120240480956,2446,2453,0.0,19.99,0.0,0
2023-08-14,19.99,4.99,14.999999999999998,300.60120240480956,2447,2454,0.0,19.99,0.0,0
2023-08-15,19.99,4.99,14.999999999999998,300.60120240480956,2448,2455,0.0,19.99,0.0,0
2023-08-16,19.99,4.99,14.999999999999998,300.60120240480956,2449,2456,0.0,19.99,0.0,0
2023-08-17,19.99,4.99,14.999999999999998,300.60120240480956,2450,2457,0.0,19.99,0.0,0
2023-08-18,19.99,4.99,14.999999999999998,300.60120240480956,2451,2458,0.0,19.99,0.0,0
2023-08-19,19.99,4.99,14.999999999999998,300.60120240480956,2452,2459,0.0,19.99,0.0,0
2023-08-20,19.99,4.99,14.999999999999998,300.60120240480956,2453,2460,0.0,19.99,0.0,0
2023-08-21,19.99,4.99,14.999999999999998,300.60120240480956,2454,2461,0.0,19.99,0.0,0
2023-08-22,19.99,4.99,14.999999999999998,300.60120240480956,2455,2462,0.0,19.99,0.0,0
2023-08-23,19.99,4.99,14.999999999999998,300.60120240480956,2456,2463,0.0,19.99,0.0,0
2023-08-24,19.99,4.99,14.999999999999998,300.60120240480956,2457,2464,0.0,19.99,0.0,0
2023-08-25,19.99,4.99,14.999999999999998,300.60120240480956,2458,2465,0.0,19.99,0.0,0
2023-08-26,19.99,4.99,14.999999999999998,300.60120240480956,2459,2466,0.0,19.99,0.0,0
2023-08-27,19.99,4.99,14.999999999999998,300.60120240480956,2460,2467,0.0,19.99,0.0,0
2023-08-28,19.99,4.99,14.999999999999998,300.60120240480956,2461,2468,0.0,19.99,0.0,0
2023-08-29,19.99,4.99,14.999999999999998,300.60120240480956,2462,2469,0.0,19.99,0.0,0
2023-08-30,19.99,4.99,14.999999999999998,300.60120240480956,2463,2470,0.0,19.99,0.0,0
2023-08-31,19.99,4.99,14.999999999999998,300.60120240480956,2464,2471,0.0,19.99,0.0,0
2023-09-01,19.99,4.99,14.999999999999998,300.60120240480956,2465,2472,0.0,19.99,0.0,0
2023-09-02,19.99,4.99,14.999999999999998,300.60120240480956,2466,2473,0.0,19.99,0.0,0
2023-09-03,19.99,4.99,14.999999999999998,300.60120240480956,2467,2474,0.0,19.99,0.0,0
2023-09-04,19.99,4.99,14.999999999999998,300.60120240480956,2468,2475,0.0,19.99,0.0,0
2023-09-05,19.99,4.99,14.999999999999998,300.60120240480956,2469,2476,0.0,19.99,0.0,0
2023-09-06,19.99,4.99,14.999999999999998,300.60120240480956,2470,2477,0.0,19.99,0.0,0
2023-09-07,19.99,4.99,14.999999999999998,300.60120240480956,2471,2478,0.0,19.99,0.0,0
2023-09-08,19.99,4.99,14.999999999999998,300.60120240480956,2472,2479,0.0,19.99,0.0,0
2023-09-09,19.99,4.99,14.999999999999998,300.60120240480956,2473,2480,0.0,19.99,0.0,0
2023-09-10,19.99,4.99,14.999999999999998,300.60120240480956,2474,2481,0.0,19.99,0.0,0
2023-09-11,19.99,4.99,14.999999999999998,300.60120240480956,2475,2482,0.0,19.99,0.0,0
2023-09-12,19.99,4.99,14.999999999999998,300.60120240480956,2476,2483,0.0,19.99,0.0,0
2023-09-13,19.99,4.99,14.999999999999998,300.60120240480956,2477,2484,0.0,19.99,0.0,0
2023-09-14,19.99,4.99,14.999999999999998,300.60120240480956,2478,2485,0.0,19.99,0.0,0
2023-09-15,19.99,4.99,14.999999999999998,300.60120240480956,2479,2486,0.0,19.99,0.0,0
2023-09-16,19.99,4.99,14.999999999999998,300.60120240480956,2480,2487,0.0,19.99,0.0,0
2023-09-17,19.99,4.99,14.999999999999998,300.60120240480956,2481,2488,0.0,19.99,0.0,0
2023-09-18,19.99,4.99,14.999999999999998,300.60120240480956,2482,2489,0.0,19.99,0.0,0
2023-09-19,19.99,4.99,14.999999999999998,300.60120240480956,2483,2490,0.0,19.99,0.0,0
2023-09-20,19.99,4.99,14.999999999999998,300.60120240480956,2484,2491,0.0,19.99,0.0,0
2023-09-21,19.99,4.99,14.999999999999998,300.60120240480956,2485,2492,0.0,19.99,0.0,0
2023-09-22,19.99,4.99,14.999999999999998,300.60120240480956,2486,2493,0.0,19.99,0.0,0
2023-09-23,19.99,4.99,14.999999999999998,300.60120240480956,2487,2494,0.0,19.99,0.0,0
2023-09-24,19.99,4.99,14.999999999999998,300.60120240480956,2488,2495,0.0,19.99,0.0,0
2023-09-25,19.99,4.99,14.999999999999998,300.60120240480956,2489,2496,0.0,19.99,0.0,0
2023-09-26,19.99,4.99,14.999999999999998,300.60120240480956,2490,2497,0.0,19.99,0.0,0
2023-09-27,19.99,4.99,14.999999999999998,300.60120240480956,2491,2498,0.0,19.99,0.0,0
2023-09-28,19.99,4.99,14.999999999999998,300.60120240480956,2492,2499,0.0,19.99,0.0,0
2023-09-29,19.99,4.99,14.999999999999998,300.60120240480956,2493,2500,0.0,19.99,0.0,0
2023-09-30,19.99,4.99,14.999999999999998,300.60120240480956,2494,2501,0.0,19.99,0.0,0
2023-10-01,19.99,4.99,14.999999999999998,300.60120240480956,2495,2502,0.0,19.99,0.0,0
2023-10-02,19.99,4.99,14.999999999999998,300.60120240480956,2496,2503,0.0,19.99,0.0,0
2023-10-03,19.99,4.99,14.999999999999998,300.60120240480956,2497,2504,0.0,19.99,0.0,0
2023-10-04,19.99,4.99,14.999999999999998,300.60120240480956,2498,2505,0.0,19.99,0.0,0
2023-10-05,19.99,4.99,14.999999999999998,300.60120240480956,2499,2506,0.0,19.99,0.0,0
2023-10-06,19.99,4.99,14.999999999999998,300.60120240480956,2500,2507,0.0,19.99,0.0,0
2023-10-07,19.99,4.99,14.999999999999998,300.60120240480956,2501,2508,0.0,19.99,0.0,0
2023-10-08,19.99,4.99,14.999999999999998,300.60120240480956,2502,2509,0.0,19.99,0.0,0
2023-10-09,19.99,4.99,14.999999999999998,300.60120240480956,2503,2510,0.0,19.99,0.0,0
2023-10-10,19.99,4.99,14.999999999999998,300.60120240480956,2504,2511,0.0,19.99,0.0,0
2023-10-11,19.99,4.99,14.999999999999998,300.60120240480956,2505,2512,0.0,19.99,0.0,0
2023-10-12,19.99,4.99,14.999999999999998,300.60120240480956,2506,2513,0.0,19.99,0.0,0
2023-10-13,19.99,4.99,14.999999999999998,300.60120240480956,2507,2514,0.0,19.99,0.0,0
2023-10-14,19.99,4.99,14.999999999999998,300.60120240480956,2508,2515,0.0,19.99,0.0,0
2023-10-15,19.99,4.99,14.999999999999998,300.60120240480956,2509,2516,0.0,19.99,0.0,0
2023-10-16,19.99,4.99,14.999999999999998,300.60120240480956,2510,2517,0.0,19.99,0.0,0
2023-10-17,19.99,4.99,14.999999999999998,300.60120240480956,2511,2518,0.0,19.99,0.0,0
2023-10-18,19.99,4.99,14.999999999999998,300.60120240480956,2512,2519,0.0,19.99,0.0,0
2023-10-19,19.99,4.99,14.999999999999998,300.60120240480956,2513,2520,0.0,19.99,0.0,0
2023-10-20,19.99,4.99,14.999999999999998,300.60120240480956,2514,2521,0.0,19.99,0.0,0
2023-10-21,19.99,4.99,14.999999999999998,300.60120240480956,2515,2522,0.0,19.99,0.0,0
2023-10-22,19.99,4.99,14.999999999999998,300.60120240480956,2516,2523,0.0,19.99,0.0,0
2023-10-23,19.99,4.99,14.999999999999998,300.60120240480956,2517,2524,0.0,19.99,0.0,0
2023-10-24,19.99,4.99,14.999999999999998,300.60120240480956,2518,2525,0.0,19.99,0.0,0
2023-10-25,19.99,4.99,14.999999999999998,300.60120240480956,2519,2526,0.0,19.99,0.0,0
2023-10-26,19.99,4.99,14.999999999999998,300.60120240480956,2520,2527,0.0,19.99,0.0,0
2023-10-27,19.99,4.99,14.999999999999998,300.60120240480956,2521,2528,0.0,19.99,0.0,0
2023-10-28,19.99,4.99,14.999999999999998,300.60120240480956,2522,2529,0.0,19.99,0.0,0
2023-10-29,19.99,4.99,14.999999999999998,300.60120240480956,2523,2530,0.0,19.99,0.0,0
2023-10-30,19.99,4.99,14.999999999999998,300.60120240480956,2524,2531,0.0,19.99,0.0,0
2023-10-31,19.99,4.99,14.999999999999998,300.60120240480956,2525,2532,0.0,19.99,0.0,0
2023-11-01,19.99,4.99,14.999999999999998,300.60120240480956,2526,2533,0.0,19.99,0.0,0
2023-11-02,19.99,4.99,14.999999999999998,300.60120240480956,2527,2534,0.0,19.99,0.0,0
2023-11-03,19.99,4.99,14.999999999999998,300.60120240480956,2528,2535,0.0,19.99,0.0,0
2023-11-04,19.99,4.99,14.999999999999998,300.60120240480956,2529,2536,0.0,19.99,0.0,0
2023-11-05,19.99,4.99,14.999999999999998,300.60120240480956,2530,2537,0.0,19.99,0.0,0
2023-11-06,19.99,4.99,14.999999999999998,300.60120240480956,2531,2538,0.0,19.99,0.0,0
2023-11-07,19.99,4.99,14.999999999999998,300.60120240480956,2532,2539,0.0,19.99,0.0,0
2023-11-08,19.99,4.99,14.999999999999998,300.60120240480956,2533,2540,0.0,19.99,0.0,0
2023-11-09,19.99,4.99,14.999999999999998,300.60120240480956,2534,2541,0.0,19.99,0.0,0
2023-11-10,19.99,4.99,14.999999999999998,300.60120240480956,2535,2542,0.0,19.99,0.0,0
2023-11-11,19.99,4.99,14.999999999999998,300.60120240480956,2536,2543,0.0,19.99,0.0,0
2023-11-12,19.99,4.99,14.999999999999998,300.60120240480956,2537,2544,0.0,19.99,0.0,0
2023-11-13,19.99,4.99,14.999999999999998,300.60120240480956,2538,2545,0.0,19.99,0.0,0
2023-11-14,19.99,4.99,14.999999999999998,300.60120240480956,2539,2546,0.0,19.99,0.0,0
2023-11-15,19.99,4.99,14.999999999999998,300.60120240480956,2540,2547,0.0,19.99,0.0,0
2023-11-16,19.99,4.99,14.999999999999998,300.60120240480956,2541,2548,0.0,19.99,0.0,0
2023-11-17,19.99,4.99,14.999999999999998,300.60120240480956,2542,2549,0.0,19.99,0.0,0
2023-11-18,19.99,4.99,14.999999999999998,300.60120240480956,2543,2550,0.0,19.99,0.0,0
2023-11-19,19.99,4.99,14.999999999999998,300.60120240480956,2544,2551,0.0,19.99,0.0,0
2023-11-20,19.99,4.99,14.999999999999998,300.60120240480956,2545,2552,0.0,19.99,0.0,0
2023-11-21,19.99,4.99,14.999999999999998,300.60120240480956,2546,2553,0.0,19.99,0.0,0
2023-11-22,19.99,4.99,14.999999999999998,300.60120240480956,2547,2554,0.0,19.99,0.0,0
2023-11-23,19.99,4.99,14.999999999999998,300.60120240480956,2548,2555,0.0,19.99,0.0,0
2023-11-24,19.99,4.99,14.999999999999998,300.60120240480956,2549,2556,0.0,19.99,0.0,0
2023-11-25,19.99,4.99,14.999999999999998,300.60120240480956,2550,2557,0.0,19.99,0.0,0
2023-11-26,19.99,4.99,14.999999999999998,300.60120240480956,2551,2558,0.0,19.99,0.0,0
2023-11-27,19.99,4.99,14.999999999999998,300.60120240480956,2552,2559,0.0,19.99,0.0,0
2023-11-28,19.99,4.99,14.999999999999998,300.60120240480956,2553,2560,0.0,19.99,0.0,0
2023-11-29,19.99,4.99,14.999999999999998,300.60120240480956,2554,2561,0.0,19.99,0.0,0
2023-11-30,19.99,4.99,14.999999999999998,300.60120240480956,2555,2562,0.0,19.99,0.0,0
2023-12-01,19.99,4.99,14.999999999999998,300.60120240480956,2556,2563,0.0,19.99,0.0,0
2023-12-02,19.99,4.99,14.999999999999998,300.60120240480956,2557,2564,0.0,19.99,0.0,0
2023-12-03,19.99,4.99,14.999999999999998,300.60120240480956,2558,2565,0.0,19.99,0.0,0
2023-12-04,19.99,4.99,14.999999999999998,300.60120240480956,2559,2566,0.0,19.99,0.0,0
2023-12-05,19.99,4.99,14.999999999999998,300.60120240480956,2560,2567,0.0,19.99,0.0,0
2023-12-06,19.99,4.99,14.999999999999998,300.60120240480956,2561,2568,0.0,19.99,0.0,0
2023-12-07,19.99,4.99,14.999999999999998,300.60120240480956,2562,2569,0.0,19.99,0.0,0
2023-12-08,19.99,4.99,14.999999999999998,300.60120240480956,2563,2570,0.0,19.99,0.0,0
2023-12-09,19.99,4.99,14.999999999999998,300.60120240480956,2564,2571,0.0,19.99,0.0,0
2023-12-10,19.99,4.99,14.999999999999998,300.60120240480956,2565,2572,0.0,19.99,0.0,0
2023-12-11,19.99,4.99,14.999999999999998,300.60120240480956,2566,2573,0.0,19.99,0.0,0
2023-12-12,19.99,4.99,14.999999999999998,300.60120240480956,2567,2574,0.0,19.99,0.0,0
2023-12-13,19.99,4.99,14.999999999999998,300.60120240480956,2568,2575,0.0,19.99,0.0,0
2023-12-14,19.99,4.99,14.999999999999998,300.60120240480956,2569,2576,0.0,19.99,0.0,0
2023-12-15,19.99,4.99,14.999999999999998,300.60120240480956,2570,2577,0.0,19.99,0.0,0
2023-12-16,19.99,4.99,14.999999999999998,300.60120240480956,2571,2578,0.0,19.99,0.0,0
2023-12-17,19.99,4.99,14.999999999999998,300.60120240480956,2572,2579,0.0,19.99,0.0,0
2023-12-18,19.99,4.99,14.999999999999998,300.60120240480956,2573,2580,0.0,19.99,0.0,0
2023-12-19,19.99,4.99,14.999999999999998,300.60120240480956,2574,2581,0.0,19.99,0.0,0
2023-12-20,19.99,4.99,14.999999999999998,300.60120240480956,2575,2582,0.0,19.99,0.0,0
2023-12-21,19.99,4.99,14.999999999999998,300.60120240480956,2576,2583,0.0,19.99,0.0,0
2023-12-22,19.99,4.99,14.999999999999998,300.60120240480956,2577,2584,0.0,19.99,0.0,0
2023-12-23,19.99,4.99,14.999999999999998,300.60120240480956,2578,2585,0.0,19.99,0.0,0
2023-12-24,19.99,4.99,14.999999999999998,300.60120240480956,2579,2586,0.0,19.99,0.0,0
2023-12-25,19.99,4.99,14.999999999999998,300.60120240480956,2580,2587,0.0,19.99,0.0,0
2023-12-26,19.99,4.99,14.999999999999998,300.60120240480956,2581,2588,0.0,19.99,0.0,0
2023-12-27,19.99,4.99,14.999999999999998,300.60120240480956,2582,2589,0.0,19.99,0.0,0
2023-12-28,19.99,4.99,14.999999999999998,300.60120240480956,2583,2590,0.0,19.99,0.0,0
2023-12-29,19.99,4.99,14.999999999999998,300.60120240480956,2584,2591,0.0,19.99,0.0,0
2023-12-30,19.99,4.99,14.999999999999998,300.60120240480956,2585,2592,0.0,19.99,0.0,0
2023-12-31,19.99,4.99,14.999999999999998,300.60120240480956,2586,2593,0.0,19.99,0.0,0
2024-01-01,19.99,4.99,14.999999999999998,300.60120240480956,2587,2594,0.0,19.99,0.0,0
2024-01-02,19.99,4.99,14.999999999999998,300.60120240480956,2588,2595,0.0,19.99,0.0,0
2024-01-03,19.99,4.99,14.999999999999998,300.60120240480956,2589,2596,0.0,19.99,0.0,0
2024-01-04,19.99,4.99,14.999999999999998,300.60120240480956,2590,2597,0.0,19.99,0.0,0
2024-01-05,19.99,4.99,14.999999999999998,300.60120240480956,2591,2598,0.0,19.99,0.0,0
2024-01-06,19.99,4.99,14.999999999999998,300.60120240480956,2592,2599,0.0,19.99,0.0,0
2024-01-07,19.99,4.99,14.999999999999998,300.60120240480956,2593,2600,0.0,19.99,0.0,0
2024-01-08,19.99,4.99,14.999999999999998,300.60120240480956,2594,2601,0.0,19.99,0.0,0
2024-01-09,19.99,4.99,14.999999999999998,300.60120240480956,2595,2602,0.0,19.99,0.0,0
2024-01-10,19.99,4.99,14.999999999999998,300.60120240480956,2596,2603,0.0,19.99,0.0,0
2024-01-11,19.99,4.99,14.999999999999998,300.60120240480956,2597,2604,0.0,19.99,0.0,0
2024-01-12,19.99,4.99,14.999999999999998,300.60120240480956,2598,2605,0.0,19.99,0.0,0
2024-01-13,19.99,4.99,14.999999999999998,300.60120240480956,2599,2606,0.0,19.99,0.0,0
2024-01-14,19.99,4.99,14.999999999999998,300.60120240480956,2600,2607,0.0,19.99,0.0,0
2024-01-15,19.99,4.99,14.999999999999998,300.60120240480956,2601,2608,0.0,19.99,0.0,0
2024-01-16,19.99,4.99,14.999999999999998,300.60120240480956,2602,2609,0.0,19.99,0.0,0
2024-01-17,19.99,4.99,14.999999999999998,300.60120240480956,2603,2610,0.0,19.99,0.0,0
2024-01-18,19.99,4.99,14.999999999999998,300.60120240480956,2604,2611,0.0,19.99,0.0,0
2024-01-19,19.99,4.99,14.999999999999998,300.60120240480956,2605,2612,0.0,19.99,0.0,0
2024-01-20,19.99,4.99,14.999999999999998,300.60120240480956,2606,2613,0.0,19.99,0.0,0
2024-01-21,19.99,4.99,14.999999999999998,300.60120240480956,2607,2614,0.0,19.99,0.0,0
2024-01-22,19.99,4.99,14.999999999999998,300.60120240480956,2608,2615,0.0,19.99,0.0,0
2024-01-23,19.99,4.99,14.999999999999998,300.60120240480956,2609,2616,0.0,19.99,0.0,0
2024-01-24,19.99,4.99,14.999999999999998,300.60120240480956,2610,2617,0.0,19.99,0.0,0
2024-01-25,19.99,4.99,14.999999999999998,300.60120240480956,2611,2618,0.0,19.99,0.0,0
2024-01-26,19.99,4.99,14.999999999999998,300.60120240480956,2612,2619,0.0,19.99,0.0,0
2024-01-27,19.99,4.99,14.999999999999998,300.60120240480956,2613,2620,0.0,19.99,0.0,0
2024-01-28,19.99,4.99,14.999999999999998,300.60120240480956,2614,2621,0.0,19.99,0.0,0
2024-01-29,19.99,4.99,14.999999999999998,300.60120240480956,2615,2622,0.0,19.99,0.0,0
2024-01-30,19.99,4.99,14.999999999999998,300.60120240480956,2616,2623,0.0,19.99,0.0,0
2024-01-31,19.99,4.99,14.999999999999998,300.60120240480956,2617,2624,0.0,19.99,0.0,0
2024-02-01,19.99,4.99,14.999999999999998,300.60120240480956,2618,2625,0.0,19.99,0.0,0
2024-02-02,19.99,4.99,14.999999999999998,300.60120240480956,2619,2626,0.0,19.99,0.0,0
2024-02-03,19.99,4.99,14.999999999999998,300.60120240480956,2620,2627,0.0,19.99,0.0,0
2024-02-04,19.99,4.99,14.999999999999998,300.60120240480956,2621,2628,0.0,19.99,0.0,0
2024-02-05,19.99,4.99,14.999999999999998,300.60120240480956,2622,2629,0.0,19.99,0.0,0
2024-02-06,19.99,4.99,14.999999999999998,300.60120240480956,2623,2630,0.0,19.99,0.0,0
2024-02-07,19.99,4.99,14.999999999999998,300.60120240480956,2624,2631,0.0,19.99,0.0,0
2024-02-08,19.99,4.99,14.999999999999998,300.60120240480956,2625,2632,0.0,19.99,0.0,0
2024-02-09,19.99,4.99,14.999999999999998,300.60120240480956,2626,2633,0.0,19.99,0.0,0
2024-02-10,19.99,4.99,14.999999999999998,300.60120240480956,2627,2634,0.0,19.99,0.0,0
2024-02-11,19.99,4.99,14.999999999999998,300.60120240480956,2628,2635,0.0,19.99,0.0,0
2024-02-12,19.99,4.99,14.999999999999998,300.60120240480956,2629,2636,0.0,19.99,0.0,0
2024-02-13,19.99,4.99,14.999999999999998,300.60120240480956,2630,2637,0.0,19.99,0.0,0
2024-02-14,19.99,4.99,14.999999999999998,300.60120240480956,2631,2638,0.0,19.99,0.0,0
2024-02-15,19.99,4.99,14.999999999999998,300.60120240480956,2632,2639,0.0,19.99,0.0,0
2024-02-16,19.99,4.99,14.999999999999998,300.60120240480956,2633,2640,0.0,19.99,0.0,0
2024-02-17,19.99,4.99,14.999999999999998,300.60120240480956,2634,2641,0.0,19.99,0.0,0
2024-02-18,19.99,4.99,14.999999999999998,300.60120240480956,2635,2642,0.0,19.99,0.0,0
2024-02-19,19.99,4.99,14.999999999999998,300.60120240480956,2636,2643,0.0,19.99,0.0,0
2024-02-20,19.99,4.99,14.999999999999998,300.60120240480956,2637,2644,0.0,19.99,0.0,0
2024-02-21,19.99,4.99,14.999999999999998,300.60120240480956,2638,2645,0.0,19.99,0.0,0
2024-02-22,19.99,4.99,14.999999999999998,300.60120240480956,2639,2646,0.0,19.99,0.0,0
2024-02-23,19.99,4.99,14.999999999999998,300.60120240480956,2640,2647,0.0,19.99,0.0,0
2024-02-24,19.99,4.99,14.999999999999998,300.60120240480956,2641,2648,0.0,19.99,0.0,0
2024-02-25,19.99,4.99,14.999999999999998,300.60120240480956,2642,2649,0.0,19.99,0.0,0
2024-02-26,19.99,4.99,14.999999999999998,300.60120240480956,2643,2650,0.0,19.99,0.0,0
2024-02-27,19.99,4.99,14.999999999999998,300.60120240480956,2644,2651,0.0,19.99,0.0,0
2024-02-28,19.99,4.99,14.999999999999998,300.60120240480956,2645,2652,0.0,19.99,0.0,0
2024-02-29,19.99,4.99,14.999999999999998,300.60120240480956,2646,2653,0.0,19.99,0.0,0
2024-03-01,19.99,4.99,14.999999999999998,300.60120240480956,2647,2654,0.0,19.99,0.0,0
2024-03-02,19.99,4.99,14.999999999999998,300.60120240480956,2648,2655,0.0,19.99,0.0,0
2024-03-03,19.99,4.99,14.999999999999998,300.60120240480956,2649,2656,0.0,19.99,0.0,0
2024-03-04,19.99,4.99,14.999999999999998,300.60120240480956,2650,2657,0.0,19.99,0.0,0
2024-03-05,19.99,4.99,14.999999999999998,300.60120240480956,2651,2658,0.0,19.99,0.0,0
2024-03-06,19.99,4.99,14.999999999999998,300.60120240480956,2652,2659,0.0,19.99,0.0,0
2024-03-07,19.99,4.99,14.999999999999998,300.60120240480956,2653,2660,0.0,19.99,0.0,0
2024-03-08,19.99,4.99,14.999999999999998,300.60120240480956,2654,2661,0.0,19.99,0.0,0
2024-03-09,19.99,4.99,14.999999999999998,300.60120240480956,2655,2662,0.0,19.99,0.0,0
2024-03-10,19.99,4.99,14.999999999999998,300.60120240480956,2656,2663,0.0,19.99,0.0,0
2024-03-11,19.99,4.99,14.999999999999998,300.60120240480956,2657,2664,0.0,19.99,0.0,0
2024-03-12,19.99,4.99,14.999999999999998,300.60120240480956,2658,2665,0.0,19.99,0.0,0
2024-03-13,19.99,4.99,14.999999999999998,300.60120240480956,2659,2666,0.0,19.99,0.0,0
2024-03-14,19.99,4.99,14.999999999999998,300.60120240480956,2660,2667,0.0,19.99,0.0,0
2024-03-15,19.99,4.99,14.999999999999998,300.60120240480956,2661,2668,0.0,19.99,0.0,0
2024-03-16,19.99,4.99,14.999999999999998,300.60120240480956,2662,2669,0.0,19.99,0.0,0
2024-03-17,19.99,4.99,14.999999999999998,300.60120240480956,2663,2670,0.0,19.99,0.0,0
2024-03-18,19.99,4.99,14.999999999999998,300.60120240480956,2664,2671,0.0,19.99,0.0,0
2024-03-19,19.99,4.99,14.999999999999998,300.60120240480956,2665,2672,0.0,19.99,0.0,0
2024-03-20,19.99,4.99,14.999999999999998,300.60120240480956,2666,2673,0.0,19.99,0.0,0
2024-03-21,19.99,4.99,14.999999999999998,300.60120240480956,2667,2674,0.0,19.99,0.0,0
2024-03-22,19.99,4.99,14.999999999999998,300.60120240480956,2668,2675,0.0,19.99,0.0,0
2024-03-23,19.99,4.99,14.999999999999998,300.60120240480956,2669,2676,0.0,19.99,0.0,0
2024-03-24,19.99,4.99,14.999999999999998,300.60120240480956,2670,2677,0.0,19.99,0.0,0
2024-03-25,19.99,4.99,14.999999999999998,300.60120240480956,2671,2678,0.0,19.99,0.0,0
2024-03-26,19.99,4.99,14.999999999999998,300.60120240480956,2672,2679,0.0,19.99,0.0,0
2024-03-27,19.99,4.99,14.999999999999998,300.60120240480956,2673,2680,0.0,19.99,0.0,0
2024-03-28,19.99,4.99,14.999999999999998,300.60120240480956,2674,2681,0.0,19.99,0.0,0
2024-03-29,19.99,4.99,14.999999999999998,300.60120240480956,2675,2682,0.0,19.99,0.0,0
2024-03-30,19.99,4.99,14.999999999999998,300.60120240480956,2676,2683,0.0,19.99,0.0,0
2024-03-31,19.99,4.99,14.999999999999998,300.60120240480956,2677,2684,0.0,19.99,0.0,0
2024-04-01,19.99,4.99,14.999999999999998,300.60120240480956,2678,2685,0.0,19.99,0.0,0
2024-04-02,19.99,4.99,14.999999999999998,300.60120240480956,2679,2686,0.0,19.99,0.0,0
2024-04-03,19.99,4.99,14.999999999999998,300.60120240480956,2680,2687,0.0,19.99,0.0,0
2024-04-04,19.99,4.99,14.999999999999998,300.60120240480956,2681,2688,0.0,19.99,0.0,0
2024-04-05,19.99,4.99,14.999999999999998,300.60120240480956,2682,2689,0.0,19.99,0.0,0
2024-04-06,19.99,4.99,14.999999999999998,300.60120240480956,2683,2690,0.0,19.99,0.0,0
2024-04-07,19.99,4.99,14.999999999999998,300.60120240480956,2684,2691,0.0,19.99,0.0,0
2024-04-08,19.99,4.99,14.999999999999998,300.60120240480956,2685,2692,0.0,19.99,0.0,0
2024-04-09,19.99,4.99,14.999999999999998,300.60120240480956,2686,2693,0.0,19.99,0.0,0
2024-04-10,19.99,4.99,14.999999999999998,300.60120240480956,2687,2694,0.0,19.99,0.0,0
2024-04-11,19.99,4.99,14.999999999999998,300.60120240480956,2688,2695,0.0,19.99,0.0,0
2024-04-12,19.99,4.99,14.999999999999998,300.60120240480956,2689,2696,0.0,19.99,0.0,0
2024-04-13,19.99,4.99,14.999999999999998,300.60120240480956,2690,2697,0.0,19.99,0.0,0
2024-04-14,19.99,4.99,14.999999999999998,300.60120240480956,2691,2698,0.0,19.99,0.0,0
2024-04-15,19.99,4.99,14.999999999999998,300.60120240480956,2692,2699,0.0,19.99,0.0,0
2024-04-16,19.99,4.99,14.999999999999998,300.60120240480956,2693,2700,0.0,19.99,0.0,0
2024-04-17,19.99,4.99,14.999999999999998,300.60120240480956,2694,2701,0.0,19.99,0.0,0
2024-04-18,19.99,4.99,14.999999999999998,300.60120240480956,2695,2702,0.0,19.99,0.0,0
2024-04-19,19.99,4.99,14.999999999999998,300.60120240480956,2696,2703,0.0,19.99,0.0,0
2024-04-20,19.99,4.99,14.999999999999998,300.60120240480956,2697,2704,0.0,19.99,0.0,0
2024-04-21,19.99,4.99,14.999999999999998,300.60120240480956,2698,2705,0.0,19.99,0.0,0
2024-04-22,19.99,4.99,14.999999999999998,300.60120240480956,2699,2706,0.0,19.99,0.0,0
2024-04-23,19.99,4.99,14.999999999999998,300.60120240480956,2700,2707,0.0,19.99,0.0,0
2024-04-24,19.99,4.99,14.999999999999998,300.60120240480956,2701,2708,0.0,19.99,0.0,0
2024-04-25,19.99,4.99,14.999999999999998,300.60120240480956,2702,2709,0.0,19.99,0.0,0
2024-04-26,19.99,4.99,14.999999999999998,300.60120240480956,2703,2710,0.0,19.99,0.0,0
2024-04-27,19.99,4.99,14.999999999999998,300.60120240480956,2704,2711,0.0,19.99,0.0,0
2024-04-28,19.99,4.99,14.999999999999998,300.60120240480956,2705,2712,0.0,19.99,0.0,0
2024-04-29,19.99,4.99,14.999999999999998,300.60120240480956,2706,2713,0.0,19.99,0.0,0
2024-04-30,19.99,4.99,14.999999999999998,300.60120240480956,2707,2714,0.0,19.99,0.0,0
2024-05-01,19.99,4.99,14.999999999999998,300.60120240480956,2708,2715,0.0,19.99,0.0,0
2024-05-02,19.99,4.99,14.999999999999998,300.60120240480956,2709,2716,0.0,19.99,0.0,0
2024-05-03,19.99,4.99,14.999999999999998,300.60120240480956,2710,2717,0.0,19.99,0.0,0
2024-05-04,19.99,4.99,14.999999999999998,300.60120240480956,2711,2718,0.0,19.99,0.0,0
2024-05-05,19.99,4.99,14.999999999999998,300.60120240480956,2712,2719,0.0,19.99,0.0,0
2024-05-06,19.99,4.99,14.999999999999998,300.60120240480956,2713,2720,0.0,19.99,0.0,0
2024-05-07,19.99,4.99,14.999999999999998,300.60120240480956,2714,2721,0.0,19.99,0.0,0
2024-05-08,19.99,4.99,14.999999999999998,300.60120240480956,2715,2722,0.0,19.99,0.0,0
2024-05-09,19.99,4.99,14.999999999999998,300.60120240480956,2716,2723,0.0,19.99,0.0,0
2024-05-10,19.99,4.99,14.999999999999998,300.60120240480956,2717,2724,0.0,19.99,0.0,0
2024-05-11,19.99,4.99,14.999999999999998,300.60120240480956,2718,2725,0.0,19.99,0.0,0
2024-05-12,19.99,4.99,14.999999999999998,300.60120240480956,2719,2726,0.0,19.99,0.0,0
2024-05-13,19.99,4.99,14.999999999999998,300.60120240480956,2720,2727,0.0,19.99,0.0,0
2024-05-14,19.99,4.99,14.999999999999998,300.60120240480956,2721,2728,0.0,19.99,0.0,0
2024-05-15,19.99,4.99,14.999999999999998,300.60120240480956,2722,2729,0.0,19.99,0.0,0
2024-05-16,19.99,4.99,14.999999999999998,300.60120240480956,2723,2730,0.0,19.99,0.0,0
2024-05-17,19.99,4.99,14.999999999999998,300.60120240480956,2724,2731,0.0,19.99,0.0,0
2024-05-18,19.99,4.99,14.999999999999998,300.60120240480956,2725,2732,0.0,19.99,0.0,0
2024-05-19,19.99,4.99,14.999999999999998,300.60120240480956,2726,2733,0.0,19.99,0.0,0
2024-05-20,19.99,4.99,14.999999999999998,300.60120240480956,2727,2734,0.0,19.99,0.0,0
2024-05-21,19.99,4.99,14.999999999999998,300.60120240480956,2728,2735,0.0,19.99,0.0,0
2024-05-22,19.99,4.99,14.999999999999998,300.60120240480956,2729,2736,0.0,19.99,0.0,0
2024-05-23,19.99,4.99,14.999999999999998,300.60120240480956,2730,2737,0.0,19.99,0.0,0
2024-05-24,19.99,4.99,14.999999999999998,300.60120240480956,2731,2738,0.0,19.99,0.0,0
2024-05-25,19.99,4.99,14.999999999999998,300.60120240480956,2732,2739,0.0,19.99,0.0,0
2024-05-26,19.99,4.99,14.999999999999998,300.60120240480956,2733,2740,0.0,19.99,0.0,0
2024-05-27,19.99,4.99,14.999999999999998,300.60120240480956,2734,2741,0.0,19.99,0.0,0
2024-05-28,19.99,4.99,14.999999999999998,300.60120240480956,2735,2742,0.0,19.99,0.0,0
2024-05-29,19.99,4.99,14.999999999999998,300.60120240480956,2736,2743,0.0,19.99,0.0,0
2024-05-30,19.99,4.99,14.999999999999998,300.60120240480956,2737,2744,0.0,19.99,0.0,0
2024-05-31,19.99,4.99,14.999999999999998,300.60120240480956,2738,2745,0.0,19.99,0.0,0
2024-06-01,19.99,4.99,14.999999999999998,300.60120240480956,2739,2746,0.0,19.99,0.0,0
2024-06-02,19.99,4.99,14.999999999999998,300.60120240480956,2740,2747,0.0,19.99,0.0,0
2024-06-03,19.99,4.99,14.999999999999998,300.60120240480956,2741,2748,0.0,19.99,0.0,0
2024-06-04,19.99,4.99,14.999999999999998,300.60120240480956,2742,2749,0.0,19.99,0.0,0
2024-06-05,19.99,4.99,14.999999999999998,300.60120240480956,2743,2750,0.0,19.99,0.0,0
2024-06-06,19.99,4.99,14.999999999999998,300.60120240480956,2744,2751,0.0,19.99,0.0,0
2024-06-07,19.99,4.99,14.999999999999998,300.60120240480956,2745,2752,0.0,19.99,0.0,0
2024-06-08,19.99,4.99,14.999999999999998,300.60120240480956,2746,2753,0.0,19.99,0.0,0
2024-06-09,19.99,4.99,14.999999999999998,300.60120240480956,2747,2754,0.0,19.99,0.0,0
2024-06-10,19.99,4.99,14.999999999999998,300.60120240480956,2748,2755,0.0,19.99,0.0,0
2024-06-11,19.99,4.99,14.999999999999998,300.60120240480956,2749,2756,0.0,19.99,0.0,0
2024-06-12,19.99,4.99,14.999999999999998,300.60120240480956,2750,2757,0.0,19.99,0.0,0
2024-06-13,19.99,4.99,14.999999999999998,300.60120240480956,2751,2758,0.0,19.99,0.0,0
2024-06-14,19.99,4.99,14.999999999999998,300.60120240480956,2752,2759,0.0,19.99,0.0,0
2024-06-15,19.99,4.99,14.999999999999998,300.60120240480956,2753,2760,0.0,19.99,0.0,0
2024-06-16,19.99,4.99,14.999999999999998,300.60120240480956,2754,2761,0.0,19.99,0.0,0
2024-06-17,19.99,4.99,14.999999999999998,300.60120240480956,2755,2762,0.0,19.99,0.0,0
2024-06-18,19.99,4.99,14.999999999999998,300.60120240480956,2756,2763,0.0,19.99,0.0,0
2024-06-19,19.99,4.99,14.999999999999998,300.60120240480956,2757,2764,0.0,19.99,0.0,0
2024-06-20,19.99,4.99,14.999999999999998,300.60120240480956,2758,2765,0.0,19.99,0.0,0
2024-06-21,19.99,4.99,14.999999999999998,300.60120240480956,2759,2766,0.0,19.99,0.0,0
2024-06-22,19.99,4.99,14.999999999999998,300.60120240480956,2760,2767,0.0,19.99,0.0,0
2024-06-23,19.99,4.99,14.999999999999998,300.60120240480956,2761,2768,0.0,19.99,0.0,0
2024-06-24,19.99,4.99,14.999999999999998,300.60120240480956,2762,2769,0.0,19.99,0.0,0
2024-06-25,19.99,4.99,14.999999999999998,300.60120240480956,2763,2770,0.0,19.99,0.0,0
2024-06-26,19.99,4.99,14.999999999999998,300.60120240480956,2764,2771,0.0,19.99,0.0,0
2024-06-27,19.99,4.99,14.999999999999998,300.60120240480956,2765,2772,0.0,19.99,0.0,0
2024-06-28,19.99,4.99,14.999999999999998,300.60120240480956,2766,2773,0.0,19.99,0.0,0
2024-06-29,19.99,4.99,14.999999999999998,300.60120240480956,2767,2774,0.0,19.99,0.0,0
2024-06-30,19.99,4.99,14.999999999999998,300.60120240480956,2768,2775,0.0,19.99,0.0,0
2024-07-01,19.99,4.99,14.999999999999998,300.60120240480956,2769,2776,0.0,19.99,0.0,0
2024-07-02,19.99,4.99,14.999999999999998,300.60120240480956,2770,2777,0.0,19.99,0.0,0
2024-07-03,19.99,4.99,14.999999999999998,300.60120240480956,2771,2778,0.0,19.99,0.0,0
2024-07-04,19.99,4.99,14.999999999999998,300.60120240480956,2772,2779,0.0,19.99,0.0,0
2024-07-05,19.99,4.99,14.999999999999998,300.60120240480956,2773,2780,0.0,19.99,0.0,0
2024-07-06,19.99,4.99,14.999999999999998,300.60120240480956,2774,2781,0.0,19.99,0.0,0
2024-07-07,19.99,4.99,14.999999999999998,300.60120240480956,2775,2782,0.0,19.99,0.0,0
2024-07-08,19.99,4.99,14.999999999999998,300.60120240480956,2776,2783,0.0,19.99,0.0,0
2024-07-09,19.99,4.99,14.999999999999998,300.60120240480956,2777,2784,0.0,19.99,0.0,0
2024-07-10,19.99,4.99,14.999999999999998,300.60120240480956,2778,2785,0.0,19.99,0.0,0
2024-07-11,19.99,4.99,14.999999999999998,300.60120240480956,2779,2786,0.0,19.99,0.0,0
2024-07-12,19.99,4.99,14.999999999999998,300.60120240480956,2780,2787,0.0,19.99,0.0,0
2024-07-13,19.99,4.99,14.999999999999998,300.60120240480956,2781,2788,0.0,19.99,0.0,0
2024-07-14,19.99,4.99,14.999999999999998,300.60120240480956,2782,2789,0.0,19.99,0.0,0
2024-07-15,19.99,4.99,14.999999999999998,300.60120240480956,2783,2790,0.0,19.99,0.0,0
2024-07-16,19.99,4.99,14.999999999999998,300.60120240480956,2784,2791,0.0,19.99,0.0,0
2024-07-17,19.99,4.99,14.999999999999998,300.60120240480956,2785,2792,0.0,19.99,0.0,0
2024-07-18,19.99,4.99,14.999999999999998,300.60120240480956,2786,2793,0.0,19.99,0.0,0
2024-07-19,19.99,4.99,14.999999999999998,300.60120240480956,2787,2794,0.0,19.99,0.0,0
2024-07-20,19.99,4.99,14.999999999999998,300.60120240480956,2788,2795,0.0,19.99,0.0,0
2024-07-21,19.99,4.99,14.999999999999998,300.60120240480956,2789,2796,0.0,19.99,0.0,0
2024-07-22,19.99,4.99,14.999999999999998,300.60120240480956,2790,2797,0.0,19.99,0.0,0
2024-07-23,19.99,4.99,14.999999999999998,300.60120240480956,2791,2798,0.0,19.99,0.0,0
2024-07-24,19.99,4.99,14.999999999999998,300.60120240480956,2792,2799,0.0,19.99,0.0,0
2024-07-25,19.99,4.99,14.999999999999998,300.60120240480956,2793,2800,0.0,19.99,0.0,0
2024-07-26,19.99,4.99,14.999999999999998,300.60120240480956,2794,2801,0.0,19.99,0.0,0
2024-07-27,19.99,4.99,14.999999999999998,300.60120240480956,2795,2802,0.0,19.99,0.0,0
2024-07-28,19.99,4.99,14.999999999999998,300.60120240480956,2796,2803,0.0,19.99,0.0,0
2024-07-29,19.99,4.99,14.999999999999998,300.60120240480956,2797,2804,0.0,19.99,0.0,0
2024-07-30,19.99,4.99,14.999999999999998,300.60120240480956,2798,2805,0.0,19.99,0.0,0
2024-07-31,19.99,4.99,14.999999999999998,300.60120240480956,2799,2806,0.0,19.99,0.0,0
2024-08-01,19.99,4.99,14.999999999999998,300.60120240480956,2800,2807,0.0,19.99,0.0,0
2024-08-02,19.99,4.99,14.999999999999998,300.60120240480956,2801,2808,0.0,19.99,0.0,0
2024-08-03,19.99,4.99,14.999999999999998,300.60120240480956,2802,2809,0.0,19.99,0.0,0
2024-08-04,19.99,4.99,14.999999999999998,300.60120240480956,2803,2810,0.0,19.99,0.0,0
2024-08-05,19.99,4.99,14.999999999999998,300.60120240480956,2804,2811,0.0,19.99,0.0,0
2024-08-06,19.99,4.99,14.999999999999998,300.60120240480956,2805,2812,0.0,19.99,0.0,0
2024-08-07,19.99,4.99,14.999999999999998,300.60120240480956,2806,2813,0.0,19.99,0.0,0
2024-08-08,19.99,4.99,14.999999999999998,300.60120240480956,2807,2814,0.0,19.99,0.0,0
2024-08-09,19.99,4.99,14.999999999999998,300.60120240480956,2808,2815,0.0,19.99,0.0,0
2024-08-10,19.99,4.99,14.999999999999998,300.60120240480956,2809,2816,0.0,19.99,0.0,0
2024-08-11,19.99,4.99,14.999999999999998,300.60120240480956,2810,2817,0.0,19.99,0.0,0
2024-08-12,19.99,4.99,14.999999999999998,300.60120240480956,2811,2818,0.0,19.99,0.0,0
2024-08-13,19.99,4.99,14.999999999999998,300.60120240480956,2812,2819,0.0,19.99,0.0,0
2024-08-14,19.99,4.99,14.999999999999998,300.60120240480956,2813,2820,0.0,19.99,0.0,0
2024-08-15,19.99,4.99,14.999999999999998,300.60120240480956,2814,2821,0.0,19.99,0.0,0
2024-08-16,19.99,4.99,14.999999999999998,300.60120240480956,2815,2822,0.0,19.99,0.0,0
2024-08-17,19.99,4.99,14.999999999999998,300.60120240480956,2816,2823,0.0,19.99,0.0,0
2024-08-18,19.99,4.99,14.999999999999998,300.60120240480956,2817,2824,0.0,19.99,0.0,0
2024-08-19,19.99,4.99,14.999999999999998,300.60120240480956,2818,2825,0.0,19.99,0.0,0
2024-08-20,19.99,4.99,14.999999999999998,300.60120240480956,2819,2826,0.0,19.99,0.0,0
2024-08-21,19.99,4.99,14.999999999999998,300.60120240480956,2820,2827,0.0,19.99,0.0,0
2024-08-22,19.99,4.99,14.999999999999998,300.60120240480956,2821,2828,0.0,19.99,0.0,0
2024-08-23,19.99,4.99,14.999999999999998,300.60120240480956,2822,2829,0.0,19.99,0.0,0
2024-08-24,19.99,4.99,14.999999999999998,300.60120240480956,2823,2830,0.0,19.99,0.0,0
2024-08-25,19.99,4.99,14.999999999999998,300.60120240480956,2824,2831,0.0,19.99,0.0,0
2024-08-26,19.99,4.99,14.999999999999998,300.60120240480956,2825,2832,0.0,19.99,0.0,0
2024-08-27,19.99,4.99,14.999999999999998,300.60120240480956,2826,2833,0.0,19.99,0.0,0
2024-08-28,19.99,4.99,14.999999999999998,300.60120240480956,2827,2834,0.0,19.99,0.0,0
2024-08-29,19.99,4.99,14.999999999999998,300.60120240480956,2828,2835,0.0,19.99,0.0,0
2024-08-30,19.99,4.99,14.999999999999998,300.60120240480956,2829,2836,0.0,19.99,0.0,0
2024-08-31,19.99,4.99,14.999999999999998,300.60120240480956,2830,2837,0.0,19.99,0.0,0
2024-09-01,19.99,4.99,14.999999999999998,300.60120240480956,2831,2838,0.0,19.99,0.0,0
2024-09-02,19.99,4.99,14.999999999999998,300.60120240480956,2832,2839,0.0,19.99,0.0,0
2024-09-03,19.99,4.99,14.999999999999998,300.60120240480956,2833,2840,0.0,19.99,0.0,0
2024-09-04,19.99,4.99,14.999999999999998,300.60120240480956,2834,2841,0.0,19.99,0.0,0
2024-09-05,19.99,4.99,14.999999999999998,300.60120240480956,2835,2842,0.0,19.99,0.0,0
2024-09-06,19.99,4.99,14.999999999999998,300.60120240480956,2836,2843,0.0,19.99,0.0,0
2024-09-07,19.99,4.99,14.999999999999998,300.60120240480956,2837,2844,0.0,19.99,0.0,0
2024-09-08,19.99,4.99,14.999999999999998,300.60120240480956,2838,2845,0.0,19.99,0.0,0
2024-09-09,19.99,4.99,14.999999999999998,300.60120240480956,2839,2846,0.0,19.99,0.0,0
2024-09-10,19.99,4.99,14.999999999999998,300.60120240480956,2840,2847,0.0,19.99,0.0,0
2024-09-11,19.99,4.99,14.999999999999998,300.60120240480956,2841,2848,0.0,19.99,0.0,0
2024-09-12,19.99,4.99,14.999999999999998,300.60120240480956,2842,2849,0.0,19.99,0.0,0
2024-09-13,19.99,4.99,14.999999999999998,300.60120240480956,2843,2850,0.0,19.99,0.0,0
2024-09-14,19.99,4.99,14.999999999999998,300.60120240480956,2844,2851,0.0,19.99,0.0,0
2024-09-15,19.99,4.99,14.999999999999998,300.60120240480956,2845,2852,0.0,19.99,0.0,0
2024-09-16,19.99,4.99,14.999999999999998,300.60120240480956,2846,2853,0.0,19.99,0.0,0
2024-09-17,19.99,4.99,14.999999999999998,300.60120240480956,2847,2854,0.0,19.99,0.0,0
2024-09-18,19.99,4.99,14.999999999999998,300.60120240480956,2848,2855,0.0,19.99,0.0,0
2024-09-19,19.99,4.99,14.999999999999998,300.60120240480956,2849,2856,0.0,19.99,0.0,0
2024-09-20,19.99,4.99,14.999999999999998,300.60120240480956,2850,2857,0.0,19.99,0.0,0
2024-09-21,19.99,4.99,14.999999999999998,300.60120240480956,2851,2858,0.0,19.99,0.0,0
2024-09-22,19.99,4.99,14.999999999999998,300.60120240480956,2852,2859,0.0,19.99,0.0,0
2024-09-23,19.99,4.99,14.999999999999998,300.60120240480956,2853,2860,0.0,19.99,0.0,0
2024-09-24,19.99,4.99,14.999999999999998,300.60120240480956,2854,2861,0.0,19.99,0.0,0
2024-09-25,19.99,4.99,14.999999999999998,300.60120240480956,2855,2862,0.0,19.99,0.0,0
2024-09-26,19.99,4.99,14.999999999999998,300.60120240480956,2856,2863,0.0,19.99,0.0,0
2024-09-27,19.99,4.99,14.999999999999998,300.60120240480956,2857,2864,0.0,19.99,0.0,0
2024-09-28,19.99,4.99,14.999999999999998,300.60120240480956,2858,2865,0.0,19.99,0.0,0
2024-09-29,19.99,4.99,14.999999999999998,300.60120240480956,2859,2866,0.0,19.99,0.0,0
2024-09-30,19.99,4.99,14.999999999999998,300.60120240480956,2860,2867,0.0,19.99,0.0,0
2024-10-01,19.99,4.99,14.999999999999998,300.60120240480956,2861,2868,0.0,19.99,0.0,0
2024-10-02,19.99,4.99,14.999999999999998,300.60120240480956,2862,2869,0.0,19.99,0.0,0
2024-10-03,19.99,4.99,14.999999999999998,300.60120240480956,2863,2870,0.0,19.99,0.0,0
2024-10-04,19.99,4.99,14.999999999999998,300.60120240480956,2864,2871,0.0,19.99,0.0,0
2024-10-05,19.99,4.99,14.999999999999998,300.60120240480956,2865,2872,0.0,19.99,0.0,0
2024-10-06,19.99,4.99,14.999999999999998,300.60120240480956,2866,2873,0.0,19.99,0.0,0
2024-10-07,19.99,4.99,14.999999999999998,300.60120240480956,2867,2874,0.0,19.99,0.0,0
2024-10-08,19.99,4.99,14.999999999999998,300.60120240480956,2868,2875,0.0,19.99,0.0,0
2024-10-09,19.99,4.99,14.999999999999998,300.60120240480956,2869,2876,0.0,19.99,0.0,0
2024-10-10,19.99,4.99,14.999999999999998,300.60120240480956,2870,2877,0.0,19.99,0.0,0
2024-10-11,19.99,4.99,14.999999999999998,300.60120240480956,2871,2878,0.0,19.99,0.0,0
2024-10-12,19.99,4.99,14.999999999999998,300.60120240480956,2872,2879,0.0,19.99,0.0,0
2024-10-13,19.99,4.99,14.999999999999998,300.60120240480956,2873,2880,0.0,19.99,0.0,0
2024-10-14,19.99,4.99,14.999999999999998,300.60120240480956,2874,2881,0.0,19.99,0.0,0
2024-10-15,19.99,4.99,14.999999999999998,300.60120240480956,2875,2882,0.0,19.99,0.0,0
2024-10-16,19.99,4.99,14.999999999999998,300.60120240480956,2876,2883,0.0,19.99,0.0,0
2024-10-17,19.99,4.99,14.999999999999998,300.60120240480956,2877,2884,0.0,19.99,0.0,0
2024-10-18,19.99,4.99,14.999999999999998,300.60120240480956,2878,2885,0.0,19.99,0.0,0
2024-10-19,19.99,4.99,14.999999999999998,300.60120240480956,2879,2886,0.0,19.99,0.0,0
2024-10-20,19.99,4.99,14.999999999999998,300.60120240480956,2880,2887,0.0,19.99,0.0,0
2024-10-21,19.99,4.99,14.999999999999998,300.60120240480956,2881,2888,0.0,19.99,0.0,0
2024-10-22,19.99,4.99,14.999999999999998,300.60120240480956,2882,2889,0.0,19.99,0.0,0
2024-10-23,19.99,4.99,14.999999999999998,300.60120240480956,2883,2890,0.0,19.99,0.0,0
2024-10-24,19.99,4.99,14.999999999999998,300.60120240480956,2884,2891,0.0,19.99,0.0,0
2024-10-25,19.99,4.99,14.999999999999998,300.60120240480956,2885,2892,0.0,19.99,0.0,0
2024-10-26,19.99,4.99,14.999999999999998,300.60120240480956,2886,2893,0.0,19.99,0.0,0
2024-10-27,19.99,4.99,14.999999999999998,300.60120240480956,2887,2894,0.0,19.99,0.0,0
2024-10-28,19.99,4.99,14.999999999999998,300.60120240480956,2888,2895,0.0,19.99,0.0,0
2024-10-29,19.99,4.99,14.999999999999998,300.60120240480956,2889,2896,0.0,19.99,0.0,0
2024-10-30,19.99,4.99,14.999999999999998,300.60120240480956,2890,2897,0.0,19.99,0.0,0
2024-10-31,19.99,4.99,14.999999999999998,300.60120240480956,2891,2898,0.0,19.99,0.0,0
2024-11-01,19.99,4.99,14.999999999999998,300.60120240480956,2892,2899,0.0,19.99,0.0,0
2024-11-02,19.99,4.99,14.999999999999998,300.60120240480956,2893,2900,0.0,19.99,0.0,0
2024-11-03,19.99,4.99,14.999999999999998,300.60120240480956,2894,2901,0.0,19.99,0.0,0
2024-11-04,19.99,4.99,14.999999999999998,300.60120240480956,2895,2902,0.0,19.99,0.0,0
2024-11-05,19.99,4.99,14.999999999999998,300.60120240480956,2896,2903,0.0,19.99,0.0,0
2024-11-06,19.99,4.99,14.999999999999998,300.60120240480956,2897,2904,0.0,19.99,0.0,0
2024-11-07,19.99,4.99,14.999999999999998,300.60120240480956,2898,2905,0.0,19.99,0.0,0
2024-11-08,19.99,4.99,14.999999999999998,300.60120240480956,2899,2906,0.0,19.99,0.0,0
2024-11-09,19.99,4.99,14.999999999999998,300.60120240480956,2900,2907,0.0,19.99,0.0,0
2024-11-10,19.99,4.99,14.999999999999998,300.60120240480956,2901,2908,0.0,19.99,0.0,0
2024-11-11,19.99,4.99,14.999999999999998,300.60120240480956,2902,2909,0.0,19.99,0.0,0
2024-11-12,19.99,4.99,14.999999999999998,300.60120240480956,2903,2910,0.0,19.99,0.0,0
2024-11-13,19.99,4.99,14.999999999999998,300.60120240480956,2904,2911,0.0,19.99,0.0,0
2024-11-14,19.99,4.99,14.999999999999998,300.60120240480956,2905,2912,0.0,19.99,0.0,0
2024-11-15,19.99,4.99,14.999999999999998,300.60120240480956,2906,2913,0.0,19.99,0.0,0
2024-11-16,19.99,4.99,14.999999999999998,300.60120240480956,2907,2914,0.0,19.99,0.0,0
2024-11-17,19.99,4.99,14.999999999999998,300.60120240480956,2908,2915,0.0,19.99,0.0,0
2024-11-18,19.99,4.99,14.999999999999998,300.60120240480956,2909,2916,0.0,19.99,0.0,0
2024-11-19,19.99,4.99,14.999999999999998,300.60120240480956,2910,2917,0.0,19.99,0.0,0
2024-11-20,19.99,4.99,14.999999999999998,300.60120240480956,2911,2918,0.0,19.99,0.0,0
2024-11-21,19.99,4.99,14.999999999999998,300.60120240480956,2912,2919,0.0,19.99,0.0,0
2024-11-22,19.99,4.99,14.999999999999998,300.60120240480956,2913,2920,0.0,19.99,0.0,0
2024-11-23,19.99,4.99,14.999999999999998,300.60120240480956,2914,2921,0.0,19.99,0.0,0
2024-11-24,19.99,4.99,14.999999999999998,300.60120240480956,2915,2922,0.0,19.99,0.0,0
2024-11-25,19.99,4.99,14.999999999999998,300.60120240480956,2916,2923,0.0,19.99,0.0,0
2024-11-26,19.99,4.99,14.999999999999998,300.60120240480956,2917,2924,0.0,19.99,0.0,0
2024-11-27,19.99,4.99,14.999999999999998,300.60120240480956,2918,2925,0.0,19.99,0.0,0
2024-11-28,19.99,4.99,14.999999999999998,300.60120240480956,2919,2926,0.0,19.99,0.0,0
2024-11-29,19.99,4.99,14.999999999999998,300.60120240480956,2920,2927,0.0,19.99,0.0,0
2024-11-30,19.99,4.99,14.999999999999998,300.60120240480956,2921,2928,0.0,19.99,0.0,0
2024-12-01,19.99,4.99,14.999999999999998,300.60120240480956,2922,2929,0.0,19.99,0.0,0
2024-12-02,19.99,4.99,14.999999999999998,300.60120240480956,2923,2930,0.0,19.99,0.0,0
2024-12-03,19.99,4.99,14.999999999999998,300.60120240480956,2924,2931,0.0,19.99,0.0,0
2024-12-04,19.99,4.99,14.999999999999998,300.60120240480956,2925,2932,0.0,19.99,0.0,0
2024-12-05,19.99,4.99,14.999999999999998,300.60120240480956,2926,2933,0.0,19.99,0.0,0
2024-12-06,19.99,4.99,14.999999999999998,300.60120240480956,2927,2934,0.0,19.99,0.0,0
2024-12-07,19.99,4.99,14.999999999999998,300.60120240480956,2928,2935,0.0,19.99,0.0,0
2024-12-08,19.99,4.99,14.999999999999998,300.60120240480956,2929,2936,0.0,19.99,0.0,0
2024-12-09,19.99,4.99,14.999999999999998,300.60120240480956,2930,2937,0.0,19.99,0.0,0
2024-12-10,19.99,4.99,14.999999999999998,300.60120240480956,2931,2938,0.0,19.99,0.0,0
2024-12-11,19.99,4.99,14.999999999999998,300.60120240480956,2932,2939,0.0,19.99,0.0,0
2024-12-12,19.99,4.99,14.999999999999998,300.60120240480956,2933,2940,0.0,19.99,0.0,0
2024-12-13,19.99,4.99,14.999999999999998,300.60120240480956,2934,2941,0.0,19.99,0.0,0
2024-12-14,19.99,4.99,14.999999999999998,300.60120240480956,2935,2942,0.0,19.99,0.0,0
2024-12-15,19.99,4.99,14.999999999999998,300.60120240480956,2936,2943,0.0,19.99,0.0,0
2024-12-16,19.99,4.99,14.999999999999998,300.60120240480956,2937,2944,0.0,19.99,0.0,0
2024-12-17,19.99,4.99,14.999999999999998,300.60120240480956,2938,2945,0.0,19.99,0.0,0
2024-12-18,19.99,4.99,14.999999999999998,300.60120240480956,2939,2946,0.0,19.99,0.0,0
2024-12-19,19.99,4.99,14.999999999999998,300.60120240480956,2940,2947,0.0,19.99,0.0,0
2024-12-20,19.99,4.99,14.999999999999998,300.60120240480956,2941,2948,0.0,19.99,0.0,0
2024-12-21,19.99,4.99,14.999999999999998,300.60120240480956,2942,2949,0.0,19.99,0.0,0
2024-12-22,19.99,4.99,14.999999999999998,300.60120240480956,2943,2950,0.0,19.99,0.0,0
2024-12-23,19.99,4.99,14.999999999999998,300.60120240480956,2944,2951,0.0,19.99,0.0,0
2024-12-24,19.99,4.99,14.999999999999998,300.60120240480956,2945,2952,0.0,19.99,0.0,0
2024-12-25,19.99,4.99,14.999999999999998,300.60120240480956,2946,2953,0.0,19.99,0.0,0
2024-12-26,19.99,4.99,14.999999999999998,300.60120240480956,2947,2954,0.0,19.99,0.0,0
2024-12-27,19.99,4.99,14.999999999999998,300.60120240480956,2948,2955,0.0,19.99,0.0,0
2024-12-28,19.99,4.99,14.999999999999998,300.60120240480956,2949,2956,0.0,19.99,0.0,0
2024-12-29,19.99,4.99,14.999999999999998,300.60120240480956,2950,2957,0.0,19.99,0.0,0
2024-12-30,19.99,4.99,14.999999999999998,300.60120240480956,2951,2958,0.0,19.99,0.0,0
2024-12-31,19.99,4.99,14.999999999999998,300.60120240480956,2952,2959,0.0,19.99,0.0,0
2025-01-01,19.99,4.99,14.999999999999998,300.60120240480956,2953,2960,0.0,19.99,0.0,0
2025-01-02,19.99,4.99,14.999999999999998,300.60120240480956,2954,2961,0.0,19.99,0.0,0
2025-01-03,19.99,4.99,14.999999999999998,300.60120240480956,2955,2962,0.0,19.99,0.0,0
2025-01-04,19.99,4.99,14.999999999999998,300.60120240480956,2956,2963,0.0,19.99,0.0,0
2025-01-05,19.99,4.99,14.999999999999998,300.60120240480956,2957,2964,0.0,19.99,0.0,0
2025-01-06,19.99,4.99,14.999999999999998,300.60120240480956,2958,2965,0.0,19.99,0.0,0
2025-01-07,19.99,4.99,14.999999999999998,300.60120240480956,2959,2966,0.0,19.99,0.0,0
2025-01-08,19.99,4.99,14.999999999999998,300.60120240480956,2960,2967,0.0,19.99,0.0,0
2025-01-09,19.99,4.99,14.999999999999998,300.60120240480956,2961,2968,0.0,19.99,0.0,0
2025-01-10,19.99,4.99,14.999999999999998,300.60120240480956,2962,2969,0.0,19.99,0.0,0
2025-01-11,19.99,4.99,14.999999999999998,300.60120240480956,2963,2970,0.0,19.99,0.0,0
2025-01-12,19.99,4.99,14.999999999999998,300.60120240480956,2964,2971,0.0,19.99,0.0,0
2025-01-13,19.99,4.99,14.999999999999998,300.60120240480956,2965,2972,0.0,19.99,0.0,0
2025-01-14,19.99,4.99,14.999999999999998,300.60120240480956,2966,2973,0.0,19.99,0.0,0
2025-01-15,19.99,4.99,14.999999999999998,300.60120240480956,2967,2974,0.0,19.99,0.0,0
2025-01-16,19.99,4.99,14.999999999999998,300.60120240480956,2968,2975,0.0,19.99,0.0,0
2025-01-17,19.99,4.99,14.999999999999998,300.60120240480956,2969,2976,0.0,19.99,0.0,0
2025-01-18,19.99,4.99,14.999999999999998,300.60120240480956,2970,2977,0.0,19.99,0.0,0
2025-01-19,19.99,4.99,14.999999999999998,300.60120240480956,2971,2978,0.0,19.99,0.0,0
2025-01-20,19.99,4.99,14.999999999999998,300.60120240480956,2972,2979,0.0,19.99,0.0,0
2025-01-21,19.99,4.99,14.999999999999998,300.60120240480956,2973,2980,0.0,19.99,0.0,0
2025-01-22,19.99,4.99,14.999999999999998,300.60120240480956,2974,2981,0.0,19.99,0.0,0
2025-01-23,19.99,4.99,14.999999999999998,300.60120240480956,2975,2982,0.0,19.99,0.0,0
2025-01-24,19.99,4.99,14.999999999999998,300.60120240480956,2976,2983,0.0,19.99,0.0,0
2025-01-25,19.99,4.99,14.999999999999998,300.60120240480956,2977,2984,0.0,19.99,0.0,0
2025-01-26,19.99,4.99,14.999999999999998,300.60120240480956,2978,2985,0.0,19.99,0.0,0
2025-01-27,19.99,4.99,14.999999999999998,300.60120240480956,2979,2986,0.0,19.99,0.0,0
2025-01-28,19.99,4.99,14.999999999999998,300.60120240480956,2980,2987,0.0,19.99,0.0,0
2025-01-29,19.99,4.99,14.999999999999998,300.60120240480956,2981,2988,0.0,19.99,0.0,0
2025-01-30,19.99,4.99,14.999999999999998,300.60120240480956,2982,2989,0.0,19.99,0.0,0
2025-01-31,19.99,4.99,14.999999999999998,300.60120240480956,2983,2990,0.0,19.99,0.0,0
2025-02-01,19.99,4.99,14.999999999999998,300.60120240480956,2984,2991,0.0,19.99,0.0,0
2025-02-02,19.99,4.99,14.999999999999998,300.60120240480956,2985,2992,0.0,19.99,0.0,0
2025-02-03,19.99,4.99,14.999999999999998,300.60120240480956,2986,2993,0.0,19.99,0.0,0
2025-02-04,19.99,4.99,14.999999999999998,300.60120240480956,2987,2994,0.0,19.99,0.0,0
2025-02-05,19.99,4.99,14.999999999999998,300.60120240480956,2988,2995,0.0,19.99,0.0,0
2025-02-06,19.99,4.99,14.999999999999998,300.60120240480956,2989,2996,0.0,19.99,0.0,0
2025-02-07,19.99,4.99,14.999999999999998,300.60120240480956,2990,2997,0.0,19.99,0.0,0
2025-02-08,19.99,4.99,14.999999999999998,300.60120240480956,2991,2998,0.0,19.99,0.0,0
2025-02-09,19.99,4.99,14.999999999999998,300.60120240480956,2992,2999,0.0,19.99,0.0,0
2025-02-10,19.99,4.99,14.999999999999998,300.60120240480956,2993,3000,0.0,19.99,0.0,0
2025-02-11,19.99,4.99,14.999999999999998,300.60120240480956,2994,3001,0.0,19.99,0.0,0
2025-02-12,19.99,4.99,14.999999999999998,300.60120240480956,2995,3002,0.0,19.99,0.0,0
2025-02-13,19.99,4.99,14.999999999999998,300.60120240480956,2996,3003,0.0,19.99,0.0,0
2025-02-14,19.99,4.99,14.999999999999998,300.60120240480956,2997,3004,0.0,19.99,0.0,0
2025-02-15,19.99,4.99,14.999999999999998,300.60120240480956,2998,3005,0.0,19.99,0.0,0
2025-02-16,19.99,4.99,14.999999999999998,300.60120240480956,2999,3006,0.0,19.99,0.0,0
2025-02-17,19.99,4.99,14.999999999999998,300.60120240480956,3000,3007,0.0,19.99,0.0,0
2025-02-18,19.99,4.99,14.999999999999998,300.60120240480956,3001,3008,0.0,19.99,0.0,0
2025-02-19,19.99,4.99,14.999999999999998,300.60120240480956,3002,3009,0.0,19.99,0.0,0
2025-02-20,19.99,4.99,14.999999999999998,300.60120240480956,3003,3010,0.0,19.99,0.0,0
2025-02-21,19.99,4.99,14.999999999999998,300.60120240480956,3004,3011,0.0,19.99,0.0,0
2025-02-22,19.99,4.99,14.999999999999998,300.60120240480956,3005,3012,0.0,19.99,0.0,0
2025-02-23,19.99,4.99,14.999999999999998,300.60120240480956,3006,3013,0.0,19.99,0.0,0
2025-02-24,19.99,4.99,14.999999999999998,300.60120240480956,3007,3014,0.0,19.99,0.0,0
2025-02-25,19.99,4.99,14.999999999999998,300.60120240480956,3008,3015,0.0,19.99,0.0,0
2025-02-26,19.99,4.99,14.999999999999998,300.60120240480956,3009,3016,0.0,19.99,0.0,0
2025-02-27,19.99,4.99,14.999999999999998,300.60120240480956,3010,3017,0.0,19.99,0.0,0
2025-02-28,19.99,4.99,14.999999999999998,300.60120240480956,3011,3018,0.0,19.99,0.0,0
2025-03-01,19.99,4.99,14.999999999999998,300.60120240480956,3012,3019,0.0,19.99,0.0,0
2025-03-02,19.99,4.99,14.999999999999998,300.60120240480956,3013,3020,0.0,19.99,0.0,0
2025-03-03,19.99,4.99,14.999999999999998,300.60120240480956,3014,3021,0.0,19.99,0.0,0
2025-03-04,19.99,4.99,14.999999999999998,300.60120240480956,3015,3022,0.0,19.99,0.0,0
2025-03-05,19.99,4.99,14.999999999999998,300.60120240480956,3016,3023,0.0,19.99,0.0,0
2025-03-06,19.99,4.99,14.999999999999998,300.60120240480956,3017,3024,0.0,19.99,0.0,0
2025-03-07,19.99,4.99,14.999999999999998,300.60120240480956,3018,3025,0.0,19.99,0.0,0
2025-03-08,19.99,4.99,14.999999999999998,300.60120240480956,3019,3026,0.0,19.99,0.0,0
2025-03-09,19.99,4.99,14.999999999999998,300.60120240480956,3020,3027,0.0,19.99,0.0,0
2025-03-10,19.99,4.99,14.999999999999998,300.60120240480956,3021,3028,0.0,19.99,0.0,0
2025-03-11,19.99,4.99,14.999999999999998,300.60120240480956,3022,3029,0.0,19.99,0.0,0
2025-03-12,19.99,4.99,14.999999999999998,300.60120240480956,3023,3030,0.0,19.99,0.0,0
2025-03-13,19.99,4.99,14.999999999999998,300.60120240480956,3024,3031,0.0,19.99,0.0,0
2025-03-14,19.99,4.99,14.999999999999998,300.60120240480956,3025,3032,0.0,19.99,0.0,0
2025-03-15,19.99,4.99,14.999999999999998,300.60120240480956,3026,3033,0.0,19.99,0.0,0
2025-03-16,19.99,4.99,14.999999999999998,300.60120240480956,3027,3034,0.0,19.99,0.0,0
2025-03-17,19.99,4.99,14.999999999999998,300.60120240480956,3028,3035,0.0,19.99,0.0,0
2025-03-18,19.99,4.99,14.999999999999998,300.60120240480956,3029,3036,0.0,19.99,0.0,0
2025-03-19,19.99,4.99,14.999999999999998,300.60120240480956,3030,3037,0.0,19.99,0.0,0
2025-03-20,19.99,4.99,14.999999999999998,300.60120240480956,3031,3038,0.0,19.99,0.0,0
2025-03-21,19.99,4.99,14.999999999999998,300.60120240480956,3032,3039,0.0,19.99,0.0,0
2025-03-22,19.99,4.99,14.999999999999998,300.60120240480956,3033,3040,0.0,19.99,0.0,0
2025-03-23,19.99,4.99,14.999999999999998,300.60120240480956,3034,3041,0.0,19.99,0.0,0
2025-03-24,19.99,4.99,14.999999999999998,300.60120240480956,3035,3042,0.0,19.99,0.0,0
2025-03-25,19.99,4.99,14.999999999999998,300.60120240480956,3036,3043,0.0,19.99,0.0,0
2025-03-26,19.99,4.99,14.999999999999998,300.60120240480956,3037,3044,0.0,19.99,0.0,0
2025-03-27,19.99,4.99,14.999999999999998,300.60120240480956,3038,3045,0.0,19.99,0.0,0
2025-03-28,19.99,4.99,14.999999999999998,300.60120240480956,3039,3046,0.0,19.99,0.0,0
2025-03-29,19.99,4.99,14.999999999999998,300.60120240480956,3040,3047,0.0,19.99,0.0,0
2025-03-30,19.99,4.99,14.999999999999998,300.60120240480956,3041,3048,0.0,19.99,0.0,0
2025-03-31,19.99,4.99,14.999999999999998,300.60120240480956,3042,3049,0.0,19.99,0.0,0
2025-04-01,19.99,4.99,14.999999999999998,300.60120240480956,3043,3050,0.0,19.99,0.0,0
2025-04-02,19.99,4.99,14.999999999999998,300.60120240480956,3044,3051,0.0,19.99,0.0,0
2025-04-03,19.99,4.99,14.999999999999998,300.60120240480956,3045,3052,0.0,19.99,0.0,0
2025-04-04,19.99,4.99,14.999999999999998,300.60120240480956,3046,3053,0.0,19.99,0.0,0
2025-04-05,19.99,4.99,14.999999999999998,300.60120240480956,3047,3054,0.0,19.99,0.0,0
2025-04-06,19.99,4.99,14.999999999999998,300.60120240480956,3048,3055,0.0,19.99,0.0,0
2025-04-07,19.99,4.99,14.999999999999998,300.60120240480956,3049,3056,0.0,19.99,0.0,0
2025-04-08,19.99,4.99,14.999999999999998,300.60120240480956,3050,3057,0.0,19.99,0.0,0
2025-04-09,19.99,4.99,14.999999999999998,300.60120240480956,3051,3058,0.0,19.99,0.0,0
2025-04-10,19.99,4.99,14.999999999999998,300.60120240480956,3052,3059,0.0,19.99,0.0,0
2025-04-11,19.99,4.99,14.999999999999998,300.60120240480956,3053,3060,0.0,19.99,0.0,0
2025-04-12,19.99,4.99,14.999999999999998,300.60120240480956,3054,3061,0.0,19.99,0.0,0
2025-04-13,19.99,4.99,14.999999999999998,300.60120240480956,3055,3062,0.0,19.99,0.0,0
2025-04-14,19.99,4.99,14.999999999999998,300.60120240480956,3056,3063,0.0,19.99,0.0,0
2025-04-15,19.99,4.99,14.999999999999998,300.60120240480956,3057,3064,0.0,19.99,0.0,0
2025-04-16,19.99,4.99,14.999999999999998,300.60120240480956,3058,3065,0.0,19.99,0.0,0
2025-04-17,19.99,4.99,14.999999999999998,300.60120240480956,3059,3066,0.0,19.99,0.0,0
2025-04-18,19.99,4.99,14.999999999999998,300.60120240480956,3060,3067,0.0,19.99,0.0,0
2025-04-19,19.99,4.99,14.999999999999998,300.60120240480956,3061,3068,0.0,19.99,0.0,0
2025-04-20,19.99,4.99,14.999999999999998,300.60120240480956,3062,3069,0.0,19.99,0.0,0
2025-04-21,19.99,4.99,14.999999999999998,300.60120240480956,3063,3070,0.0,19.99,0.0,0
2025-04-22,19.99,4.99,14.999999999999998,300.60120240480956,3064,3071,0.0,19.99,0.0,0
2025-04-23,19.99,4.99,14.999999999999998,300.60120240480956,3065,3072,0.0,19.99,0.0,0
2025-04-24,19.99,4.99,14.999999999999998,300.60120240480956,3066,3073,0.0,19.99,0.0,0
2025-04-25,19.99,4.99,14.999999999999998,300.60120240480956,3067,3074,0.0,19.99,0.0,0
2025-04-26,19.99,4.99,14.999999999999998,300.60120240480956,3068,3075,0.0,19.99,0.0,0
2025-04-27,19.99,4.99,14.999999999999998,300.60120240480956,3069,3076,0.0,19.99,0.0,0
2025-04-28,19.99,4.99,14.999999999999998,300.60120240480956,3070,3077,0.0,19.99,0.0,0
2025-04-29,19.99,4.99,14.999999999999998,300.60120240480956,3071,3078,0.0,19.99,0.0,0
2025-04-30,19.99,4.99,14.999999999999998,300.60120240480956,3072,3079,0.0,19.99,0.0,0
2025-05-01,19.99,4.99,14.999999999999998,300.60120240480956,3073,3080,0.0,19.99,0.0,0
2025-05-02,19.99,4.99,14.999999999999998,300.60120240480956,3074,3081,0.0,19.99,0.0,0
2025-05-03,19.99,4.99,14.999999999999998,300.60120240480956,3075,3082,0.0,19.99,0.0,0
2025-05-04,19.99,4.99,14.999999999999998,300.60120240480956,3076,3083,0.0,19.99,0.0,0
2025-05-05,19.99,4.99,14.999999999999998,300.60120240480956,3077,3084,0.0,19.99,0.0,0
2025-05-06,19.99,4.99,14.999999999999998,300.60120240480956,3078,3085,0.0,19.99,0.0,0
2025-05-07,19.99,4.99,14.999999999999998,300.60120240480956,3079,3086,0.0,19.99,0.0,0
2025-05-08,19.99,4.99,14.999999999999998,300.60120240480956,3080,3087,0.0,19.99,0.0,0
2025-05-09,19.99,4.99,14.999999999999998,300.60120240480956,3081,3088,0.0,19.99,0.0,0
2025-05-10,19.99,4.99,14.999999999999998,300.60120240480956,3082,3089,0.0,19.99,0.0,0
2025-05-11,19.99,4.99,14.999999999999998,300.60120240480956,3083,3090,0.0,19.99,0.0,0
2025-05-12,19.99,4.99,14.999999999999998,300.60120240480956,3084,3091,0.0,19.99,0.0,0
2025-05-13,19.99,4.99,14.999999999999998,300.60120240480956,3085,3092,0.0,19.99,0.0,0
2025-05-14,19.99,4.99,14.999999999999998,300.60120240480956,3086,3093,0.0,19.99,0.0,0
2025-05-15,19.99,4.99,14.999999999999998,300.60120240480956,3087,3094,0.0,19.99,0.0,0
2025-05-16,19.99,4.99,14.999999999999998,300.60120240480956,3088,3095,0.0,19.99,0.0,0
2025-05-17,19.99,4.99,14.999999999999998,300.60120240480956,3089,3096,0.0,19.99,0.0,0
2025-05-18,19.99,4.99,14.999999999999998,300.60120240480956,3090,3097,0.0,19.99,0.0,0
2025-05-19,19.99,4.99,14.999999999999998,300.60120240480956,3091,3098,0.0,19.99,0.0,0
2025-05-20,19.99,4.99,14.999999999999998,300.60120240480956,3092,3099,0.0,19.99,0.0,0
2025-05-21,19.99,4.99,14.999999999999998,300.60120240480956,3093,3100,0.0,19.99,0.0,0
2025-05-22,19.99,4.99,14.999999999999998,300.60120240480956,3094,3101,0.0,19.99,0.0,0
2025-05-23,19.99,4.99,14.999999999999998,300.60120240480956,3095,3102,0.0,19.99,0.0,0
2025-05-24,19.99,4.99,14.999999999999998,300.60120240480956,3096,3103,0.0,19.99,0.0,0
2025-05-25,19.99,4.99,14.999999999999998,300.60120240480956,3097,3104,0.0,19.99,0.0,0
2025-05-26,19.99,4.99,14.999999999999998,300.60120240480956,3098,3105,0.0,19.99,0.0,0
2025-05-27,19.99,4.99,14.999999999999998,300.60120240480956,3099,3106,0.0,19.99,0.0,0
2025-05-28,19.99,4.99,14.999999999999998,300.60120240480956,3100,3107,0.0,19.99,0.0,0
2025-05-29,19.99,4.99,14.999999999999998,300.60120240480956,3101,3108,0.0,19.99,0.0,0
2025-05-30,19.99,4.99,14.999999999999998,300.60120240480956,3102,3109,0.0,19.99,0.0,0
2025-05-31,19.99,4.99,14.999999999999998,300.60120240480956,3103,3110,0.0,19.99,0.0,0
2025-06-01,19.99,4.99,14.999999999999998,300.60120240480956,3104,3111,0.0,19.99,0.0,0
2025-06-02,19.99,4.99,14.999999999999998,300.60120240480956,3105,3112,0.0,19.99,0.0,0
2025-06-03,19.99,4.99,14.999999999999998,300.60120240480956,3106,3113,0.0,19.99,0.0,0
2025-06-04,19.99,4.99,14.999999999999998,300.60120240480956,3107,3114,0.0,19.99,0.0,0
2025-06-05,19.99,4.99,14.999999999999998,300.60120240480956,3108,3115,0.0,19.99,0.0,0
2025-06-06,19.99,4.99,14.999999999999998,300.60120240480956,3109,3116,0.0,19.99,0.0,0
2025-06-07,19.99,4.99,14.999999999999998,300.60120240480956,3110,3117,0.0,19.99,0.0,0
2025-06-08,19.99,4.99,14.999999999999998,300.60120240480956,3111,3118,0.0,19.99,0.0,0
2025-06-09,19.99,4.99,14.999999999999998,300.60120240480956,3112,3119,0.0,19.99,0.0,0
2025-06-10,19.99,4.99,14.999999999999998,300.60120240480956,3113,3120,0.0,19.99,0.0,0
2025-06-11,19.99,4.99,14.999999999999998,300.60120240480956,3114,3121,0.0,19.99,0.0,0
2025-06-12,19.99,4.99,14.999999999999998,300.60120240480956,3115,3122,0.0,19.99,0.0,0
2025-06-13,19.99,4.99,14.999999999999998,300.60120240480956,3116,3123,0.0,19.99,0.0,0
2025-06-14,19.99,4.99,14.999999999999998,300.60120240480956,3117,3124,0.0,19.99,0.0,0
2025-06-15,19.99,4.99,14.999999999999998,300.60120240480956,3118,3125,0.0,19.99,0.0,0
2025-06-16,19.99,4.99,14.999999999999998,300.60120240480956,3119,3126,0.0,19.99,0.0,0
2025-06-17,19.99,4.99,14.999999999999998,300.60120240480956,3120,3127,0.0,19.99,0.0,0
2025-06-18,19.99,4.99,14.999999999999998,300.60120240480956,3121,3128,0.0,19.99,0.0,0
2025-06-19,19.99,4.99,14.999999999999998,300.60120240480956,3122,3129,0.0,19.99,0.0,0
2025-06-20,19.99,4.99,14.999999999999998,300.60120240480956,3123,3130,0.0,19.99,0.0,0
2025-06-21,19.99,4.99,14.999999999999998,300.60120240480956,3124,3131,0.0,19.99,0.0,0
2025-06-22,19.99,4.99,14.999999999999998,300.60120240480956,3125,3132,0.0,19.99,0.0,0
2025-06-23,19.99,4.99,14.999999999999998,300.60120240480956,3126,3133,0.0,19.99,0.0,0
2025-06-24,19.99,4.99,14.999999999999998,300.60120240480956,3127,3134,0.0,19.99,0.0,0
2025-06-25,19.99,4.99,14.999999999999998,300.60120240480956,3128,3135,0.0,19.99,0.0,0
2025-06-26,19.99,4.99,14.999999999999998,300.60120240480956,3129,3136,0.0,19.99,0.0,0
2025-06-27,19.99,4.99,14.999999999999998,300.60120240480956,3130,3137,0.0,19.99,0.0,0
2025-06-28,19.99,4.99,14.999999999999998,300.60120240480956,3131,3138,0.0,19.99,0.0,0
2025-06-29,19.99,4.99,14.999999999999998,300.60120240480956,3132,3139,0.0,19.99,0.0,0
2025-06-30,19.99,4.99,14.999999999999998,300.60120240480956,3133,3140,0.0,19.99,0.0,0
2025-07-01,19.99,4.99,14.999999999999998,300.60120240480956,3134,3141,0.0,19.99,0.0,0
2025-07-02,19.99,4.99,14.999999999999998,300.60120240480956,3135,3142,0.0,19.99,0.0,0
2025-07-03,19.99,4.99,14.999999999999998,300.60120240480956,3136,3143,0.0,19.99,0.0,0
2025-07-04,19.99,4.99,14.999999999999998,300.60120240480956,3137,3144,0.0,19.99,0.0,0
2025-07-05,19.99,4.99,14.999999999999998,300.60120240480956,3138,3145,0.0,19.99,0.0,0
2025-07-06,19.99,4.99,14.999999999999998,300.60120240480956,3139,3146,0.0,19.99,0.0,0
2025-07-07,19.99,4.99,14.999999999999998,300.60120240480956,3140,3147,0.0,19.99,0.0,0
2025-07-08,19.99,4.99,14.999999999999998,300.60120240480956,3141,3148,0.0,19.99,0.0,0
2025-07-09,19.99,4.99,14.999999999999998,300.60120240480956,3142,3149,0.0,19.99,0.0,0
2025-07-10,19.99,4.99,14.999999999999998,300.60120240480956,3143,3150,0.0,19.99,0.0,0
2025-07-11,19.99,4.99,14.999999999999998,300.60120240480956,3144,3151,0.0,19.99,0.0,0
2025-07-12,19.99,4.99,14.999999999999998,300.60120240480956,3145,3152,0.0,19.99,0.0,0
2025-07-13,19.99,4.99,14.999999999999998,300.60120240480956,3146,3153,0.0,19.99,0.0,0
2025-07-14,19.99,4.99,14.999999999999998,300.60120240480956,3147,3154,0.0,19.99,0.0,0
2025-07-15,19.99,4.99,14.999999999999998,300.60120240480956,3148,3155,0.0,19.99,0.0,0
2025-07-16,19.99,4.99,14.999999999999998,300.60120240480956,3149,3156,0.0,19.99,0.0,0
2025-07-17,19.99,4.99,14.999999999999998,300.60120240480956,3150,3157,0.0,19.99,0.0,0
2025-07-18,19.99,4.99,14.999999999999998,300.60120240480956,3151,3158,0.0,19.99,0.0,0
2025-07-19,19.99,4.99,14.999999999999998,300.60120240480956,3152,3159,0.0,19.99,0.0,0
2025-07-20,19.99,4.99,14.999999999999998,300.60120240480956,3153,3160,0.0,19.99,0.0,0
2025-07-21,19.99,4.99,14.999999999999998,300.60120240480956,3154,3161,0.0,19.99,0.0,0
2025-07-22,19.99,4.99,14.999999999999998,300.60120240480956,3155,3162,0.0,19.99,0.0,0
2025-07-23,19.99,4.99,14.999999999999998,300.60120240480956,3156,3163,0.0,19.99,0.0,0
2025-07-24,19.99,4.99,14.999999999999998,300.60120240480956,3157,3164,0.0,19.99,0.0,0
2025-07-25,19.99,4.99,14.999999999999998,300.60120240480956,3158,3165,0.0,19.99,0.0,0
2025-07-26,19.99,4.99,14.999999999999998,300.60120240480956,3159,3166,0.0,19.99,0.0,0
2025-07-27,19.99,4.99,14.999999999999998,300.60120240480956,3160,3167,0.0,19.99,0.0,0
2025-07-28,19.99,4.99,14.999999999999998,300.60120240480956,3161,3168,0.0,19.99,0.0,0
2025-07-29,19.99,4.99,14.999999999999998,300.60120240480956,3162,3169,0.0,19.99,0.0,0
2025-07-30,19.99,4.99,14.999999999999998,300.60120240480956,3163,3170,0.0,19.99,0.0,0
2025-07-31,19.99,4.99,14.999999999999998,300.60120240480956,3164,3171,0.0,19.99,0.0,0
2025-08-01,19.99,4.99,14.999999999999998,300.60120240480956,3165,3172,0.0,19.99,0.0,0
2025-08-02,19.99,4.99,14.999999999999998,300.60120240480956,3166,3173,0.0,19.99,0.0,0
2025-08-03,19.99,4.99,14.999999999999998,300.60120240480956,3167,3174,0.0,19.99,0.0,0
2025-08-04,19.99,4.99,14.999999999999998,300.60120240480956,3168,3175,0.0,19.99,0.0,0
2025-08-05,19.99,4.99,14.999999999999998,300.60120240480956,3169,3176,0.0,19.99,0.0,0
2025-08-06,19.99,4.99,14.999999999999998,300.60120240480956,3170,3177,0.0,19.99,0.0,0
2025-08-07,19.99,4.99,14.999999999999998,300.60120240480956,3171,3178,0.0,19.99,0.0,0
2025-08-08,19.99,4.99,14.999999999999998,300.60120240480956,3172,3179,0.0,19.99,0.0,0
2025-08-09,19.99,4.99,14.999999999999998,300.60120240480956,3173,3180,0.0,19.99,0.0,0
2025-08-10,19.99,4.99,14.999999999999998,300.60120240480956,3174,3181,0.0,19.99,0.0,0
2025-08-11,19.99,4.99,14.999999999999998,300.60120240480956,3175,3182,0.0,19.99,0.0,0
2025-08-12,19.99,4.99,14.999999999999998,300.60120240480956,3176,3183,0.0,19.99,0.0,0
2025-08-13,19.99,4.99,14.999999999999998,300.60120240480956,3177,3184,0.0,19.99,0.0,0
2025-08-14,19.99,4.99,14.999999999999998,300.60120240480956,3178,3185,0.0,19.99,0.0,0
2025-08-15,19.99,4.99,14.999999999999998,300.60120240480956,3179,3186,0.0,19.99,0.0,0
2025-08-16,19.99,4.99,14.999999999999998,300.60120240480956,3180,3187,0.0,19.99,0.0,0
2025-08-17,19.99,4.99,14.999999999999998,300.60120240480956,3181,3188,0.0,19.99,0.0,0
2025-08-18,19.99,4.99,14.999999999999998,300.60120240480956,3182,3189,0.0,19.99,0.0,0
2025-08-19,19.99,4.99,14.999999999999998,300.60120240480956,3183,3190,0.0,19.99,0.0,0
2025-08-20,19.99,4.99,14.999999999999998,300.60120240480956,3184,3191,0.0,19.99,0.0,0
2025-08-21,19.99,4.99,14.999999999999998,300.60120240480956,3185,3192,0.0,19.99,0.0,0
2025-08-22,19.99,4.99,14.999999999999998,300.60120240480956,3186,3193,0.0,19.99,0.0,0
2025-08-23,19.99,4.99,14.999999999999998,300.60120240480956,3187,3194,0.0,19.99,0.0,0
2025-08-24,19.99,4.99,14.999999999999998,300.60120240480956,3188,3195,0.0,19.99,0.0,0
2025-08-25,19.99,4.99,14.999999999999998,300.60120240480956,3189,3196,0.0,19.99,0.0,0
2025-08-26,19.99,4.99,14.999999999999998,300.60120240480956,3190,3197,0.0,19.99,0.0,0
2025-08-27,19.99,4.99,14.999999999999998,300.60120240480956,3191,3198,0.0,19.99,0.0,0
2025-08-28,19.99,4.99,14.999999999999998,300.60120240480956,3192,3199,0.0,19.99,0.0,0
2025-08-29,19.99,4.99,14.999999999999998,300.60120240480956,3193,3200,0.0,19.99,0.0,0
2025-08-30,19.99,4.99,14.999999999999998,300.60120240480956,3194,3201,0.0,19.99,0.0,0
2025-08-31,19.99,4.99,14.999999999999998,300.60120240480956,3195,3202,0.0,19.99,0.0,0
2025-09-01,19.99,4.99,14.999999999999998,300.60120240480956,3196,3203,0.0,19.99,0.0,0
2025-09-02,19.99,4.99,14.999999999999998,300.60120240480956,3197,3204,0.0,19.99,0.0,0
2025-09-03,19.99,4.99,14.999999999999998,300.60120240480956,3198,3205,0.0,19.99,0.0,0
2025-09-04,19.99,4.99,14.999999999999998,300.60120240480956,3199,3206,0.0,19.99,0.0,0
2025-09-05,19.99,4.99,14.999999999999998,300.60120240480956,3200,3207,0.0,19.99,0.0,0
2025-09-06,19.99,4.99,14.999999999999998,300.60120240480956,3201,3208,0.0,19.99,0.0,0
2025-09-07,19.99,4.99,14.999999999999998,300.60120240480956,3202,3209,0.0,19.99,0.0,0
2025-09-08,19.99,4.99,14.999999999999998,300.60120240480956,3203,3210,0.0,19.99,0.0,0
2025-09-09,19.99,4.99,14.999999999999998,300.60120240480956,3204,3211,0.0,19.99,0.0,0
2025-09-10,19.99,4.99,14.999999999999998,300.60120240480956,3205,3212,0.0,19.99,0.0,0
2025-09-11,19.99,4.99,14.999999999999998,300.60120240480956,3206,3213,0.0,19.99,0.0,0
2025-09-12,19.99,4.99,14.999999999999998,300.60120240480956,3207,3214,0.0,19.99,0.0,0
2025-09-13,19.99,4.99,14.999999999999998,300.60120240480956,3208,3215,0.0,19.99,0.0,0
2025-09-14,19.99,4.99,14.999999999999998,300.60120240480956,3209,3216,0.0,19.99,0.0,0
2025-09-15,19.99,4.99,14.999999999999998,300.60120240480956,3210,3217,0.0,19.99,0.0,0
2025-09-16,19.99,4.99,14.999999999999998,300.60120240480956,3211,3218,0.0,19.99,0.0,0
2025-09-17,19.99,4.99,14.999999999999998,300.60120240480956,3212,3219,0.0,19.99,0.0,0
2025-09-18,19.99,4.99,14.999999999999998,300.60120240480956,3213,3220,0.0,19.99,0.0,0
2025-09-19,19.99,4.99,14.999999999999998,300.60120240480956,3214,3221,0.0,19.99,0.0,0
2025-09-20,19.99,4.99,14.999999999999998,300.60120240480956,3215,3222,0.0,19.99,0.0,0
2025-09-21,19.99,4.99,14.999999999999998,300.60120240480956,3216,3223,0.0,19.99,0.0,0
2025-09-22,19.99,4.99,14.999999999999998,300.60120240480956,3217,3224,0.0,19.99,0.0,0
2025-09-23,19.99,4.99,14.999999999999998,300.60120240480956,3218,3225,0.0,19.99,0.0,0
2025-09-24,19.99,4.99,14.999999999999998,300.60120240480956,3219,3226,0.0,19.99,0.0,0
2025-09-25,19.99,4.99,14.999999999999998,300.60120240480956,3220,3227,0.0,19.99,0.0,0
2025-09-26,19.99,4.99,14.999999999999998,300.60120240480956,3221,3228,0.0,19.99,0.0,0
2025-09-27,19.99,4.99,14.999999999999998,300.60120240480956,3222,3229,0.0,19.99,0.0,0
2025-09-28,19.99,4.99,14.999999999999998,300.60120240480956,3223,3230,0.0,19.99,0.0,0
2025-09-29,19.99,4.99,14.999999999999998,300.60120240480956,3224,3231,0.0,19.99,0.0,0
2025-09-30,19.99,4.99,14.999999999999998,300.60120240480956,3225,3232,0.0,19.99,0.0,0
2025-10-01,19.99,4.99,14.999999999999998,300.60120240480956,3226,3233,0.0,19.99,0.0,0
2025-10-02,19.99,4.99,14.999999999999998,300.60120240480956,3227,3234,0.0,19.99,0.0,0
2025-10-03,19.99,4.99,14.999999999999998,300.60120240480956,3228,3235,0.0,19.99,0.0,0
2025-10-04,19.99,4.99,14.999999999999998,300.60120240480956,3229,3236,0.0,19.99,0.0,0
2025-10-05,19.99,4.99,14.999999999999998,300.60120240480956,3230,3237,0.0,19.99,0.0,0
2025-10-06,19.99,4.99,14.999999999999998,300.60120240480956,3231,3238,0.0,19.99,0.0,0
2025-10-07,19.99,4.99,14.999999999999998,300.60120240480956,3232,3239,0.0,19.99,0.0,0
2025-10-08,19.99,4.99,14.999999999999998,300.60120240480956,3233,3240,0.0,19.99,0.0,0
2025-10-09,19.99,4.99,14.999999999999998,300.60120240480956,3234,3241,0.0,19.99,0.0,0
2025-10-10,19.99,4.99,14.999999999999998,300.60120240480956,3235,3242,0.0,19.99,0.0,0
2025-10-11,19.99,4.99,14.999999999999998,300.60120240480956,3236,3243,0.0,19.99,0.0,0
2025-10-12,19.99,4.99,14.999999999999998,300.60120240480956,3237,3244,0.0,19.99,0.0,0
2025-10-13,19.99,4.99,14.999999999999998,300.60120240480956,3238,3245,0.0,19.99,0.0,0
2025-10-14,19.99,4.99,14.999999999999998,300.60120240480956,3239,3246,0.0,19.99,0.0,0
2025-10-15,19.99,4.99,14.999999999999998,300.60120240480956,3240,3247,0.0,19.99,0.0,0
2025-10-16,19.99,4.99,14.999999999999998,300.60120240480956,3241,3248,0.0,19.99,0.0,0
2025-10-17,19.99,4.99,14.999999999999998,300.60120240480956,3242,3249,0.0,19.99,0.0,0
2025-10-18,19.99,4.99,14.999999999999998,300.60120240480956,3243,3250,0.0,19.99,0.0,0
2025-10-19,19.99,4.99,14.999999999999998,300.60120240480956,3244,3251,0.0,19.99,0.0,0
2025-10-20,19.99,4.99,14.999999999999998,300.60120240480956,3245,3252,0.0,19.99,0.0,0
2025-10-21,19.99,4.99,14.999999999999998,300.60120240480956,3246,3253,0.0,19.99,0.0,0
2025-10-22,19.99,4.99,14.999999999999998,300.60120240480956,3247,3254,0.0,19.99,0.0,0
2025-10-23,19.99,4.99,14.999999999999998,300.60120240480956,3248,3255,0.0,19.99,0.0,0
2025-10-24,19.99,4.99,14.999999999999998,300.60120240480956,3249,3256,0.0,19.99,0.0,0
2025-10-25,19.99,4.99,14.999999999999998,300.60120240480956,3250,3257,0.0,19.99,0.0,0
2025-10-26,19.99,4.99,14.999999999999998,300.60120240480956,3251,3258,0.0,19.99,0.0,0
2025-10-27,19.99,4.99,14.999999999999998,300.60120240480956,3252,3259,0.0,19.99,0.0,0
2025-10-28,19.99,4.99,14.999999999999998,300.60120240480956,3253,3260,0.0,19.99,0.0,0
2025-10-29,19.99,4.99,14.999999999999998,300.60120240480956,3254,3261,0.0,19.99,0.0,0
2025-10-30,19.99,4.99,14.999999999999998,300.60120240480956,3255,3262,0.0,19.99,0.0,0
2025-10-31,19.99,4.99,14.999999999999998,300.60120240480956,3256,3263,0.0,19.99,0.0,0
2025-11-01,19.99,4.99,14.999999999999998,300.60120240480956,3257,3264,0.0,19.99,0.0,0
2025-11-02,19.99,4.99,14.999999999999998,300.60120240480956,3258,3265,0.0,19.99,0.0,0
2025-11-03,19.99,4.99,14.999999999999998,300.60120240480956,3259,3266,0.0,19.99,0.0,0
2025-11-04,19.99,4.99,14.999999999999998,300.60120240480956,3260,3267,0.0,19.99,0.0,0
2025-11-05,19.99,4.99,14.999999999999998,300.60120240480956,3261,3268,0.0,19.99,0.0,0
2025-11-06,19.99,4.99,14.999999999999998,300.60120240480956,3262,3269,0.0,19.99,0.0,0
2025-11-07,19.99,4.99,14.999999999999998,300.60120240480956,3263,3270,0.0,19.99,0.0,0
2025-11-08,19.99,4.99,14.999999999999998,300.60120240480956,3264,3271,0.0,19.99,0.0,0
2025-11-09,19.99,4.99,14.999999999999998,300.60120240480956,3265,3272,0.0,19.99,0.0,0
2025-11-10,19.99,4.99,14.999999999999998,300.60120240480956,3266,3273,0.0,19.99,0.0,0
2025-11-11,19.99,4.99,14.999999999999998,300.60120240480956,3267,3274,0.0,19.99,0.0,0
2025-11-12,19.99,4.99,14.999999999999998,300.60120240480956,3268,3275,0.0,19.99,0.0,0
2025-11-13,19.99,4.99,14.999999999999998,300.60120240480956,3269,3276,0.0,19.99,0.0,0
2025-11-14,19.99,4.99,14.999999999999998,300.60120240480956,3270,3277,0.0,19.99,0.0,0
2025-11-15,19.99,4.99,14.999999999999998,300.60120240480956,3271,3278,0.0,19.99,0.0,0
2025-11-16,19.99,4.99,14.999999999999998,300.60120240480956,3272,3279,0.0,19.99,0.0,0
2025-11-17,19.99,4.99,14.999999999999998,300.60120240480956,3273,3280,0.0,19.99,0.0,0
2025-11-18,19.99,4.99,14.999999999999998,300.60120240480956,3274,3281,0.0,19.99,0.0,0
2025-11-19,19.99,4.99,14.999999999999998,300.60120240480956,3275,3282,0.0,19.99,0.0,0
2025-11-20,19.99,4.99,14.999999999999998,300.60120240480956,3276,3283,0.0,19.99,0.0,0
2025-11-21,19.99,4.99,14.999999999999998,300.60120240480956,3277,3284,0.0,19.99,0.0,0
2025-11-22,19.99,4.99,14.999999999999998,300.60120240480956,3278,3285,0.0,19.99,0.0,0
2025-11-23,19.99,4.99,14.999999999999998,300.60120240480956,3279,3286,0.0,19.99,0.0,0
2025-11-24,19.99,4.99,14.999999999999998,300.60120240480956,3280,3287,0.0,19.99,0.0,0
2025-11-25,19.99,4.99,14.999999999999998,300.60120240480956,3281,3288,0.0,19.99,0.0,0
2025-11-26,19.99,4.99,14.999999999999998,300.60120240480956,3282,3289,0.0,19.99,0.0,0
2025-11-27,19.99,4.99,14.999999999999998,300.60120240480956,3283,3290,0.0,19.99,0.0,0
2025-11-28,19.99,4.99,14.999999999999998,300.60120240480956,3284,3291,0.0,19.99,0.0,0
2025-11-29,19.99,4.99,14.999999999999998,300.60120240480956,3285,3292,0.0,19.99,0.0,0
2025-11-30,19.99,4.99,14.999999999999998,300.60120240480956,3286,3293,0.0,19.99,0.0,0
2025-12-01,19.99,4.99,14.999999999999998,300.60120240480956,3287,3294,0.0,19.99,0.0,0
2025-12-02,19.99,4.99,14.999999999999998,300.60120240480956,3288,3295,0.0,19.99,0.0,0
2025-12-03,19.99,4.99,14.999999999999998,300.60120240480956,3289,3296,0.0,19.99,0.0,0
2025-12-04,19.99,4.99,14.999999999999998,300.60120240480956,3290,3297,0.0,19.99,0.0,0
2025-12-05,19.99,4.99,14.999999999999998,300.60120240480956,3291,3298,0.0,19.99,0.0,0
2025-12-06,19.99,4.99,14.999999999999998,300.60120240480956,3292,3299,0.0,19.99,0.0,0
2025-12-07,19.99,4.99,14.999999999999998,300.60120240480956,3293,3300,0.0,19.99,0.0,0
2025-12-08,19.99,4.99,14.999999999999998,300.60120240480956,3294,3301,0.0,19.99,0.0,0
2025-12-09,19.99,4.99,14.999999999999998,300.60120240480956,3295,3302,0.0,19.99,0.0,0
2025-12-10,19.99,4.99,14.999999999999998,300.60120240480956,3296,3303,0.0,19.99,0.0,0
2025-12-11,19.99,4.99,14.999999999999998,300.60120240480956,3297,3304,0.0,19.99,0.0,0
2025-12-12,19.99,4.99,14.999999999999998,300.60120240480956,3298,3305,0.0,19.99,0.0,0
2025-12-13,19.99,4.99,14.999999999999998,300.60120240480956,3299,3306,0.0,19.99,0.0,0
2025-12-14,19.99,4.99,14.999999999999998,300.60120240480956,3300,3307,0.0,19.99,0.0,0
2025-12-15,19.99,4.99,14.999999999999998,300.60120240480956,3301,3308,0.0,19.99,0.0,0
2025-12-16,19.99,4.99,14.999999999999998,300.60120240480956,3302,3309,0.0,19.99,0.0,0
2025-12-17,19.99,4.99,14.999999999999998,300.60120240480956,3303,3310,0.0,19.99,0.0,0
2025-12-18,19.99,4.99,14.999999999999998,300.60120240480956,3304,3311,0.0,19.99,0.0,0
2025-12-19,19.99,4.99,14.999999999999998,300.60120240480956,3305,3312,0.0,19.99,0.0,0
2025-12-20,19.99,4.99,14.999999999999998,300.60120240480956,3306,3313,0.0,19.99,0.0,0
2025-12-21,19.99,4.99,14.999999999999998,300.60120240480956,3307,3314,0.0,19.99,0.0,0
2025-12-22,19.99,4.99,14.999999999999998,300.60120240480956,3308,3315,0.0,19.99,0.0,0
2025-12-23,19.99,4.99,14.999999999999998,300.60120240480956,3309,3316,0.0,19.99,0.0,0
2025-12-24,19.99,4.99,14.999999999999998,300.60120240480956,3310,3317,0.0,19.99,0.0,0
2025-12-25,19.99,4.99,14.999999999999998,300.60120240480956,3311,3318,0.0,19.99,0.0,0
2025-12-26,19.99,4.99,14.999999999999998,300.60120240480956,3312,3319,0.0,19.99,0.0,0
2025-12-27,19.99,4.99,14.999999999999998,300.60120240480956,3313,3320,0.0,19.99,0.0,0
2025-12-28,19.99,4.99,14.999999999999998,300.60120240480956,3314,3321,0.0,19.99,0.0,0
2025-12-29,19.99,4.99,14.999999999999998,300.60120240480956,3315,3322,0.0,19.99,0.0,0
2025-12-30,19.99,4.99,14.999999999999998,300.60120240480956,3316,3323,0.0,19.99,0.0,0
2025-12-31,19.99,4.99,14.999999999999998,300.60120240480956,3317,3324,0.0,19.99,0.0,0
2026-01-01,19.99,4.99,14.999999999999998,300.60120240480956,3318,3325,0.0,19.99,0.0,0
2026-01-02,19.99,4.99,14.999999999999998,300.60120240480956,3319,3326,0.0,19.99,0.0,0
2026-01-03,19.99,4.99,14.999999999999998,300.60120240480956,3320,3327,0.0,19.99,0.0,0
2026-01-04,19.99,4.99,14.999999999999998,300.60120240480956,3321,3328,0.0,19.99,0.0,0
2026-01-05,19.99,4.99,14.999999999999998,300.60120240480956,3322,3329,0.0,19.99,0.0,0
2026-01-06,19.99,4.99,14.999999999999998,300.60120240480956,3323,3330,0.0,19.99,0.0,0
2026-01-07,19.99,4.99,14.999999999999998,300.60120240480956,3324,3331,0.0,19.99,0.0,0
2026-01-08,19.99,4.99,14.999999999999998,300.60120240480956,3325,3332,0.0,19.99,0.0,0
2026-01-09,19.99,4.99,14.999999999999998,300.60120240480956,3326,3333,0.0,19.99,0.0,0
2026-01-10,19.99,4.99,14.999999999999998,300.60120240480956,3327,3334,0.0,19.99,0.0,0
2026-01-11,19.99,4.99,14.999999999999998,300.60120240480956,3328,3335,0.0,19.99,0.0,0
2026-01-12,19.99,4.99,14.999999999999998,300.60120240480956,3329,3336,0.0,19.99,0.0,0
2026-01-13,19.99,4.99,14.999999999999998,300.60120240480956,3330,3337,0.0,19.99,0.0,0
2026-01-14,19.99,4.99,14.999999999999998,300.60120240480956,3331,3338,0.0,19.99,0.0,0
2026-01-15,19.99,4.99,14.999999999999998,300.60120240480956,3332,3339,0.0,19.99,0.0,0
2026-01-16,19.99,4.99,14.999999999999998,300.60120240480956,3333,3340,0.0,19.99,0.0,0
2026-01-17,19.99,4.99,14.999999999999998,300.60120240480956,3334,3341,0.0,19.99,0.0,0
2026-01-18,19.99,4.99,14.999999999999998,300.60120240480956,3335,3342,0.0,19.99,0.0,0
2026-01-19,19.99,4.99,14.999999999999998,300.60120240480956,3336,3343,0.0,19.99,0.0,0
2026-01-20,19.99,4.99,14.999999999999998,300.60120240480956,3337,3344,0.0,19.99,0.0,0
2026-01-21,19.99,4.99,14.999999999999998,300.60120240480956,3338,3345,0.0,19.99,0.0,0
2026-01-22,19.99,4.99,14.999999999999998,300.60120240480956,3339,3346,0.0,19.99,0.0,0
2026-01-23,19.99,4.99,14.999999999999998,300.60120240480956,3340,3347,0.0,19.99,0.0,0
2026-01-24,19.99,4.99,14.999999999999998,300.60120240480956,3341,3348,0.0,19.99,0.0,0
2026-01-25,19.99,4.99,14.999999999999998,300.60120240480956,3342,3349,0.0,19.99,0.0,0
2026-01-26,19.99,4.99,14.999999999999998,300.60120240480956,3343,3350,0.0,19.99,0.0,0
2026-01-27,19.99,4.99,14.999999999999998,300.60120240480956,3344,3351,0.0,19.99,0.0,0
2026-01-28,19.99,4.99,14.999999999999998,300.60120240480956,3345,3352,0.0,19.99,0.0,0
2026-01-29,19.99,4.99,14.999999999999998,300.60120240480956,3346,3353,0.0,19.99,0.0,0
2026-01-30,19.99,4.99,14.999999999999998,300.60120240480956,3347,3354,0.0,19.99,0.0,0
2026-01-31,19.99,4.99,14.999999999999998,300.60120240480956,3348,3355,0.0,19.99,0.0,0
2026-02-01,19.99,4.99,14.999999999999998,300.60120240480956,3349,3356,0.0,19.99,0.0,0
2026-02-02,19.99,4.99,14.999999999999998,300.60120240480956,3350,3357,0.0,19.99,0.0,0
2026-02-03,19.99,4.99,14.999999999999998,300.60120240480956,3351,3358,0.0,19.99,0.0,0
2026-02-04,19.99,4.99,14.999999999999998,300.60120240480956,3352,3359,0.0,19.99,0.0,0
2026-02-05,19.99,4.99,14.999999999999998,300.60120240480956,3353,3360,0.0,19.99,0.0,0
2026-02-06,19.99,4.99,14.999999999999998,300.60120240480956,3354,3361,0.0,19.99,0.0,0
2026-02-07,19.99,4.99,14.999999999999998,300.60120240480956,3355,3362,0.0,19.99,0.0,0
2026-02-08,19.99,4.99,14.999999999999998,300.60120240480956,3356,3363,0.0,19.99,0.0,0
2026-02-09,19.99,4.99,14.999999999999998,300.60120240480956,3357,3364,0.0,19.99,0.0,0
2026-02-10,19.99,4.99,14.999999999999998,300.60120240480956,3358,3365,0.0,19.99,0.0,0
2026-02-11,19.99,4.99,14.999999999999998,300.60120240480956,3359,3366,0.0,19.99,0.0,0
2026-02-12,19.99,4.99,14.999999999999998,300.60120240480956,3360,3367,0.0,19.99,0.0,0
2026-02-13,19.99,4.99,14.999999999999998,300.60120240480956,3361,3368,0.0,19.99,0.0,0
2026-02-14,19.99,4.99,14.999999999999998,300.60120240480956,3362,3369,0.0,19.99,0.0,0
2026-02-15,19.99,4.99,14.999999999999998,300.60120240480956,3363,3370,0.0,19.99,0.0,0
2026-02-16,19.99,4.99,14.999999999999998,300.60120240480956,3364,3371,0.0,19.99,0.0,0
2026-02-17,19.99,4.99,14.999999999999998,300.60120240480956,3365,3372,0.0,19.99,0.0,0
2026-02-18,19.99,4.99,14.999999999999998,300.60120240480956,3366,3373,0.0,19.99,0.0,0
2026-02-19,19.99,4.99,14.999999999999998,300.60120240480956,3367,3374,0.0,19.99,0.0,0
2026-02-20,19.99,4.99,14.999999999999998,300.60120240480956,3368,3375,0.0,19.99,0.0,0
2026-02-21,19.99,4.99,14.999999999999998,300.60120240480956,3369,3376,0.0,19.99,0.0,0
2026-02-22,19.99,4.99,14.999999999999998,300.60120240480956,3370,3377,0.0,19.99,0.0,0
2026-02-23,19.99,4.99,14.999999999999998,300.60120240480956,3371,3378,0.0,19.99,0.0,0
2026-02-24,19.99,4.99,14.999999999999998,300.60120240480956,3372,3379,0.0,19.99,0.0,0
2026-02-25,19.99,4.99,14.999999999999998,300.60120240480956,3373,3380,0.0,19.99,0.0,0
2026-02-26,19.99,4.99,14.999999999999998,300.60120240480956,3374,3381,0.0,19.99,0.0,0
2026-02-27,19.99,4.99,14.999999999999998,300.60120240480956,3375,3382,0.0,19.99,0.0,0
2026-02-28,19.99,4.99,14.999999999999998,300.60120240480956,3376,3383,0.0,19.99,0.0,0
2026-03-01,19.99,4.99,14.999999999999998,300.60120240480956,3377,3384,0.0,19.99,0.0,0
2026-03-02,19.99,4.99,14.999999999999998,300.60120240480956,3378,3385,0.0,19.99,0.0,0
2026-03-03,19.99,4.99,14.999999999999998,300.60120240480956,3379,3386,0.0,19.99,0.0,0
2026-03-04,19.99,4.99,14.999999999999998,300.60120240480956,3380,3387,0.0,19.99,0.0,0
2026-03-05,19.99,4.99,14.999999999999998,300.60120240480956,3381,3388,0.0,19.99,0.0,0
2026-03-06,19.99,4.99,14.999999999999998,300.60120240480956,3382,3389,0.0,19.99,0.0,0
2026-03-07,19.99,4.99,14.999999999999998,300.60120240480956,3383,3390,0.0,19.99,0.0,0
2026-03-08,19.99,4.99,14.999999999999998,300.60120240480956,3384,3391,0.0,19.99,0.0,0
2026-03-09,19.99,4.99,14.999999999999998,300.60120240480956,3385,3392,0.0,19.99,0.0,0
2026-03-10,19.99,4.99,14.999999999999998,300.60120240480956,3386,3393,0.0,19.99,0.0,0
2026-03-11,19.99,4.99,14.999999999999998,300.60120240480956,3387,3394,0.0,19.99,0.0,0
2026-03-12,19.99,4.99,14.999999999999998,300.60120240480956,3388,3395,0.0,19.99,0.0,0
2026-03-13,19.99,4.99,14.999999999999998,300.60120240480956,3389,3396,0.0,19.99,0.0,0
2026-03-14,19.99,4.99,14.999999999999998,300.60120240480956,3390,3397,0.0,19.99,0.0,0
2026-03-15,19.99,4.99,14.999999999999998,300.60120240480956,3391,3398,0.0,19.99,0.0,0
2026-03-16,19.99,4.99,14.999999999999998,300.60120240480956,3392,3399,0.0,19.99,0.0,0
2026-03-17,19.99,4.99,14.999999999999998,300.60120240480956,3393,3400,0.0,19.99,0.0,0
2026-03-18,19.99,4.99,14.999999999999998,300.60120240480956,3394,3401,0.0,19.99,0.0,0
2026-03-19,19.99,4.99,14.999999999999998,300.60120240480956,3395,3402,0.0,19.99,0.0,0
2026-03-20,19.99,4.99,14.999999999999998,300.60120240480956,3396,3403,0.0,19.99,0.0,0
2026-03-21,19.99,4.99,14.999999999999998,300.60120240480956,3397,3404,0.0,19.99,0.0,0
2026-03-22,19.99,4.99,14.999999999999998,300.60120240480956,3398,3405,0.0,19.99,0.0,0
2026-03-23,19.99,4.99,14.999999999999998,300.60120240480956,3399,3406,0.0,19.99,0.0,0
2026-03-24,19.99,4.99,14.999999999999998,300.60120240480956,3400,3407,0.0,19.99,0.0,0
2026-03-25,19.99,4.99,14.999999999999998,300.60120240480956,3401,3408,0.0,19.99,0.0,0
2026-03-26,19.99,4.99,14.999999999999998,300.60120240480956,3402,3409,0.0,19.99,0.0,0
2026-03-27,19.99,4.99,14.999999999999998,300.60120240480956,3403,3410,0.0,19.99,0.0,0
2026-03-28,19.99,4.99,14.999999999999998,300.60120240480956,3404,3411,0.0,19.99,0.0,0
2026-03-29,19.99,4.99,14.999999999999998,300.60120240480956,3405,3412,0.0,19.99,0.0,0
2026-03-30,19.99,4.99,14.999999999999998,300.60120240480956,3406,3413,0.0,19.99,0.0,0
2026-03-31,19.99,4.99,14.999999999999998,300.60120240480956,3407,3414,0.0,19.99,0.0,0
2026-04-01,19.99,4.99,14.999999999999998,300.60120240480956,3408,3415,0.0,19.99,0.0,0
2026-04-02,19.99,4.99,14.999999999999998,300.60120240480956,3409,3416,0.0,19.99,0.0,0
2026-04-03,19.99,4.99,14.999999999999998,300.60120240480956,3410,3417,0.0,19.99,0.0,0
2026-04-04,19.99,4.99,14.999999999999998,300.60120240480956,3411,3418,0.0,19.99,0.0,0
2026-04-05,19.99,4.99,14.999999999999998,300.60120240480956,3412,3419,0.0,19.99,0.0,0
2026-04-06,19.99,4.99,14.999999999999998,300.60120240480956,3413,3420,0.0,19.99,0.0,0
2026-04-07,19.99,4.99,14.999999999999998,300.60120240480956,3414,3421,0.0,19.99,0.0,0
2026-04-08,19.99,4.99,14.999999999999998,300.60120240480956,3415,3422,0.0,19.99,0.0,0
2026-04-09,19.99,4.99,14.999999999999998,300.60120240480956,3416,3423,0.0,19.99,0.0,0
2026-04-10,19.99,4.99,14.999999999999998,300.60120240480956,3417,3424,0.0,19.99,0.0,0
2026-04-11,19.99,4.99,14.999999999999998,300.60120240480956,3418,3425,0.0,19.99,0.0,0
2026-04-12,19.99,4.99,14.999999999999998,300.60120240480956,3419,3426,0.0,19.99,0.0,0
2026-04-13,19.99,4.99,14.999999999999998,300.60120240480956,3420,3427,0.0,19.99,0.0,0
2026-04-14,19.99,4.99,14.999999999999998,300.60120240480956,3421,3428,0.0,19.99,0.0,0
2026-04-15,19.99,4.99,14.999999999999998,300.60120240480956,3422,3429,0.0,19.99,0.0,0
2026-04-16,19.99,4.99,14.999999999999998,300.60120240480956,3423,3430,0.0,19.99,0.0,0
2026-04-17,19.99,4.99,14.999999999999998,300.60120240480956,3424,3431,0.0,19.99,0.0,0
2026-04-18,19.99,4.99,14.999999999999998,300.60120240480956,3425,3432,0.0,19.99,0.0,0
2026-04-19,19.99,4.99,14.999999999999998,300.60120240480956,3426,3433,0.0,19.99,0.0,0
2026-04-20,19.99,4.99,14.999999999999998,300.60120240480956,3427,3434,0.0,19.99,0.0,0
2026-04-21,19.99,4.99,14.999999999999998,300.60120240480956,3428,3435,0.0,19.99,0.0,0
2026-04-22,19.99,4.99,14.999999999999998,300.60120240480956,3429,3436,0.0,19.99,0.0,0
2026-04-23,19.99,4.99,14.999999999999998,300.60120240480956,3430,3437,0.0,19.99,0.0,0
2026-04-24,19.99,4.99,14.999999999999998,300.60120240480956,3431,3438,0.0,19.99,0.0,0
2026-04-25,19.99,4.99,14.999999999999998,300.60120240480956,3432,3439,0.0,19.99,0.0,0
2026-04-26,19.99,4.99,14.999999999999998,300.60120240480956,3433,3440,0.0,19.99,0.0,0
2026-04-27,19.99,4.99,14.999999999999998,300.60120240480956,3434,3441,0.0,19.99,0.0,0
2026-04-28,19.99,4.99,14.999999999999998,300.60120240480956,3435,3442,0.0,19.99,0.0,0
2026-04-29,19.99,4.99,14.999999999999998,300.60120240480956,3436,3443,0.0,19.99,0.0,0
2026-04-30,19.99,4.99,14.999999999999998,300.60120240480956,3437,3444,0.0,19.99,0.0,0
2026-05-01,19.99,4.99,14.999999999999998,300.60120240480956,3438,3445,0.0,19.99,0.0,0
2026-05-02,19.99,4.99,14.999999999999998,300.60120240480956,3439,3446,0.0,19.99,0.0,0
2026-05-03,19.99,4.99,14.999999999999998,300.60120240480956,3440,3447,0.0,19.99,0.0,0
2026-05-04,19.99,4.99,14.999999999999998,300.60120240480956,3441,3448,0.0,19.99,0.0,0
2026-05-05,19.99,4.99,14.999999999999998,300.60120240480956,3442,3449,0.0,19.99,0.0,0
2026-05-06,19.99,4.99,14.999999999999998,300.60120240480956,3443,3450,0.0,19.99,0.0,0
2026-05-07,19.99,4.99,14.999999999999998,300.60120240480956,3444,3451,0.0,19.99,0.0,0
2026-05-08,19.99,4.99,14.999999999999998,300.60120240480956,3445,3452,0.0,19.99,0.0,0
2026-05-09,19.99,4.99,14.999999999999998,300.60120240480956,3446,3453,0.0,19.99,0.0,0
2026-05-10,19.99,4.99,14.999999999999998,300.60120240480956,3447,3454,0.0,19.99,0.0,0
2026-05-11,19.99,4.99,14.999999999999998,300.60120240480956,3448,3455,0.0,19.99,0.0,0
2026-05-12,19.99,4.99,14.999999999999998,300.60120240480956,3449,3456,0.0,19.99,0.0,0
2026-05-13,19.99,4.99,14.999999999999998,300.60120240480956,3450,3457,0.0,19.99,0.0,0
2026-05-14,19.99,4.99,14.999999999999998,300.60120240480956,3451,3458,0.0,19.99,0.0,0
2026-05-15,19.99,4.99,14.999999999999998,300.60120240480956,3452,3459,0.0,19.99,0.0,0
2026-05-16,19.99,4.99,14.999999999999998,300.60120240480956,3453,3460,0.0,19.99,0.0,0
2026-05-17,19.99,4.99,14.999999999999998,300.60120240480956,3454,3461,0.0,19.99,0.0,0
2026-05-18,19.99,4.99,14.999999999999998,300.60120240480956,3455,3462,0.0,19.99,0.0,0
2026-05-19,19.99,4.99,14.999999999999998,300.60120240480956,3456,3463,0.0,19.99,0.0,0
2026-05-20,19.99,4.99,14.999999999999998,300.60120240480956,3457,3464,0.0,19.99,0.0,0
2026-05-21,19.99,4.99,14.999999999999998,300.60120240480956,3458,3465,0.0,19.99,0.0,0
2026-05-22,19.99,4.99,14.999999999999998,300.60120240480956,3459,3466,0.0,19.99,0.0,0
2026-05-23,19.99,4.99,14.999999999999998,300.60120240480956,3460,3467,0.0,19.99,0.0,0
2026-05-24,19.99,4.99,14.999999999999998,300.60120240480956,3461,3468,0.0,19.99,0.0,0
2026-05-25,19.99,4.99,14.999999999999998,300.60120240480956,3462,3469,0.0,19.99,0.0,0
2026-05-26,19.99,4.99,14.999999999999998,300.60120240480956,3463,3470,0.0,19.99,0.0,0
2026-05-27,19.99,4.99,14.999999999999998,300.60120240480956,3464,3471,0.0,19.99,0.0,0
2026-05-28,19.99,4.99,14.999999999999998,300.60120240480956,3465,3472,0.0,19.99,0.0,0
2026-05-29,19.99,4.99,14.999999999999998,300.60120240480956,3466,3473,0.0,19.99,0.0,0
2026-05-30,19.99,4.99,14.999999999999998,300.60120240480956,3467,3474,0.0,19.99,0.0,0
2026-05-31,19.99,4.99,14.999999999999998,300.60120240480956,3468,3475,0.0,19.99,0.0,0
2026-06-01,19.99,4.99,14.999999999999998,300.60120240480956,3469,3476,0.0,19.99,0.0,0
2026-06-02,19.99,4.99,14.999999999999998,300.60120240480956,3470,3477,0.0,19.99,0.0,0
2026-06-03,19.99,4.99,14.999999999999998,300.60120240480956,3471,3478,0.0,19.99,0.0,0
2026-06-04,19.99,4.99,14.999999999999998,300.60120240480956,3472,3479,0.0,19.99,0.0,0
2026-06-05,19.99,4.99,14.999999999999998,300.60120240480956,3473,3480,0.0,19.99,0.0,0
2026-06-06,19.99,4.99,14.999999999999998,300.60120240480956,3474,3481,0.0,19.99,0.0,0
2026-06-07,19.99,4.99,14.999999999999998,300.60120240480956,3475,3482,0.0,19.99,0.0,0
2026-06-08,19.99,4.99,14.999999999999998,300.60120240480956,3476,3483,0.0,19.99,0.0,0
2026-06-09,19.99,4.99,14.999999999999998,300.60120240480956,3477,3484,0.0,19.99,0.0,0
2026-06-10,19.99,4.99,14.999999999999998,300.60120240480956,3478,3485,0.0,19.99,0.0,0
2026-06-11,19.99,4.99,14.999999999999998,300.60120240480956,3479,3486,0.0,19.99,0.0,0
2026-06-12,19.99,4.99,14.999999999999998,300.60120240480956,3480,3487,0.0,19.99,0.0,0
2026-06-13,19.99,4.99,14.999999999999998,300.60120240480956,3481,3488,0.0,19.99,0.0,0
2026-06-14,19.99,4.99,14.999999999999998,300.60120240480956,3482,3489,0.0,19.99,0.0,0
2026-06-15,19.99,4.99,14.999999999999998,300.60120240480956,3483,3490,0.0,19.99,0.0,0
2026-06-16,19.99,4.99,14.999999999999998,300.60120240480956,3484,3491,0.0,19.99,0.0,0
2026-06-17,19.99,4.99,14.999999999999998,300.60120240480956,3485,3492,0.0,19.99,0.0,0
2026-06-18,19.99,4.99,14.999999999999998,300.60120240480956,3486,3493,0.0,19.99,0.0,0
2026-06-19,19.99,4.99,14.999999999999998,300.60120240480956,3487,3494,0.0,19.99,0.0,0
2026-06-20,19.99,4.99,14.999999999999998,300.60120240480956,3488,3495,0.0,19.99,0.0,0
2026-06-21,19.99,4.99,14.999999999999998,300.60120240480956,3489,3496,0.0,19.99,0.0,0
2026-06-22,19.99,4.99,14.999999999999998,300.60120240480956,3490,3497,0.0,19.99,0.0,0
2026-06-23,19.99,4.99,14.999999999999998,300.60120240480956,3491,3498,0.0,19.99,0.0,0
2026-06-24,19.99,4.99,14.999999999999998,300.60120240480956,3492,3499,0.0,19.99,0.0,0
2026-06-25,19.99,4.99,14.999999999999998,300.60120240480956,3493,3500,0.0,19.99,0.0,0
2026-06-26,19.99,4.99,14.999999999999998,300.60120240480956,3494,3501,0.0,19.99,0.0,0
2026-06-27,19.99,4.99,14.999999999999998,300.60120240480956,3495,3502,0.0,19.99,0.0,0
2026-06-28,19.99,4.99,14.999999999999998,300.60120240480956,3496,3503,0.0,19.99,0.0,0
2026-06-29,19.99,4.99,14.999999999999998,300.60120240480956,3497,3504,0.0,19.99,0.0,0
2026-06-30,19.99,4.99,14.999999999999998,300.60120240480956,3498,3505,0.0,19.99,0.0,0
2026-07-01,19.99,4.99,14.999999999999998,300.60120240480956,3499,3506,0.0,19.99,0.0,0
2026-07-02,19.99,4.99,14.999999999999998,300.60120240480956,3500,3507,0.0,19.99,0.0,0
2026-07-03,19.99,4.99,14.999999999999998,300.60120240480956,3501,3508,0.0,19.99,0.0,0
2026-07-04,19.99,4.99,14.999999999999998,300.60120240480956,3502,3509,0.0,19.99,0.0,0
2026-07-05,19.99,4.99,14.999999999999998,300.60120240480956,3503,3510,0.0,19.99,0.0,0
2026-07-06,19.99,4.99,14.999999999999998,300.60120240480956,3504,3511,0.0,19.99,0.0,0
2026-07-07,19.99,4.99,14.999999999999998,300.60120240480956,3505,3512,0.0,19.99,0.0,0
2026-07-08,19.99,4.99,14.999999999999998,300.60120240480956,3506,3513,0.0,19.99,0.0,0
2026-07-09,19.99,4.99,14.999999999999998,300.60120240480956,3507,3514,0.0,19.99,0.0,0
2026-07-10,19.99,4.99,14.999999999999998,300.60120240480956,3508,3515,0.0,19.99,0.0,0
2026-07-11,19.99,4.99,14.999999999999998,300.60120240480956,3509,3516,0.0,19.99,0.0,0
2026-07-12,19.99,4.99,14.999999999999998,300.60120240480956,3510,3517,0.0,19.99,0.0,0
2026-07-13,19.99,4.99,14.999999999999998,300.60120240480956,3511,3518,0.0,19.99,0.0,0
2026-07-14,19.99,4.99,14.999999999999998,300.60120240480956,3512,3519,0.0,19.99,0.0,0
2026-07-15,19.99,4.99,14.999999999999998,300.60120240480956,3513,3520,0.0,19.99,0.0,0
2026-07-16,19.99,4.99,14.999999999999998,300.60120240480956,3514,3521,0.0,19.99,0.0,0
2026-07-17,19.99,4.99,14.999999999999998,300.60120240480956,3515,3522,0.0,19.99,0.0,0
2026-07-18,19.99,4.99,14.999999999999998,300.60120240480956,3516,3523,0.0,19.99,0.0,0
2026-07-19,19.99,4.99,14.999999999999998,300.60120240480956,3517,3524,0.0,19.99,0.0,0
2026-07-20,19.99,4.99,14.999999999999998,300.60120240480956,3518,3525,0.0,19.99,0.0,0
2026-07-21,19.99,4.99,14.999999999999998,300.60120240480956,3519,3526,0.0,19.99,0.0,0
2026-07-22,19.99,4.99,14.999999999999998,300.60120240480956,3520,3527,0.0,19.99,0.0,0
2026-07-23,19.99,4.99,14.999999999999998,300.60120240480956,3521,3528,0.0,19.99,0.0,0
2026-07-24,19.99,4.99,14.999999999999998,300.60120240480956,3522,3529,0.0,19.99,0.0,0
2026-07-25,19.99,4.99,14.999999999999998,300.60120240480956,3523,3530,0.0,19.99,0.0,0
2026-07-26,19.99,4.99,14.999999999999998,300.60120240480956,3524,3531,0.0,19.99,0.0,0
2026-07-27,19.99,4.99,14.999999999999998,300.60120240480956,3525,3532,0.0,19.99,0.0,0
2026-07-28,19.99,4.99,14.999999999999998,300.60120240480956,3526,3533,0.0,19.99,0.0,0
2026-07-29,19.99,4.99,14.999999999999998,300.60120240480956,3527,3534,0.0,19.99,0.0,0
2026-07-30,19.99,4.99,14.999999999999998,300.60120240480956,3528,3535,0.0,19.99,0.0,0
2026-07-31,19.99,4.99,14.999999999999998,300.60120240480956,3529,3536,0.0,19.99,0.0,0
2026-08-01,19.99,4.99,14.999999999999998,300.60120240480956,3530,3537,0.0,19.99,0.0,0
2026-08-02,19.99,4.99,14.999999999999998,300.60120240480956,3531,3538,0.0,19.99,0.0,0
2026-08-03,19.99,4.99,14.999999999999998,300.60120240480956,3532,3539,0.0,19.99,0.0,0
2026-08-04,19.99,4.99,14.999999999999998,300.60120240480956,3533,3540,0.0,19.99,0.0,0
2026-08-05,19.99,4.99,14.999999999999998,300.60120240480956,3534,3541,0.0,19.99,0.0,0
2026-08-06,19.99,4.99,14.999999999999998,300.60120240480956,3535,3542,0.0,19.99,0.0,0
2026-08-07,19.99,4.99,14.999999999999998,300.60120240480956,3536,3543,0.0,19.99,0.0,0
2026-08-08,19.99,4.99,14.999999999999998,300.60120240480956,3537,3544,0.0,19.99,0.0,0
2026-08-09,19.99,4.99,14.999999999999998,300.60120240480956,3538,3545,0.0,19.99,0.0,0
2026-08-10,19.99,4.99,14.999999999999998,300.60120240480956,3539,3546,0.0,19.99,0.0,0
2026-08-11,19.99,4.99,14.999999999999998,300.60120240480956,3540,3547,0.0,19.99,0.0,0
2026-08-12,19.99,4.99,14.999999999999998,300.60120240480956,3541,3548,0.0,19.99,0.0,0
2026-08-13,19.99,4.99,14.999999999999998,300.60120240480956,3542,3549,0.0,19.99,0.0,0
2026-08-14,19.99,4.99,14.999999999999998,300.60120240480956,3543,3550,0.0,19.99,0.0,0
2026-08-15,19.99,4.99,14.999999999999998,300.60120240480956,3544,3551,0.0,19.99,0.0,0
2026-08-16,19.99,4.99,14.999999999999998,300.60120240480956,3545,3552,0.0,19.99,0.0,0
2026-08-17,19.99,4.99,14.999999999999998,300.60120240480956,3546,3553,0.0,19.99,0.0,0
2026-08-18,19.99,4.99,14.999999999999998,300.60120240480956,3547,3554,0.0,19.99,0.0,0
2026-08-19,19.99,4.99,14.999999999999998,300.60120240480956,3548,3555,0.0,19.99,0.0,0
2026-08-20,19.99,4.99,14.999999999999998,300.60120240480956,3549,3556,0.0,19.99,0.0,0
2026-08-21,19.99,4.99,14.999999999999998,300.60120240480956,3550,3557,0.0,19.99,0.0,0
2026-08-22,19.99,4.99,14.999999999999998,300.60120240480956,3551,3558,0.0,19.99,0.0,0
2026-08-23,19.99,4.99,14.999999999999998,300.60120240480956,3552,3559,0.0,19.99,0.0,0
2026-08-24,19.99,4.99,14.999999999999998,300.60120240480956,3553,3560,0.0,19.99,0.0,0
2026-08-25,19.99,4.99,14.999999999999998,300.60120240480956,3554,3561,0.0,19.99,0.0,0
2026-08-26,19.99,4.99,14.999999999999998,300.60120240480956,3555,3562,0.0,19.99,0.0,0
2026-08-27,19.99,4.99,14.999999999999998,300.60120240480956,3556,3563,0.0,19.99,0.0,0
2026-08-28,19.99,4.99,14.999999999999998,300.60120240480956,3557,3564,0.0,19.99,0.0,0
2026-08-29,19.99,4.99,14.999999999999998,300.60120240480956,3558,3565,0.0,19.99,0.0,0
2026-08-30,19.99,4.99,14.999999999999998,300.60120240480956,3559,3566,0.0,19.99,0.0,0
2026-08-31,19.99,4.99,14.999999999999998,300.60120240480956,3560,3567,0.0,19.99,0.0,0
2026-09-01,19.99,4.99,14.999999999999998,300.60120240480956,3561,3568,0.0,19.99,0.0,0
