Date,Price,historical_low,price_above_low,percent_above_low,days_since_price_change,days_since_sale,sales_last_365_days,avg_price_last_365_days,price_changes_last_365_days,cheaper_within_30_days
2014-06-08,53.99,53.99,0.0,0.0,0,0,0.0,53.99,0.0,0
2014-06-09,53.99,53.99,0.0,0.0,1,1,0.0,53.99,0.0,0
2014-06-10,53.99,53.99,0.0,0.0,2,2,0.0,53.99,0.0,0
2014-06-11,53.99,53.99,0.0,0.0,3,3,0.0,53.99,0.0,0
2014-06-12,53.99,53.99,0.0,0.0,4,4,0.0,53.99,0.0,0
2014-06-13,53.99,53.99,0.0,0.0,5,5,0.0,53.99,0.0,0
2014-06-14,53.99,53.99,0.0,0.0,6,6,0.0,53.99,0.0,0
2014-06-15,53.99,53.99,0.0,0.0,7,7,0.0,53.99,0.0,0
2014-06-16,53.99,53.99,0.0,0.0,8,8,0.0,53.99,0.0,0
2014-06-17,53.99,53.99,0.0,0.0,9,9,0.0,53.99,0.0,0
2014-06-18,53.99,53.99,0.0,0.0,10,10,0.0,53.99,0.0,0
2014-06-19,53.99,53.99,0.0,0.0,11,11,0.0,53.99,0.0,0
2014-06-20,53.99,53.99,0.0,0.0,12,12,0.0,53.99,0.0,0
2014-06-21,53.99,53.99,0.0,0.0,13,13,0.0,53.99,0.0,0
2014-06-22,59.99,53.99,6.0,11.113169105389886,0,14,0.0,53.99,0.0,0
2014-06-23,59.99,53.99,6.0,11.113169105389886,1,15,0.0,54.39,1.0,0
2014-06-24,59.99,53.99,6.0,11.113169105389886,2,16,0.0,54.74,1.0,0
2014-06-25,59.99,53.99,6.0,11.113169105389886,3,17,0.0,55.04882352941177,1.0,0
2014-06-26,59.99,53.99,6.0,11.113169105389886,4,18,0.0,55.32333333333334,1.0,0
2014-06-27,59.99,53.99,6.0,11.113169105389886,5,19,0.0,55.56894736842105,1.0,0
2014-06-28,59.99,53.99,6.0,11.113169105389886,6,20,0.0,55.79,1.0,0
2014-06-29,59.99,53.99,6.0,11.113169105389886,7,21,0.0,55.989999999999995,1.0,0
2014-06-30,59.99,53.99,6.0,11.113169105389886,8,22,0.0,56.17181818181818,1.0,0
2014-07-01,59.99,53.99,6.0,11.113169105389886,9,23,0.0,56.33782608695652,1.0,0
2014-07-02,59.99,53.99,6.0,11.113169105389886,10,24,0.0,56.49,1.0,0
2014-07-03,59.99,53.99,6.0,11.113169105389886,11,25,0.0,56.63,1.0,0
2014-07-04,59.99,53.99,6.0,11.113169105389886,12,26,0.0,56.75923076923077,1.0,0
2014-07-05,59.99,53.99,6.0,11.113169105389886,13,27,0.0,56.87888888888889,1.0,0
2014-07-06,59.99,53.99,6.0,11.113169105389886,14,28,0.0,56.99,1.0,0
2014-07-07,59.99,53.99,6.0,11.113169105389886,15,29,0.0,57.09344827586207,1.0,0
2014-07-08,59.99,53.99,6.0,11.113169105389886,16,30,0.0,57.190000000000005,1.0,0
2014-07-09,59.99,53.99,6.0,11.113169105389886,17,31,0.0,57.28032258064516,1.0,0
2014-07-10,59.99,53.99,6.0,11.113169105389886,18,32,0.0,57.365,1.0,0
2014-07-11,59.99,53.99,6.0,11.113169105389886,19,33,0.0,57.444545454545455,1.0,0
2014-07-12,59.99,53.99,6.0,11.113169105389886,20,34,0.0,57.519411764705886,1.0,0
2014-07-13,59.99,53.99,6.0,11.113169105389886,21,35,0.0,57.59,1.0,0
2014-07-14,59.99,53.99,6.0,11.113169105389886,22,36,0.0,57.656666666666666,1.0,0
2014-07-15,59.99,53.99,6.0,11.113169105389886,23,37,0.0,57.719729729729735,1.0,0
2014-07-16,59.99,53.99,6.0,11.113169105389886,24,38,0.0,57.77947368421052,1.0,0
2014-07-17,59.99,53.99,6.0,11.113169105389886,25,39,0.0,57.83615384615385,1.0,0
2014-07-18,59.99,53.99,6.0,11.113169105389886,26,40,0.0,57.89,1.0,0
2014-07-19,59.99,53.99,6.0,11.113169105389886,27,41,0.0,57.941219512195126,1.0,0
2014-07-20,59.99,53.99,6.0,11.113169105389886,28,42,0.0,57.989999999999995,1.0,0
2014-07-21,59.99,53.99,6.0,11.113169105389886,29,43,0.0,58.03651162790698,1.0,0
2014-07-22,59.99,53.99,6.0,11.113169105389886,30,44,0.0,58.08090909090909,1.0,0
2014-07-23,59.99,53.99,6.0,11.113169105389886,31,45,0.0,58.123333333333335,1.0,0
2014-07-24,59.99,53.99,6.0,11.113169105389886,32,46,0.0,58.16391304347826,1.0,0
2014-07-25,59.99,53.99,6.0,11.113169105389886,33,47,0.0,58.202765957446815,1.0,0
2014-07-26,59.99,53.99,6.0,11.113169105389886,34,48,0.0,58.24,1.0,0
2014-07-27,59.99,53.99,6.0,11.113169105389886,35,49,0.0,58.27571428571429,1.0,0
2014-07-28,59.99,53.99,6.0,11.113169105389886,36,50,0.0,58.31,1.0,0
2014-07-29,59.99,53.99,6.0,11.113169105389886,37,51,0.0,58.342941176470596,1.0,0
2014-07-30,59.99,53.99,6.0,11.113169105389886,38,52,0.0,58.37461538461538,1.0,0
2014-07-31,59.99,53.99,6.0,11.113169105389886,39,53,0.0,58.40509433962264,1.0,0
2014-08-01,59.99,53.99,6.0,11.113169105389886,40,54,0.0,58.434444444444445,1.0,0
2014-08-02,59.99,53.99,6.0,11.113169105389886,41,55,0.0,58.46272727272728,1.0,0
2014-08-03,59.99,53.99,6.0,11.113169105389886,42,56,0.0,58.49,1.0,0
2014-08-04,59.99,53.99,6.0,11.113169105389886,43,57,0.0,58.51631578947369,1.0,0
2014-08-05,59.99,53.99,6.0,11.113169105389886,44,58,0.0,58.541724137931034,1.0,0
2014-08-06,59.99,53.99,6.0,11.113169105389886,45,59,0.0,58.56627118644068,1.0,0
2014-08-07,59.99,53.99,6.0,11.113169105389886,46,60,0.0,58.59,1.0,0
2014-08-08,59.99,53.99,6.0,11.113169105389886,47,61,0.0,58.612950819672136,1.0,0
2014-08-09,59.99,53.99,6.0,11.113169105389886,48,62,0.0,58.635161290322586,1.0,0
2014-08-10,59.99,53.99,6.0,11.113169105389886,49,63,0.0,58.65666666666667,1.0,0
2014-08-11,59.99,53.99,6.0,11.113169105389886,50,64,0.0,58.6775,1.0,0
2014-08-12,59.99,53.99,6.0,11.113169105389886,51,65,0.0,58.69769230769231,1.0,0
2014-08-13,59.99,53.99,6.0,11.113169105389886,52,66,0.0,58.71727272727273,1.0,0
2014-08-14,59.99,53.99,6.0,11.113169105389886,53,67,0.0,58.73626865671642,1.0,0
2014-08-15,59.99,53.99,6.0,11.113169105389886,54,68,0.0,58.754705882352944,1.0,0
2014-08-16,59.99,53.99,6.0,11.113169105389886,55,69,0.0,58.772608695652174,1.0,0
2014-08-17,59.99,53.99,6.0,11.113169105389886,56,70,0.0,58.79,1.0,0
2014-08-18,59.99,53.99,6.0,11.113169105389886,57,71,0.0,58.806901408450706,1.0,0
2014-08-19,59.99,53.99,6.0,11.113169105389886,58,72,0.0,58.82333333333333,1.0,0
2014-08-20,59.99,53.99,6.0,11.113169105389886,59,73,0.0,58.83931506849316,1.0,0
2014-08-21,59.99,53.99,6.0,11.113169105389886,60,74,0.0,58.854864864864865,1.0,0
2014-08-22,59.99,53.99,6.0,11.113169105389886,61,75,0.0,58.87,1.0,0
2014-08-23,59.99,53.99,6.0,11.113169105389886,62,76,0.0,58.88473684210526,1.0,0
2014-08-24,59.99,53.99,6.0,11.113169105389886,63,77,0.0,58.899090909090916,1.0,0
2014-08-25,59.99,53.99,6.0,11.113169105389886,64,78,0.0,58.91307692307693,1.0,0
2014-08-26,59.99,53.99,6.0,11.113169105389886,65,79,0.0,58.9267088607595,1.0,0
2014-08-27,59.99,53.99,6.0,11.113169105389886,66,80,0.0,58.94,1.0,0
2014-08-28,59.99,53.99,6.0,11.113169105389886,67,81,0.0,58.95296296296297,1.0,0
2014-08-29,59.99,53.99,6.0,11.113169105389886,68,82,0.0,58.965609756097564,1.0,0
2014-08-30,59.99,53.99,6.0,11.113169105389886,69,83,0.0,58.97795180722892,1.0,0
2014-08-31,59.99,53.99,6.0,11.113169105389886,70,84,0.0,58.989999999999995,1.0,0
2014-09-01,59.99,53.99,6.0,11.113169105389886,71,85,0.0,59.00176470588236,1.0,0
2014-09-02,59.99,53.99,6.0,11.113169105389886,72,86,0.0,59.01325581395349,1.0,0
2014-09-03,59.99,53.99,6.0,11.113169105389886,73,87,0.0,59.02448275862069,1.0,0
2014-09-04,59.99,53.99,6.0,11.113169105389886,74,88,0.0,59.03545454545454,1.0,0
2014-09-05,59.99,53.99,6.0,11.113169105389886,75,89,0.0,59.046179775280905,1.0,0
2014-09-06,59.99,53.99,6.0,11.113169105389886,76,90,0.0,59.05666666666667,1.0,0
2014-09-07,59.99,53.99,6.0,11.113169105389886,77,91,0.0,59.066923076923075,1.0,0
2014-09-08,59.99,53.99,6.0,11.113169105389886,78,92,0.0,59.07695652173913,1.0,0
2014-09-09,59.99,53.99,6.0,11.113169105389886,79,93,0.0,59.08677419354839,1.0,0
2014-09-10,59.99,53.99,6.0,11.113169105389886,80,94,0.0,59.09638297872341,1.0,0
2014-09-11,59.99,53.99,6.0,11.113169105389886,81,95,0.0,59.10578947368421,1.0,0
2014-09-12,59.99,53.99,6.0,11.113169105389886,82,96,0.0,59.115,1.0,0
2014-09-13,59.99,53.99,6.0,11.113169105389886,83,97,0.0,59.1240206185567,1.0,0
2014-09-14,59.99,53.99,6.0,11.113169105389886,84,98,0.0,59.13285714285715,1.0,0
2014-09-15,59.99,53.99,6.0,11.113169105389886,85,99,0.0,59.14151515151515,1.0,0
2014-09-16,59.99,53.99,6.0,11.113169105389886,86,100,0.0,59.15,1.0,0
2014-09-17,59.99,53.99,6.0,11.113169105389886,87,101,0.0,59.158316831683166,1.0,0
2014-09-18,59.99,53.99,6.0,11.113169105389886,88,102,0.0,59.1664705882353,1.0,0
2014-09-19,59.99,53.99,6.0,11.113169105389886,89,103,0.0,59.17446601941748,1.0,0
2014-09-20,59.99,53.99,6.0,11.113169105389886,90,104,0.0,59.182307692307695,1.0,0
2014-09-21,59.99,53.99,6.0,11.113169105389886,91,105,0.0,59.19,1.0,0
2014-09-22,59.99,53.99,6.0,11.113169105389886,92,106,0.0,59.19754716981132,1.0,0
2014-09-23,59.99,53.99,6.0,11.113169105389886,93,107,0.0,59.20495327102804,1.0,0
2014-09-24,59.99,53.99,6.0,11.113169105389886,94,108,0.0,59.21222222222222,1.0,0
2014-09-25,59.99,53.99,6.0,11.113169105389886,95,109,0.0,59.219357798165134,1.0,0
2014-09-26,59.99,53.99,6.0,11.113169105389886,96,110,0.0,59.226363636363644,1.0,0
2014-09-27,59.99,53.99,6.0,11.113169105389886,97,111,0.0,59.233243243243244,1.0,0
2014-09-28,59.99,53.99,6.0,11.113169105389886,98,112,0.0,59.24,1.0,0
2014-09-29,59.99,53.99,6.0,11.113169105389886,99,113,0.0,59.24663716814159,1.0,0
2014-09-30,59.99,53.99,6.0,11.113169105389886,100,114,0.0,59.253157894736844,1.0,0
2014-10-01,59.99,53.99,6.0,11.113169105389886,101,115,0.0,59.259565217391305,1.0,0
2014-10-02,59.99,53.99,6.0,11.113169105389886,102,116,0.0,59.26586206896552,1.0,0
2014-10-03,59.99,53.99,6.0,11.113169105389886,103,117,0.0,59.27205128205128,1.0,0
2014-10-04,59.99,53.99,6.0,11.113169105389886,104,118,0.0,59.27813559322034,1.0,0
2014-10-05,59.99,53.99,6.0,11.113169105389886,105,119,0.0,59.28411764705883,1.0,0
2014-10-06,59.99,53.99,6.0,11.113169105389886,106,120,0.0,59.29,1.0,0
2014-10-07,59.99,53.99,6.0,11.113169105389886,107,121,0.0,59.295785123966944,1.0,0
2014-10-08,59.99,53.99,6.0,11.113169105389886,108,122,0.0,59.30147540983607,1.0,0
2014-10-09,59.99,53.99,6.0,11.113169105389886,109,123,0.0,59.30707317073171,1.0,0
2014-10-10,59.99,53.99,6.0,11.113169105389886,110,124,0.0,59.31258064516129,1.0,0
2014-10-11,59.99,53.99,6.0,11.113169105389886,111,125,0.0,59.318,1.0,0
2014-10-12,59.99,53.99,6.0,11.113169105389886,112,126,0.0,59.32333333333334,1.0,0
2014-10-13,59.99,53.99,6.0,11.113169105389886,113,127,0.0,59.32858267716536,1.0,0
2014-10-14,59.99,53.99,6.0,11.113169105389886,114,128,0.0,59.33375,1.0,0
2014-10-15,59.99,53.99,6.0,11.113169105389886,115,129,0.0,59.338837209302326,1.0,0
2014-10-16,59.99,53.99,6.0,11.113169105389886,116,130,0.0,59.34384615384615,1.0,0
2014-10-17,59.99,53.99,6.0,11.113169105389886,117,131,0.0,59.3487786259542,1.0,0
2014-10-18,59.99,53.99,6.0,11.113169105389886,118,132,0.0,59.35363636363637,1.0,0
2014-10-19,59.99,53.99,6.0,11.113169105389886,119,133,0.0,59.35842105263158,1.0,0
2014-10-20,59.99,53.99,6.0,11.113169105389886,120,134,0.0,59.36313432835821,1.0,0
2014-10-21,59.99,53.99,6.0,11.113169105389886,121,135,0.0,59.36777777777778,1.0,0
2014-10-22,59.99,53.99,6.0,11.113169105389886,122,136,0.0,59.37235294117647,1.0,0
2014-10-23,59.99,53.99,6.0,11.113169105389886,123,137,0.0,59.376861313868616,1.0,0
2014-10-24,59.99,53.99,6.0,11.113169105389886,124,138,0.0,59.381304347826095,1.0,0
2014-10-25,59.99,53.99,6.0,11.113169105389886,125,139,0.0,59.38568345323741,1.0,0
2014-10-26,59.99,53.99,6.0,11.113169105389886,126,140,0.0,59.39,1.0,0
2014-10-27,59.99,53.99,6.0,11.113169105389886,127,141,0.0,59.39425531914894,1.0,0
2014-10-28,59.99,53.99,6.0,11.113169105389886,128,142,0.0,59.398450704225354,1.0,0
2014-10-29,59.99,53.99,6.0,11.113169105389886,129,143,0.0,59.40258741258741,1.0,1
2014-10-30,59.99,53.99,6.0,11.113169105389886,130,144,0.0,59.406666666666666,1.0,1
2014-10-31,59.99,53.99,6.0,11.113169105389886,131,145,0.0,59.41068965517242,1.0,1
2014-11-01,59.99,53.99,6.0,11.113169105389886,132,146,0.0,59.41465753424658,1.0,1
2014-11-02,59.99,53.99,6.0,11.113169105389886,133,147,0.0,59.41857142857143,1.0,1
2014-11-03,59.99,53.99,6.0,11.113169105389886,134,148,0.0,59.42243243243244,1.0,1
2014-11-04,59.99,53.99,6.0,11.113169105389886,135,149,0.0,59.42624161073826,1.0,1
2014-11-05,59.99,53.99,6.0,11.113169105389886,136,150,0.0,59.43,1.0,1
2014-11-06,59.99,53.99,6.0,11.113169105389886,137,151,0.0,59.43370860927152,1.0,1
2014-11-07,59.99,53.99,6.0,11.113169105389886,138,152,0.0,59.43736842105263,1.0,1
2014-11-08,59.99,53.99,6.0,11.113169105389886,139,153,0.0,59.440980392156874,1.0,1
2014-11-09,59.99,53.99,6.0,11.113169105389886,140,154,0.0,59.44454545454546,1.0,1
2014-11-10,59.99,53.99,6.0,11.113169105389886,141,155,0.0,59.44806451612904,1.0,1
2014-11-11,59.99,53.99,6.0,11.113169105389886,142,156,0.0,59.45153846153846,1.0,1
2014-11-12,59.99,53.99,6.0,11.113169105389886,143,157,0.0,59.45496815286624,1.0,1
2014-11-13,59.99,53.99,6.0,11.113169105389886,144,158,0.0,59.45835443037975,1.0,1
2014-11-14,59.99,53.99,6.0,11.113169105389886,145,159,0.0,59.46169811320755,1.0,1
2014-11-15,59.99,53.99,6.0,11.113169105389886,146,160,0.0,59.464999999999996,1.0,1
2014-11-16,59.99,53.99,6.0,11.113169105389886,147,161,0.0,59.46826086956521,1.0,1
2014-11-17,59.99,53.99,6.0,11.113169105389886,148,162,0.0,59.47148148148149,1.0,1
2014-11-18,59.99,53.99,6.0,11.113169105389886,149,163,0.0,59.47466257668712,1.0,1
2014-11-19,59.99,53.99,6.0,11.113169105389886,150,164,0.0,59.47780487804879,1.0,1
2014-11-20,59.99,53.99,6.0,11.113169105389886,151,165,0.0,59.480909090909094,1.0,1
2014-11-21,59.99,53.99,6.0,11.113169105389886,152,166,0.0,59.48397590361446,1.0,1
2014-11-22,59.99,53.99,6.0,11.113169105389886,153,167,0.0,59.48700598802395,1.0,1
2014-11-23,59.99,53.99,6.0,11.113169105389886,154,168,0.0,59.489999999999995,1.0,1
2014-11-24,59.99,53.99,6.0,11.113169105389886,155,169,0.0,59.49295857988165,1.0,1
2014-11-25,59.99,53.99,6.0,11.113169105389886,156,170,0.0,59.49588235294118,1.0,1
2014-11-26,59.99,53.99,6.0,11.113169105389886,157,171,0.0,59.498771929824564,1.0,1
2014-11-27,59.99,53.99,6.0,11.113169105389886,158,172,0.0,59.50162790697675,1.0,1
2014-11-28,53.99,53.99,0.0,0.0,0,0,0.0,59.50445086705203,1.0,0
2014-11-29,53.99,53.99,0.0,0.0,1,1,1.0,59.47275862068965,2.0,0
2014-11-30,53.99,53.99,0.0,0.0,2,2,1.0,59.441428571428574,2.0,0
2014-12-01,53.99,53.99,0.0,0.0,3,3,1.0,59.41045454545454,2.0,0
2014-12-02,53.99,53.99,0.0,0.0,4,4,1.0,59.379830508474576,2.0,0
2014-12-03,53.99,53.99,0.0,0.0,5,5,1.0,59.34955056179776,2.0,0
2014-12-04,53.99,53.99,0.0,0.0,6,6,1.0,59.31960893854749,2.0,0
2014-12-05,53.99,53.99,0.0,0.0,7,7,1.0,59.290000000000006,2.0,0
2014-12-06,53.99,53.99,0.0,0.0,8,8,1.0,59.260718232044205,2.0,0
2014-12-07,53.99,53.99,0.0,0.0,9,9,1.0,59.23175824175824,2.0,0
2014-12-08,53.99,53.99,0.0,0.0,10,10,1.0,59.20311475409836,2.0,0
2014-12-09,53.99,53.99,0.0,0.0,11,11,1.0,59.17478260869565,2.0,0
2014-12-10,53.99,53.99,0.0,0.0,12,12,1.0,59.14675675675675,2.0,0
2014-12-11,53.99,53.99,0.0,0.0,13,13,1.0,59.11903225806452,2.0,0
2014-12-12,53.99,53.99,0.0,0.0,14,14,1.0,59.09160427807487,2.0,0
2014-12-13,53.99,53.99,0.0,0.0,15,15,1.0,59.064468085106384,2.0,0
2014-12-14,53.99,53.99,0.0,0.0,16,16,1.0,59.03761904761905,2.0,0
2014-12-15,53.99,53.99,0.0,0.0,17,17,1.0,59.01105263157895,2.0,0
2014-12-16,53.99,53.99,0.0,0.0,18,18,1.0,58.98476439790576,2.0,0
2014-12-17,53.99,53.99,0.0,0.0,19,19,1.0,58.95875,2.0,0
2014-12-18,53.99,53.99,0.0,0.0,20,20,1.0,58.93300518134715,2.0,0
2014-12-19,53.99,53.99,0.0,0.0,21,21,1.0,58.90752577319587,2.0,0
2014-12-20,53.99,53.99,0.0,0.0,22,22,1.0,58.8823076923077,2.0,0
2014-12-21,53.99,53.99,0.0,0.0,23,23,1.0,58.857346938775514,2.0,0
2014-12-22,53.99,53.99,0.0,0.0,24,24,1.0,58.83263959390863,2.0,0
2014-12-23,53.99,53.99,0.0,0.0,25,25,1.0,58.80818181818182,2.0,0
2014-12-24,53.99,53.99,0.0,0.0,26,26,1.0,58.78396984924623,2.0,0
2014-12-25,53.99,53.99,0.0,0.0,27,27,1.0,58.76,2.0,0
2014-12-26,53.99,53.99,0.0,0.0,28,28,1.0,58.73626865671642,2.0,0
2014-12-27,53.99,53.99,0.0,0.0,29,29,1.0,58.71277227722772,2.0,0
2014-12-28,53.99,53.99,0.0,0.0,30,30,1.0,58.689507389162564,2.0,0
2014-12-29,53.99,53.99,0.0,0.0,31,31,1.0,58.6664705882353,2.0,0
2014-12-30,53.99,53.99,0.0,0.0,32,32,1.0,58.64365853658537,2.0,0
2014-12-31,53.99,53.99,0.0,0.0,33,33,1.0,58.62106796116505,2.0,0
2015-01-01,53.99,53.99,0.0,0.0,34,34,1.0,58.598695652173916,2.0,0
2015-01-02,53.99,53.99,0.0,0.0,35,35,1.0,58.57653846153846,2.0,0
2015-01-03,53.99,53.99,0.0,0.0,36,36,1.0,58.5545933014354,2.0,0
2015-01-04,53.99,53.99,0.0,0.0,37,37,1.0,58.53285714285714,2.0,0
2015-01-05,53.99,53.99,0.0,0.0,38,38,1.0,58.51132701421802,2.0,0
2015-01-06,53.99,53.99,0.0,0.0,39,39,1.0,58.49,2.0,0
2015-01-07,53.99,53.99,0.0,0.0,40,40,1.0,58.468873239436626,2.0,0
2015-01-08,53.99,53.99,0.0,0.0,41,41,1.0,58.447943925233645,2.0,0
2015-01-09,53.99,53.99,0.0,0.0,42,42,1.0,58.427209302325586,2.0,0
2015-01-10,53.99,53.99,0.0,0.0,43,43,1.0,58.406666666666666,2.0,0
2015-01-11,53.99,53.99,0.0,0.0,44,44,1.0,58.3863133640553,2.0,0
2015-01-12,53.99,53.99,0.0,0.0,45,45,1.0,58.366146788990825,2.0,0
2015-01-13,53.99,53.99,0.0,0.0,46,46,1.0,58.34616438356165,2.0,0
2015-01-14,53.99,53.99,0.0,0.0,47,47,1.0,58.32636363636364,2.0,0
2015-01-15,53.99,53.99,0.0,0.0,48,48,1.0,58.306742081447965,2.0,0
2015-01-16,53.99,53.99,0.0,0.0,49,49,1.0,58.2872972972973,2.0,0
2015-01-17,53.99,53.99,0.0,0.0,50,50,1.0,58.2680269058296,2.0,0
2015-01-18,53.99,53.99,0.0,0.0,51,51,1.0,58.24892857142857,2.0,0
2015-01-19,53.99,53.99,0.0,0.0,52,52,1.0,58.23,2.0,0
2015-01-20,53.99,53.99,0.0,0.0,53,53,1.0,58.2112389380531,2.0,0
2015-01-21,53.99,53.99,0.0,0.0,54,54,1.0,58.19264317180617,2.0,0
2015-01-22,53.99,53.99,0.0,0.0,55,55,1.0,58.1742105263158,2.0,0
2015-01-23,53.99,53.99,0.0,0.0,56,56,1.0,58.15593886462882,2.0,0
2015-01-24,53.99,53.99,0.0,0.0,57,57,1.0,58.13782608695652,2.0,0
2015-01-25,53.99,53.99,0.0,0.0,58,58,1.0,58.11987012987013,2.0,0
2015-01-26,53.99,53.99,0.0,0.0,59,59,1.0,58.10206896551724,2.0,0
2015-01-27,53.99,53.99,0.0,0.0,60,60,1.0,58.08442060085837,2.0,0
2015-01-28,53.99,53.99,0.0,0.0,61,61,1.0,58.066923076923075,2.0,0
2015-01-29,53.99,53.99,0.0,0.0,62,62,1.0,58.049574468085105,2.0,0
2015-01-30,53.99,53.99,0.0,0.0,63,63,1.0,58.03237288135594,2.0,0
2015-01-31,53.99,53.99,0.0,0.0,64,64,1.0,58.01531645569621,2.0,0
2015-02-01,53.99,53.99,0.0,0.0,65,65,1.0,57.99840336134454,2.0,0
2015-02-02,53.99,53.99,0.0,0.0,66,66,1.0,57.98163179916318,2.0,0
2015-02-03,53.99,53.99,0.0,0.0,67,67,1.0,57.965,2.0,0
2015-02-04,53.99,53.99,0.0,0.0,68,68,1.0,57.94850622406639,2.0,0
2015-02-05,53.99,53.99,0.0,0.0,69,69,1.0,57.93214876033058,2.0,0
2015-02-06,53.99,53.99,0.0,0.0,70,70,1.0,57.915925925925926,2.0,0
2015-02-07,53.99,53.99,0.0,0.0,71,71,1.0,57.89983606557377,2.0,0
2015-02-08,53.99,53.99,0.0,0.0,72,72,1.0,57.88387755102041,2.0,0
2015-02-09,53.99,53.99,0.0,0.0,73,73,1.0,57.86804878048781,2.0,0
2015-02-10,53.99,53.99,0.0,0.0,74,74,1.0,57.85234817813765,2.0,0
2015-02-11,53.99,53.99,0.0,0.0,75,75,1.0,57.836774193548386,2.0,0
2015-02-12,53.99,53.99,0.0,0.0,76,76,1.0,57.82132530120482,2.0,0
2015-02-13,53.99,53.99,0.0,0.0,77,77,1.0,57.806,2.0,0
2015-02-14,53.99,53.99,0.0,0.0,78,78,1.0,57.790796812749,2.0,0
2015-02-15,53.99,53.99,0.0,0.0,79,79,1.0,57.775714285714294,2.0,0
2015-02-16,53.99,53.99,0.0,0.0,80,80,1.0,57.7607509881423,2.0,0
2015-02-17,53.99,53.99,0.0,0.0,81,81,1.0,57.745905511811024,2.0,0
2015-02-18,53.99,53.99,0.0,0.0,82,82,1.0,57.73117647058824,2.0,0
2015-02-19,53.99,53.99,0.0,0.0,83,83,1.0,57.7165625,2.0,0
2015-02-20,53.99,53.99,0.0,0.0,84,84,1.0,57.70206225680934,2.0,0
2015-02-21,53.99,53.99,0.0,0.0,85,85,1.0,57.68767441860465,2.0,0
2015-02-22,53.99,53.99,0.0,0.0,86,86,1.0,57.67339768339768,2.0,0
2015-02-23,53.99,53.99,0.0,0.0,87,87,1.0,57.65923076923077,2.0,0
2015-02-24,53.99,53.99,0.0,0.0,88,88,1.0,57.645172413793105,2.0,0
2015-02-25,53.99,53.99,0.0,0.0,89,89,1.0,57.63122137404581,2.0,0
2015-02-26,53.99,53.99,0.0,0.0,90,90,1.0,57.61737642585552,2.0,0
2015-02-27,53.99,53.99,0.0,0.0,91,91,1.0,57.60363636363637,2.0,0
2015-02-28,53.99,53.99,0.0,0.0,92,92,1.0,57.59,2.0,0
2015-03-01,53.99,53.99,0.0,0.0,93,93,1.0,57.576466165413535,2.0,0
2015-03-02,53.99,53.99,0.0,0.0,94,94,1.0,57.563033707865166,2.0,0
2015-03-03,53.99,53.99,0.0,0.0,95,95,1.0,57.54970149253731,2.0,0
2015-03-04,53.99,53.99,0.0,0.0,96,96,1.0,57.53646840148699,2.0,0
2015-03-05,53.99,53.99,0.0,0.0,97,97,1.0,57.52333333333334,2.0,0
2015-03-06,53.99,53.99,0.0,0.0,98,98,1.0,57.51029520295203,2.0,0
2015-03-07,53.99,53.99,0.0,0.0,99,99,1.0,57.49735294117647,2.0,0
2015-03-08,53.99,53.99,0.0,0.0,100,100,1.0,57.4845054945055,2.0,0
2015-03-09,53.99,53.99,0.0,0.0,101,101,1.0,57.47175182481752,2.0,0
2015-03-10,53.99,53.99,0.0,0.0,102,102,1.0,57.45909090909091,2.0,0
2015-03-11,53.99,53.99,0.0,0.0,103,103,1.0,57.44652173913043,2.0,0
2015-03-12,53.99,53.99,0.0,0.0,104,104,1.0,57.43404332129965,2.0,0
2015-03-13,53.99,53.99,0.0,0.0,105,105,1.0,57.421654676258996,2.0,0
2015-03-14,53.99,53.99,0.0,0.0,106,106,1.0,57.40935483870968,2.0,0
2015-03-15,53.99,53.99,0.0,0.0,107,107,1.0,57.39714285714286,2.0,0
2015-03-16,53.99,53.99,0.0,0.0,108,108,1.0,57.38501779359431,2.0,0
2015-03-17,53.99,53.99,0.0,0.0,109,109,1.0,57.37297872340426,2.0,0
2015-03-18,53.99,53.99,0.0,0.0,110,110,1.0,57.36102473498233,2.0,0
2015-03-19,53.99,53.99,0.0,0.0,111,111,1.0,57.349154929577466,2.0,0
2015-03-20,53.99,53.99,0.0,0.0,112,112,1.0,57.33736842105264,2.0,0
2015-03-21,53.99,53.99,0.0,0.0,113,113,1.0,57.325664335664335,2.0,0
2015-03-22,53.99,53.99,0.0,0.0,114,114,1.0,57.31404181184669,2.0,0
2015-03-23,53.99,53.99,0.0,0.0,115,115,1.0,57.302499999999995,2.0,0
2015-03-24,53.99,53.99,0.0,0.0,116,116,1.0,57.29103806228374,2.0,0
2015-03-25,53.99,53.99,0.0,0.0,117,117,1.0,57.279655172413804,2.0,0
2015-03-26,53.99,53.99,0.0,0.0,118,118,1.0,57.268350515463915,2.0,0
2015-03-27,53.99,53.99,0.0,0.0,119,119,1.0,57.25712328767124,2.0,0
2015-03-28,53.99,53.99,0.0,0.0,120,120,1.0,57.24597269624573,2.0,0
2015-03-29,53.99,53.99,0.0,0.0,121,121,1.0,57.23489795918368,2.0,0
2015-03-30,53.99,53.99,0.0,0.0,122,122,1.0,57.223898305084745,2.0,0
2015-03-31,53.99,53.99,0.0,0.0,123,123,1.0,57.21297297297298,2.0,0
2015-04-01,53.99,53.99,0.0,0.0,124,124,1.0,57.202121212121206,2.0,0
2015-04-02,53.99,53.99,0.0,0.0,125,125,1.0,57.191342281879194,2.0,0
2015-04-03,53.99,53.99,0.0,0.0,126,126,1.0,57.180635451505026,2.0,0
2015-04-04,53.99,53.99,0.0,0.0,127,127,1.0,57.17,2.0,0
2015-04-05,53.99,53.99,0.0,0.0,128,128,1.0,57.15943521594685,2.0,0
2015-04-06,53.99,53.99,0.0,0.0,129,129,1.0,57.14894039735099,2.0,0
2015-04-07,53.99,53.99,0.0,0.0,130,130,1.0,57.138514851485155,2.0,0
2015-04-08,53.99,53.99,0.0,0.0,131,131,1.0,57.12815789473684,2.0,0
2015-04-09,53.99,53.99,0.0,0.0,132,132,1.0,57.11786885245902,2.0,0
2015-04-10,53.99,53.99,0.0,0.0,133,133,1.0,57.10764705882354,2.0,0
2015-04-11,53.99,53.99,0.0,0.0,134,134,1.0,57.09749185667753,2.0,0
2015-04-12,53.99,53.99,0.0,0.0,135,135,1.0,57.0874025974026,2.0,0
2015-04-13,53.99,53.99,0.0,0.0,136,136,1.0,57.0773786407767,2.0,0
2015-04-14,53.99,53.99,0.0,0.0,137,137,1.0,57.06741935483871,2.0,0
2015-04-15,53.99,53.99,0.0,0.0,138,138,1.0,57.057524115755626,2.0,0
2015-04-16,53.99,53.99,0.0,0.0,139,139,1.0,57.04769230769231,2.0,0
2015-04-17,53.99,53.99,0.0,0.0,140,140,1.0,57.0379233226837,2.0,0
2015-04-18,53.99,53.99,0.0,0.0,141,141,1.0,57.028216560509556,2.0,0
2015-04-19,53.99,53.99,0.0,0.0,142,142,1.0,57.018571428571434,2.0,0
2015-04-20,53.99,53.99,0.0,0.0,143,143,1.0,57.008987341772155,2.0,0
2015-04-21,53.99,53.99,0.0,0.0,144,144,1.0,56.99946372239748,2.0,0
2015-04-22,53.99,53.99,0.0,0.0,145,145,1.0,56.99,2.0,0
2015-04-23,53.99,53.99,0.0,0.0,146,146,1.0,56.980595611285274,2.0,0
2015-04-24,53.99,53.99,0.0,0.0,147,147,1.0,56.97125,2.0,0
2015-04-25,53.99,53.99,0.0,0.0,148,148,1.0,56.96196261682243,2.0,0
2015-04-26,53.99,53.99,0.0,0.0,149,149,1.0,56.95273291925466,2.0,0
2015-04-27,53.99,53.99,0.0,0.0,150,150,1.0,56.94356037151703,2.0,0
2015-04-28,53.99,53.99,0.0,0.0,151,151,1.0,56.93444444444445,2.0,0
2015-04-29,53.99,53.99,0.0,0.0,152,152,1.0,56.925384615384615,2.0,0
2015-04-30,53.99,53.99,0.0,0.0,153,153,1.0,56.91638036809817,2.0,0
2015-05-01,53.99,53.99,0.0,0.0,154,154,1.0,56.907431192660546,2.0,0
2015-05-02,53.99,53.99,0.0,0.0,155,155,1.0,56.89853658536586,2.0,0
2015-05-03,53.99,53.99,0.0,0.0,156,156,1.0,56.88969604863222,2.0,0
2015-05-04,53.99,53.99,0.0,0.0,157,157,1.0,56.88090909090909,2.0,0
2015-05-05,53.99,53.99,0.0,0.0,158,158,1.0,56.87217522658611,2.0,0
2015-05-06,53.99,53.99,0.0,0.0,159,159,1.0,56.863493975903616,2.0,0
2015-05-07,53.99,53.99,0.0,0.0,160,160,1.0,56.85486486486487,2.0,0
2015-05-08,53.99,53.99,0.0,0.0,161,161,1.0,56.8462874251497,2.0,0
2015-05-09,53.99,53.99,0.0,0.0,162,162,1.0,56.83776119402985,2.0,0
2015-05-10,53.99,53.99,0.0,0.0,163,163,1.0,56.82928571428571,2.0,0
2015-05-11,53.99,53.99,0.0,0.0,164,164,1.0,56.820860534124634,2.0,0
2015-05-12,53.99,53.99,0.0,0.0,165,165,1.0,56.812485207100586,2.0,0
2015-05-13,53.99,53.99,0.0,0.0,166,166,1.0,56.8041592920354,2.0,0
2015-05-14,53.99,53.99,0.0,0.0,167,167,1.0,56.795882352941184,2.0,0
2015-05-15,53.99,53.99,0.0,0.0,168,168,1.0,56.78765395894428,2.0,0
2015-05-16,53.99,53.99,0.0,0.0,169,169,1.0,56.77947368421053,2.0,0
2015-05-17,53.99,53.99,0.0,0.0,170,170,1.0,56.77134110787172,2.0,0
2015-05-18,53.99,53.99,0.0,0.0,171,171,1.0,56.76325581395349,2.0,0
2015-05-19,59.99,53.99,6.0,11.113169105389886,0,172,1.0,56.75521739130435,2.0,1
2015-05-20,59.99,53.99,6.0,11.113169105389886,1,173,1.0,56.764566473988445,3.0,1
2015-05-21,59.99,53.99,6.0,11.113169105389886,2,174,1.0,56.773861671469746,3.0,1
2015-05-22,59.99,53.99,6.0,11.113169105389886,3,175,1.0,56.78310344827587,3.0,1
2015-05-23,59.99,53.99,6.0,11.113169105389886,4,176,1.0,56.79229226361032,3.0,1
2015-05-24,59.99,53.99,6.0,11.113169105389886,5,177,1.0,56.80142857142857,3.0,1
2015-05-25,59.99,53.99,6.0,11.113169105389886,6,178,1.0,56.81051282051283,3.0,1
2015-05-26,59.99,53.99,6.0,11.113169105389886,7,179,1.0,56.819545454545455,3.0,1
2015-05-27,59.99,53.99,6.0,11.113169105389886,8,180,1.0,56.8285269121813,3.0,1
2015-05-28,59.99,53.99,6.0,11.113169105389886,9,181,1.0,56.83745762711864,3.0,1
2015-05-29,59.99,53.99,6.0,11.113169105389886,10,182,1.0,56.846338028169015,3.0,1
2015-05-30,59.99,53.99,6.0,11.113169105389886,11,183,1.0,56.85516853932585,3.0,1
2015-05-31,59.99,53.99,6.0,11.113169105389886,12,184,1.0,56.86394957983193,3.0,1
2015-06-01,59.99,53.99,6.0,11.113169105389886,13,185,1.0,56.872681564245816,3.0,1
2015-06-02,59.99,53.99,6.0,11.113169105389886,14,186,1.0,56.88136490250697,3.0,1
2015-06-03,59.99,53.99,6.0,11.113169105389886,15,187,1.0,56.89,3.0,1
2015-06-04,59.99,53.99,6.0,11.113169105389886,16,188,1.0,56.89858725761773,3.0,1
2015-06-05,59.99,53.99,6.0,11.113169105389886,17,189,1.0,56.907127071823204,3.0,1
2015-06-06,59.99,53.99,6.0,11.113169105389886,18,190,1.0,56.91561983471074,3.0,1
2015-06-07,59.99,53.99,6.0,11.113169105389886,19,191,1.0,56.924065934065936,3.0,1
2015-06-08,59.99,53.99,6.0,11.113169105389886,20,192,1.0,56.932465753424665,3.0,1
2015-06-09,59.99,53.99,6.0,11.113169105389886,21,193,1.0,56.94890410958904,3.0,1
2015-06-10,59.99,53.99,6.0,11.113169105389886,22,194,1.0,56.96534246575343,3.0,1
2015-06-11,59.99,53.99,6.0,11.113169105389886,23,195,1.0,56.9817808219178,3.0,1
2015-06-12,53.99,53.99,0.0,0.0,0,0,1.0,56.998219178082195,3.0,0
2015-06-13,53.99,53.99,0.0,0.0,1,1,2.0,56.99821917808219,4.0,0
2015-06-14,53.99,53.99,0.0,0.0,2,2,2.0,56.998219178082195,4.0,0
2015-06-15,53.99,53.99,0.0,0.0,3,3,2.0,56.998219178082195,4.0,0
2015-06-16,53.99,53.99,0.0,0.0,4,4,2.0,56.998219178082195,4.0,0
2015-06-17,53.99,53.99,0.0,0.0,5,5,2.0,56.998219178082195,4.0,0
2015-06-18,53.99,53.99,0.0,0.0,6,6,2.0,56.99821917808219,4.0,0
2015-06-19,53.99,53.99,0.0,0.0,7,7,2.0,56.998219178082195,4.0,0
2015-06-20,53.99,53.99,0.0,0.0,8,8,2.0,56.99821917808219,4.0,0
2015-06-21,53.99,53.99,0.0,0.0,9,9,2.0,56.998219178082195,4.0,0
2015-06-22,53.99,53.99,0.0,0.0,10,10,2.0,56.99821917808219,4.0,0
2015-06-23,59.99,53.99,6.0,11.113169105389886,0,11,2.0,56.981780821917816,3.0,0
2015-06-24,59.99,53.99,6.0,11.113169105389886,1,12,2.0,56.981780821917816,4.0,0
2015-06-25,59.99,53.99,6.0,11.113169105389886,2,13,2.0,56.9817808219178,4.0,0
2015-06-26,59.99,53.99,6.0,11.113169105389886,3,14,2.0,56.981780821917816,4.0,0
2015-06-27,59.99,53.99,6.0,11.113169105389886,4,15,2.0,56.9817808219178,4.0,0
2015-06-28,59.99,53.99,6.0,11.113169105389886,5,16,2.0,56.981780821917816,4.0,0
2015-06-29,59.99,53.99,6.0,11.113169105389886,6,17,2.0,56.9817808219178,4.0,0
2015-06-30,59.99,53.99,6.0,11.113169105389886,7,18,2.0,56.981780821917816,4.0,0
2015-07-01,59.99,53.99,6.0,11.113169105389886,8,19,2.0,56.9817808219178,4.0,0
2015-07-02,59.99,53.99,6.0,11.113169105389886,9,20,2.0,56.981780821917816,4.0,0
2015-07-03,59.99,53.99,6.0,11.113169105389886,10,21,2.0,56.981780821917816,4.0,0
2015-07-04,59.99,53.99,6.0,11.113169105389886,11,22,2.0,56.9817808219178,4.0,0
2015-07-05,59.99,53.99,6.0,11.113169105389886,12,23,2.0,56.981780821917816,4.0,0
2015-07-06,59.99,53.99,6.0,11.113169105389886,13,24,2.0,56.9817808219178,4.0,0
2015-07-07,59.99,53.99,6.0,11.113169105389886,14,25,2.0,56.981780821917816,4.0,0
2015-07-08,59.99,53.99,6.0,11.113169105389886,15,26,2.0,56.9817808219178,4.0,0
2015-07-09,59.99,53.99,6.0,11.113169105389886,16,27,2.0,56.981780821917816,4.0,0
2015-07-10,59.99,53.99,6.0,11.113169105389886,17,28,2.0,56.981780821917816,4.0,0
2015-07-11,59.99,53.99,6.0,11.113169105389886,18,29,2.0,56.981780821917816,4.0,0
2015-07-12,59.99,53.99,6.0,11.113169105389886,19,30,2.0,56.981780821917816,4.0,0
2015-07-13,59.99,53.99,6.0,11.113169105389886,20,31,2.0,56.9817808219178,4.0,0
2015-07-14,59.99,53.99,6.0,11.113169105389886,21,32,2.0,56.981780821917816,4.0,0
2015-07-15,59.99,53.99,6.0,11.113169105389886,22,33,2.0,56.9817808219178,4.0,0
2015-07-16,59.99,53.99,6.0,11.113169105389886,23,34,2.0,56.981780821917816,4.0,0
2015-07-17,59.99,53.99,6.0,11.113169105389886,24,35,2.0,56.9817808219178,4.0,0
2015-07-18,59.99,53.99,6.0,11.113169105389886,25,36,2.0,56.981780821917816,4.0,0
2015-07-19,59.99,53.99,6.0,11.113169105389886,26,37,2.0,56.981780821917816,4.0,0
2015-07-20,59.99,53.99,6.0,11.113169105389886,27,38,2.0,56.9817808219178,4.0,0
2015-07-21,59.99,53.99,6.0,11.113169105389886,28,39,2.0,56.981780821917816,4.0,0
2015-07-22,59.99,53.99,6.0,11.113169105389886,29,40,2.0,56.9817808219178,4.0,0
2015-07-23,59.99,53.99,6.0,11.113169105389886,30,41,2.0,56.981780821917816,4.0,0
2015-07-24,59.99,53.99,6.0,11.113169105389886,31,42,2.0,56.9817808219178,4.0,0
2015-07-25,59.99,53.99,6.0,11.113169105389886,32,43,2.0,56.981780821917816,4.0,0
2015-07-26,59.99,53.99,6.0,11.113169105389886,33,44,2.0,56.981780821917816,4.0,0
2015-07-27,59.99,53.99,6.0,11.113169105389886,34,45,2.0,56.981780821917816,4.0,0
2015-07-28,59.99,53.99,6.0,11.113169105389886,35,46,2.0,56.981780821917816,4.0,0
2015-07-29,59.99,53.99,6.0,11.113169105389886,36,47,2.0,56.9817808219178,4.0,0
2015-07-30,59.99,53.99,6.0,11.113169105389886,37,48,2.0,56.981780821917816,4.0,0
2015-07-31,59.99,53.99,6.0,11.113169105389886,38,49,2.0,56.9817808219178,4.0,0
2015-08-01,59.99,53.99,6.0,11.113169105389886,39,50,2.0,56.981780821917816,4.0,0
2015-08-02,59.99,53.99,6.0,11.113169105389886,40,51,2.0,56.9817808219178,4.0,0
2015-08-03,59.99,53.99,6.0,11.113169105389886,41,52,2.0,56.981780821917816,4.0,0
2015-08-04,59.99,53.99,6.0,11.113169105389886,42,53,2.0,56.981780821917816,4.0,0
2015-08-05,59.99,53.99,6.0,11.113169105389886,43,54,2.0,56.9817808219178,4.0,0
2015-08-06,59.99,53.99,6.0,11.113169105389886,44,55,2.0,56.981780821917816,4.0,0
2015-08-07,59.99,53.99,6.0,11.113169105389886,45,56,2.0,56.9817808219178,4.0,0
2015-08-08,59.99,53.99,6.0,11.113169105389886,46,57,2.0,56.981780821917816,4.0,0
2015-08-09,59.99,53.99,6.0,11.113169105389886,47,58,2.0,56.9817808219178,4.0,0
2015-08-10,59.99,53.99,6.0,11.113169105389886,48,59,2.0,56.981780821917816,4.0,0
2015-08-11,59.99,53.99,6.0,11.113169105389886,49,60,2.0,56.9817808219178,4.0,0
2015-08-12,59.99,53.99,6.0,11.113169105389886,50,61,2.0,56.981780821917816,4.0,1
2015-08-13,59.99,53.99,6.0,11.113169105389886,51,62,2.0,56.981780821917816,4.0,1
2015-08-14,59.99,53.99,6.0,11.113169105389886,52,63,2.0,56.9817808219178,4.0,1
2015-08-15,59.99,53.99,6.0,11.113169105389886,53,64,2.0,56.981780821917816,4.0,1
2015-08-16,59.99,53.99,6.0,11.113169105389886,54,65,2.0,56.9817808219178,4.0,1
2015-08-17,59.99,53.99,6.0,11.113169105389886,55,66,2.0,56.981780821917816,4.0,1
2015-08-18,59.99,53.99,6.0,11.113169105389886,56,67,2.0,56.9817808219178,4.0,1
2015-08-19,59.99,53.99,6.0,11.113169105389886,57,68,2.0,56.981780821917816,4.0,1
2015-08-20,59.99,53.99,6.0,11.113169105389886,58,69,2.0,56.981780821917816,4.0,1
2015-08-21,59.99,53.99,6.0,11.113169105389886,59,70,2.0,56.981780821917816,4.0,1
2015-08-22,59.99,53.99,6.0,11.113169105389886,60,71,2.0,56.981780821917816,4.0,1
2015-08-23,59.99,53.99,6.0,11.113169105389886,61,72,2.0,56.9817808219178,4.0,1
2015-08-24,59.99,53.99,6.0,11.113169105389886,62,73,2.0,56.981780821917816,4.0,1
2015-08-25,59.99,53.99,6.0,11.113169105389886,63,74,2.0,56.9817808219178,4.0,1
2015-08-26,59.99,53.99,6.0,11.113169105389886,64,75,2.0,56.981780821917816,4.0,1
2015-08-27,59.99,53.99,6.0,11.113169105389886,65,76,2.0,56.9817808219178,4.0,1
2015-08-28,59.99,53.99,6.0,11.113169105389886,66,77,2.0,56.981780821917816,4.0,1
2015-08-29,59.99,53.99,6.0,11.113169105389886,67,78,2.0,56.981780821917816,4.0,1
2015-08-30,59.99,53.99,6.0,11.113169105389886,68,79,2.0,56.9817808219178,4.0,1
2015-08-31,59.99,53.99,6.0,11.113169105389886,69,80,2.0,56.981780821917816,4.0,1
2015-09-01,59.99,53.99,6.0,11.113169105389886,70,81,2.0,56.9817808219178,4.0,1
2015-09-02,59.99,53.99,6.0,11.113169105389886,71,82,2.0,56.981780821917816,4.0,1
2015-09-03,59.99,53.99,6.0,11.113169105389886,72,83,2.0,56.9817808219178,4.0,1
2015-09-04,59.99,53.99,6.0,11.113169105389886,73,84,2.0,56.981780821917816,4.0,1
2015-09-05,59.99,53.99,6.0,11.113169105389886,74,85,2.0,56.9817808219178,4.0,1
2015-09-06,59.99,53.99,6.0,11.113169105389886,75,86,2.0,56.981780821917816,4.0,1
2015-09-07,59.99,53.99,6.0,11.113169105389886,76,87,2.0,56.981780821917816,4.0,1
2015-09-08,59.99,53.99,6.0,11.113169105389886,77,88,2.0,56.9817808219178,4.0,1
2015-09-09,59.99,53.99,6.0,11.113169105389886,78,89,2.0,56.981780821917816,4.0,1
2015-09-10,59.99,53.99,6.0,11.113169105389886,79,90,2.0,56.9817808219178,4.0,1
2015-09-11,41.99,41.99,0.0,0.0,0,0,2.0,56.981780821917816,4.0,0
2015-09-12,41.99,41.99,0.0,0.0,1,1,3.0,56.93246575342465,5.0,0
2015-09-13,41.99,41.99,0.0,0.0,2,2,3.0,56.883150684931515,5.0,0
2015-09-14,41.99,41.99,0.0,0.0,3,3,3.0,56.833835616438364,5.0,0
2015-09-15,41.99,41.99,0.0,0.0,4,4,3.0,56.78452054794521,5.0,0
2015-09-16,59.99,41.99,18.0,42.86734936889736,0,5,3.0,56.73520547945206,5.0,0
2015-09-17,59.99,41.99,18.0,42.86734936889736,1,6,3.0,56.73520547945205,6.0,0
2015-09-18,59.99,41.99,18.0,42.86734936889736,2,7,3.0,56.73520547945206,6.0,0
2015-09-19,59.99,41.99,18.0,42.86734936889736,3,8,3.0,56.73520547945205,6.0,0
2015-09-20,59.99,41.99,18.0,42.86734936889736,4,9,3.0,56.73520547945206,6.0,0
2015-09-21,59.99,41.99,18.0,42.86734936889736,5,10,3.0,56.73520547945205,6.0,0
2015-09-22,59.99,41.99,18.0,42.86734936889736,6,11,3.0,56.73520547945206,6.0,0
2015-09-23,59.99,41.99,18.0,42.86734936889736,7,12,3.0,56.73520547945206,6.0,0
2015-09-24,59.99,41.99,18.0,42.86734936889736,8,13,3.0,56.73520547945205,6.0,0
2015-09-25,59.99,41.99,18.0,42.86734936889736,9,14,3.0,56.73520547945206,6.0,0
2015-09-26,59.99,41.99,18.0,42.86734936889736,10,15,3.0,56.73520547945205,6.0,0
2015-09-27,59.99,41.99,18.0,42.86734936889736,11,16,3.0,56.73520547945206,6.0,0
2015-09-28,59.99,41.99,18.0,42.86734936889736,12,17,3.0,56.73520547945205,6.0,0
2015-09-29,59.99,41.99,18.0,42.86734936889736,13,18,3.0,56.73520547945206,6.0,0
2015-09-30,59.99,41.99,18.0,42.86734936889736,14,19,3.0,56.73520547945206,6.0,1
2015-10-01,59.99,41.99,18.0,42.86734936889736,15,20,3.0,56.73520547945206,6.0,1
2015-10-02,59.99,41.99,18.0,42.86734936889736,16,21,3.0,56.73520547945206,6.0,1
2015-10-03,59.99,41.99,18.0,42.86734936889736,17,22,3.0,56.73520547945205,6.0,1
2015-10-04,59.99,41.99,18.0,42.86734936889736,18,23,3.0,56.73520547945206,6.0,1
2015-10-05,59.99,41.99,18.0,42.86734936889736,19,24,3.0,56.73520547945205,6.0,1
2015-10-06,59.99,41.99,18.0,42.86734936889736,20,25,3.0,56.73520547945206,6.0,1
2015-10-07,59.99,41.99,18.0,42.86734936889736,21,26,3.0,56.73520547945205,6.0,1
2015-10-08,59.99,41.99,18.0,42.86734936889736,22,27,3.0,56.73520547945206,6.0,1
2015-10-09,59.99,41.99,18.0,42.86734936889736,23,28,3.0,56.73520547945206,6.0,1
2015-10-10,59.99,41.99,18.0,42.86734936889736,24,29,3.0,56.73520547945205,6.0,1
2015-10-11,59.99,41.99,18.0,42.86734936889736,25,30,3.0,56.73520547945206,6.0,1
2015-10-12,59.99,41.99,18.0,42.86734936889736,26,31,3.0,56.73520547945205,6.0,1
2015-10-13,59.99,41.99,18.0,42.86734936889736,27,32,3.0,56.73520547945206,6.0,1
2015-10-14,59.99,41.99,18.0,42.86734936889736,28,33,3.0,56.73520547945205,6.0,1
2015-10-15,59.99,41.99,18.0,42.86734936889736,29,34,3.0,56.73520547945206,6.0,1
2015-10-16,59.99,41.99,18.0,42.86734936889736,30,35,3.0,56.73520547945205,6.0,1
2015-10-17,59.99,41.99,18.0,42.86734936889736,31,36,3.0,56.73520547945206,6.0,1
2015-10-18,59.99,41.99,18.0,42.86734936889736,32,37,3.0,56.73520547945206,6.0,1
2015-10-19,59.99,41.99,18.0,42.86734936889736,33,38,3.0,56.73520547945205,6.0,1
2015-10-20,59.99,41.99,18.0,42.86734936889736,34,39,3.0,56.73520547945206,6.0,1
2015-10-21,59.99,41.99,18.0,42.86734936889736,35,40,3.0,56.73520547945205,6.0,1
2015-10-22,59.99,41.99,18.0,42.86734936889736,36,41,3.0,56.73520547945206,6.0,1
2015-10-23,59.99,41.99,18.0,42.86734936889736,37,42,3.0,56.73520547945205,6.0,1
2015-10-24,59.99,41.99,18.0,42.86734936889736,38,43,3.0,56.73520547945206,6.0,1
2015-10-25,59.99,41.99,18.0,42.86734936889736,39,44,3.0,56.73520547945206,6.0,1
2015-10-26,59.99,41.99,18.0,42.86734936889736,40,45,3.0,56.73520547945206,6.0,1
2015-10-27,59.99,41.99,18.0,42.86734936889736,41,46,3.0,56.73520547945206,6.0,1
2015-10-28,59.99,41.99,18.0,42.86734936889736,42,47,3.0,56.73520547945205,6.0,1
2015-10-29,59.99,41.99,18.0,42.86734936889736,43,48,3.0,56.73520547945206,6.0,1
2015-10-30,41.99,41.99,0.0,0.0,0,0,3.0,56.73520547945205,6.0,1
2015-10-31,41.99,41.99,0.0,0.0,1,1,4.0,56.68589041095891,7.0,1
2015-11-01,41.99,41.99,0.0,0.0,2,2,4.0,56.63657534246575,7.0,1
2015-11-02,41.99,41.99,0.0,0.0,3,3,4.0,56.58726027397261,7.0,1
2015-11-03,59.99,41.99,18.0,42.86734936889736,0,4,4.0,56.53794520547946,7.0,1
2015-11-04,59.99,41.99,18.0,42.86734936889736,1,5,4.0,56.537945205479446,8.0,1
2015-11-05,59.99,41.99,18.0,42.86734936889736,2,6,4.0,56.53794520547946,8.0,1
2015-11-06,59.99,41.99,18.0,42.86734936889736,3,7,4.0,56.537945205479446,8.0,1
2015-11-07,59.99,41.99,18.0,42.86734936889736,4,8,4.0,56.53794520547946,8.0,1
2015-11-08,59.99,41.99,18.0,42.86734936889736,5,9,4.0,56.537945205479446,8.0,1
2015-11-09,59.99,41.99,18.0,42.86734936889736,6,10,4.0,56.53794520547946,8.0,1
2015-11-10,59.99,41.99,18.0,42.86734936889736,7,11,4.0,56.537945205479446,8.0,1
2015-11-11,41.99,41.99,0.0,0.0,0,0,4.0,56.53794520547946,8.0,1
2015-11-12,41.99,41.99,0.0,0.0,1,1,5.0,56.48863013698631,9.0,1
2015-11-13,59.99,41.99,18.0,42.86734936889736,0,2,5.0,56.439315068493144,9.0,1
2015-11-14,59.99,41.99,18.0,42.86734936889736,1,3,5.0,56.43931506849316,10.0,1
2015-11-15,59.99,41.99,18.0,42.86734936889736,2,4,5.0,56.439315068493144,10.0,1
2015-11-16,59.99,41.99,18.0,42.86734936889736,3,5,5.0,56.43931506849316,10.0,1
2015-11-17,59.99,41.99,18.0,42.86734936889736,4,6,5.0,56.439315068493144,10.0,1
2015-11-18,59.99,41.99,18.0,42.86734936889736,5,7,5.0,56.43931506849316,10.0,1
2015-11-19,59.99,41.99,18.0,42.86734936889736,6,8,5.0,56.43931506849316,10.0,1
2015-11-20,59.99,41.99,18.0,42.86734936889736,7,9,5.0,56.43931506849316,10.0,1
2015-11-21,59.99,41.99,18.0,42.86734936889736,8,10,5.0,56.43931506849316,10.0,1
2015-11-22,59.99,41.99,18.0,42.86734936889736,9,11,5.0,56.439315068493144,10.0,1
2015-11-23,59.99,41.99,18.0,42.86734936889736,10,12,5.0,56.43931506849316,10.0,1
2015-11-24,59.99,41.99,18.0,42.86734936889736,11,13,5.0,56.439315068493144,10.0,1
2015-11-25,59.99,41.99,18.0,42.86734936889736,12,14,5.0,56.43931506849316,10.0,1
2015-11-26,29.99,29.99,0.0,0.0,0,0,5.0,56.439315068493144,10.0,0
2015-11-27,29.99,29.99,0.0,0.0,1,1,6.0,56.357123287671236,11.0,0
2015-11-28,29.99,29.99,0.0,0.0,2,2,6.0,56.27493150684932,11.0,0
2015-11-29,29.99,29.99,0.0,0.0,3,3,5.0,56.20917808219178,10.0,0
2015-11-30,29.99,29.99,0.0,0.0,4,4,5.0,56.143424657534254,10.0,0
2015-12-01,29.99,29.99,0.0,0.0,5,5,5.0,56.07767123287671,10.0,0
2015-12-02,59.99,29.99,30.000000000000004,100.03334444814939,0,6,5.0,56.01191780821918,10.0,1
2015-12-03,59.99,29.99,30.000000000000004,100.03334444814939,1,7,5.0,56.02835616438356,11.0,1
2015-12-04,29.99,29.99,0.0,0.0,0,0,5.0,56.04479452054795,11.0,0
2015-12-05,29.99,29.99,0.0,0.0,1,1,6.0,55.97904109589041,12.0,0
2015-12-06,59.99,29.99,30.000000000000004,100.03334444814939,0,2,6.0,55.91328767123288,12.0,1
2015-12-07,59.99,29.99,30.000000000000004,100.03334444814939,1,3,6.0,55.929726027397265,13.0,1
2015-12-08,59.99,29.99,30.000000000000004,100.03334444814939,2,4,6.0,55.94616438356164,13.0,1
2015-12-09,59.99,29.99,30.000000000000004,100.03334444814939,3,5,6.0,55.96260273972603,13.0,1
2015-12-10,59.99,29.99,30.000000000000004,100.03334444814939,4,6,6.0,55.97904109589041,13.0,1
2015-12-11,59.99,29.99,30.000000000000004,100.03334444814939,5,7,6.0,55.9954794520548,13.0,1
2015-12-12,59.99,29.99,30.000000000000004,100.03334444814939,6,8,6.0,56.011917808219174,13.0,1
2015-12-13,59.99,29.99,30.000000000000004,100.03334444814939,7,9,6.0,56.02835616438357,13.0,1
2015-12-14,59.99,29.99,30.000000000000004,100.03334444814939,8,10,6.0,56.04479452054795,13.0,1
2015-12-15,59.99,29.99,30.000000000000004,100.03334444814939,9,11,6.0,56.061232876712324,13.0,1
2015-12-16,59.99,29.99,30.000000000000004,100.03334444814939,10,12,6.0,56.07767123287672,13.0,1
2015-12-17,59.99,29.99,30.000000000000004,100.03334444814939,11,13,6.0,56.09410958904109,13.0,1
2015-12-18,59.99,29.99,30.000000000000004,100.03334444814939,12,14,6.0,56.11054794520548,13.0,1
2015-12-19,59.99,29.99,30.000000000000004,100.03334444814939,13,15,6.0,56.12698630136986,13.0,1
2015-12-20,59.99,29.99,30.000000000000004,100.03334444814939,14,16,6.0,56.143424657534254,13.0,1
2015-12-21,59.99,29.99,30.000000000000004,100.03334444814939,15,17,6.0,56.159863013698626,13.0,1
2015-12-22,59.99,29.99,30.000000000000004,100.03334444814939,16,18,6.0,56.17630136986302,13.0,1
2015-12-23,29.99,29.99,0.0,0.0,0,0,6.0,56.192739726027405,13.0,0
2015-12-24,29.99,29.99,0.0,0.0,1,1,7.0,56.12698630136986,14.0,0
2015-12-25,29.99,29.99,0.0,0.0,2,2,7.0,56.06123287671233,14.0,0
2015-12-26,29.99,29.99,0.0,0.0,3,3,7.0,55.99547945205479,14.0,0
2015-12-27,29.99,29.99,0.0,0.0,4,4,7.0,55.929726027397265,14.0,0
2015-12-28,29.99,29.99,0.0,0.0,5,5,7.0,55.86397260273972,14.0,0
2015-12-29,29.99,29.99,0.0,0.0,6,6,7.0,55.7982191780822,14.0,0
2015-12-30,29.99,29.99,0.0,0.0,7,7,7.0,55.732465753424655,14.0,0
2015-12-31,29.99,29.99,0.0,0.0,8,8,7.0,55.666712328767126,14.0,0
2016-01-01,29.99,29.99,0.0,0.0,9,9,7.0,55.600958904109596,14.0,0
2016-01-02,29.99,29.99,0.0,0.0,10,10,7.0,55.53520547945205,14.0,0
2016-01-03,29.99,29.99,0.0,0.0,11,11,7.0,55.46945205479452,14.0,0
2016-01-04,29.99,29.99,0.0,0.0,12,12,7.0,55.40369863013698,14.0,0
2016-01-05,59.99,29.99,30.000000000000004,100.03334444814939,0,13,7.0,55.33794520547946,14.0,0
2016-01-06,59.99,29.99,30.000000000000004,100.03334444814939,1,14,7.0,55.35438356164383,15.0,0
2016-01-07,59.99,29.99,30.000000000000004,100.03334444814939,2,15,7.0,55.37082191780822,15.0,1
2016-01-08,59.99,29.99,30.000000000000004,100.03334444814939,3,16,7.0,55.38726027397261,15.0,1
2016-01-09,59.99,29.99,30.000000000000004,100.03334444814939,4,17,7.0,55.40369863013698,15.0,1
2016-01-10,59.99,29.99,30.000000000000004,100.03334444814939,5,18,7.0,55.42013698630137,15.0,1
2016-01-11,59.99,29.99,30.000000000000004,100.03334444814939,6,19,7.0,55.43657534246575,15.0,1
2016-01-12,59.99,29.99,30.000000000000004,100.03334444814939,7,20,7.0,55.453013698630144,15.0,1
2016-01-13,59.99,29.99,30.000000000000004,100.03334444814939,8,21,7.0,55.469452054794516,15.0,1
2016-01-14,59.99,29.99,30.000000000000004,100.03334444814939,9,22,7.0,55.48589041095891,15.0,1
2016-01-15,59.99,29.99,30.000000000000004,100.03334444814939,10,23,7.0,55.50232876712328,15.0,1
2016-01-16,59.99,29.99,30.000000000000004,100.03334444814939,11,24,7.0,55.518767123287674,15.0,1
2016-01-17,59.99,29.99,30.000000000000004,100.03334444814939,12,25,7.0,55.53520547945206,15.0,1
2016-01-18,59.99,29.99,30.000000000000004,100.03334444814939,13,26,7.0,55.55164383561643,15.0,1
2016-01-19,59.99,29.99,30.000000000000004,100.03334444814939,14,27,7.0,55.568082191780825,15.0,1
2016-01-20,59.99,29.99,30.000000000000004,100.03334444814939,15,28,7.0,55.5845205479452,15.0,1
2016-01-21,59.99,29.99,30.000000000000004,100.03334444814939,16,29,7.0,55.600958904109596,15.0,1
2016-01-22,59.99,29.99,30.000000000000004,100.03334444814939,17,30,7.0,55.61739726027397,15.0,1
2016-01-23,59.99,29.99,30.000000000000004,100.03334444814939,18,31,7.0,55.63383561643836,15.0,1
2016-01-24,59.99,29.99,30.000000000000004,100.03334444814939,19,32,7.0,55.65027397260275,15.0,1
2016-01-25,59.99,29.99,30.000000000000004,100.03334444814939,20,33,7.0,55.666712328767126,15.0,1
2016-01-26,59.99,29.99,30.000000000000004,100.03334444814939,21,34,7.0,55.68315068493151,15.0,1
2016-01-27,59.99,29.99,30.000000000000004,100.03334444814939,22,35,7.0,55.699589041095884,15.0,1
2016-01-28,59.99,29.99,30.000000000000004,100.03334444814939,23,36,7.0,55.71602739726028,15.0,1
2016-01-29,59.99,29.99,30.000000000000004,100.03334444814939,24,37,7.0,55.732465753424655,15.0,1
2016-01-30,59.99,29.99,30.000000000000004,100.03334444814939,25,38,7.0,55.74890410958905,15.0,1
2016-01-31,59.99,29.99,30.000000000000004,100.03334444814939,26,39,7.0,55.76534246575342,15.0,1
2016-02-01,59.99,29.99,30.000000000000004,100.03334444814939,27,40,7.0,55.78178082191781,15.0,1
2016-02-02,59.99,29.99,30.000000000000004,100.03334444814939,28,41,7.0,55.7982191780822,15.0,1
2016-02-03,59.99,29.99,30.000000000000004,100.03334444814939,29,42,7.0,55.81465753424657,15.0,1
2016-02-04,59.99,29.99,30.000000000000004,100.03334444814939,30,43,7.0,55.831095890410964,15.0,1
2016-02-05,59.99,29.99,30.000000000000004,100.03334444814939,31,44,7.0,55.847534246575336,15.0,1
2016-02-06,29.99,29.99,0.0,0.0,0,0,7.0,55.86397260273973,15.0,0
2016-02-07,29.99,29.99,0.0,0.0,1,1,8.0,55.798219178082185,16.0,0
2016-02-08,29.99,29.99,0.0,0.0,2,2,8.0,55.73246575342466,16.0,0
2016-02-09,29.99,29.99,0.0,0.0,3,3,8.0,55.66671232876712,16.0,0
2016-02-10,29.99,29.99,0.0,0.0,4,4,8.0,55.600958904109596,16.0,0
2016-02-11,29.99,29.99,0.0,0.0,5,5,8.0,55.53520547945206,16.0,0
2016-02-12,29.99,29.99,0.0,0.0,6,6,8.0,55.469452054794516,16.0,0
2016-02-13,59.99,29.99,30.000000000000004,100.03334444814939,0,7,8.0,55.403698630136994,16.0,1
2016-02-14,59.99,29.99,30.000000000000004,100.03334444814939,1,8,8.0,55.420136986301365,17.0,1
2016-02-15,59.99,29.99,30.000000000000004,100.03334444814939,2,9,8.0,55.43657534246576,17.0,1
2016-02-16,59.99,29.99,30.000000000000004,100.03334444814939,3,10,8.0,55.45301369863013,17.0,1
2016-02-17,49.99,29.99,20.000000000000004,66.68889629876628,0,0,8.0,55.46945205479452,17.0,0
2016-02-18,49.99,29.99,20.000000000000004,66.68889629876628,1,1,9.0,55.45849315068494,18.0,0
2016-02-19,49.99,29.99,20.000000000000004,66.68889629876628,2,2,9.0,55.44753424657534,18.0,0
2016-02-20,49.99,29.99,20.000000000000004,66.68889629876628,3,3,9.0,55.43657534246576,18.0,0
2016-02-21,49.99,29.99,20.000000000000004,66.68889629876628,4,4,9.0,55.42561643835616,18.0,0
2016-02-22,49.99,29.99,20.000000000000004,66.68889629876628,5,5,9.0,55.41465753424658,18.0,0
2016-02-23,49.99,29.99,20.000000000000004,66.68889629876628,6,6,9.0,55.40369863013698,18.0,0
2016-02-24,49.99,29.99,20.000000000000004,66.68889629876628,7,7,9.0,55.3927397260274,18.0,0
2016-02-25,49.99,29.99,20.000000000000004,66.68889629876628,8,8,9.0,55.38178082191781,18.0,0
2016-02-26,49.99,29.99,20.000000000000004,66.68889629876628,9,9,9.0,55.37082191780822,18.0,0
2016-02-27,49.99,29.99,20.000000000000004,66.68889629876628,10,10,9.0,55.359863013698636,18.0,0
2016-02-28,49.99,29.99,20.000000000000004,66.68889629876628,11,11,9.0,55.348904109589036,18.0,0
2016-02-29,49.99,29.99,20.000000000000004,66.68889629876628,12,12,9.0,55.33794520547946,18.0,0
2016-03-01,49.99,29.99,20.000000000000004,66.68889629876628,13,13,9.0,55.32698630136986,18.0,0
2016-03-02,49.99,29.99,20.000000000000004,66.68889629876628,14,14,9.0,55.31602739726028,18.0,0
2016-03-03,49.99,29.99,20.000000000000004,66.68889629876628,15,15,9.0,55.30506849315068,18.0,0
2016-03-04,49.99,29.99,20.000000000000004,66.68889629876628,16,16,9.0,55.2941095890411,18.0,0
2016-03-05,49.99,29.99,20.000000000000004,66.68889629876628,17,17,9.0,55.283150684931506,18.0,0
2016-03-06,49.99,29.99,20.000000000000004,66.68889629876628,18,18,9.0,55.27219178082192,18.0,0
2016-03-07,49.99,29.99,20.000000000000004,66.68889629876628,19,19,9.0,55.261232876712334,18.0,0
2016-03-08,49.99,29.99,20.000000000000004,66.68889629876628,20,20,9.0,55.250273972602734,18.0,0
2016-03-09,49.99,29.99,20.000000000000004,66.68889629876628,21,21,9.0,55.239315068493156,18.0,0
2016-03-10,49.99,29.99,20.000000000000004,66.68889629876628,22,22,9.0,55.228356164383555,18.0,0
2016-03-11,49.99,29.99,20.000000000000004,66.68889629876628,23,23,9.0,55.21739726027398,18.0,0
2016-03-12,49.99,29.99,20.000000000000004,66.68889629876628,24,24,9.0,55.20643835616438,18.0,0
2016-03-13,49.99,29.99,20.000000000000004,66.68889629876628,25,25,9.0,55.1954794520548,18.0,0
2016-03-14,49.99,29.99,20.000000000000004,66.68889629876628,26,26,9.0,55.18452054794521,18.0,0
2016-03-15,49.99,29.99,20.000000000000004,66.68889629876628,27,27,9.0,55.17356164383561,18.0,0
2016-03-16,49.99,29.99,20.000000000000004,66.68889629876628,28,28,9.0,55.16260273972603,18.0,0
2016-03-17,49.99,29.99,20.000000000000004,66.68889629876628,29,29,9.0,55.15164383561643,18.0,0
2016-03-18,49.99,29.99,20.000000000000004,66.68889629876628,30,30,9.0,55.140684931506854,18.0,0
2016-03-19,49.99,29.99,20.000000000000004,66.68889629876628,31,31,9.0,55.129726027397254,18.0,0
2016-03-20,49.99,29.99,20.000000000000004,66.68889629876628,32,32,9.0,55.118767123287675,18.0,0
2016-03-21,49.99,29.99,20.000000000000004,66.68889629876628,33,33,9.0,55.107808219178075,18.0,0
2016-03-22,49.99,29.99,20.000000000000004,66.68889629876628,34,34,9.0,55.096849315068496,18.0,0
2016-03-23,49.99,29.99,20.000000000000004,66.68889629876628,35,35,9.0,55.08589041095891,18.0,0
2016-03-24,49.99,29.99,20.000000000000004,66.68889629876628,36,36,9.0,55.07493150684931,18.0,0
2016-03-25,49.99,29.99,20.000000000000004,66.68889629876628,37,37,9.0,55.06397260273973,18.0,0
2016-03-26,49.99,29.99,20.000000000000004,66.68889629876628,38,38,9.0,55.05301369863013,18.0,0
2016-03-27,49.99,29.99,20.000000000000004,66.68889629876628,39,39,9.0,55.04205479452055,18.0,0
2016-03-28,49.99,29.99,20.000000000000004,66.68889629876628,40,40,9.0,55.03109589041095,18.0,0
2016-03-29,49.99,29.99,20.000000000000004,66.68889629876628,41,41,9.0,55.020136986301374,18.0,0
2016-03-30,49.99,29.99,20.000000000000004,66.68889629876628,42,42,9.0,55.009178082191774,18.0,0
2016-03-31,49.99,29.99,20.000000000000004,66.68889629876628,43,43,9.0,54.998219178082195,18.0,0
2016-04-01,49.99,29.99,20.000000000000004,66.68889629876628,44,44,9.0,54.98726027397261,18.0,0
2016-04-02,49.99,29.99,20.000000000000004,66.68889629876628,45,45,9.0,54.97630136986301,18.0,0
2016-04-03,49.99,29.99,20.000000000000004,66.68889629876628,46,46,9.0,54.96534246575343,18.0,0
2016-04-04,49.99,29.99,20.000000000000004,66.68889629876628,47,47,9.0,54.95438356164383,18.0,0
2016-04-05,49.99,29.99,20.000000000000004,66.68889629876628,48,48,9.0,54.94342465753425,18.0,0
2016-04-06,49.99,29.99,20.000000000000004,66.68889629876628,49,49,9.0,54.93246575342465,18.0,0
2016-04-07,49.99,29.99,20.000000000000004,66.68889629876628,50,50,9.0,54.92150684931507,18.0,0
2016-04-08,49.99,29.99,20.000000000000004,66.68889629876628,51,51,9.0,54.91054794520549,18.0,0
2016-04-09,49.99,29.99,20.000000000000004,66.68889629876628,52,52,9.0,54.899589041095886,18.0,0
2016-04-10,49.99,29.99,20.000000000000004,66.68889629876628,53,53,9.0,54.88863013698631,18.0,0
2016-04-11,49.99,29.99,20.000000000000004,66.68889629876628,54,54,9.0,54.87767123287671,18.0,0
2016-04-12,49.99,29.99,20.000000000000004,66.68889629876628,55,55,9.0,54.86671232876713,18.0,0
2016-04-13,49.99,29.99,20.000000000000004,66.68889629876628,56,56,9.0,54.85575342465753,18.0,0
2016-04-14,49.99,29.99,20.000000000000004,66.68889629876628,57,57,9.0,54.84479452054795,18.0,0
2016-04-15,49.99,29.99,20.000000000000004,66.68889629876628,58,58,9.0,54.83383561643835,18.0,0
2016-04-16,49.99,29.99,20.000000000000004,66.68889629876628,59,59,9.0,54.82287671232877,18.0,0
2016-04-17,49.99,29.99,20.000000000000004,66.68889629876628,60,60,9.0,54.811917808219185,18.0,0
2016-04-18,49.99,29.99,20.000000000000004,66.68889629876628,61,61,9.0,54.800958904109585,18.0,1
2016-04-19,49.99,29.99,20.000000000000004,66.68889629876628,62,62,9.0,54.790000000000006,18.0,1
2016-04-20,49.99,29.99,20.000000000000004,66.68889629876628,63,63,9.0,54.779041095890406,18.0,1
2016-04-21,49.99,29.99,20.000000000000004,66.68889629876628,64,64,9.0,54.76808219178083,18.0,1
2016-04-22,49.99,29.99,20.000000000000004,66.68889629876628,65,65,9.0,54.75712328767123,18.0,1
2016-04-23,49.99,29.99,20.000000000000004,66.68889629876628,66,66,9.0,54.74616438356165,18.0,1
2016-04-24,49.99,29.99,20.000000000000004,66.68889629876628,67,67,9.0,54.73520547945206,18.0,1
2016-04-25,49.99,29.99,20.000000000000004,66.68889629876628,68,68,9.0,54.72424657534247,18.0,1
2016-04-26,49.99,29.99,20.000000000000004,66.68889629876628,69,69,9.0,54.713287671232884,18.0,1
2016-04-27,49.99,29.99,20.000000000000004,66.68889629876628,70,70,9.0,54.702328767123284,18.0,1
2016-04-28,49.99,29.99,20.000000000000004,66.68889629876628,71,71,9.0,54.691369863013705,18.0,1
2016-04-29,49.99,29.99,20.000000000000004,66.68889629876628,72,72,9.0,54.680410958904105,18.0,1
2016-04-30,49.99,29.99,20.000000000000004,66.68889629876628,73,73,9.0,54.669452054794526,18.0,1
2016-05-01,49.99,29.99,20.000000000000004,66.68889629876628,74,74,9.0,54.658493150684926,18.0,1
2016-05-02,49.99,29.99,20.000000000000004,66.68889629876628,75,75,9.0,54.64753424657535,18.0,1
2016-05-03,49.99,29.99,20.000000000000004,66.68889629876628,76,76,9.0,54.63657534246576,18.0,1
2016-05-04,49.99,29.99,20.000000000000004,66.68889629876628,77,77,9.0,54.62561643835616,18.0,1
2016-05-05,49.99,29.99,20.000000000000004,66.68889629876628,78,78,9.0,54.61465753424658,18.0,1
2016-05-06,49.99,29.99,20.000000000000004,66.68889629876628,79,79,9.0,54.60369863013698,18.0,1
2016-05-07,49.99,29.99,20.000000000000004,66.68889629876628,80,80,9.0,54.5927397260274,18.0,1
2016-05-08,49.99,29.99,20.000000000000004,66.68889629876628,81,81,9.0,54.5817808219178,18.0,1
2016-05-09,49.99,29.99,20.000000000000004,66.68889629876628,82,82,9.0,54.570821917808225,18.0,1
2016-05-10,49.99,29.99,20.000000000000004,66.68889629876628,83,83,9.0,54.559863013698624,18.0,1
2016-05-11,49.99,29.99,20.000000000000004,66.68889629876628,84,84,9.0,54.548904109589046,18.0,1
2016-05-12,49.99,29.99,20.000000000000004,66.68889629876628,85,85,9.0,54.53794520547946,18.0,1
2016-05-13,49.99,29.99,20.000000000000004,66.68889629876628,86,86,9.0,54.52698630136986,18.0,1
2016-05-14,49.99,29.99,20.000000000000004,66.68889629876628,87,87,9.0,54.51602739726028,18.0,1
2016-05-15,49.99,29.99,20.000000000000004,66.68889629876628,88,88,9.0,54.50506849315068,18.0,1
2016-05-16,49.99,29.99,20.000000000000004,66.68889629876628,89,89,9.0,54.4941095890411,18.0,1
2016-05-17,49.99,29.99,20.000000000000004,66.68889629876628,90,90,9.0,54.4831506849315,18.0,1
2016-05-18,24.99,24.99,0.0,0.0,0,0,9.0,54.47219178082192,18.0,0
2016-05-19,24.99,24.99,0.0,0.0,1,1,10.0,54.37630136986302,18.0,0
2016-05-20,24.99,24.99,0.0,0.0,2,2,10.0,54.280410958904106,18.0,0
2016-05-21,24.99,24.99,0.0,0.0,3,3,10.0,54.18452054794521,18.0,0
2016-05-22,24.99,24.99,0.0,0.0,4,4,10.0,54.088630136986296,18.0,0
2016-05-23,24.99,24.99,0.0,0.0,5,5,10.0,53.9927397260274,18.0,0
2016-05-24,24.99,24.99,0.0,0.0,6,6,10.0,53.896849315068486,18.0,0
2016-05-25,24.99,24.99,0.0,0.0,7,7,10.0,53.80095890410959,18.0,0
2016-05-26,24.99,24.99,0.0,0.0,8,8,10.0,53.705068493150684,18.0,0
2016-05-27,24.99,24.99,0.0,0.0,9,9,10.0,53.60917808219179,18.0,0
2016-05-28,24.99,24.99,0.0,0.0,10,10,10.0,53.51328767123288,18.0,0
2016-05-29,24.99,24.99,0.0,0.0,11,11,10.0,53.417397260273965,18.0,0
2016-05-30,24.99,24.99,0.0,0.0,12,12,10.0,53.32150684931507,18.0,0
2016-05-31,24.99,24.99,0.0,0.0,13,13,10.0,53.22561643835616,18.0,0
2016-06-01,24.99,24.99,0.0,0.0,14,14,10.0,53.12972602739727,18.0,0
2016-06-02,49.99,24.99,25.000000000000004,100.04001600640258,0,15,10.0,53.03383561643835,18.0,1
2016-06-03,49.99,24.99,25.000000000000004,100.04001600640258,1,16,10.0,53.00643835616439,19.0,1
2016-06-04,49.99,24.99,25.000000000000004,100.04001600640258,2,17,10.0,52.97904109589041,19.0,1
2016-06-05,49.99,24.99,25.000000000000004,100.04001600640258,3,18,10.0,52.951643835616444,19.0,1
2016-06-06,49.99,24.99,25.000000000000004,100.04001600640258,4,19,10.0,52.92424657534247,19.0,1
2016-06-07,49.99,24.99,25.000000000000004,100.04001600640258,5,20,10.0,52.896849315068486,19.0,1
2016-06-08,49.99,24.99,25.000000000000004,100.04001600640258,6,21,10.0,52.86945205479453,19.0,1
2016-06-09,49.99,24.99,25.000000000000004,100.04001600640258,7,22,10.0,52.84205479452054,19.0,1
2016-06-10,49.99,24.99,25.000000000000004,100.04001600640258,8,23,10.0,52.81465753424658,19.0,1
2016-06-11,49.99,24.99,25.000000000000004,100.04001600640258,9,24,10.0,52.7872602739726,19.0,1
2016-06-12,49.99,24.99,25.000000000000004,100.04001600640258,10,25,9.0,52.77630136986302,18.0,1
2016-06-13,49.99,24.99,25.000000000000004,100.04001600640258,11,26,9.0,52.76534246575343,18.0,1
2016-06-14,49.99,24.99,25.000000000000004,100.04001600640258,12,27,9.0,52.754383561643834,18.0,1
2016-06-15,49.99,24.99,25.000000000000004,100.04001600640258,13,28,9.0,52.743424657534256,18.0,1
2016-06-16,49.99,24.99,25.000000000000004,100.04001600640258,14,29,9.0,52.732465753424655,18.0,1
2016-06-17,49.99,24.99,25.000000000000004,100.04001600640258,15,30,9.0,52.72150684931508,18.0,1
2016-06-18,49.99,24.99,25.000000000000004,100.04001600640258,16,31,9.0,52.71054794520548,18.0,1
2016-06-19,49.99,24.99,25.000000000000004,100.04001600640258,17,32,9.0,52.6995890410959,18.0,1
2016-06-20,49.99,24.99,25.000000000000004,100.04001600640258,18,33,9.0,52.6886301369863,18.0,1
2016-06-21,49.99,24.99,25.000000000000004,100.04001600640258,19,34,9.0,52.67767123287672,18.0,1
2016-06-22,49.99,24.99,25.000000000000004,100.04001600640258,20,35,9.0,52.666712328767126,18.0,1
2016-06-23,49.99,24.99,25.000000000000004,100.04001600640258,21,36,9.0,52.63931506849315,17.0,1
2016-06-24,24.99,24.99,0.0,0.0,0,0,9.0,52.61191780821918,17.0,0
2016-06-25,24.99,24.99,0.0,0.0,1,1,10.0,52.51602739726027,18.0,0
2016-06-26,24.99,24.99,0.0,0.0,2,2,10.0,52.42013698630137,18.0,0
2016-06-27,24.99,24.99,0.0,0.0,3,3,10.0,52.324246575342464,18.0,0
2016-06-28,24.99,24.99,0.0,0.0,4,4,10.0,52.22835616438357,18.0,0
2016-06-29,24.99,24.99,0.0,0.0,5,5,10.0,52.132465753424654,18.0,0
2016-06-30,24.99,24.99,0.0,0.0,6,6,10.0,52.03657534246576,18.0,0
2016-07-01,24.99,24.99,0.0,0.0,7,7,10.0,51.94068493150686,18.0,0
2016-07-02,24.99,24.99,0.0,0.0,8,8,10.0,51.84479452054794,18.0,0
2016-07-03,24.99,24.99,0.0,0.0,9,9,10.0,51.74890410958905,18.0,0
2016-07-04,24.99,24.99,0.0,0.0,10,10,10.0,51.65301369863013,18.0,0
2016-07-05,49.99,24.99,25.000000000000004,100.04001600640258,0,11,10.0,51.55712328767124,18.0,0
2016-07-06,49.99,24.99,25.000000000000004,100.04001600640258,1,12,10.0,51.52972602739726,19.0,0
2016-07-07,49.99,24.99,25.000000000000004,100.04001600640258,2,13,10.0,51.502328767123295,19.0,0
2016-07-08,49.99,24.99,25.000000000000004,100.04001600640258,3,14,10.0,51.47493150684932,19.0,0
2016-07-09,49.99,24.99,25.000000000000004,100.04001600640258,4,15,10.0,51.44753424657534,19.0,0
2016-07-10,49.99,24.99,25.000000000000004,100.04001600640258,5,16,10.0,51.42013698630137,19.0,0
2016-07-11,49.99,24.99,25.000000000000004,100.04001600640258,6,17,10.0,51.39273972602739,19.0,0
2016-07-12,49.99,24.99,25.000000000000004,100.04001600640258,7,18,10.0,51.36534246575343,19.0,0
2016-07-13,49.99,24.99,25.000000000000004,100.04001600640258,8,19,10.0,51.33794520547945,19.0,0
2016-07-14,49.99,24.99,25.000000000000004,100.04001600640258,9,20,10.0,51.310547945205485,19.0,0
2016-07-15,49.99,24.99,25.000000000000004,100.04001600640258,10,21,10.0,51.283150684931506,19.0,0
2016-07-16,49.99,24.99,25.000000000000004,100.04001600640258,11,22,10.0,51.25575342465754,19.0,0
2016-07-17,49.99,24.99,25.000000000000004,100.04001600640258,12,23,10.0,51.22835616438357,19.0,0
2016-07-18,49.99,24.99,25.000000000000004,100.04001600640258,13,24,10.0,51.200958904109584,19.0,0
2016-07-19,49.99,24.99,25.000000000000004,100.04001600640258,14,25,10.0,51.17356164383562,19.0,0
2016-07-20,49.99,24.99,25.000000000000004,100.04001600640258,15,26,10.0,51.14616438356164,19.0,0
2016-07-21,49.99,24.99,25.000000000000004,100.04001600640258,16,27,10.0,51.118767123287675,19.0,0
2016-07-22,49.99,24.99,25.000000000000004,100.04001600640258,17,28,10.0,51.091369863013696,19.0,0
2016-07-23,49.99,24.99,25.000000000000004,100.04001600640258,18,29,10.0,51.06397260273973,19.0,0
2016-07-24,49.99,24.99,25.000000000000004,100.04001600640258,19,30,10.0,51.03657534246575,19.0,0
2016-07-25,49.99,24.99,25.000000000000004,100.04001600640258,20,31,10.0,51.009178082191774,19.0,1
2016-07-26,49.99,24.99,25.000000000000004,100.04001600640258,21,32,10.0,50.981780821917816,19.0,1
2016-07-27,49.99,24.99,25.000000000000004,100.04001600640258,22,33,10.0,50.95438356164383,19.0,1
2016-07-28,49.99,24.99,25.000000000000004,100.04001600640258,23,34,10.0,50.92698630136987,19.0,1
2016-07-29,49.99,24.99,25.000000000000004,100.04001600640258,24,35,10.0,50.899589041095886,19.0,1
2016-07-30,49.99,24.99,25.000000000000004,100.04001600640258,25,36,10.0,50.87219178082192,19.0,1
2016-07-31,49.99,24.99,25.000000000000004,100.04001600640258,26,37,10.0,50.84479452054794,19.0,1
2016-08-01,49.99,24.99,25.000000000000004,100.04001600640258,27,38,10.0,50.81739726027398,19.0,1
2016-08-02,49.99,24.99,25.000000000000004,100.04001600640258,28,39,10.0,50.790000000000006,19.0,1
2016-08-03,49.99,24.99,25.000000000000004,100.04001600640258,29,40,10.0,50.76260273972602,19.0,1
2016-08-04,49.99,24.99,25.000000000000004,100.04001600640258,30,41,10.0,50.73520547945206,19.0,1
2016-08-05,49.99,24.99,25.000000000000004,100.04001600640258,31,42,10.0,50.70780821917808,19.0,1
2016-08-06,49.99,24.99,25.000000000000004,100.04001600640258,32,43,10.0,50.68041095890412,19.0,1
2016-08-07,49.99,24.99,25.000000000000004,100.04001600640258,33,44,10.0,50.65301369863013,19.0,1
2016-08-08,49.99,24.99,25.000000000000004,100.04001600640258,34,45,10.0,50.62561643835617,19.0,1
2016-08-09,49.99,24.99,25.000000000000004,100.04001600640258,35,46,10.0,50.59821917808219,19.0,1
2016-08-10,49.99,24.99,25.000000000000004,100.04001600640258,36,47,10.0,50.570821917808225,19.0,1
2016-08-11,49.99,24.99,25.000000000000004,100.04001600640258,37,48,10.0,50.54342465753425,19.0,1
2016-08-12,49.99,24.99,25.000000000000004,100.04001600640258,38,49,10.0,50.51602739726027,19.0,1
2016-08-13,49.99,24.99,25.000000000000004,100.04001600640258,39,50,10.0,50.48863013698631,19.0,1
2016-08-14,49.99,24.99,25.000000000000004,100.04001600640258,40,51,10.0,50.46123287671232,19.0,1
2016-08-15,49.99,24.99,25.000000000000004,100.04001600640258,41,52,10.0,50.433835616438365,19.0,1
2016-08-16,49.99,24.99,25.000000000000004,100.04001600640258,42,53,10.0,50.40643835616438,19.0,1
2016-08-17,49.99,24.99,25.000000000000004,100.04001600640258,43,54,10.0,50.379041095890415,19.0,1
2016-08-18,49.99,24.99,25.000000000000004,100.04001600640258,44,55,10.0,50.35164383561644,19.0,1
2016-08-19,49.99,24.99,25.000000000000004,100.04001600640258,45,56,10.0,50.324246575342464,19.0,1
2016-08-20,49.99,24.99,25.000000000000004,100.04001600640258,46,57,10.0,50.2968493150685,19.0,1
2016-08-21,49.99,24.99,25.000000000000004,100.04001600640258,47,58,10.0,50.26945205479451,19.0,1
2016-08-22,49.99,24.99,25.000000000000004,100.04001600640258,48,59,10.0,50.242054794520556,19.0,1
2016-08-23,49.99,24.99,25.000000000000004,100.04001600640258,49,60,10.0,50.21465753424657,19.0,1
2016-08-24,24.99,24.99,0.0,0.0,0,0,10.0,50.18726027397261,19.0,0
2016-08-25,24.99,24.99,0.0,0.0,1,1,11.0,50.091369863013696,20.0,0
2016-08-26,24.99,24.99,0.0,0.0,2,2,11.0,49.9954794520548,20.0,0
2016-08-27,49.99,24.99,25.000000000000004,100.04001600640258,0,3,11.0,49.89958904109589,20.0,1
2016-08-28,49.99,24.99,25.000000000000004,100.04001600640258,1,4,11.0,49.872191780821915,21.0,1
2016-08-29,49.99,24.99,25.000000000000004,100.04001600640258,2,5,11.0,49.84479452054795,21.0,1
2016-08-30,39.99,24.99,15.000000000000004,60.024009603841556,0,0,11.0,49.81739726027397,21.0,0
2016-08-31,39.99,24.99,15.000000000000004,60.024009603841556,1,1,12.0,49.762602739726034,22.0,0
2016-09-01,39.99,24.99,15.000000000000004,60.024009603841556,2,2,12.0,49.70780821917808,22.0,1
2016-09-02,39.99,24.99,15.000000000000004,60.024009603841556,3,3,12.0,49.65301369863014,22.0,1
2016-09-03,39.99,24.99,15.000000000000004,60.024009603841556,4,4,12.0,49.59821917808219,22.0,1
2016-09-04,39.99,24.99,15.000000000000004,60.024009603841556,5,5,12.0,49.54342465753425,22.0,1
2016-09-05,39.99,24.99,15.000000000000004,60.024009603841556,6,6,12.0,49.48863013698631,22.0,1
2016-09-06,39.99,24.99,15.000000000000004,60.024009603841556,7,7,12.0,49.43383561643835,22.0,1
2016-09-07,39.99,24.99,15.000000000000004,60.024009603841556,8,8,12.0,49.379041095890415,22.0,1
2016-09-08,39.99,24.99,15.000000000000004,60.024009603841556,9,9,12.0,49.324246575342464,22.0,1
2016-09-09,39.99,24.99,15.000000000000004,60.024009603841556,10,10,12.0,49.26945205479453,22.0,1
2016-09-10,39.99,24.99,15.000000000000004,60.024009603841556,11,11,12.0,49.21465753424657,22.0,1
2016-09-11,39.99,24.99,15.000000000000004,60.024009603841556,12,12,11.0,49.209178082191784,21.0,1
2016-09-12,39.99,24.99,15.000000000000004,60.024009603841556,13,13,11.0,49.20369863013699,21.0,1
2016-09-13,39.99,24.99,15.000000000000004,60.024009603841556,14,14,11.0,49.19821917808219,21.0,1
2016-09-14,39.99,24.99,15.000000000000004,60.024009603841556,15,15,11.0,49.192739726027405,21.0,1
2016-09-15,39.99,24.99,15.000000000000004,60.024009603841556,16,16,11.0,49.1872602739726,21.0,1
2016-09-16,39.99,24.99,15.000000000000004,60.024009603841556,17,17,11.0,49.13246575342466,20.0,1
2016-09-17,39.99,24.99,15.000000000000004,60.024009603841556,18,18,11.0,49.07767123287671,20.0,1
2016-09-18,39.99,24.99,15.000000000000004,60.024009603841556,19,19,11.0,49.022876712328774,20.0,1
2016-09-19,39.99,24.99,15.000000000000004,60.024009603841556,20,20,11.0,48.968082191780816,20.0,1
2016-09-20,39.99,24.99,15.000000000000004,60.024009603841556,21,21,11.0,48.91328767123288,20.0,1
2016-09-21,39.99,24.99,15.000000000000004,60.024009603841556,22,22,11.0,48.858493150684936,20.0,1
2016-09-22,39.99,24.99,15.000000000000004,60.024009603841556,23,23,11.0,48.803698630136985,20.0,1
2016-09-23,39.99,24.99,15.000000000000004,60.024009603841556,24,24,11.0,48.74890410958905,20.0,1
2016-09-24,39.99,24.99,15.000000000000004,60.024009603841556,25,25,11.0,48.69410958904109,20.0,1
2016-09-25,39.99,24.99,15.000000000000004,60.024009603841556,26,26,11.0,48.639315068493154,20.0,1
2016-09-26,39.99,24.99,15.000000000000004,60.024009603841556,27,27,11.0,48.5845205479452,20.0,1
2016-09-27,39.99,24.99,15.000000000000004,60.024009603841556,28,28,11.0,48.52972602739727,20.0,1
2016-09-28,39.99,24.99,15.000000000000004,60.024009603841556,29,29,11.0,48.47493150684931,20.0,1
2016-09-29,39.99,24.99,15.000000000000004,60.024009603841556,30,30,11.0,48.420136986301365,20.0,1
2016-09-30,39.99,24.99,15.000000000000004,60.024009603841556,31,31,11.0,48.36534246575343,20.0,1
2016-10-01,29.99,24.99,5.0,20.008003201280513,0,0,11.0,48.31054794520548,20.0,1
2016-10-02,29.99,24.99,5.0,20.008003201280513,1,1,12.0,48.22835616438357,21.0,1
2016-10-03,29.99,24.99,5.0,20.008003201280513,2,2,12.0,48.14616438356164,21.0,1
2016-10-04,39.99,24.99,15.000000000000004,60.024009603841556,0,3,12.0,48.06397260273973,21.0,1
2016-10-05,39.99,24.99,15.000000000000004,60.024009603841556,1,4,12.0,48.009178082191774,22.0,1
2016-10-06,39.99,24.99,15.000000000000004,60.024009603841556,2,5,12.0,47.954383561643844,22.0,1
2016-10-07,39.99,24.99,15.000000000000004,60.024009603841556,3,6,12.0,47.89958904109589,22.0,1
2016-10-08,39.99,24.99,15.000000000000004,60.024009603841556,4,7,12.0,47.84479452054794,22.0,1
2016-10-09,39.99,24.99,15.000000000000004,60.024009603841556,5,8,12.0,47.790000000000006,22.0,1
2016-10-10,39.99,24.99,15.000000000000004,60.024009603841556,6,9,12.0,47.73520547945205,22.0,1
2016-10-11,39.99,24.99,15.000000000000004,60.024009603841556,7,10,12.0,47.68041095890412,22.0,1
2016-10-12,39.99,24.99,15.000000000000004,60.024009603841556,8,11,12.0,47.62561643835616,22.0,1
2016-10-13,39.99,24.99,15.000000000000004,60.024009603841556,9,12,12.0,47.570821917808225,22.0,1
2016-10-14,39.99,24.99,15.000000000000004,60.024009603841556,10,13,12.0,47.51602739726027,22.0,1
2016-10-15,39.99,24.99,15.000000000000004,60.024009603841556,11,14,12.0,47.46123287671234,22.0,1
2016-10-16,39.99,24.99,15.000000000000004,60.024009603841556,12,15,12.0,47.40643835616439,22.0,1
2016-10-17,39.99,24.99,15.000000000000004,60.024009603841556,13,16,12.0,47.351643835616436,22.0,1
2016-10-18,39.99,24.99,15.000000000000004,60.024009603841556,14,17,12.0,47.2968493150685,22.0,1
2016-10-19,39.99,24.99,15.000000000000004,60.024009603841556,15,18,12.0,47.24205479452054,22.0,1
2016-10-20,39.99,24.99,15.000000000000004,60.024009603841556,16,19,12.0,47.18726027397261,22.0,1
2016-10-21,39.99,24.99,15.000000000000004,60.024009603841556,17,20,12.0,47.132465753424654,22.0,1
2016-10-22,26.79,24.99,1.8000000000000007,7.202881152460988,0,0,12.0,47.07767123287672,22.0,0
2016-10-23,26.79,24.99,1.8000000000000007,7.202881152460988,1,1,13.0,46.986712328767126,23.0,0
2016-10-24,26.79,24.99,1.8000000000000007,7.202881152460988,2,2,13.0,46.89575342465753,23.0,0
2016-10-25,39.99,24.99,15.000000000000004,60.024009603841556,0,3,13.0,46.804794520547944,23.0,1
2016-10-26,39.99,24.99,15.000000000000004,60.024009603841556,1,4,13.0,46.75,24.0,1
2016-10-27,39.99,24.99,15.000000000000004,60.024009603841556,2,5,13.0,46.695205479452056,24.0,1
2016-10-28,39.99,24.99,15.000000000000004,60.024009603841556,3,6,13.0,46.64041095890411,24.0,1
2016-10-29,26.79,24.99,1.8000000000000007,7.202881152460988,0,0,13.0,46.58561643835616,24.0,1
2016-10-30,26.79,24.99,1.8000000000000007,7.202881152460988,1,1,13.0,46.54397260273972,24.0,1
2016-10-31,26.79,24.99,1.8000000000000007,7.202881152460988,2,2,13.0,46.502328767123295,24.0,1
2016-11-01,26.79,24.99,1.8000000000000007,7.202881152460988,3,3,13.0,46.460684931506854,24.0,1
2016-11-02,26.79,24.99,1.8000000000000007,7.202881152460988,4,4,13.0,46.4190410958904,24.0,1
2016-11-03,39.99,24.99,15.000000000000004,60.024009603841556,0,5,13.0,46.32808219178082,23.0,1
2016-11-04,39.99,24.99,15.000000000000004,60.024009603841556,1,6,13.0,46.27328767123288,24.0,1
2016-11-05,39.99,24.99,15.000000000000004,60.024009603841556,2,7,13.0,46.21849315068493,24.0,1
2016-11-06,39.99,24.99,15.000000000000004,60.024009603841556,3,8,13.0,46.163698630136984,24.0,1
2016-11-07,39.99,24.99,15.000000000000004,60.024009603841556,4,9,13.0,46.10890410958904,24.0,1
2016-11-08,39.99,24.99,15.000000000000004,60.024009603841556,5,10,13.0,46.0541095890411,24.0,1
2016-11-09,39.99,24.99,15.000000000000004,60.024009603841556,6,11,13.0,45.99931506849316,24.0,1
2016-11-10,39.99,24.99,15.000000000000004,60.024009603841556,7,12,13.0,45.9445205479452,24.0,1
2016-11-11,39.99,24.99,15.000000000000004,60.024009603841556,8,13,12.0,45.93904109589041,23.0,1
2016-11-12,39.99,24.99,15.000000000000004,60.024009603841556,9,14,12.0,45.93356164383562,23.0,1
2016-11-13,39.99,24.99,15.000000000000004,60.024009603841556,10,15,12.0,45.87876712328767,22.0,1
2016-11-14,39.99,24.99,15.000000000000004,60.024009603841556,11,16,12.0,45.82397260273972,22.0,1
2016-11-15,39.99,24.99,15.000000000000004,60.024009603841556,12,17,12.0,45.76917808219178,22.0,1
2016-11-16,39.99,24.99,15.000000000000004,60.024009603841556,13,18,12.0,45.71438356164384,22.0,1
2016-11-17,39.99,24.99,15.000000000000004,60.024009603841556,14,19,12.0,45.65958904109589,22.0,1
2016-11-18,39.99,24.99,15.000000000000004,60.024009603841556,15,20,12.0,45.60479452054795,22.0,1
2016-11-19,39.99,24.99,15.000000000000004,60.024009603841556,16,21,12.0,45.55,22.0,1
2016-11-20,39.99,24.99,15.000000000000004,60.024009603841556,17,22,12.0,45.49520547945205,22.0,1
2016-11-21,39.99,24.99,15.000000000000004,60.024009603841556,18,23,12.0,45.44041095890411,22.0,1
2016-11-22,39.99,24.99,15.000000000000004,60.024009603841556,19,24,12.0,45.385616438356166,22.0,1
2016-11-23,39.99,24.99,15.000000000000004,60.024009603841556,20,25,12.0,45.33082191780822,22.0,1
2016-11-24,19.99,19.99,0.0,0.0,0,0,12.0,45.27602739726027,22.0,0
2016-11-25,19.99,19.99,0.0,0.0,1,1,13.0,45.16643835616439,23.0,0
2016-11-26,19.99,19.99,0.0,0.0,2,2,12.0,45.13904109589041,22.0,0
2016-11-27,19.99,19.99,0.0,0.0,3,3,12.0,45.11164383561644,22.0,0
2016-11-28,19.99,19.99,0.0,0.0,4,4,12.0,45.08424657534247,22.0,0
2016-11-29,19.99,19.99,0.0,0.0,5,5,12.0,45.05684931506849,22.0,0
2016-11-30,19.99,19.99,0.0,0.0,6,6,12.0,45.02945205479452,22.0,0
2016-12-01,39.99,19.99,20.000000000000004,100.05002501250628,0,7,12.0,45.00205479452055,22.0,1
2016-12-02,39.99,19.99,20.000000000000004,100.05002501250628,1,8,12.0,44.9472602739726,22.0,1
2016-12-03,39.99,19.99,20.000000000000004,100.05002501250628,2,9,12.0,44.89246575342466,22.0,1
2016-12-04,39.99,19.99,20.000000000000004,100.05002501250628,3,10,11.0,44.91986301369863,21.0,1
2016-12-05,39.99,19.99,20.000000000000004,100.05002501250628,4,11,11.0,44.9472602739726,21.0,1
2016-12-06,39.99,19.99,20.000000000000004,100.05002501250628,5,12,11.0,44.89246575342466,20.0,1
2016-12-07,39.99,19.99,20.000000000000004,100.05002501250628,6,13,11.0,44.837671232876716,20.0,1
2016-12-08,39.99,19.99,20.000000000000004,100.05002501250628,7,14,11.0,44.78287671232877,20.0,1
2016-12-09,39.99,19.99,20.000000000000004,100.05002501250628,8,15,11.0,44.72808219178082,20.0,1
2016-12-10,39.99,19.99,20.000000000000004,100.05002501250628,9,16,11.0,44.67328767123288,20.0,1
2016-12-11,39.99,19.99,20.000000000000004,100.05002501250628,10,17,11.0,44.618493150684934,20.0,1
2016-12-12,39.99,19.99,20.000000000000004,100.05002501250628,11,18,11.0,44.56369863013698,20.0,1
2016-12-13,39.99,19.99,20.000000000000004,100.05002501250628,12,19,11.0,44.50890410958904,20.0,1
2016-12-14,39.99,19.99,20.000000000000004,100.05002501250628,13,20,11.0,44.454109589041096,20.0,1
2016-12-15,39.99,19.99,20.000000000000004,100.05002501250628,14,21,11.0,44.39931506849315,20.0,1
2016-12-16,39.99,19.99,20.000000000000004,100.05002501250628,15,22,11.0,44.34452054794521,20.0,1
2016-12-17,39.99,19.99,20.000000000000004,100.05002501250628,16,23,11.0,44.28972602739726,20.0,1
2016-12-18,39.99,19.99,20.000000000000004,100.05002501250628,17,24,11.0,44.234931506849314,20.0,1
2016-12-19,39.99,19.99,20.000000000000004,100.05002501250628,18,25,11.0,44.18013698630137,20.0,1
2016-12-20,39.99,19.99,20.000000000000004,100.05002501250628,19,26,11.0,44.12534246575343,20.0,1
2016-12-21,39.99,19.99,20.000000000000004,100.05002501250628,20,27,11.0,44.070547945205476,20.0,1
2016-12-22,39.99,19.99,20.000000000000004,100.05002501250628,21,28,11.0,44.01575342465753,20.0,1
2016-12-23,19.99,19.99,0.0,0.0,0,0,10.0,44.04315068493151,19.0,0
2016-12-24,19.99,19.99,0.0,0.0,1,1,11.0,44.01575342465754,20.0,0
2016-12-25,19.99,19.99,0.0,0.0,2,2,11.0,43.98835616438356,20.0,0
2016-12-26,19.99,19.99,0.0,0.0,3,3,11.0,43.96095890410959,20.0,0
2016-12-27,19.99,19.99,0.0,0.0,4,4,11.0,43.93356164383562,20.0,0
2016-12-28,19.99,19.99,0.0,0.0,5,5,11.0,43.906164383561645,20.0,0
2016-12-29,19.99,19.99,0.0,0.0,6,6,11.0,43.87876712328767,20.0,0
2016-12-30,19.99,19.99,0.0,0.0,7,7,11.0,43.8513698630137,20.0,0
2016-12-31,19.99,19.99,0.0,0.0,8,8,11.0,43.82397260273973,20.0,0
2017-01-01,19.99,19.99,0.0,0.0,9,9,11.0,43.79657534246576,20.0,0
2017-01-02,19.99,19.99,0.0,0.0,10,10,11.0,43.769178082191786,20.0,0
2017-01-03,39.99,19.99,20.000000000000004,100.05002501250628,0,11,11.0,43.74178082191781,20.0,1
2017-01-04,39.99,19.99,20.000000000000004,100.05002501250628,1,12,11.0,43.76917808219178,21.0,1
2017-01-05,39.99,19.99,20.000000000000004,100.05002501250628,2,13,11.0,43.714383561643835,20.0,1
2017-01-06,39.99,19.99,20.000000000000004,100.05002501250628,3,14,11.0,43.65958904109589,20.0,1
2017-01-07,39.99,19.99,20.000000000000004,100.05002501250628,4,15,11.0,43.60479452054795,20.0,1
2017-01-08,39.99,19.99,20.000000000000004,100.05002501250628,5,16,11.0,43.55,20.0,1
2017-01-09,39.99,19.99,20.000000000000004,100.05002501250628,6,17,11.0,43.49520547945206,20.0,1
2017-01-10,39.99,19.99,20.000000000000004,100.05002501250628,7,18,11.0,43.44041095890412,20.0,1
2017-01-11,39.99,19.99,20.000000000000004,100.05002501250628,8,19,11.0,43.385616438356166,20.0,1
2017-01-12,39.99,19.99,20.000000000000004,100.05002501250628,9,20,11.0,43.33082191780822,20.0,1
2017-01-13,39.99,19.99,20.000000000000004,100.05002501250628,10,21,11.0,43.27602739726027,20.0,1
2017-01-14,39.99,19.99,20.000000000000004,100.05002501250628,11,22,11.0,43.22123287671233,20.0,1
2017-01-15,39.99,19.99,20.000000000000004,100.05002501250628,12,23,11.0,43.166438356164385,20.0,1
2017-01-16,39.99,19.99,20.000000000000004,100.05002501250628,13,24,11.0,43.11164383561644,20.0,1
2017-01-17,39.99,19.99,20.000000000000004,100.05002501250628,14,25,11.0,43.0568493150685,20.0,1
2017-01-18,39.99,19.99,20.000000000000004,100.05002501250628,15,26,11.0,43.002054794520554,20.0,1
2017-01-19,39.99,19.99,20.000000000000004,100.05002501250628,16,27,11.0,42.9472602739726,20.0,1
2017-01-20,39.99,19.99,20.000000000000004,100.05002501250628,17,28,11.0,42.89246575342466,20.0,1
2017-01-21,39.99,19.99,20.000000000000004,100.05002501250628,18,29,11.0,42.837671232876716,20.0,1
2017-01-22,39.99,19.99,20.000000000000004,100.05002501250628,19,30,11.0,42.782876712328765,20.0,1
2017-01-23,39.99,19.99,20.000000000000004,100.05002501250628,20,31,11.0,42.72808219178082,20.0,1
2017-01-24,39.99,19.99,20.000000000000004,100.05002501250628,21,32,11.0,42.67328767123288,20.0,1
2017-01-25,39.99,19.99,20.000000000000004,100.05002501250628,22,33,11.0,42.618493150684934,20.0,1
2017-01-26,39.99,19.99,20.000000000000004,100.05002501250628,23,34,11.0,42.56369863013699,20.0,1
2017-01-27,39.99,19.99,20.000000000000004,100.05002501250628,24,35,11.0,42.50890410958905,20.0,1
2017-01-28,39.99,19.99,20.000000000000004,100.05002501250628,25,36,11.0,42.454109589041096,20.0,1
2017-01-29,39.99,19.99,20.000000000000004,100.05002501250628,26,37,11.0,42.39931506849315,20.0,1
2017-01-30,39.99,19.99,20.000000000000004,100.05002501250628,27,38,11.0,42.34452054794521,20.0,1
2017-01-31,23.99,19.99,4.0,20.010005002501252,0,0,11.0,42.28972602739726,20.0,0
2017-02-01,23.99,19.99,4.0,20.010005002501252,1,1,12.0,42.191095890410956,21.0,0
2017-02-02,39.99,19.99,20.000000000000004,100.05002501250628,0,2,12.0,42.092465753424655,21.0,0
2017-02-03,39.99,19.99,20.000000000000004,100.05002501250628,1,3,12.0,42.03767123287672,22.0,0
2017-02-04,39.99,19.99,20.000000000000004,100.05002501250628,2,4,12.0,41.982876712328775,22.0,0
2017-02-05,39.99,19.99,20.000000000000004,100.05002501250628,3,5,12.0,41.928082191780824,22.0,0
2017-02-06,39.99,19.99,20.000000000000004,100.05002501250628,4,6,11.0,41.955479452054796,21.0,0
2017-02-07,39.99,19.99,20.000000000000004,100.05002501250628,5,7,11.0,41.98287671232877,21.0,0
2017-02-08,39.99,19.99,20.000000000000004,100.05002501250628,6,8,11.0,42.01027397260274,21.0,0
2017-02-09,39.99,19.99,20.000000000000004,100.05002501250628,7,9,11.0,42.03767123287671,21.0,0
2017-02-10,39.99,19.99,20.000000000000004,100.05002501250628,8,10,11.0,42.06506849315068,21.0,0
2017-02-11,39.99,19.99,20.000000000000004,100.05002501250628,9,11,11.0,42.09246575342466,21.0,0
2017-02-12,39.99,19.99,20.000000000000004,100.05002501250628,10,12,11.0,42.119863013698634,21.0,0
2017-02-13,39.99,19.99,20.000000000000004,100.05002501250628,11,13,11.0,42.06506849315068,20.0,0
2017-02-14,39.99,19.99,20.000000000000004,100.05002501250628,12,14,11.0,42.01027397260274,20.0,0
2017-02-15,39.99,19.99,20.000000000000004,100.05002501250628,13,15,11.0,41.955479452054796,20.0,0
2017-02-16,39.99,19.99,20.000000000000004,100.05002501250628,14,16,11.0,41.90068493150685,20.0,0
2017-02-17,39.99,19.99,20.000000000000004,100.05002501250628,15,17,10.0,41.87328767123287,19.0,0
2017-02-18,39.99,19.99,20.000000000000004,100.05002501250628,16,18,10.0,41.8458904109589,19.0,0
2017-02-19,39.99,19.99,20.000000000000004,100.05002501250628,17,19,10.0,41.81849315068494,19.0,0
2017-02-20,39.99,19.99,20.000000000000004,100.05002501250628,18,20,10.0,41.791095890410965,19.0,0
2017-02-21,39.99,19.99,20.000000000000004,100.05002501250628,19,21,10.0,41.763698630136986,19.0,0
2017-02-22,39.99,19.99,20.000000000000004,100.05002501250628,20,22,10.0,41.736301369863014,19.0,0
2017-02-23,39.99,19.99,20.000000000000004,100.05002501250628,21,23,10.0,41.70890410958904,19.0,0
2017-02-24,39.99,19.99,20.000000000000004,100.05002501250628,22,24,10.0,41.68150684931507,19.0,0
2017-02-25,39.99,19.99,20.000000000000004,100.05002501250628,23,25,10.0,41.6541095890411,19.0,0
2017-02-26,39.99,19.99,20.000000000000004,100.05002501250628,24,26,10.0,41.62671232876713,19.0,0
2017-02-27,39.99,19.99,20.000000000000004,100.05002501250628,25,27,10.0,41.599315068493155,19.0,1
2017-02-28,39.99,19.99,20.000000000000004,100.05002501250628,26,28,10.0,41.57191780821918,19.0,1
2017-03-01,39.99,19.99,20.000000000000004,100.05002501250628,27,29,10.0,41.54452054794521,19.0,1
2017-03-02,39.99,19.99,20.000000000000004,100.05002501250628,28,30,10.0,41.51712328767123,19.0,1
2017-03-03,39.99,19.99,20.000000000000004,100.05002501250628,29,31,10.0,41.48972602739726,19.0,1
2017-03-04,39.99,19.99,20.000000000000004,100.05002501250628,30,32,10.0,41.46232876712329,19.0,1
2017-03-05,39.99,19.99,20.000000000000004,100.05002501250628,31,33,10.0,41.43493150684932,19.0,1
2017-03-06,39.99,19.99,20.000000000000004,100.05002501250628,32,34,10.0,41.407534246575345,19.0,1
2017-03-07,39.99,19.99,20.000000000000004,100.05002501250628,33,35,10.0,41.38013698630137,19.0,1
2017-03-08,39.99,19.99,20.000000000000004,100.05002501250628,34,36,10.0,41.3527397260274,19.0,1
2017-03-09,39.99,19.99,20.000000000000004,100.05002501250628,35,37,10.0,41.32534246575343,19.0,1
2017-03-10,39.99,19.99,20.000000000000004,100.05002501250628,36,38,10.0,41.29794520547945,19.0,1
2017-03-11,39.99,19.99,20.000000000000004,100.05002501250628,37,39,10.0,41.27054794520548,19.0,1
2017-03-12,39.99,19.99,20.000000000000004,100.05002501250628,38,40,10.0,41.24315068493151,19.0,1
2017-03-13,39.99,19.99,20.000000000000004,100.05002501250628,39,41,10.0,41.215753424657535,19.0,1
2017-03-14,39.99,19.99,20.000000000000004,100.05002501250628,40,42,10.0,41.18835616438356,19.0,1
2017-03-15,39.99,19.99,20.000000000000004,100.05002501250628,41,43,10.0,41.16095890410959,19.0,1
2017-03-16,39.99,19.99,20.000000000000004,100.05002501250628,42,44,10.0,41.13356164383562,19.0,1
2017-03-17,39.99,19.99,20.000000000000004,100.05002501250628,43,45,10.0,41.10616438356165,19.0,1
2017-03-18,39.99,19.99,20.000000000000004,100.05002501250628,44,46,10.0,41.07876712328767,19.0,1
2017-03-19,39.99,19.99,20.000000000000004,100.05002501250628,45,47,10.0,41.0513698630137,19.0,1
2017-03-20,39.99,19.99,20.000000000000004,100.05002501250628,46,48,10.0,41.023972602739725,19.0,1
2017-03-21,39.99,19.99,20.000000000000004,100.05002501250628,47,49,10.0,40.99657534246575,19.0,1
2017-03-22,39.99,19.99,20.000000000000004,100.05002501250628,48,50,10.0,40.96917808219178,19.0,1
2017-03-23,39.99,19.99,20.000000000000004,100.05002501250628,49,51,10.0,40.94178082191781,19.0,1
2017-03-24,39.99,19.99,20.000000000000004,100.05002501250628,50,52,10.0,40.91438356164384,19.0,1
2017-03-25,39.99,19.99,20.000000000000004,100.05002501250628,51,53,10.0,40.886986301369866,19.0,1
2017-03-26,39.99,19.99,20.000000000000004,100.05002501250628,52,54,10.0,40.85958904109589,19.0,1
2017-03-27,39.99,19.99,20.000000000000004,100.05002501250628,53,55,10.0,40.832191780821915,19.0,1
2017-03-28,39.99,19.99,20.000000000000004,100.05002501250628,54,56,10.0,40.804794520547944,19.0,1
2017-03-29,23.99,19.99,4.0,20.010005002501252,0,0,10.0,40.77739726027397,19.0,0
2017-03-30,23.99,19.99,4.0,20.010005002501252,1,1,11.0,40.70616438356164,20.0,0
2017-03-31,39.99,19.99,20.000000000000004,100.05002501250628,0,2,11.0,40.63493150684931,20.0,0
2017-04-01,39.99,19.99,20.000000000000004,100.05002501250628,1,3,11.0,40.60753424657535,21.0,0
2017-04-02,39.99,19.99,20.000000000000004,100.05002501250628,2,4,11.0,40.580136986301376,21.0,0
2017-04-03,39.99,19.99,20.000000000000004,100.05002501250628,3,5,11.0,40.552739726027404,21.0,0
2017-04-04,39.99,19.99,20.000000000000004,100.05002501250628,4,6,11.0,40.525342465753425,21.0,0
2017-04-05,39.99,19.99,20.000000000000004,100.05002501250628,5,7,11.0,40.49794520547945,21.0,0
2017-04-06,39.99,19.99,20.000000000000004,100.05002501250628,6,8,11.0,40.47054794520548,21.0,0
2017-04-07,39.99,19.99,20.000000000000004,100.05002501250628,7,9,11.0,40.44315068493151,21.0,0
2017-04-08,39.99,19.99,20.000000000000004,100.05002501250628,8,10,11.0,40.41575342465753,21.0,0
2017-04-09,39.99,19.99,20.000000000000004,100.05002501250628,9,11,11.0,40.38835616438356,21.0,0
2017-04-10,39.99,19.99,20.000000000000004,100.05002501250628,10,12,11.0,40.360958904109594,21.0,0
2017-04-11,39.99,19.99,20.000000000000004,100.05002501250628,11,13,11.0,40.33356164383562,21.0,0
2017-04-12,39.99,19.99,20.000000000000004,100.05002501250628,12,14,11.0,40.306164383561644,21.0,0
2017-04-13,39.99,19.99,20.000000000000004,100.05002501250628,13,15,11.0,40.27876712328767,21.0,0
2017-04-14,39.99,19.99,20.000000000000004,100.05002501250628,14,16,11.0,40.2513698630137,21.0,0
2017-04-15,39.99,19.99,20.000000000000004,100.05002501250628,15,17,11.0,40.22397260273973,21.0,0
2017-04-16,39.99,19.99,20.000000000000004,100.05002501250628,16,18,11.0,40.196575342465756,21.0,0
2017-04-17,39.99,19.99,20.000000000000004,100.05002501250628,17,19,11.0,40.16917808219178,21.0,0
2017-04-18,39.99,19.99,20.000000000000004,100.05002501250628,18,20,11.0,40.14178082191781,21.0,0
2017-04-19,39.99,19.99,20.000000000000004,100.05002501250628,19,21,11.0,40.11438356164384,21.0,0
2017-04-20,39.99,19.99,20.000000000000004,100.05002501250628,20,22,11.0,40.08698630136986,21.0,0
2017-04-21,39.99,19.99,20.000000000000004,100.05002501250628,21,23,11.0,40.05958904109589,21.0,0
2017-04-22,39.99,19.99,20.000000000000004,100.05002501250628,22,24,11.0,40.03219178082192,21.0,0
2017-04-23,39.99,19.99,20.000000000000004,100.05002501250628,23,25,11.0,40.00479452054795,21.0,0
2017-04-24,39.99,19.99,20.000000000000004,100.05002501250628,24,26,11.0,39.977397260273975,21.0,0
2017-04-25,39.99,19.99,20.000000000000004,100.05002501250628,25,27,11.0,39.95,21.0,0
2017-04-26,39.99,19.99,20.000000000000004,100.05002501250628,26,28,11.0,39.92260273972603,21.0,0
2017-04-27,39.99,19.99,20.000000000000004,100.05002501250628,27,29,11.0,39.89520547945206,21.0,0
2017-04-28,39.99,19.99,20.000000000000004,100.05002501250628,28,30,11.0,39.86780821917809,21.0,0
2017-04-29,39.99,19.99,20.000000000000004,100.05002501250628,29,31,11.0,39.84041095890411,21.0,0
2017-04-30,39.99,19.99,20.000000000000004,100.05002501250628,30,32,11.0,39.81301369863014,21.0,0
2017-05-01,39.99,19.99,20.000000000000004,100.05002501250628,31,33,11.0,39.785616438356165,21.0,1
2017-05-02,39.99,19.99,20.000000000000004,100.05002501250628,32,34,11.0,39.75821917808219,21.0,1
2017-05-03,39.99,19.99,20.000000000000004,100.05002501250628,33,35,11.0,39.73082191780822,21.0,1
2017-05-04,39.99,19.99,20.000000000000004,100.05002501250628,34,36,11.0,39.70342465753425,21.0,1
2017-05-05,39.99,19.99,20.000000000000004,100.05002501250628,35,37,11.0,39.67602739726028,21.0,1
2017-05-06,39.99,19.99,20.000000000000004,100.05002501250628,36,38,11.0,39.648630136986306,21.0,1
2017-05-07,39.99,19.99,20.000000000000004,100.05002501250628,37,39,11.0,39.62123287671233,21.0,1
2017-05-08,39.99,19.99,20.000000000000004,100.05002501250628,38,40,11.0,39.593835616438355,21.0,1
2017-05-09,39.99,19.99,20.000000000000004,100.05002501250628,39,41,11.0,39.56643835616438,21.0,1
2017-05-10,39.99,19.99,20.000000000000004,100.05002501250628,40,42,11.0,39.53904109589041,21.0,1
2017-05-11,39.99,19.99,20.000000000000004,100.05002501250628,41,43,11.0,39.51164383561644,21.0,1
2017-05-12,39.99,19.99,20.000000000000004,100.05002501250628,42,44,11.0,39.48424657534247,21.0,1
2017-05-13,39.99,19.99,20.000000000000004,100.05002501250628,43,45,11.0,39.456849315068496,21.0,1
2017-05-14,39.99,19.99,20.000000000000004,100.05002501250628,44,46,11.0,39.429452054794524,21.0,1
2017-05-15,39.99,19.99,20.000000000000004,100.05002501250628,45,47,11.0,39.402054794520545,21.0,1
2017-05-16,39.99,19.99,20.000000000000004,100.05002501250628,46,48,11.0,39.37465753424657,21.0,1
2017-05-17,39.99,19.99,20.000000000000004,100.05002501250628,47,49,11.0,39.3472602739726,21.0,1
2017-05-18,39.99,19.99,20.000000000000004,100.05002501250628,48,50,11.0,39.31986301369863,21.0,1
2017-05-19,39.99,19.99,20.000000000000004,100.05002501250628,49,51,10.0,39.36095890410959,20.0,1
2017-05-20,39.99,19.99,20.000000000000004,100.05002501250628,50,52,10.0,39.402054794520545,20.0,1
2017-05-21,39.99,19.99,20.000000000000004,100.05002501250628,51,53,10.0,39.44315068493151,20.0,1
2017-05-22,39.99,19.99,20.000000000000004,100.05002501250628,52,54,10.0,39.48424657534247,20.0,1
2017-05-23,39.99,19.99,20.000000000000004,100.05002501250628,53,55,10.0,39.525342465753425,20.0,1
2017-05-24,39.99,19.99,20.000000000000004,100.05002501250628,54,56,10.0,39.56643835616438,20.0,1
2017-05-25,39.99,19.99,20.000000000000004,100.05002501250628,55,57,10.0,39.60753424657534,20.0,1
2017-05-26,39.99,19.99,20.000000000000004,100.05002501250628,56,58,10.0,39.6486301369863,20.0,1
2017-05-27,39.99,19.99,20.000000000000004,100.05002501250628,57,59,10.0,39.68972602739726,20.0,1
2017-05-28,39.99,19.99,20.000000000000004,100.05002501250628,58,60,10.0,39.73082191780822,20.0,1
2017-05-29,39.99,19.99,20.000000000000004,100.05002501250628,59,61,10.0,39.771917808219186,20.0,1
2017-05-30,39.99,19.99,20.000000000000004,100.05002501250628,60,62,10.0,39.813013698630144,20.0,1
2017-05-31,23.99,19.99,4.0,20.010005002501252,0,0,10.0,39.8541095890411,20.0,0
2017-06-01,23.99,19.99,4.0,20.010005002501252,1,1,11.0,39.8513698630137,21.0,0
2017-06-02,23.99,19.99,4.0,20.010005002501252,2,2,11.0,39.8486301369863,21.0,0
2017-06-03,23.99,19.99,4.0,20.010005002501252,3,3,11.0,39.77739726027397,20.0,0
2017-06-04,23.99,19.99,4.0,20.010005002501252,4,4,11.0,39.70616438356164,20.0,0
2017-06-05,39.99,19.99,20.000000000000004,100.05002501250628,0,5,11.0,39.63493150684931,20.0,1
2017-06-06,39.99,19.99,20.000000000000004,100.05002501250628,1,6,11.0,39.60753424657534,21.0,1
2017-06-07,39.99,19.99,20.000000000000004,100.05002501250628,2,7,11.0,39.580136986301376,21.0,1
2017-06-08,39.99,19.99,20.000000000000004,100.05002501250628,3,8,11.0,39.552739726027404,21.0,1
2017-06-09,39.99,19.99,20.000000000000004,100.05002501250628,4,9,11.0,39.525342465753425,21.0,1
2017-06-10,39.99,19.99,20.000000000000004,100.05002501250628,5,10,11.0,39.49794520547945,21.0,1
2017-06-11,39.99,19.99,20.000000000000004,100.05002501250628,6,11,11.0,39.47054794520548,21.0,1
2017-06-12,39.99,19.99,20.000000000000004,100.05002501250628,7,12,11.0,39.44315068493151,21.0,1
2017-06-13,39.99,19.99,20.000000000000004,100.05002501250628,8,13,11.0,39.41575342465753,21.0,1
2017-06-14,39.99,19.99,20.000000000000004,100.05002501250628,9,14,11.0,39.38835616438356,21.0,1
2017-06-15,39.99,19.99,20.000000000000004,100.05002501250628,10,15,11.0,39.360958904109594,21.0,1
2017-06-16,39.99,19.99,20.000000000000004,100.05002501250628,11,16,11.0,39.33356164383562,21.0,1
2017-06-17,39.99,19.99,20.000000000000004,100.05002501250628,12,17,11.0,39.306164383561644,21.0,1
2017-06-18,39.99,19.99,20.000000000000004,100.05002501250628,13,18,11.0,39.27876712328767,21.0,1
2017-06-19,39.99,19.99,20.000000000000004,100.05002501250628,14,19,11.0,39.2513698630137,21.0,1
2017-06-20,39.99,19.99,20.000000000000004,100.05002501250628,15,20,11.0,39.22397260273973,21.0,1
2017-06-21,39.99,19.99,20.000000000000004,100.05002501250628,16,21,11.0,39.196575342465756,21.0,1
2017-06-22,39.99,19.99,20.000000000000004,100.05002501250628,17,22,11.0,39.16917808219178,21.0,1
2017-06-23,23.99,19.99,4.0,20.010005002501252,0,0,11.0,39.14178082191781,21.0,0
2017-06-24,23.99,19.99,4.0,20.010005002501252,1,1,12.0,39.07054794520548,22.0,0
2017-06-25,23.99,19.99,4.0,20.010005002501252,2,2,11.0,39.06780821917809,21.0,0
2017-06-26,23.99,19.99,4.0,20.010005002501252,3,3,11.0,39.06506849315068,21.0,0
2017-06-27,23.99,19.99,4.0,20.010005002501252,4,4,11.0,39.06232876712329,21.0,0
2017-06-28,23.99,19.99,4.0,20.010005002501252,5,5,11.0,39.05958904109589,21.0,0
2017-06-29,23.99,19.99,4.0,20.010005002501252,6,6,11.0,39.05684931506849,21.0,0
2017-06-30,23.99,19.99,4.0,20.010005002501252,7,7,11.0,39.0541095890411,21.0,0
2017-07-01,23.99,19.99,4.0,20.010005002501252,8,8,11.0,39.051369863013704,21.0,0
2017-07-02,23.99,19.99,4.0,20.010005002501252,9,9,11.0,39.048630136986304,21.0,0
2017-07-03,23.99,19.99,4.0,20.010005002501252,10,10,11.0,39.04589041095891,21.0,0
2017-07-04,23.99,19.99,4.0,20.010005002501252,11,11,11.0,39.043150684931504,21.0,0
2017-07-05,23.99,19.99,4.0,20.010005002501252,12,12,11.0,39.04041095890411,21.0,0
2017-07-06,39.99,19.99,20.000000000000004,100.05002501250628,0,13,11.0,38.96917808219178,20.0,0
2017-07-07,39.99,19.99,20.000000000000004,100.05002501250628,1,14,11.0,38.94178082191781,21.0,0
2017-07-08,39.99,19.99,20.000000000000004,100.05002501250628,2,15,11.0,38.91438356164384,21.0,0
2017-07-09,39.99,19.99,20.000000000000004,100.05002501250628,3,16,11.0,38.886986301369866,21.0,0
2017-07-10,39.99,19.99,20.000000000000004,100.05002501250628,4,17,11.0,38.859589041095894,21.0,0
2017-07-11,39.99,19.99,20.000000000000004,100.05002501250628,5,18,11.0,38.83219178082192,21.0,0
2017-07-12,39.99,19.99,20.000000000000004,100.05002501250628,6,19,11.0,38.804794520547944,21.0,0
2017-07-13,39.99,19.99,20.000000000000004,100.05002501250628,7,20,11.0,38.77739726027397,21.0,0
2017-07-14,39.99,19.99,20.000000000000004,100.05002501250628,8,21,11.0,38.75,21.0,0
2017-07-15,39.99,19.99,20.000000000000004,100.05002501250628,9,22,11.0,38.72260273972603,21.0,0
2017-07-16,39.99,19.99,20.000000000000004,100.05002501250628,10,23,11.0,38.695205479452056,21.0,0
2017-07-17,39.99,19.99,20.000000000000004,100.05002501250628,11,24,11.0,38.667808219178085,21.0,0
2017-07-18,39.99,19.99,20.000000000000004,100.05002501250628,12,25,11.0,38.64041095890411,21.0,0
2017-07-19,39.99,19.99,20.000000000000004,100.05002501250628,13,26,11.0,38.61301369863014,21.0,0
2017-07-20,39.99,19.99,20.000000000000004,100.05002501250628,14,27,11.0,38.58561643835617,21.0,0
2017-07-21,39.99,19.99,20.000000000000004,100.05002501250628,15,28,11.0,38.55821917808219,21.0,0
2017-07-22,39.99,19.99,20.000000000000004,100.05002501250628,16,29,11.0,38.53082191780822,21.0,0
2017-07-23,39.99,19.99,20.000000000000004,100.05002501250628,17,30,11.0,38.50342465753425,21.0,0
2017-07-24,39.99,19.99,20.000000000000004,100.05002501250628,18,31,11.0,38.476027397260275,21.0,0
2017-07-25,39.99,19.99,20.000000000000004,100.05002501250628,19,32,11.0,38.4486301369863,21.0,0
2017-07-26,39.99,19.99,20.000000000000004,100.05002501250628,20,33,11.0,38.42123287671233,21.0,0
2017-07-27,39.99,19.99,20.000000000000004,100.05002501250628,21,34,11.0,38.39383561643836,21.0,0
2017-07-28,39.99,19.99,20.000000000000004,100.05002501250628,22,35,11.0,38.36643835616439,21.0,0
2017-07-29,39.99,19.99,20.000000000000004,100.05002501250628,23,36,11.0,38.33904109589041,21.0,0
2017-07-30,39.99,19.99,20.000000000000004,100.05002501250628,24,37,11.0,38.31164383561644,21.0,0
2017-07-31,39.99,19.99,20.000000000000004,100.05002501250628,25,38,11.0,38.284246575342465,21.0,1
2017-08-01,39.99,19.99,20.000000000000004,100.05002501250628,26,39,11.0,38.25684931506849,21.0,1
2017-08-02,39.99,19.99,20.000000000000004,100.05002501250628,27,40,11.0,38.22945205479452,21.0,1
2017-08-03,39.99,19.99,20.000000000000004,100.05002501250628,28,41,11.0,38.20205479452055,21.0,1
2017-08-04,39.99,19.99,20.000000000000004,100.05002501250628,29,42,11.0,38.17465753424658,21.0,1
2017-08-05,39.99,19.99,20.000000000000004,100.05002501250628,30,43,11.0,38.147260273972606,21.0,1
2017-08-06,39.99,19.99,20.000000000000004,100.05002501250628,31,44,11.0,38.11986301369863,21.0,1
2017-08-07,39.99,19.99,20.000000000000004,100.05002501250628,32,45,11.0,38.092465753424655,21.0,1
2017-08-08,39.99,19.99,20.000000000000004,100.05002501250628,33,46,11.0,38.06506849315068,21.0,1
2017-08-09,39.99,19.99,20.000000000000004,100.05002501250628,34,47,11.0,38.03767123287671,21.0,1
2017-08-10,39.99,19.99,20.000000000000004,100.05002501250628,35,48,11.0,38.01027397260274,21.0,1
2017-08-11,39.99,19.99,20.000000000000004,100.05002501250628,36,49,11.0,37.98287671232877,21.0,1
2017-08-12,39.99,19.99,20.000000000000004,100.05002501250628,37,50,11.0,37.9554794520548,21.0,1
2017-08-13,39.99,19.99,20.000000000000004,100.05002501250628,38,51,11.0,37.928082191780824,21.0,1
2017-08-14,39.99,19.99,20.000000000000004,100.05002501250628,39,52,11.0,37.90068493150685,21.0,1
2017-08-15,39.99,19.99,20.000000000000004,100.05002501250628,40,53,11.0,37.87328767123287,21.0,1
2017-08-16,39.99,19.99,20.000000000000004,100.05002501250628,41,54,11.0,37.8458904109589,21.0,1
2017-08-17,39.99,19.99,20.000000000000004,100.05002501250628,42,55,11.0,37.81849315068493,21.0,1
2017-08-18,39.99,19.99,20.000000000000004,100.05002501250628,43,56,11.0,37.79109589041096,21.0,1
2017-08-19,39.99,19.99,20.000000000000004,100.05002501250628,44,57,11.0,37.763698630136986,21.0,1
2017-08-20,39.99,19.99,20.000000000000004,100.05002501250628,45,58,11.0,37.73630136986302,21.0,1
2017-08-21,39.99,19.99,20.000000000000004,100.05002501250628,46,59,11.0,37.70890410958905,21.0,1
2017-08-22,39.99,19.99,20.000000000000004,100.05002501250628,47,60,11.0,37.68150684931507,21.0,1
2017-08-23,39.99,19.99,20.000000000000004,100.05002501250628,48,61,11.0,37.6541095890411,21.0,1
2017-08-24,39.99,19.99,20.000000000000004,100.05002501250628,49,62,11.0,37.62671232876713,21.0,1
2017-08-25,39.99,19.99,20.000000000000004,100.05002501250628,50,63,10.0,37.667808219178085,20.0,1
2017-08-26,39.99,19.99,20.000000000000004,100.05002501250628,51,64,10.0,37.70890410958904,20.0,1
2017-08-27,39.99,19.99,20.000000000000004,100.05002501250628,52,65,10.0,37.75,20.0,1
2017-08-28,39.99,19.99,20.000000000000004,100.05002501250628,53,66,10.0,37.722602739726035,19.0,1
2017-08-29,39.99,19.99,20.000000000000004,100.05002501250628,54,67,10.0,37.695205479452056,19.0,1
2017-08-30,23.99,19.99,4.0,20.010005002501252,0,0,10.0,37.667808219178085,19.0,0
2017-08-31,23.99,19.99,4.0,20.010005002501252,1,1,10.0,37.62397260273973,19.0,0
2017-09-01,23.99,19.99,4.0,20.010005002501252,2,2,10.0,37.58013698630137,19.0,0
2017-09-02,23.99,19.99,4.0,20.010005002501252,3,3,10.0,37.53630136986301,19.0,0
2017-09-03,39.99,19.99,20.000000000000004,100.05002501250628,0,4,10.0,37.49246575342466,19.0,0
2017-09-04,39.99,19.99,20.000000000000004,100.05002501250628,1,5,10.0,37.49246575342466,20.0,0
2017-09-05,39.99,19.99,20.000000000000004,100.05002501250628,2,6,10.0,37.49246575342466,20.0,0
2017-09-06,39.99,19.99,20.000000000000004,100.05002501250628,3,7,10.0,37.49246575342466,20.0,0
2017-09-07,39.99,19.99,20.000000000000004,100.05002501250628,4,8,10.0,37.49246575342466,20.0,0
2017-09-08,39.99,19.99,20.000000000000004,100.05002501250628,5,9,10.0,37.49246575342466,20.0,0
2017-09-09,39.99,19.99,20.000000000000004,100.05002501250628,6,10,10.0,37.49246575342466,20.0,0
2017-09-10,39.99,19.99,20.000000000000004,100.05002501250628,7,11,10.0,37.49246575342466,20.0,0
2017-09-11,39.99,19.99,20.000000000000004,100.05002501250628,8,12,10.0,37.49246575342466,20.0,0
2017-09-12,39.99,19.99,20.000000000000004,100.05002501250628,9,13,10.0,37.49246575342466,20.0,0
2017-09-13,39.99,19.99,20.000000000000004,100.05002501250628,10,14,10.0,37.49246575342466,20.0,0
2017-09-14,39.99,19.99,20.000000000000004,100.05002501250628,11,15,10.0,37.49246575342466,20.0,0
2017-09-15,39.99,19.99,20.000000000000004,100.05002501250628,12,16,10.0,37.49246575342466,20.0,0
2017-09-16,39.99,19.99,20.000000000000004,100.05002501250628,13,17,10.0,37.49246575342466,20.0,0
2017-09-17,39.99,19.99,20.000000000000004,100.05002501250628,14,18,10.0,37.49246575342466,20.0,1
2017-09-18,39.99,19.99,20.000000000000004,100.05002501250628,15,19,10.0,37.49246575342466,20.0,1
2017-09-19,39.99,19.99,20.000000000000004,100.05002501250628,16,20,10.0,37.49246575342466,20.0,1
2017-09-20,39.99,19.99,20.000000000000004,100.05002501250628,17,21,10.0,37.49246575342466,20.0,1
2017-09-21,39.99,19.99,20.000000000000004,100.05002501250628,18,22,10.0,37.49246575342466,20.0,1
2017-09-22,39.99,19.99,20.000000000000004,100.05002501250628,19,23,10.0,37.49246575342466,20.0,1
2017-09-23,39.99,19.99,20.000000000000004,100.05002501250628,20,24,10.0,37.49246575342466,20.0,1
2017-09-24,39.99,19.99,20.000000000000004,100.05002501250628,21,25,10.0,37.49246575342466,20.0,1
2017-09-25,39.99,19.99,20.000000000000004,100.05002501250628,22,26,10.0,37.49246575342466,20.0,1
2017-09-26,39.99,19.99,20.000000000000004,100.05002501250628,23,27,10.0,37.49246575342466,20.0,1
2017-09-27,39.99,19.99,20.000000000000004,100.05002501250628,24,28,10.0,37.49246575342466,20.0,1
2017-09-28,39.99,19.99,20.000000000000004,100.05002501250628,25,29,10.0,37.49246575342466,20.0,1
2017-09-29,39.99,19.99,20.000000000000004,100.05002501250628,26,30,10.0,37.49246575342466,20.0,1
2017-09-30,39.99,19.99,20.000000000000004,100.05002501250628,27,31,10.0,37.49246575342466,20.0,1
2017-10-01,39.99,19.99,20.000000000000004,100.05002501250628,28,32,10.0,37.49246575342466,20.0,1
2017-10-02,39.99,19.99,20.000000000000004,100.05002501250628,29,33,9.0,37.51986301369863,19.0,1
2017-10-03,39.99,19.99,20.000000000000004,100.05002501250628,30,34,9.0,37.547260273972604,19.0,1
2017-10-04,39.99,19.99,20.000000000000004,100.05002501250628,31,35,9.0,37.574657534246576,19.0,1
2017-10-05,39.99,19.99,20.000000000000004,100.05002501250628,32,36,9.0,37.574657534246576,18.0,1
2017-10-06,39.99,19.99,20.000000000000004,100.05002501250628,33,37,9.0,37.574657534246576,18.0,1
2017-10-07,39.99,19.99,20.000000000000004,100.05002501250628,34,38,9.0,37.574657534246576,18.0,1
2017-10-08,39.99,19.99,20.000000000000004,100.05002501250628,35,39,9.0,37.574657534246576,18.0,1
2017-10-09,39.99,19.99,20.000000000000004,100.05002501250628,36,40,9.0,37.57465753424658,18.0,1
2017-10-10,39.99,19.99,20.000000000000004,100.05002501250628,37,41,9.0,37.57465753424658,18.0,1
2017-10-11,39.99,19.99,20.000000000000004,100.05002501250628,38,42,9.0,37.574657534246576,18.0,1
2017-10-12,39.99,19.99,20.000000000000004,100.05002501250628,39,43,9.0,37.574657534246576,18.0,1
2017-10-13,39.99,19.99,20.000000000000004,100.05002501250628,40,44,9.0,37.574657534246576,18.0,1
2017-10-14,39.99,19.99,20.000000000000004,100.05002501250628,41,45,9.0,37.574657534246576,18.0,1
2017-10-15,39.99,19.99,20.000000000000004,100.05002501250628,42,46,9.0,37.574657534246576,18.0,1
2017-10-16,39.99,19.99,20.000000000000004,100.05002501250628,43,47,9.0,37.574657534246576,18.0,1
2017-10-17,19.99,19.99,0.0,0.0,0,0,9.0,37.57465753424658,18.0,0
2017-10-18,19.99,19.99,0.0,0.0,1,1,10.0,37.51986301369863,19.0,0
2017-10-19,19.99,19.99,0.0,0.0,2,2,10.0,37.46506849315068,19.0,0
2017-10-20,19.99,19.99,0.0,0.0,3,3,10.0,37.41027397260274,19.0,0
2017-10-21,19.99,19.99,0.0,0.0,4,4,10.0,37.355479452054794,19.0,0
2017-10-22,19.99,19.99,0.0,0.0,5,5,10.0,37.30068493150685,19.0,0
2017-10-23,39.99,19.99,20.000000000000004,100.05002501250628,0,6,9.0,37.28205479452055,18.0,1
2017-10-24,39.99,19.99,20.000000000000004,100.05002501250628,1,7,9.0,37.31821917808219,19.0,1
2017-10-25,39.99,19.99,20.000000000000004,100.05002501250628,2,8,9.0,37.35438356164384,19.0,1
2017-10-26,39.99,19.99,20.000000000000004,100.05002501250628,3,9,9.0,37.354383561643836,18.0,1
2017-10-27,19.99,19.99,0.0,0.0,0,0,9.0,37.354383561643836,18.0,0
2017-10-28,19.99,19.99,0.0,0.0,1,1,10.0,37.29958904109589,19.0,0
2017-10-29,19.99,19.99,0.0,0.0,2,2,10.0,37.24479452054795,19.0,0
2017-10-30,19.99,19.99,0.0,0.0,3,3,9.0,37.226164383561645,18.0,0
2017-10-31,19.99,19.99,0.0,0.0,4,4,9.0,37.20753424657534,18.0,0
2017-11-01,19.99,19.99,0.0,0.0,5,5,9.0,37.188904109589046,18.0,0
2017-11-02,39.99,19.99,20.000000000000004,100.05002501250628,0,6,9.0,37.170273972602736,18.0,1
2017-11-03,39.99,19.99,20.000000000000004,100.05002501250628,1,7,9.0,37.206438356164384,19.0,1
2017-11-04,39.99,19.99,20.000000000000004,100.05002501250628,2,8,9.0,37.206438356164384,18.0,1
2017-11-05,39.99,19.99,20.000000000000004,100.05002501250628,3,9,9.0,37.206438356164384,18.0,1
2017-11-06,39.99,19.99,20.000000000000004,100.05002501250628,4,10,9.0,37.206438356164384,18.0,1
2017-11-07,39.99,19.99,20.000000000000004,100.05002501250628,5,11,9.0,37.206438356164384,18.0,1
2017-11-08,39.99,19.99,20.000000000000004,100.05002501250628,6,12,9.0,37.206438356164384,18.0,1
2017-11-09,39.99,19.99,20.000000000000004,100.05002501250628,7,13,9.0,37.206438356164384,18.0,1
2017-11-10,39.99,19.99,20.000000000000004,100.05002501250628,8,14,9.0,37.206438356164384,18.0,1
2017-11-11,39.99,19.99,20.000000000000004,100.05002501250628,9,15,9.0,37.20643835616439,18.0,1
2017-11-12,39.99,19.99,20.000000000000004,100.05002501250628,10,16,9.0,37.206438356164384,18.0,1
2017-11-13,39.99,19.99,20.000000000000004,100.05002501250628,11,17,9.0,37.206438356164384,18.0,1
2017-11-14,39.99,19.99,20.000000000000004,100.05002501250628,12,18,9.0,37.206438356164384,18.0,1
2017-11-15,39.99,19.99,20.000000000000004,100.05002501250628,13,19,9.0,37.206438356164384,18.0,1
2017-11-16,39.99,19.99,20.000000000000004,100.05002501250628,14,20,9.0,37.206438356164384,18.0,1
2017-11-17,39.99,19.99,20.000000000000004,100.05002501250628,15,21,9.0,37.206438356164384,18.0,1
2017-11-18,39.99,19.99,20.000000000000004,100.05002501250628,16,22,9.0,37.206438356164384,18.0,1
2017-11-19,39.99,19.99,20.000000000000004,100.05002501250628,17,23,9.0,37.20643835616439,18.0,1
2017-11-20,39.99,19.99,20.000000000000004,100.05002501250628,18,24,9.0,37.206438356164384,18.0,1
2017-11-21,39.99,19.99,20.000000000000004,100.05002501250628,19,25,9.0,37.206438356164384,18.0,1
2017-11-22,39.99,19.99,20.000000000000004,100.05002501250628,20,26,9.0,37.206438356164384,18.0,1
2017-11-23,19.99,19.99,0.0,0.0,0,0,9.0,37.206438356164384,18.0,0
2017-11-24,19.99,19.99,0.0,0.0,1,1,10.0,37.15164383561644,19.0,0
2017-11-25,19.99,19.99,0.0,0.0,2,2,9.0,37.15164383561644,18.0,0
2017-11-26,19.99,19.99,0.0,0.0,3,3,9.0,37.15164383561644,18.0,0
2017-11-27,19.99,19.99,0.0,0.0,4,4,9.0,37.15164383561644,18.0,0
2017-11-28,19.99,19.99,0.0,0.0,5,5,9.0,37.15164383561644,18.0,0
2017-11-29,39.99,19.99,20.000000000000004,100.05002501250628,0,6,9.0,37.15164383561644,18.0,1
2017-11-30,39.99,19.99,20.000000000000004,100.05002501250628,1,7,9.0,37.206438356164384,19.0,1
2017-12-01,39.99,19.99,20.000000000000004,100.05002501250628,2,8,9.0,37.26123287671233,19.0,1
2017-12-02,39.99,19.99,20.000000000000004,100.05002501250628,3,9,9.0,37.26123287671233,18.0,1
2017-12-03,39.99,19.99,20.000000000000004,100.05002501250628,4,10,9.0,37.26123287671233,18.0,1
2017-12-04,39.99,19.99,20.000000000000004,100.05002501250628,5,11,9.0,37.26123287671233,18.0,1
2017-12-05,39.99,19.99,20.000000000000004,100.05002501250628,6,12,9.0,37.26123287671233,18.0,1
2017-12-06,39.99,19.99,20.000000000000004,100.05002501250628,7,13,9.0,37.261232876712334,18.0,1
2017-12-07,39.99,19.99,20.000000000000004,100.05002501250628,8,14,9.0,37.26123287671233,18.0,1
2017-12-08,39.99,19.99,20.000000000000004,100.05002501250628,9,15,9.0,37.26123287671233,18.0,1
2017-12-09,39.99,19.99,20.000000000000004,100.05002501250628,10,16,9.0,37.26123287671233,18.0,1
2017-12-10,39.99,19.99,20.000000000000004,100.05002501250628,11,17,9.0,37.26123287671233,18.0,1
2017-12-11,39.99,19.99,20.000000000000004,100.05002501250628,12,18,9.0,37.26123287671233,18.0,1
2017-12-12,39.99,19.99,20.000000000000004,100.05002501250628,13,19,9.0,37.26123287671233,18.0,1
2017-12-13,39.99,19.99,20.000000000000004,100.05002501250628,14,20,9.0,37.26123287671233,18.0,1
2017-12-14,39.99,19.99,20.000000000000004,100.05002501250628,15,21,9.0,37.261232876712334,18.0,1
2017-12-15,39.99,19.99,20.000000000000004,100.05002501250628,16,22,9.0,37.26123287671233,18.0,1
2017-12-16,39.99,19.99,20.000000000000004,100.05002501250628,17,23,9.0,37.26123287671233,18.0,1
2017-12-17,39.99,19.99,20.000000000000004,100.05002501250628,18,24,9.0,37.26123287671233,18.0,1
2017-12-18,39.99,19.99,20.000000000000004,100.05002501250628,19,25,9.0,37.26123287671233,18.0,1
2017-12-19,39.99,19.99,20.000000000000004,100.05002501250628,20,26,9.0,37.26123287671233,18.0,1
2017-12-20,39.99,19.99,20.000000000000004,100.05002501250628,21,27,9.0,37.26123287671233,18.0,1
2017-12-21,39.99,19.99,20.000000000000004,100.05002501250628,22,28,9.0,37.26123287671233,18.0,1
2017-12-22,19.99,19.99,0.0,0.0,0,0,9.0,37.261232876712334,18.0,0
2017-12-23,19.99,19.99,0.0,0.0,1,1,10.0,37.206438356164384,19.0,0
2017-12-24,19.99,19.99,0.0,0.0,2,2,9.0,37.206438356164384,18.0,0
2017-12-25,19.99,19.99,0.0,0.0,3,3,9.0,37.206438356164384,18.0,0
2017-12-26,19.99,19.99,0.0,0.0,4,4,9.0,37.206438356164384,18.0,0
2017-12-27,19.99,19.99,0.0,0.0,5,5,9.0,37.206438356164384,18.0,0
2017-12-28,19.99,19.99,0.0,0.0,6,6,9.0,37.206438356164384,18.0,0
2017-12-29,19.99,19.99,0.0,0.0,7,7,9.0,37.206438356164384,18.0,0
2017-12-30,19.99,19.99,0.0,0.0,8,8,9.0,37.206438356164384,18.0,0
2017-12-31,19.99,19.99,0.0,0.0,9,9,9.0,37.206438356164384,18.0,0
2018-01-01,19.99,19.99,0.0,0.0,10,10,9.0,37.206438356164384,18.0,0
2018-01-02,19.99,19.99,0.0,0.0,11,11,9.0,37.206438356164384,18.0,0
2018-01-03,19.99,19.99,0.0,0.0,12,12,9.0,37.206438356164384,18.0,0
2018-01-04,19.99,19.99,0.0,0.0,13,13,9.0,37.15164383561644,17.0,0
2018-01-05,39.99,19.99,20.000000000000004,100.05002501250628,0,14,9.0,37.096849315068496,17.0,0
2018-01-06,39.99,19.99,20.000000000000004,100.05002501250628,1,15,9.0,37.096849315068496,18.0,0
2018-01-07,39.99,19.99,20.000000000000004,100.05002501250628,2,16,9.0,37.096849315068496,18.0,1
2018-01-08,39.99,19.99,20.000000000000004,100.05002501250628,3,17,9.0,37.096849315068496,18.0,1
2018-01-09,39.99,19.99,20.000000000000004,100.05002501250628,4,18,9.0,37.096849315068496,18.0,1
2018-01-10,39.99,19.99,20.000000000000004,100.05002501250628,5,19,9.0,37.096849315068496,18.0,1
2018-01-11,39.99,19.99,20.000000000000004,100.05002501250628,6,20,9.0,37.096849315068496,18.0,1
2018-01-12,39.99,19.99,20.000000000000004,100.05002501250628,7,21,9.0,37.096849315068496,18.0,1
2018-01-13,39.99,19.99,20.000000000000004,100.05002501250628,8,22,9.0,37.096849315068496,18.0,1
2018-01-14,39.99,19.99,20.000000000000004,100.05002501250628,9,23,9.0,37.096849315068496,18.0,1
2018-01-15,39.99,19.99,20.000000000000004,100.05002501250628,10,24,9.0,37.096849315068496,18.0,1
2018-01-16,39.99,19.99,20.000000000000004,100.05002501250628,11,25,9.0,37.096849315068496,18.0,1
2018-01-17,39.99,19.99,20.000000000000004,100.05002501250628,12,26,9.0,37.096849315068496,18.0,1
2018-01-18,39.99,19.99,20.000000000000004,100.05002501250628,13,27,9.0,37.096849315068496,18.0,1
2018-01-19,39.99,19.99,20.000000000000004,100.05002501250628,14,28,9.0,37.096849315068496,18.0,1
2018-01-20,39.99,19.99,20.000000000000004,100.05002501250628,15,29,9.0,37.096849315068496,18.0,1
2018-01-21,39.99,19.99,20.000000000000004,100.05002501250628,16,30,9.0,37.096849315068496,18.0,1
2018-01-22,39.99,19.99,20.000000000000004,100.05002501250628,17,31,9.0,37.096849315068496,18.0,1
2018-01-23,39.99,19.99,20.000000000000004,100.05002501250628,18,32,9.0,37.096849315068496,18.0,1
2018-01-24,39.99,19.99,20.000000000000004,100.05002501250628,19,33,9.0,37.096849315068496,18.0,1
2018-01-25,39.99,19.99,20.000000000000004,100.05002501250628,20,34,9.0,37.096849315068496,18.0,1
2018-01-26,39.99,19.99,20.000000000000004,100.05002501250628,21,35,9.0,37.096849315068496,18.0,1
2018-01-27,39.99,19.99,20.000000000000004,100.05002501250628,22,36,9.0,37.096849315068496,18.0,1
2018-01-28,39.99,19.99,20.000000000000004,100.05002501250628,23,37,9.0,37.096849315068496,18.0,1
2018-01-29,39.99,19.99,20.000000000000004,100.05002501250628,24,38,9.0,37.096849315068496,18.0,1
2018-01-30,39.99,19.99,20.000000000000004,100.05002501250628,25,39,9.0,37.096849315068496,18.0,1
2018-01-31,39.99,19.99,20.000000000000004,100.05002501250628,26,40,9.0,37.096849315068496,18.0,1
2018-02-01,39.99,19.99,20.000000000000004,100.05002501250628,27,41,8.0,37.14068493150685,17.0,1
2018-02-02,39.99,19.99,20.000000000000004,100.05002501250628,28,42,8.0,37.18452054794521,17.0,1
2018-02-03,39.99,19.99,20.000000000000004,100.05002501250628,29,43,8.0,37.184520547945205,16.0,1
2018-02-04,39.99,19.99,20.000000000000004,100.05002501250628,30,44,8.0,37.184520547945205,16.0,1
2018-02-05,39.99,19.99,20.000000000000004,100.05002501250628,31,45,8.0,37.184520547945205,16.0,1
2018-02-06,19.99,19.99,0.0,0.0,0,0,8.0,37.184520547945205,16.0,0
2018-02-07,19.99,19.99,0.0,0.0,1,1,9.0,37.12972602739726,17.0,0
2018-02-08,19.99,19.99,0.0,0.0,2,2,9.0,37.07493150684932,17.0,0
2018-02-09,19.99,19.99,0.0,0.0,3,3,9.0,37.020136986301374,17.0,0
2018-02-10,19.99,19.99,0.0,0.0,4,4,9.0,36.96534246575343,17.0,0
2018-02-11,19.99,19.99,0.0,0.0,5,5,9.0,36.91054794520548,17.0,0
2018-02-12,39.99,19.99,20.000000000000004,100.05002501250628,0,6,9.0,36.855753424657536,17.0,1
2018-02-13,39.99,19.99,20.000000000000004,100.05002501250628,1,7,9.0,36.855753424657536,18.0,1
2018-02-14,39.99,19.99,20.000000000000004,100.05002501250628,2,8,9.0,36.855753424657536,18.0,1
2018-02-15,39.99,19.99,20.000000000000004,100.05002501250628,3,9,9.0,36.855753424657536,18.0,1
2018-02-16,19.99,19.99,0.0,0.0,0,0,9.0,36.855753424657536,18.0,0
2018-02-17,19.99,19.99,0.0,0.0,1,1,10.0,36.80095890410959,19.0,0
2018-02-18,19.99,19.99,0.0,0.0,2,2,10.0,36.74616438356165,19.0,0
2018-02-19,19.99,19.99,0.0,0.0,3,3,10.0,36.6913698630137,19.0,0
2018-02-20,39.99,19.99,20.000000000000004,100.05002501250628,0,4,10.0,36.636575342465754,19.0,0
2018-02-21,39.99,19.99,20.000000000000004,100.05002501250628,1,5,10.0,36.636575342465754,20.0,0
2018-02-22,39.99,19.99,20.000000000000004,100.05002501250628,2,6,10.0,36.636575342465754,20.0,0
2018-02-23,39.99,19.99,20.000000000000004,100.05002501250628,3,7,10.0,36.636575342465754,20.0,0
2018-02-24,39.99,19.99,20.000000000000004,100.05002501250628,4,8,10.0,36.636575342465754,20.0,0
2018-02-25,39.99,19.99,20.000000000000004,100.05002501250628,5,9,10.0,36.636575342465754,20.0,0
2018-02-26,39.99,19.99,20.000000000000004,100.05002501250628,6,10,10.0,36.636575342465754,20.0,0
2018-02-27,39.99,19.99,20.000000000000004,100.05002501250628,7,11,10.0,36.636575342465754,20.0,0
2018-02-28,39.99,19.99,20.000000000000004,100.05002501250628,8,12,10.0,36.636575342465754,20.0,0
2018-03-01,39.99,19.99,20.000000000000004,100.05002501250628,9,13,10.0,36.636575342465754,20.0,0
2018-03-02,39.99,19.99,20.000000000000004,100.05002501250628,10,14,10.0,36.636575342465754,20.0,0
2018-03-03,39.99,19.99,20.000000000000004,100.05002501250628,11,15,10.0,36.636575342465754,20.0,0
2018-03-04,39.99,19.99,20.000000000000004,100.05002501250628,12,16,10.0,36.636575342465754,20.0,0
2018-03-05,39.99,19.99,20.000000000000004,100.05002501250628,13,17,10.0,36.636575342465754,20.0,0
2018-03-06,39.99,19.99,20.000000000000004,100.05002501250628,14,18,10.0,36.636575342465754,20.0,0
2018-03-07,39.99,19.99,20.000000000000004,100.05002501250628,15,19,10.0,36.63657534246576,20.0,0
2018-03-08,39.99,19.99,20.000000000000004,100.05002501250628,16,20,10.0,36.636575342465754,20.0,0
2018-03-09,39.99,19.99,20.000000000000004,100.05002501250628,17,21,10.0,36.636575342465754,20.0,0
2018-03-10,39.99,19.99,20.000000000000004,100.05002501250628,18,22,10.0,36.636575342465754,20.0,0
2018-03-11,39.99,19.99,20.000000000000004,100.05002501250628,19,23,10.0,36.636575342465754,20.0,1
2018-03-12,39.99,19.99,20.000000000000004,100.05002501250628,20,24,10.0,36.636575342465754,20.0,1
2018-03-13,39.99,19.99,20.000000000000004,100.05002501250628,21,25,10.0,36.636575342465754,20.0,1
2018-03-14,39.99,19.99,20.000000000000004,100.05002501250628,22,26,10.0,36.636575342465754,20.0,1
2018-03-15,39.99,19.99,20.000000000000004,100.05002501250628,23,27,10.0,36.63657534246576,20.0,1
2018-03-16,39.99,19.99,20.000000000000004,100.05002501250628,24,28,10.0,36.636575342465754,20.0,1
2018-03-17,39.99,19.99,20.000000000000004,100.05002501250628,25,29,10.0,36.636575342465754,20.0,1
2018-03-18,39.99,19.99,20.000000000000004,100.05002501250628,26,30,10.0,36.636575342465754,20.0,1
2018-03-19,39.99,19.99,20.000000000000004,100.05002501250628,27,31,10.0,36.636575342465754,20.0,1
2018-03-20,39.99,19.99,20.000000000000004,100.05002501250628,28,32,10.0,36.636575342465754,20.0,1
2018-03-21,39.99,19.99,20.000000000000004,100.05002501250628,29,33,10.0,36.636575342465754,20.0,1
2018-03-22,39.99,19.99,20.000000000000004,100.05002501250628,30,34,10.0,36.636575342465754,20.0,1
2018-03-23,39.99,19.99,20.000000000000004,100.05002501250628,31,35,10.0,36.636575342465754,20.0,1
2018-03-24,39.99,19.99,20.000000000000004,100.05002501250628,32,36,10.0,36.636575342465754,20.0,1
2018-03-25,39.99,19.99,20.000000000000004,100.05002501250628,33,37,10.0,36.636575342465754,20.0,1
2018-03-26,39.99,19.99,20.000000000000004,100.05002501250628,34,38,10.0,36.636575342465754,20.0,1
2018-03-27,39.99,19.99,20.000000000000004,100.05002501250628,35,39,10.0,36.636575342465754,20.0,1
2018-03-28,39.99,19.99,20.000000000000004,100.05002501250628,36,40,10.0,36.636575342465754,20.0,1
2018-03-29,39.99,19.99,20.000000000000004,100.05002501250628,37,41,10.0,36.636575342465754,20.0,1
2018-03-30,39.99,19.99,20.000000000000004,100.05002501250628,38,42,9.0,36.68041095890411,19.0,1
2018-03-31,39.99,19.99,20.000000000000004,100.05002501250628,39,43,9.0,36.72424657534247,19.0,1
2018-04-01,39.99,19.99,20.000000000000004,100.05002501250628,40,44,9.0,36.72424657534247,18.0,1
2018-04-02,39.99,19.99,20.000000000000004,100.05002501250628,41,45,9.0,36.72424657534247,18.0,1
2018-04-03,39.99,19.99,20.000000000000004,100.05002501250628,42,46,9.0,36.72424657534247,18.0,1
2018-04-04,39.99,19.99,20.000000000000004,100.05002501250628,43,47,9.0,36.72424657534247,18.0,1
2018-04-05,39.99,19.99,20.000000000000004,100.05002501250628,44,48,9.0,36.72424657534247,18.0,1
2018-04-06,39.99,19.99,20.000000000000004,100.05002501250628,45,49,9.0,36.72424657534247,18.0,1
2018-04-07,39.99,19.99,20.000000000000004,100.05002501250628,46,50,9.0,36.72424657534247,18.0,1
2018-04-08,39.99,19.99,20.000000000000004,100.05002501250628,47,51,9.0,36.72424657534247,18.0,1
2018-04-09,39.99,19.99,20.000000000000004,100.05002501250628,48,52,9.0,36.72424657534247,18.0,1
2018-04-10,19.99,19.99,0.0,0.0,0,0,9.0,36.72424657534247,18.0,0
2018-04-11,19.99,19.99,0.0,0.0,1,1,10.0,36.66945205479452,19.0,0
2018-04-12,19.99,19.99,0.0,0.0,2,2,10.0,36.614657534246575,19.0,0
2018-04-13,19.99,19.99,0.0,0.0,3,3,10.0,36.55986301369863,19.0,0
2018-04-14,19.99,19.99,0.0,0.0,4,4,10.0,36.50506849315069,19.0,0
2018-04-15,19.99,19.99,0.0,0.0,5,5,10.0,36.450273972602744,19.0,0
2018-04-16,39.99,19.99,20.000000000000004,100.05002501250628,0,6,10.0,36.39547945205479,19.0,0
2018-04-17,39.99,19.99,20.000000000000004,100.05002501250628,1,7,10.0,36.3954794520548,20.0,0
2018-04-18,39.99,19.99,20.000000000000004,100.05002501250628,2,8,10.0,36.39547945205479,20.0,0
2018-04-19,39.99,19.99,20.000000000000004,100.05002501250628,3,9,10.0,36.39547945205479,20.0,0
2018-04-20,39.99,19.99,20.000000000000004,100.05002501250628,4,10,10.0,36.39547945205479,20.0,0
2018-04-21,39.99,19.99,20.000000000000004,100.05002501250628,5,11,10.0,36.39547945205479,20.0,0
2018-04-22,39.99,19.99,20.000000000000004,100.05002501250628,6,12,10.0,36.39547945205479,20.0,0
2018-04-23,39.99,19.99,20.000000000000004,100.05002501250628,7,13,10.0,36.39547945205479,20.0,0
2018-04-24,39.99,19.99,20.000000000000004,100.05002501250628,8,14,10.0,36.39547945205479,20.0,0
2018-04-25,39.99,19.99,20.000000000000004,100.05002501250628,9,15,10.0,36.39547945205479,20.0,0
2018-04-26,39.99,19.99,20.000000000000004,100.05002501250628,10,16,10.0,36.39547945205479,20.0,0
2018-04-27,39.99,19.99,20.000000000000004,100.05002501250628,11,17,10.0,36.39547945205479,20.0,0
2018-04-28,39.99,19.99,20.000000000000004,100.05002501250628,12,18,10.0,36.39547945205479,20.0,0
2018-04-29,39.99,19.99,20.000000000000004,100.05002501250628,13,19,10.0,36.39547945205479,20.0,0
2018-04-30,39.99,19.99,20.000000000000004,100.05002501250628,14,20,10.0,36.39547945205479,20.0,0
2018-05-01,39.99,19.99,20.000000000000004,100.05002501250628,15,21,10.0,36.39547945205479,20.0,0
2018-05-02,39.99,19.99,20.000000000000004,100.05002501250628,16,22,10.0,36.39547945205479,20.0,0
2018-05-03,39.99,19.99,20.000000000000004,100.05002501250628,17,23,10.0,36.39547945205479,20.0,0
2018-05-04,39.99,19.99,20.000000000000004,100.05002501250628,18,24,10.0,36.39547945205479,20.0,0
2018-05-05,39.99,19.99,20.000000000000004,100.05002501250628,19,25,10.0,36.39547945205479,20.0,0
2018-05-06,39.99,19.99,20.000000000000004,100.05002501250628,20,26,10.0,36.39547945205479,20.0,0
2018-05-07,39.99,19.99,20.000000000000004,100.05002501250628,21,27,10.0,36.39547945205479,20.0,0
2018-05-08,39.99,19.99,20.000000000000004,100.05002501250628,22,28,10.0,36.39547945205479,20.0,0
2018-05-09,39.99,19.99,20.000000000000004,100.05002501250628,23,29,10.0,36.39547945205479,20.0,0
2018-05-10,39.99,19.99,20.000000000000004,100.05002501250628,24,30,10.0,36.39547945205479,20.0,0
2018-05-11,39.99,19.99,20.000000000000004,100.05002501250628,25,31,10.0,36.39547945205479,20.0,0
2018-05-12,39.99,19.99,20.000000000000004,100.05002501250628,26,32,10.0,36.3954794520548,20.0,0
2018-05-13,39.99,19.99,20.000000000000004,100.05002501250628,27,33,10.0,36.39547945205479,20.0,1
2018-05-14,39.99,19.99,20.000000000000004,100.05002501250628,28,34,10.0,36.39547945205479,20.0,1
2018-05-15,39.99,19.99,20.000000000000004,100.05002501250628,29,35,10.0,36.39547945205479,20.0,1
2018-05-16,39.99,19.99,20.000000000000004,100.05002501250628,30,36,10.0,36.39547945205479,20.0,1
2018-05-17,39.99,19.99,20.000000000000004,100.05002501250628,31,37,10.0,36.39547945205479,20.0,1
2018-05-18,39.99,19.99,20.000000000000004,100.05002501250628,32,38,10.0,36.39547945205479,20.0,1
2018-05-19,39.99,19.99,20.000000000000004,100.05002501250628,33,39,10.0,36.39547945205479,20.0,1
2018-05-20,39.99,19.99,20.000000000000004,100.05002501250628,34,40,10.0,36.3954794520548,20.0,1
2018-05-21,39.99,19.99,20.000000000000004,100.05002501250628,35,41,10.0,36.39547945205479,20.0,1
2018-05-22,39.99,19.99,20.000000000000004,100.05002501250628,36,42,10.0,36.39547945205479,20.0,1
2018-05-23,39.99,19.99,20.000000000000004,100.05002501250628,37,43,10.0,36.39547945205479,20.0,1
2018-05-24,39.99,19.99,20.000000000000004,100.05002501250628,38,44,10.0,36.39547945205479,20.0,1
2018-05-25,39.99,19.99,20.000000000000004,100.05002501250628,39,45,10.0,36.39547945205479,20.0,1
2018-05-26,39.99,19.99,20.000000000000004,100.05002501250628,40,46,10.0,36.39547945205479,20.0,1
2018-05-27,39.99,19.99,20.000000000000004,100.05002501250628,41,47,10.0,36.39547945205479,20.0,1
2018-05-28,39.99,19.99,20.000000000000004,100.05002501250628,42,48,10.0,36.39547945205479,20.0,1
2018-05-29,39.99,19.99,20.000000000000004,100.05002501250628,43,49,10.0,36.39547945205479,20.0,1
2018-05-30,39.99,19.99,20.000000000000004,100.05002501250628,44,50,10.0,36.39547945205479,20.0,1
2018-05-31,39.99,19.99,20.000000000000004,100.05002501250628,45,51,10.0,36.39547945205479,20.0,1
2018-06-01,39.99,19.99,20.000000000000004,100.05002501250628,46,52,9.0,36.43931506849315,19.0,1
2018-06-02,39.99,19.99,20.000000000000004,100.05002501250628,47,53,9.0,36.48315068493151,19.0,1
2018-06-03,39.99,19.99,20.000000000000004,100.05002501250628,48,54,9.0,36.52698630136987,19.0,1
2018-06-04,39.99,19.99,20.000000000000004,100.05002501250628,49,55,9.0,36.57082191780822,19.0,1
2018-06-05,39.99,19.99,20.000000000000004,100.05002501250628,50,56,9.0,36.614657534246575,19.0,1
2018-06-06,39.99,19.99,20.000000000000004,100.05002501250628,51,57,9.0,36.61465753424658,18.0,1
2018-06-07,39.99,19.99,20.000000000000004,100.05002501250628,52,58,9.0,36.614657534246575,18.0,1
2018-06-08,39.99,19.99,20.000000000000004,100.05002501250628,53,59,9.0,36.614657534246575,18.0,1
2018-06-09,39.99,19.99,20.000000000000004,100.05002501250628,54,60,9.0,36.614657534246575,18.0,1
2018-06-10,39.99,19.99,20.000000000000004,100.05002501250628,55,61,9.0,36.614657534246575,18.0,1
2018-06-11,39.99,19.99,20.000000000000004,100.05002501250628,56,62,9.0,36.614657534246575,18.0,1
2018-06-12,19.99,19.99,0.0,0.0,0,0,9.0,36.614657534246575,18.0,0
2018-06-13,19.99,19.99,0.0,0.0,1,1,10.0,36.55986301369863,19.0,0
2018-06-14,19.99,19.99,0.0,0.0,2,2,10.0,36.50506849315069,19.0,0
2018-06-15,19.99,19.99,0.0,0.0,3,3,10.0,36.450273972602744,19.0,0
2018-06-16,19.99,19.99,0.0,0.0,4,4,10.0,36.39547945205479,19.0,0
2018-06-17,19.99,19.99,0.0,0.0,5,5,10.0,36.34068493150685,19.0,0
2018-06-18,39.99,19.99,20.000000000000004,100.05002501250628,0,6,10.0,36.285890410958906,19.0,1
2018-06-19,39.99,19.99,20.000000000000004,100.05002501250628,1,7,10.0,36.285890410958906,20.0,1
2018-06-20,39.99,19.99,20.000000000000004,100.05002501250628,2,8,10.0,36.285890410958906,20.0,1
2018-06-21,39.99,19.99,20.000000000000004,100.05002501250628,3,9,10.0,36.285890410958906,20.0,1
2018-06-22,19.99,19.99,0.0,0.0,0,0,10.0,36.285890410958906,20.0,0
2018-06-23,19.99,19.99,0.0,0.0,1,1,11.0,36.23109589041096,21.0,0
2018-06-24,19.99,19.99,0.0,0.0,2,2,10.0,36.22013698630137,20.0,0
2018-06-25,19.99,19.99,0.0,0.0,3,3,10.0,36.209178082191784,20.0,0
2018-06-26,19.99,19.99,0.0,0.0,4,4,10.0,36.19821917808219,20.0,0
2018-06-27,19.99,19.99,0.0,0.0,5,5,10.0,36.187260273972605,20.0,0
2018-06-28,19.99,19.99,0.0,0.0,6,6,10.0,36.17630136986301,20.0,0
2018-06-29,19.99,19.99,0.0,0.0,7,7,10.0,36.165342465753426,20.0,0
2018-06-30,19.99,19.99,0.0,0.0,8,8,10.0,36.15438356164384,20.0,0
2018-07-01,19.99,19.99,0.0,0.0,9,9,10.0,36.14342465753425,20.0,0
2018-07-02,19.99,19.99,0.0,0.0,10,10,10.0,36.13246575342466,20.0,0
2018-07-03,19.99,19.99,0.0,0.0,11,11,10.0,36.12150684931507,20.0,0
2018-07-04,19.99,19.99,0.0,0.0,12,12,10.0,36.11054794520548,20.0,0
2018-07-05,19.99,19.99,0.0,0.0,13,13,10.0,36.09958904109589,20.0,0
2018-07-06,39.99,19.99,20.000000000000004,100.05002501250628,0,14,10.0,36.0886301369863,20.0,0
2018-07-07,39.99,19.99,20.000000000000004,100.05002501250628,1,15,10.0,36.0886301369863,20.0,0
2018-07-08,39.99,19.99,20.000000000000004,100.05002501250628,2,16,10.0,36.0886301369863,20.0,0
2018-07-09,39.99,19.99,20.000000000000004,100.05002501250628,3,17,10.0,36.08863013698631,20.0,0
2018-07-10,39.99,19.99,20.000000000000004,100.05002501250628,4,18,10.0,36.0886301369863,20.0,0
2018-07-11,39.99,19.99,20.000000000000004,100.05002501250628,5,19,10.0,36.0886301369863,20.0,0
2018-07-12,39.99,19.99,20.000000000000004,100.05002501250628,6,20,10.0,36.0886301369863,20.0,0
2018-07-13,39.99,19.99,20.000000000000004,100.05002501250628,7,21,10.0,36.0886301369863,20.0,0
2018-07-14,39.99,19.99,20.000000000000004,100.05002501250628,8,22,10.0,36.0886301369863,20.0,0
2018-07-15,39.99,19.99,20.000000000000004,100.05002501250628,9,23,10.0,36.0886301369863,20.0,0
2018-07-16,39.99,19.99,20.000000000000004,100.05002501250628,10,24,10.0,36.0886301369863,20.0,0
2018-07-17,39.99,19.99,20.000000000000004,100.05002501250628,11,25,10.0,36.0886301369863,20.0,0
2018-07-18,39.99,19.99,20.000000000000004,100.05002501250628,12,26,10.0,36.0886301369863,20.0,0
2018-07-19,39.99,19.99,20.000000000000004,100.05002501250628,13,27,10.0,36.0886301369863,20.0,0
2018-07-20,39.99,19.99,20.000000000000004,100.05002501250628,14,28,10.0,36.0886301369863,20.0,0
2018-07-21,39.99,19.99,20.000000000000004,100.05002501250628,15,29,10.0,36.0886301369863,20.0,0
2018-07-22,39.99,19.99,20.000000000000004,100.05002501250628,16,30,10.0,36.0886301369863,20.0,0
2018-07-23,39.99,19.99,20.000000000000004,100.05002501250628,17,31,10.0,36.0886301369863,20.0,0
2018-07-24,39.99,19.99,20.000000000000004,100.05002501250628,18,32,10.0,36.0886301369863,20.0,0
2018-07-25,39.99,19.99,20.000000000000004,100.05002501250628,19,33,10.0,36.0886301369863,20.0,0
2018-07-26,39.99,19.99,20.000000000000004,100.05002501250628,20,34,10.0,36.0886301369863,20.0,0
2018-07-27,39.99,19.99,20.000000000000004,100.05002501250628,21,35,10.0,36.0886301369863,20.0,0
2018-07-28,39.99,19.99,20.000000000000004,100.05002501250628,22,36,10.0,36.0886301369863,20.0,0
2018-07-29,39.99,19.99,20.000000000000004,100.05002501250628,23,37,10.0,36.0886301369863,20.0,0
2018-07-30,39.99,19.99,20.000000000000004,100.05002501250628,24,38,10.0,36.0886301369863,20.0,0
2018-07-31,39.99,19.99,20.000000000000004,100.05002501250628,25,39,10.0,36.0886301369863,20.0,0
2018-08-01,39.99,19.99,20.000000000000004,100.05002501250628,26,40,10.0,36.0886301369863,20.0,0
2018-08-02,39.99,19.99,20.000000000000004,100.05002501250628,27,41,10.0,36.0886301369863,20.0,0
2018-08-03,39.99,19.99,20.000000000000004,100.05002501250628,28,42,10.0,36.08863013698631,20.0,0
2018-08-04,39.99,19.99,20.000000000000004,100.05002501250628,29,43,10.0,36.0886301369863,20.0,0
2018-08-05,39.99,19.99,20.000000000000004,100.05002501250628,30,44,10.0,36.0886301369863,20.0,1
2018-08-06,39.99,19.99,20.000000000000004,100.05002501250628,31,45,10.0,36.0886301369863,20.0,1
2018-08-07,39.99,19.99,20.000000000000004,100.05002501250628,32,46,10.0,36.0886301369863,20.0,1
2018-08-08,39.99,19.99,20.000000000000004,100.05002501250628,33,47,10.0,36.0886301369863,20.0,1
2018-08-09,39.99,19.99,20.000000000000004,100.05002501250628,34,48,10.0,36.0886301369863,20.0,1
2018-08-10,39.99,19.99,20.000000000000004,100.05002501250628,35,49,10.0,36.0886301369863,20.0,1
2018-08-11,39.99,19.99,20.000000000000004,100.05002501250628,36,50,10.0,36.08863013698631,20.0,1
2018-08-12,39.99,19.99,20.000000000000004,100.05002501250628,37,51,10.0,36.0886301369863,20.0,1
2018-08-13,39.99,19.99,20.000000000000004,100.05002501250628,38,52,10.0,36.0886301369863,20.0,1
2018-08-14,39.99,19.99,20.000000000000004,100.05002501250628,39,53,10.0,36.0886301369863,20.0,1
2018-08-15,39.99,19.99,20.000000000000004,100.05002501250628,40,54,10.0,36.0886301369863,20.0,1
2018-08-16,39.99,19.99,20.000000000000004,100.05002501250628,41,55,10.0,36.0886301369863,20.0,1
2018-08-17,39.99,19.99,20.000000000000004,100.05002501250628,42,56,10.0,36.0886301369863,20.0,1
2018-08-18,39.99,19.99,20.000000000000004,100.05002501250628,43,57,10.0,36.0886301369863,20.0,1
2018-08-19,39.99,19.99,20.000000000000004,100.05002501250628,44,58,10.0,36.0886301369863,20.0,1
2018-08-20,39.99,19.99,20.000000000000004,100.05002501250628,45,59,10.0,36.0886301369863,20.0,1
2018-08-21,39.99,19.99,20.000000000000004,100.05002501250628,46,60,10.0,36.0886301369863,20.0,1
2018-08-22,39.99,19.99,20.000000000000004,100.05002501250628,47,61,10.0,36.0886301369863,20.0,1
2018-08-23,39.99,19.99,20.000000000000004,100.05002501250628,48,62,10.0,36.0886301369863,20.0,1
2018-08-24,39.99,19.99,20.000000000000004,100.05002501250628,49,63,10.0,36.0886301369863,20.0,1
2018-08-25,39.99,19.99,20.000000000000004,100.05002501250628,50,64,10.0,36.0886301369863,20.0,1
2018-08-26,39.99,19.99,20.000000000000004,100.05002501250628,51,65,10.0,36.0886301369863,20.0,1
2018-08-27,39.99,19.99,20.000000000000004,100.05002501250628,52,66,10.0,36.0886301369863,20.0,1
2018-08-28,39.99,19.99,20.000000000000004,100.05002501250628,53,67,10.0,36.0886301369863,20.0,1
2018-08-29,39.99,19.99,20.000000000000004,100.05002501250628,54,68,10.0,36.0886301369863,20.0,1
2018-08-30,39.99,19.99,20.000000000000004,100.05002501250628,55,69,10.0,36.0886301369863,20.0,1
2018-08-31,39.99,19.99,20.000000000000004,100.05002501250628,56,70,9.0,36.13246575342466,19.0,1
2018-09-01,39.99,19.99,20.000000000000004,100.05002501250628,57,71,9.0,36.17630136986301,19.0,1
2018-09-02,39.99,19.99,20.000000000000004,100.05002501250628,58,72,9.0,36.22013698630137,19.0,1
2018-09-03,39.99,19.99,20.000000000000004,100.05002501250628,59,73,9.0,36.26397260273973,19.0,1
2018-09-04,19.99,19.99,0.0,0.0,0,0,9.0,36.26397260273973,18.0,0
2018-09-05,19.99,19.99,0.0,0.0,1,1,10.0,36.209178082191784,19.0,0
2018-09-06,19.99,19.99,0.0,0.0,2,2,10.0,36.15438356164384,19.0,0
2018-09-07,19.99,19.99,0.0,0.0,3,3,10.0,36.09958904109589,19.0,0
2018-09-08,19.99,19.99,0.0,0.0,4,4,10.0,36.044794520547946,19.0,0
2018-09-09,19.99,19.99,0.0,0.0,5,5,10.0,35.99,19.0,0
2018-09-10,19.99,19.99,0.0,0.0,6,6,10.0,35.93520547945206,19.0,0
2018-09-11,39.99,19.99,20.000000000000004,100.05002501250628,0,7,10.0,35.88041095890411,19.0,0
2018-09-12,39.99,19.99,20.000000000000004,100.05002501250628,1,8,10.0,35.88041095890411,20.0,0
2018-09-13,39.99,19.99,20.000000000000004,100.05002501250628,2,9,10.0,35.88041095890411,20.0,0
2018-09-14,39.99,19.99,20.000000000000004,100.05002501250628,3,10,10.0,35.88041095890411,20.0,0
2018-09-15,39.99,19.99,20.000000000000004,100.05002501250628,4,11,10.0,35.88041095890411,20.0,0
2018-09-16,39.99,19.99,20.000000000000004,100.05002501250628,5,12,10.0,35.88041095890411,20.0,0
2018-09-17,39.99,19.99,20.000000000000004,100.05002501250628,6,13,10.0,35.88041095890411,20.0,0
2018-09-18,39.99,19.99,20.000000000000004,100.05002501250628,7,14,10.0,35.88041095890411,20.0,0
2018-09-19,39.99,19.99,20.000000000000004,100.05002501250628,8,15,10.0,35.88041095890411,20.0,0
2018-09-20,39.99,19.99,20.000000000000004,100.05002501250628,9,16,10.0,35.88041095890411,20.0,0
2018-09-21,39.99,19.99,20.000000000000004,100.05002501250628,10,17,10.0,35.88041095890411,20.0,0
2018-09-22,39.99,19.99,20.000000000000004,100.05002501250628,11,18,10.0,35.88041095890411,20.0,0
2018-09-23,39.99,19.99,20.000000000000004,100.05002501250628,12,19,10.0,35.88041095890411,20.0,0
2018-09-24,39.99,19.99,20.000000000000004,100.05002501250628,13,20,10.0,35.88041095890411,20.0,0
2018-09-25,39.99,19.99,20.000000000000004,100.05002501250628,14,21,10.0,35.88041095890411,20.0,0
2018-09-26,39.99,19.99,20.000000000000004,100.05002501250628,15,22,10.0,35.88041095890411,20.0,0
2018-09-27,39.99,19.99,20.000000000000004,100.05002501250628,16,23,10.0,35.88041095890411,20.0,0
2018-09-28,39.99,19.99,20.000000000000004,100.05002501250628,17,24,10.0,35.88041095890411,20.0,0
2018-09-29,39.99,19.99,20.000000000000004,100.05002501250628,18,25,10.0,35.88041095890411,20.0,0
2018-09-30,39.99,19.99,20.000000000000004,100.05002501250628,19,26,10.0,35.88041095890411,20.0,1
2018-10-01,39.99,19.99,20.000000000000004,100.05002501250628,20,27,10.0,35.88041095890411,20.0,1
2018-10-02,39.99,19.99,20.000000000000004,100.05002501250628,21,28,10.0,35.88041095890411,20.0,1
2018-10-03,39.99,19.99,20.000000000000004,100.05002501250628,22,29,10.0,35.88041095890411,20.0,1
2018-10-04,39.99,19.99,20.000000000000004,100.05002501250628,23,30,10.0,35.88041095890411,20.0,1
2018-10-05,39.99,19.99,20.000000000000004,100.05002501250628,24,31,10.0,35.88041095890411,20.0,1
2018-10-06,39.99,19.99,20.000000000000004,100.05002501250628,25,32,10.0,35.88041095890411,20.0,1
2018-10-07,39.99,19.99,20.000000000000004,100.05002501250628,26,33,10.0,35.88041095890411,20.0,1
2018-10-08,39.99,19.99,20.000000000000004,100.05002501250628,27,34,10.0,35.880410958904115,20.0,1
2018-10-09,39.99,19.99,20.000000000000004,100.05002501250628,28,35,10.0,35.88041095890411,20.0,1
2018-10-10,39.99,19.99,20.000000000000004,100.05002501250628,29,36,10.0,35.88041095890411,20.0,1
2018-10-11,39.99,19.99,20.000000000000004,100.05002501250628,30,37,10.0,35.88041095890411,20.0,1
2018-10-12,39.99,19.99,20.000000000000004,100.05002501250628,31,38,10.0,35.88041095890411,20.0,1
2018-10-13,39.99,19.99,20.000000000000004,100.05002501250628,32,39,10.0,35.88041095890411,20.0,1
2018-10-14,39.99,19.99,20.000000000000004,100.05002501250628,33,40,10.0,35.88041095890411,20.0,1
2018-10-15,39.99,19.99,20.000000000000004,100.05002501250628,34,41,10.0,35.88041095890411,20.0,1
2018-10-16,39.99,19.99,20.000000000000004,100.05002501250628,35,42,10.0,35.88041095890411,20.0,1
2018-10-17,39.99,19.99,20.000000000000004,100.05002501250628,36,43,10.0,35.88041095890411,20.0,1
2018-10-18,39.99,19.99,20.000000000000004,100.05002501250628,37,44,9.0,35.93520547945206,19.0,1
2018-10-19,39.99,19.99,20.000000000000004,100.05002501250628,38,45,9.0,35.99,19.0,1
2018-10-20,39.99,19.99,20.000000000000004,100.05002501250628,39,46,9.0,36.044794520547946,19.0,1
2018-10-21,39.99,19.99,20.000000000000004,100.05002501250628,40,47,9.0,36.09958904109589,19.0,1
2018-10-22,39.99,19.99,20.000000000000004,100.05002501250628,41,48,9.0,36.15438356164384,19.0,1
2018-10-23,39.99,19.99,20.000000000000004,100.05002501250628,42,49,9.0,36.209178082191784,19.0,1
2018-10-24,39.99,19.99,20.000000000000004,100.05002501250628,43,50,9.0,36.209178082191784,18.0,1
2018-10-25,39.99,19.99,20.000000000000004,100.05002501250628,44,51,9.0,36.209178082191784,18.0,1
2018-10-26,39.99,19.99,20.000000000000004,100.05002501250628,45,52,9.0,36.209178082191784,18.0,1
2018-10-27,39.99,19.99,20.000000000000004,100.05002501250628,46,53,9.0,36.209178082191784,18.0,1
2018-10-28,39.99,19.99,20.000000000000004,100.05002501250628,47,54,8.0,36.26397260273973,17.0,1
2018-10-29,39.99,19.99,20.000000000000004,100.05002501250628,48,55,8.0,36.31876712328767,17.0,1
2018-10-30,19.99,19.99,0.0,0.0,0,0,8.0,36.373561643835615,17.0,0
2018-10-31,19.99,19.99,0.0,0.0,1,1,9.0,36.373561643835615,18.0,0
2018-11-01,19.99,19.99,0.0,0.0,2,2,9.0,36.373561643835615,18.0,0
2018-11-02,39.99,19.99,20.000000000000004,100.05002501250628,0,3,9.0,36.37356164383562,18.0,1
2018-11-03,39.99,19.99,20.000000000000004,100.05002501250628,1,4,9.0,36.373561643835615,18.0,1
2018-11-04,39.99,19.99,20.000000000000004,100.05002501250628,2,5,9.0,36.373561643835615,18.0,1
2018-11-05,39.99,19.99,20.000000000000004,100.05002501250628,3,6,9.0,36.373561643835615,18.0,1
2018-11-06,39.99,19.99,20.000000000000004,100.05002501250628,4,7,9.0,36.373561643835615,18.0,1
2018-11-07,19.99,19.99,0.0,0.0,0,0,9.0,36.373561643835615,18.0,0
2018-11-08,19.99,19.99,0.0,0.0,1,1,10.0,36.31876712328767,19.0,0
2018-11-09,19.99,19.99,0.0,0.0,2,2,10.0,36.26397260273973,19.0,0
2018-11-10,39.99,19.99,20.000000000000004,100.05002501250628,0,3,10.0,36.209178082191784,19.0,1
2018-11-11,39.99,19.99,20.000000000000004,100.05002501250628,1,4,10.0,36.209178082191784,20.0,1
2018-11-12,39.99,19.99,20.000000000000004,100.05002501250628,2,5,10.0,36.209178082191784,20.0,1
2018-11-13,39.99,19.99,20.000000000000004,100.05002501250628,3,6,10.0,36.209178082191784,20.0,1
2018-11-14,39.99,19.99,20.000000000000004,100.05002501250628,4,7,10.0,36.209178082191784,20.0,1
2018-11-15,39.99,19.99,20.000000000000004,100.05002501250628,5,8,10.0,36.209178082191784,20.0,1
2018-11-16,39.99,19.99,20.000000000000004,100.05002501250628,6,9,10.0,36.209178082191784,20.0,1
2018-11-17,39.99,19.99,20.000000000000004,100.05002501250628,7,10,10.0,36.209178082191784,20.0,1
2018-11-18,39.99,19.99,20.000000000000004,100.05002501250628,8,11,10.0,36.209178082191784,20.0,1
2018-11-19,39.99,19.99,20.000000000000004,100.05002501250628,9,12,10.0,36.209178082191784,20.0,1
2018-11-20,39.99,19.99,20.000000000000004,100.05002501250628,10,13,10.0,36.209178082191784,20.0,1
2018-11-21,39.99,19.99,20.000000000000004,100.05002501250628,11,14,10.0,36.209178082191784,20.0,1
2018-11-22,19.99,19.99,0.0,0.0,0,0,10.0,36.209178082191784,20.0,0
2018-11-23,19.99,19.99,0.0,0.0,1,1,11.0,36.15438356164384,21.0,0
2018-11-24,19.99,19.99,0.0,0.0,2,2,10.0,36.15438356164384,20.0,0
2018-11-25,19.99,19.99,0.0,0.0,3,3,10.0,36.15438356164384,20.0,0
2018-11-26,19.99,19.99,0.0,0.0,4,4,10.0,36.15438356164384,20.0,0
2018-11-27,19.99,19.99,0.0,0.0,5,5,10.0,36.15438356164384,20.0,0
2018-11-28,39.99,19.99,20.000000000000004,100.05002501250628,0,6,10.0,36.15438356164384,20.0,1
2018-11-29,39.99,19.99,20.000000000000004,100.05002501250628,1,7,10.0,36.209178082191784,21.0,1
2018-11-30,39.99,19.99,20.000000000000004,100.05002501250628,2,8,10.0,36.209178082191784,20.0,1
2018-12-01,39.99,19.99,20.000000000000004,100.05002501250628,3,9,10.0,36.209178082191784,20.0,1
2018-12-02,39.99,19.99,20.000000000000004,100.05002501250628,4,10,10.0,36.209178082191784,20.0,1
2018-12-03,39.99,19.99,20.000000000000004,100.05002501250628,5,11,10.0,36.209178082191784,20.0,1
2018-12-04,39.99,19.99,20.000000000000004,100.05002501250628,6,12,10.0,36.209178082191784,20.0,1
2018-12-05,39.99,19.99,20.000000000000004,100.05002501250628,7,13,10.0,36.209178082191784,20.0,1
2018-12-06,39.99,19.99,20.000000000000004,100.05002501250628,8,14,10.0,36.209178082191784,20.0,1
2018-12-07,39.99,19.99,20.000000000000004,100.05002501250628,9,15,10.0,36.209178082191784,20.0,1
2018-12-08,39.99,19.99,20.000000000000004,100.05002501250628,10,16,10.0,36.209178082191784,20.0,1
2018-12-09,39.99,19.99,20.000000000000004,100.05002501250628,11,17,10.0,36.209178082191784,20.0,1
2018-12-10,39.99,19.99,20.000000000000004,100.05002501250628,12,18,10.0,36.209178082191784,20.0,1
2018-12-11,39.99,19.99,20.000000000000004,100.05002501250628,13,19,10.0,36.209178082191784,20.0,1
2018-12-12,39.99,19.99,20.000000000000004,100.05002501250628,14,20,10.0,36.209178082191784,20.0,1
2018-12-13,39.99,19.99,20.000000000000004,100.05002501250628,15,21,10.0,36.209178082191784,20.0,1
2018-12-14,39.99,19.99,20.000000000000004,100.05002501250628,16,22,10.0,36.209178082191784,20.0,1
2018-12-15,39.99,19.99,20.000000000000004,100.05002501250628,17,23,10.0,36.209178082191784,20.0,1
2018-12-16,39.99,19.99,20.000000000000004,100.05002501250628,18,24,10.0,36.209178082191784,20.0,1
2018-12-17,39.99,19.99,20.000000000000004,100.05002501250628,19,25,10.0,36.209178082191784,20.0,1
2018-12-18,39.99,19.99,20.000000000000004,100.05002501250628,20,26,10.0,36.209178082191784,20.0,1
2018-12-19,39.99,19.99,20.000000000000004,100.05002501250628,21,27,10.0,36.209178082191784,20.0,1
2018-12-20,39.99,19.99,20.000000000000004,100.05002501250628,22,28,10.0,36.209178082191784,20.0,1
2018-12-21,19.99,19.99,0.0,0.0,0,0,10.0,36.209178082191784,20.0,0
2018-12-22,19.99,19.99,0.0,0.0,1,1,11.0,36.15438356164384,21.0,0
2018-12-23,19.99,19.99,0.0,0.0,2,2,10.0,36.15438356164384,20.0,0
2018-12-24,19.99,19.99,0.0,0.0,3,3,10.0,36.15438356164384,20.0,0
2018-12-25,19.99,19.99,0.0,0.0,4,4,10.0,36.15438356164384,20.0,0
2018-12-26,19.99,19.99,0.0,0.0,5,5,10.0,36.15438356164384,20.0,0
2018-12-27,19.99,19.99,0.0,0.0,6,6,10.0,36.15438356164384,20.0,0
2018-12-28,19.99,19.99,0.0,0.0,7,7,10.0,36.15438356164384,20.0,0
2018-12-29,19.99,19.99,0.0,0.0,8,8,10.0,36.15438356164384,20.0,0
2018-12-30,19.99,19.99,0.0,0.0,9,9,10.0,36.15438356164384,20.0,0
2018-12-31,19.99,19.99,0.0,0.0,10,10,10.0,36.15438356164384,20.0,0
2019-01-01,19.99,19.99,0.0,0.0,11,11,10.0,36.15438356164384,20.0,0
2019-01-02,19.99,19.99,0.0,0.0,12,12,10.0,36.15438356164384,20.0,0
2019-01-03,19.99,19.99,0.0,0.0,13,13,10.0,36.15438356164384,20.0,0
2019-01-04,39.99,19.99,20.000000000000004,100.05002501250628,0,14,10.0,36.15438356164384,20.0,0
2019-01-05,39.99,19.99,20.000000000000004,100.05002501250628,1,15,10.0,36.209178082191784,21.0,0
2019-01-06,39.99,19.99,20.000000000000004,100.05002501250628,2,16,10.0,36.209178082191784,20.0,1
2019-01-07,39.99,19.99,20.000000000000004,100.05002501250628,3,17,10.0,36.209178082191784,20.0,1
2019-01-08,39.99,19.99,20.000000000000004,100.05002501250628,4,18,10.0,36.209178082191784,20.0,1
2019-01-09,39.99,19.99,20.000000000000004,100.05002501250628,5,19,10.0,36.209178082191784,20.0,1
2019-01-10,39.99,19.99,20.000000000000004,100.05002501250628,6,20,10.0,36.209178082191784,20.0,1
2019-01-11,39.99,19.99,20.000000000000004,100.05002501250628,7,21,10.0,36.209178082191784,20.0,1
2019-01-12,39.99,19.99,20.000000000000004,100.05002501250628,8,22,10.0,36.209178082191784,20.0,1
2019-01-13,39.99,19.99,20.000000000000004,100.05002501250628,9,23,10.0,36.209178082191784,20.0,1
2019-01-14,39.99,19.99,20.000000000000004,100.05002501250628,10,24,10.0,36.209178082191784,20.0,1
2019-01-15,39.99,19.99,20.000000000000004,100.05002501250628,11,25,10.0,36.209178082191784,20.0,1
2019-01-16,39.99,19.99,20.000000000000004,100.05002501250628,12,26,10.0,36.209178082191784,20.0,1
2019-01-17,39.99,19.99,20.000000000000004,100.05002501250628,13,27,10.0,36.209178082191784,20.0,1
2019-01-18,39.99,19.99,20.000000000000004,100.05002501250628,14,28,10.0,36.209178082191784,20.0,1
2019-01-19,39.99,19.99,20.000000000000004,100.05002501250628,15,29,10.0,36.209178082191784,20.0,1
2019-01-20,39.99,19.99,20.000000000000004,100.05002501250628,16,30,10.0,36.209178082191784,20.0,1
2019-01-21,39.99,19.99,20.000000000000004,100.05002501250628,17,31,10.0,36.209178082191784,20.0,1
2019-01-22,39.99,19.99,20.000000000000004,100.05002501250628,18,32,10.0,36.209178082191784,20.0,1
2019-01-23,39.99,19.99,20.000000000000004,100.05002501250628,19,33,10.0,36.209178082191784,20.0,1
2019-01-24,39.99,19.99,20.000000000000004,100.05002501250628,20,34,10.0,36.209178082191784,20.0,1
2019-01-25,39.99,19.99,20.000000000000004,100.05002501250628,21,35,10.0,36.209178082191784,20.0,1
2019-01-26,39.99,19.99,20.000000000000004,100.05002501250628,22,36,10.0,36.209178082191784,20.0,1
2019-01-27,39.99,19.99,20.000000000000004,100.05002501250628,23,37,10.0,36.209178082191784,20.0,1
2019-01-28,39.99,19.99,20.000000000000004,100.05002501250628,24,38,10.0,36.209178082191784,20.0,1
2019-01-29,39.99,19.99,20.000000000000004,100.05002501250628,25,39,10.0,36.209178082191784,20.0,1
2019-01-30,39.99,19.99,20.000000000000004,100.05002501250628,26,40,10.0,36.209178082191784,20.0,1
2019-01-31,39.99,19.99,20.000000000000004,100.05002501250628,27,41,10.0,36.209178082191784,20.0,1
2019-02-01,39.99,19.99,20.000000000000004,100.05002501250628,28,42,10.0,36.209178082191784,20.0,1
2019-02-02,39.99,19.99,20.000000000000004,100.05002501250628,29,43,10.0,36.209178082191784,20.0,1
2019-02-03,39.99,19.99,20.000000000000004,100.05002501250628,30,44,10.0,36.209178082191784,20.0,1
2019-02-04,39.99,19.99,20.000000000000004,100.05002501250628,31,45,10.0,36.209178082191784,20.0,1
2019-02-05,11.99,11.99,0.0,0.0,0,0,10.0,36.209178082191784,20.0,0
2019-02-06,11.99,11.99,0.0,0.0,1,1,11.0,36.13246575342466,21.0,0
2019-02-07,11.99,11.99,0.0,0.0,2,2,10.0,36.11054794520548,20.0,0
2019-02-08,11.99,11.99,0.0,0.0,3,3,10.0,36.0886301369863,20.0,0
2019-02-09,11.99,11.99,0.0,0.0,4,4,10.0,36.066712328767125,20.0,0
2019-02-10,11.99,11.99,0.0,0.0,5,5,10.0,36.044794520547946,20.0,0
2019-02-11,11.99,11.99,0.0,0.0,6,6,10.0,36.02287671232877,20.0,0
2019-02-12,39.99,11.99,28.0,233.5279399499583,0,7,10.0,36.00095890410959,20.0,0
2019-02-13,39.99,11.99,28.0,233.5279399499583,1,8,10.0,36.00095890410959,20.0,0
2019-02-14,39.99,11.99,28.0,233.5279399499583,2,9,10.0,36.00095890410959,20.0,0
2019-02-15,39.99,11.99,28.0,233.5279399499583,3,10,10.0,36.00095890410959,20.0,0
2019-02-16,39.99,11.99,28.0,233.5279399499583,4,11,10.0,36.00095890410959,20.0,0
2019-02-17,39.99,11.99,28.0,233.5279399499583,5,12,9.0,36.05575342465754,19.0,0
2019-02-18,39.99,11.99,28.0,233.5279399499583,6,13,9.0,36.11054794520548,19.0,0
2019-02-19,39.99,11.99,28.0,233.5279399499583,7,14,9.0,36.165342465753426,19.0,0
2019-02-20,39.99,11.99,28.0,233.5279399499583,8,15,9.0,36.22013698630137,19.0,0
2019-02-21,39.99,11.99,28.0,233.5279399499583,9,16,9.0,36.22013698630137,18.0,0
2019-02-22,39.99,11.99,28.0,233.5279399499583,10,17,9.0,36.22013698630137,18.0,0
2019-02-23,39.99,11.99,28.0,233.5279399499583,11,18,9.0,36.22013698630137,18.0,0
2019-02-24,39.99,11.99,28.0,233.5279399499583,12,19,9.0,36.22013698630137,18.0,0
2019-02-25,39.99,11.99,28.0,233.5279399499583,13,20,9.0,36.22013698630137,18.0,0
2019-02-26,39.99,11.99,28.0,233.5279399499583,14,21,9.0,36.22013698630138,18.0,0
2019-02-27,39.99,11.99,28.0,233.5279399499583,15,22,9.0,36.22013698630137,18.0,0
2019-02-28,39.99,11.99,28.0,233.5279399499583,16,23,9.0,36.22013698630137,18.0,0
2019-03-01,39.99,11.99,28.0,233.5279399499583,17,24,9.0,36.22013698630137,18.0,0
2019-03-02,39.99,11.99,28.0,233.5279399499583,18,25,9.0,36.22013698630137,18.0,0
2019-03-03,39.99,11.99,28.0,233.5279399499583,19,26,9.0,36.22013698630137,18.0,0
2019-03-04,39.99,11.99,28.0,233.5279399499583,20,27,9.0,36.22013698630137,18.0,0
2019-03-05,39.99,11.99,28.0,233.5279399499583,21,28,9.0,36.22013698630137,18.0,0
2019-03-06,39.99,11.99,28.0,233.5279399499583,22,29,9.0,36.22013698630138,18.0,0
2019-03-07,39.99,11.99,28.0,233.5279399499583,23,30,9.0,36.22013698630137,18.0,0
2019-03-08,39.99,11.99,28.0,233.5279399499583,24,31,9.0,36.22013698630137,18.0,0
2019-03-09,39.99,11.99,28.0,233.5279399499583,25,32,9.0,36.22013698630137,18.0,0
2019-03-10,39.99,11.99,28.0,233.5279399499583,26,33,9.0,36.22013698630137,18.0,1
2019-03-11,39.99,11.99,28.0,233.5279399499583,27,34,9.0,36.22013698630137,18.0,1
2019-03-12,39.99,11.99,28.0,233.5279399499583,28,35,9.0,36.22013698630137,18.0,1
2019-03-13,39.99,11.99,28.0,233.5279399499583,29,36,9.0,36.22013698630137,18.0,1
2019-03-14,39.99,11.99,28.0,233.5279399499583,30,37,9.0,36.22013698630137,18.0,1
2019-03-15,39.99,11.99,28.0,233.5279399499583,31,38,9.0,36.22013698630137,18.0,1
2019-03-16,39.99,11.99,28.0,233.5279399499583,32,39,9.0,36.22013698630137,18.0,1
2019-03-17,39.99,11.99,28.0,233.5279399499583,33,40,9.0,36.22013698630137,18.0,1
2019-03-18,39.99,11.99,28.0,233.5279399499583,34,41,9.0,36.22013698630137,18.0,1
2019-03-19,39.99,11.99,28.0,233.5279399499583,35,42,9.0,36.22013698630137,18.0,1
2019-03-20,39.99,11.99,28.0,233.5279399499583,36,43,9.0,36.22013698630137,18.0,1
2019-03-21,39.99,11.99,28.0,233.5279399499583,37,44,9.0,36.22013698630137,18.0,1
2019-03-22,39.99,11.99,28.0,233.5279399499583,38,45,9.0,36.22013698630137,18.0,1
2019-03-23,39.99,11.99,28.0,233.5279399499583,39,46,9.0,36.22013698630138,18.0,1
2019-03-24,39.99,11.99,28.0,233.5279399499583,40,47,9.0,36.22013698630137,18.0,1
2019-03-25,39.99,11.99,28.0,233.5279399499583,41,48,9.0,36.22013698630137,18.0,1
2019-03-26,39.99,11.99,28.0,233.5279399499583,42,49,9.0,36.22013698630137,18.0,1
2019-03-27,39.99,11.99,28.0,233.5279399499583,43,50,9.0,36.22013698630137,18.0,1
2019-03-28,39.99,11.99,28.0,233.5279399499583,44,51,9.0,36.22013698630137,18.0,1
2019-03-29,39.99,11.99,28.0,233.5279399499583,45,52,9.0,36.22013698630137,18.0,1
2019-03-30,39.99,11.99,28.0,233.5279399499583,46,53,9.0,36.22013698630137,18.0,1
2019-03-31,39.99,11.99,28.0,233.5279399499583,47,54,9.0,36.22013698630138,18.0,1
2019-04-01,39.99,11.99,28.0,233.5279399499583,48,55,9.0,36.22013698630137,18.0,1
2019-04-02,39.99,11.99,28.0,233.5279399499583,49,56,9.0,36.22013698630137,18.0,1
2019-04-03,39.99,11.99,28.0,233.5279399499583,50,57,9.0,36.22013698630137,18.0,1
2019-04-04,39.99,11.99,28.0,233.5279399499583,51,58,9.0,36.22013698630137,18.0,1
2019-04-05,39.99,11.99,28.0,233.5279399499583,52,59,9.0,36.22013698630137,18.0,1
2019-04-06,39.99,11.99,28.0,233.5279399499583,53,60,9.0,36.22013698630137,18.0,1
2019-04-07,39.99,11.99,28.0,233.5279399499583,54,61,9.0,36.22013698630137,18.0,1
2019-04-08,39.99,11.99,28.0,233.5279399499583,55,62,9.0,36.22013698630138,18.0,1
2019-04-09,11.99,11.99,0.0,0.0,0,0,9.0,36.22013698630137,18.0,0
2019-04-10,11.99,11.99,0.0,0.0,1,1,10.0,36.14342465753425,19.0,0
2019-04-11,11.99,11.99,0.0,0.0,2,2,9.0,36.12150684931507,18.0,0
2019-04-12,11.99,11.99,0.0,0.0,3,3,9.0,36.09958904109589,18.0,0
2019-04-13,11.99,11.99,0.0,0.0,4,4,9.0,36.07767123287671,18.0,0
2019-04-14,11.99,11.99,0.0,0.0,5,5,9.0,36.05575342465754,18.0,0
2019-04-15,39.99,11.99,28.0,233.5279399499583,0,6,9.0,36.03383561643836,18.0,0
2019-04-16,39.99,11.99,28.0,233.5279399499583,1,7,9.0,36.0886301369863,19.0,0
2019-04-17,39.99,11.99,28.0,233.5279399499583,2,8,9.0,36.0886301369863,18.0,0
2019-04-18,39.99,11.99,28.0,233.5279399499583,3,9,9.0,36.0886301369863,18.0,0
2019-04-19,39.99,11.99,28.0,233.5279399499583,4,10,9.0,36.0886301369863,18.0,0
2019-04-20,39.99,11.99,28.0,233.5279399499583,5,11,9.0,36.0886301369863,18.0,0
2019-04-21,39.99,11.99,28.0,233.5279399499583,6,12,9.0,36.0886301369863,18.0,0
2019-04-22,39.99,11.99,28.0,233.5279399499583,7,13,9.0,36.0886301369863,18.0,0
2019-04-23,39.99,11.99,28.0,233.5279399499583,8,14,9.0,36.0886301369863,18.0,0
2019-04-24,39.99,11.99,28.0,233.5279399499583,9,15,9.0,36.0886301369863,18.0,0
2019-04-25,39.99,11.99,28.0,233.5279399499583,10,16,9.0,36.08863013698631,18.0,0
2019-04-26,39.99,11.99,28.0,233.5279399499583,11,17,9.0,36.0886301369863,18.0,0
2019-04-27,39.99,11.99,28.0,233.5279399499583,12,18,9.0,36.0886301369863,18.0,0
2019-04-28,39.99,11.99,28.0,233.5279399499583,13,19,9.0,36.0886301369863,18.0,0
2019-04-29,39.99,11.99,28.0,233.5279399499583,14,20,9.0,36.0886301369863,18.0,0
2019-04-30,39.99,11.99,28.0,233.5279399499583,15,21,9.0,36.0886301369863,18.0,0
2019-05-01,39.99,11.99,28.0,233.5279399499583,16,22,9.0,36.0886301369863,18.0,0
2019-05-02,39.99,11.99,28.0,233.5279399499583,17,23,9.0,36.0886301369863,18.0,0
2019-05-03,39.99,11.99,28.0,233.5279399499583,18,24,9.0,36.08863013698631,18.0,0
2019-05-04,39.99,11.99,28.0,233.5279399499583,19,25,9.0,36.0886301369863,18.0,0
2019-05-05,39.99,11.99,28.0,233.5279399499583,20,26,9.0,36.0886301369863,18.0,0
2019-05-06,39.99,11.99,28.0,233.5279399499583,21,27,9.0,36.0886301369863,18.0,0
2019-05-07,39.99,11.99,28.0,233.5279399499583,22,28,9.0,36.0886301369863,18.0,0
2019-05-08,39.99,11.99,28.0,233.5279399499583,23,29,9.0,36.0886301369863,18.0,0
2019-05-09,39.99,11.99,28.0,233.5279399499583,24,30,9.0,36.0886301369863,18.0,0
2019-05-10,39.99,11.99,28.0,233.5279399499583,25,31,9.0,36.0886301369863,18.0,0
2019-05-11,39.99,11.99,28.0,233.5279399499583,26,32,9.0,36.0886301369863,18.0,0
2019-05-12,39.99,11.99,28.0,233.5279399499583,27,33,9.0,36.0886301369863,18.0,1
2019-05-13,39.99,11.99,28.0,233.5279399499583,28,34,9.0,36.0886301369863,18.0,1
2019-05-14,39.99,11.99,28.0,233.5279399499583,29,35,9.0,36.0886301369863,18.0,1
2019-05-15,39.99,11.99,28.0,233.5279399499583,30,36,9.0,36.0886301369863,18.0,1
2019-05-16,39.99,11.99,28.0,233.5279399499583,31,37,9.0,36.0886301369863,18.0,1
2019-05-17,39.99,11.99,28.0,233.5279399499583,32,38,9.0,36.0886301369863,18.0,1
2019-05-18,39.99,11.99,28.0,233.5279399499583,33,39,9.0,36.0886301369863,18.0,1
2019-05-19,39.99,11.99,28.0,233.5279399499583,34,40,9.0,36.0886301369863,18.0,1
2019-05-20,39.99,11.99,28.0,233.5279399499583,35,41,9.0,36.0886301369863,18.0,1
2019-05-21,39.99,11.99,28.0,233.5279399499583,36,42,9.0,36.0886301369863,18.0,1
2019-05-22,39.99,11.99,28.0,233.5279399499583,37,43,9.0,36.0886301369863,18.0,1
2019-05-23,39.99,11.99,28.0,233.5279399499583,38,44,9.0,36.0886301369863,18.0,1
2019-05-24,39.99,11.99,28.0,233.5279399499583,39,45,9.0,36.0886301369863,18.0,1
2019-05-25,39.99,11.99,28.0,233.5279399499583,40,46,9.0,36.0886301369863,18.0,1
2019-05-26,39.99,11.99,28.0,233.5279399499583,41,47,9.0,36.0886301369863,18.0,1
2019-05-27,39.99,11.99,28.0,233.5279399499583,42,48,9.0,36.0886301369863,18.0,1
2019-05-28,39.99,11.99,28.0,233.5279399499583,43,49,9.0,36.08863013698631,18.0,1
2019-05-29,39.99,11.99,28.0,233.5279399499583,44,50,9.0,36.0886301369863,18.0,1
2019-05-30,39.99,11.99,28.0,233.5279399499583,45,51,9.0,36.0886301369863,18.0,1
2019-05-31,39.99,11.99,28.0,233.5279399499583,46,52,9.0,36.0886301369863,18.0,1
2019-06-01,39.99,11.99,28.0,233.5279399499583,47,53,9.0,36.0886301369863,18.0,1
2019-06-02,39.99,11.99,28.0,233.5279399499583,48,54,9.0,36.0886301369863,18.0,1
2019-06-03,39.99,11.99,28.0,233.5279399499583,49,55,9.0,36.0886301369863,18.0,1
2019-06-04,39.99,11.99,28.0,233.5279399499583,50,56,9.0,36.0886301369863,18.0,1
2019-06-05,39.99,11.99,28.0,233.5279399499583,51,57,9.0,36.08863013698631,18.0,1
2019-06-06,39.99,11.99,28.0,233.5279399499583,52,58,9.0,36.0886301369863,18.0,1
2019-06-07,39.99,11.99,28.0,233.5279399499583,53,59,9.0,36.0886301369863,18.0,1
2019-06-08,39.99,11.99,28.0,233.5279399499583,54,60,9.0,36.0886301369863,18.0,1
2019-06-09,39.99,11.99,28.0,233.5279399499583,55,61,9.0,36.0886301369863,18.0,1
2019-06-10,39.99,11.99,28.0,233.5279399499583,56,62,9.0,36.0886301369863,18.0,1
2019-06-11,11.99,11.99,0.0,0.0,0,0,9.0,36.0886301369863,18.0,0
2019-06-12,11.99,11.99,0.0,0.0,1,1,10.0,36.01191780821918,19.0,0
2019-06-13,11.99,11.99,0.0,0.0,2,2,9.0,35.99,18.0,0
2019-06-14,11.99,11.99,0.0,0.0,3,3,9.0,35.96808219178082,18.0,0
2019-06-15,11.99,11.99,0.0,0.0,4,4,9.0,35.946164383561644,18.0,0
2019-06-16,11.99,11.99,0.0,0.0,5,5,9.0,35.924246575342465,18.0,0
2019-06-17,11.99,11.99,0.0,0.0,6,6,9.0,35.90232876712329,18.0,0
2019-06-18,39.99,11.99,28.0,233.5279399499583,0,7,9.0,35.88041095890411,18.0,1
2019-06-19,39.99,11.99,28.0,233.5279399499583,1,8,9.0,35.88041095890411,18.0,1
2019-06-20,39.99,11.99,28.0,233.5279399499583,2,9,9.0,35.88041095890411,18.0,1
2019-06-21,39.99,11.99,28.0,233.5279399499583,3,10,9.0,35.88041095890411,18.0,1
2019-06-22,39.99,11.99,28.0,233.5279399499583,4,11,9.0,35.880410958904115,18.0,1
2019-06-23,39.99,11.99,28.0,233.5279399499583,5,12,8.0,35.93520547945206,17.0,1
2019-06-24,39.99,11.99,28.0,233.5279399499583,6,13,8.0,35.99,17.0,1
2019-06-25,39.99,11.99,28.0,233.5279399499583,7,14,8.0,36.044794520547946,17.0,1
2019-06-26,11.99,11.99,0.0,0.0,0,0,8.0,36.09958904109589,17.0,0
2019-06-27,11.99,11.99,0.0,0.0,1,1,9.0,36.07767123287671,18.0,0
2019-06-28,11.99,11.99,0.0,0.0,2,2,9.0,36.05575342465754,18.0,0
2019-06-29,11.99,11.99,0.0,0.0,3,3,9.0,36.03383561643836,18.0,0
2019-06-30,11.99,11.99,0.0,0.0,4,4,9.0,36.01191780821918,18.0,0
2019-07-01,11.99,11.99,0.0,0.0,5,5,9.0,35.99,18.0,0
2019-07-02,11.99,11.99,0.0,0.0,6,6,9.0,35.96808219178082,18.0,0
2019-07-03,11.99,11.99,0.0,0.0,7,7,9.0,35.946164383561644,18.0,0
2019-07-04,11.99,11.99,0.0,0.0,8,8,9.0,35.924246575342465,18.0,0
2019-07-05,11.99,11.99,0.0,0.0,9,9,9.0,35.90232876712329,18.0,0
2019-07-06,11.99,11.99,0.0,0.0,10,10,9.0,35.88041095890411,18.0,0
2019-07-07,11.99,11.99,0.0,0.0,11,11,9.0,35.803698630136985,17.0,0
2019-07-08,11.99,11.99,0.0,0.0,12,12,9.0,35.72698630136986,17.0,0
2019-07-09,11.99,11.99,0.0,0.0,13,13,9.0,35.65027397260274,17.0,0
2019-07-10,39.99,11.99,28.0,233.5279399499583,0,14,9.0,35.57356164383562,17.0,0
2019-07-11,39.99,11.99,28.0,233.5279399499583,1,15,9.0,35.57356164383562,18.0,0
2019-07-12,39.99,11.99,28.0,233.5279399499583,2,16,9.0,35.57356164383562,18.0,0
2019-07-13,39.99,11.99,28.0,233.5279399499583,3,17,9.0,35.57356164383562,18.0,0
2019-07-14,39.99,11.99,28.0,233.5279399499583,4,18,9.0,35.57356164383562,18.0,0
2019-07-15,39.99,11.99,28.0,233.5279399499583,5,19,9.0,35.57356164383562,18.0,0
2019-07-16,39.99,11.99,28.0,233.5279399499583,6,20,9.0,35.57356164383562,18.0,0
2019-07-17,39.99,11.99,28.0,233.5279399499583,7,21,9.0,35.573561643835625,18.0,0
2019-07-18,39.99,11.99,28.0,233.5279399499583,8,22,9.0,35.57356164383562,18.0,0
2019-07-19,39.99,11.99,28.0,233.5279399499583,9,23,9.0,35.57356164383562,18.0,0
2019-07-20,39.99,11.99,28.0,233.5279399499583,10,24,9.0,35.57356164383562,18.0,0
2019-07-21,39.99,11.99,28.0,233.5279399499583,11,25,9.0,35.57356164383562,18.0,0
2019-07-22,39.99,11.99,28.0,233.5279399499583,12,26,9.0,35.57356164383562,18.0,0
2019-07-23,39.99,11.99,28.0,233.5279399499583,13,27,9.0,35.57356164383562,18.0,0
2019-07-24,39.99,11.99,28.0,233.5279399499583,14,28,9.0,35.57356164383562,18.0,0
2019-07-25,39.99,11.99,28.0,233.5279399499583,15,29,9.0,35.573561643835625,18.0,0
2019-07-26,39.99,11.99,28.0,233.5279399499583,16,30,9.0,35.57356164383562,18.0,0
2019-07-27,39.99,11.99,28.0,233.5279399499583,17,31,9.0,35.57356164383562,18.0,0
2019-07-28,39.99,11.99,28.0,233.5279399499583,18,32,9.0,35.57356164383562,18.0,0
2019-07-29,39.99,11.99,28.0,233.5279399499583,19,33,9.0,35.57356164383562,18.0,0
2019-07-30,39.99,11.99,28.0,233.5279399499583,20,34,9.0,35.57356164383562,18.0,0
2019-07-31,39.99,11.99,28.0,233.5279399499583,21,35,9.0,35.57356164383562,18.0,0
2019-08-01,39.99,11.99,28.0,233.5279399499583,22,36,9.0,35.57356164383562,18.0,0
2019-08-02,39.99,11.99,28.0,233.5279399499583,23,37,9.0,35.573561643835625,18.0,0
2019-08-03,39.99,11.99,28.0,233.5279399499583,24,38,9.0,35.57356164383562,18.0,0
2019-08-04,39.99,11.99,28.0,233.5279399499583,25,39,9.0,35.57356164383562,18.0,1
2019-08-05,39.99,11.99,28.0,233.5279399499583,26,40,9.0,35.57356164383562,18.0,1
2019-08-06,39.99,11.99,28.0,233.5279399499583,27,41,9.0,35.57356164383562,18.0,1
2019-08-07,39.99,11.99,28.0,233.5279399499583,28,42,9.0,35.57356164383562,18.0,1
2019-08-08,39.99,11.99,28.0,233.5279399499583,29,43,9.0,35.57356164383562,18.0,1
2019-08-09,39.99,11.99,28.0,233.5279399499583,30,44,9.0,35.57356164383562,18.0,1
2019-08-10,39.99,11.99,28.0,233.5279399499583,31,45,9.0,35.57356164383562,18.0,1
2019-08-11,39.99,11.99,28.0,233.5279399499583,32,46,9.0,35.57356164383562,18.0,1
2019-08-12,39.99,11.99,28.0,233.5279399499583,33,47,9.0,35.57356164383562,18.0,1
2019-08-13,39.99,11.99,28.0,233.5279399499583,34,48,9.0,35.57356164383562,18.0,1
2019-08-14,39.99,11.99,28.0,233.5279399499583,35,49,9.0,35.57356164383562,18.0,1
2019-08-15,39.99,11.99,28.0,233.5279399499583,36,50,9.0,35.57356164383562,18.0,1
2019-08-16,39.99,11.99,28.0,233.5279399499583,37,51,9.0,35.57356164383562,18.0,1
2019-08-17,39.99,11.99,28.0,233.5279399499583,38,52,9.0,35.57356164383562,18.0,1
2019-08-18,39.99,11.99,28.0,233.5279399499583,39,53,9.0,35.57356164383562,18.0,1
2019-08-19,39.99,11.99,28.0,233.5279399499583,40,54,9.0,35.573561643835625,18.0,1
2019-08-20,39.99,11.99,28.0,233.5279399499583,41,55,9.0,35.57356164383562,18.0,1
2019-08-21,39.99,11.99,28.0,233.5279399499583,42,56,9.0,35.57356164383562,18.0,1
2019-08-22,39.99,11.99,28.0,233.5279399499583,43,57,9.0,35.57356164383562,18.0,1
2019-08-23,39.99,11.99,28.0,233.5279399499583,44,58,9.0,35.57356164383562,18.0,1
2019-08-24,39.99,11.99,28.0,233.5279399499583,45,59,9.0,35.57356164383562,18.0,1
2019-08-25,39.99,11.99,28.0,233.5279399499583,46,60,9.0,35.57356164383562,18.0,1
2019-08-26,39.99,11.99,28.0,233.5279399499583,47,61,9.0,35.57356164383562,18.0,1
2019-08-27,39.99,11.99,28.0,233.5279399499583,48,62,9.0,35.573561643835625,18.0,1
2019-08-28,39.99,11.99,28.0,233.5279399499583,49,63,9.0,35.57356164383562,18.0,1
2019-08-29,39.99,11.99,28.0,233.5279399499583,50,64,9.0,35.57356164383562,18.0,1
2019-08-30,39.99,11.99,28.0,233.5279399499583,51,65,9.0,35.57356164383562,18.0,1
2019-08-31,39.99,11.99,28.0,233.5279399499583,52,66,9.0,35.57356164383562,18.0,1
2019-09-01,39.99,11.99,28.0,233.5279399499583,53,67,9.0,35.57356164383562,18.0,1
2019-09-02,39.99,11.99,28.0,233.5279399499583,54,68,9.0,35.57356164383562,18.0,1
2019-09-03,11.99,11.99,0.0,0.0,0,0,9.0,35.57356164383562,18.0,0
2019-09-04,11.99,11.99,0.0,0.0,1,1,10.0,35.4968493150685,19.0,0
2019-09-05,11.99,11.99,0.0,0.0,2,2,9.0,35.474931506849316,18.0,0
2019-09-06,11.99,11.99,0.0,0.0,3,3,9.0,35.45301369863014,18.0,0
2019-09-07,11.99,11.99,0.0,0.0,4,4,9.0,35.43109589041096,18.0,0
2019-09-08,11.99,11.99,0.0,0.0,5,5,9.0,35.40917808219178,18.0,0
2019-09-09,11.99,11.99,0.0,0.0,6,6,9.0,35.3872602739726,18.0,0
2019-09-10,39.99,11.99,28.0,233.5279399499583,0,7,9.0,35.36534246575343,18.0,0
2019-09-11,39.99,11.99,28.0,233.5279399499583,1,8,9.0,35.42013698630137,19.0,0
2019-09-12,39.99,11.99,28.0,233.5279399499583,2,9,9.0,35.42013698630137,18.0,0
2019-09-13,39.99,11.99,28.0,233.5279399499583,3,10,9.0,35.42013698630137,18.0,0
2019-09-14,39.99,11.99,28.0,233.5279399499583,4,11,9.0,35.42013698630137,18.0,0
2019-09-15,39.99,11.99,28.0,233.5279399499583,5,12,9.0,35.42013698630137,18.0,0
2019-09-16,39.99,11.99,28.0,233.5279399499583,6,13,9.0,35.42013698630137,18.0,0
2019-09-17,39.99,11.99,28.0,233.5279399499583,7,14,9.0,35.42013698630137,18.0,0
2019-09-18,39.99,11.99,28.0,233.5279399499583,8,15,9.0,35.42013698630137,18.0,0
2019-09-19,39.99,11.99,28.0,233.5279399499583,9,16,9.0,35.42013698630137,18.0,0
2019-09-20,39.99,11.99,28.0,233.5279399499583,10,17,9.0,35.42013698630137,18.0,0
2019-09-21,39.99,11.99,28.0,233.5279399499583,11,18,9.0,35.42013698630137,18.0,0
2019-09-22,39.99,11.99,28.0,233.5279399499583,12,19,9.0,35.42013698630137,18.0,0
2019-09-23,39.99,11.99,28.0,233.5279399499583,13,20,9.0,35.42013698630137,18.0,0
2019-09-24,39.99,11.99,28.0,233.5279399499583,14,21,9.0,35.42013698630137,18.0,0
2019-09-25,39.99,11.99,28.0,233.5279399499583,15,22,9.0,35.42013698630137,18.0,0
2019-09-26,39.99,11.99,28.0,233.5279399499583,16,23,9.0,35.42013698630137,18.0,0
2019-09-27,39.99,11.99,28.0,233.5279399499583,17,24,9.0,35.42013698630137,18.0,0
2019-09-28,39.99,11.99,28.0,233.5279399499583,18,25,9.0,35.42013698630137,18.0,0
2019-09-29,39.99,11.99,28.0,233.5279399499583,19,26,9.0,35.42013698630137,18.0,1
2019-09-30,39.99,11.99,28.0,233.5279399499583,20,27,9.0,35.42013698630137,18.0,1
2019-10-01,39.99,11.99,28.0,233.5279399499583,21,28,9.0,35.42013698630137,18.0,1
2019-10-02,39.99,11.99,28.0,233.5279399499583,22,29,9.0,35.42013698630137,18.0,1
2019-10-03,39.99,11.99,28.0,233.5279399499583,23,30,9.0,35.42013698630137,18.0,1
2019-10-04,39.99,11.99,28.0,233.5279399499583,24,31,9.0,35.42013698630137,18.0,1
2019-10-05,39.99,11.99,28.0,233.5279399499583,25,32,9.0,35.42013698630137,18.0,1
2019-10-06,39.99,11.99,28.0,233.5279399499583,26,33,9.0,35.42013698630137,18.0,1
2019-10-07,39.99,11.99,28.0,233.5279399499583,27,34,9.0,35.42013698630137,18.0,1
2019-10-08,39.99,11.99,28.0,233.5279399499583,28,35,9.0,35.42013698630137,18.0,1
2019-10-09,39.99,11.99,28.0,233.5279399499583,29,36,9.0,35.42013698630137,18.0,1
2019-10-10,39.99,11.99,28.0,233.5279399499583,30,37,9.0,35.42013698630137,18.0,1
2019-10-11,39.99,11.99,28.0,233.5279399499583,31,38,9.0,35.42013698630137,18.0,1
2019-10-12,39.99,11.99,28.0,233.5279399499583,32,39,9.0,35.42013698630137,18.0,1
2019-10-13,39.99,11.99,28.0,233.5279399499583,33,40,9.0,35.42013698630137,18.0,1
2019-10-14,39.99,11.99,28.0,233.5279399499583,34,41,9.0,35.42013698630137,18.0,1
2019-10-15,39.99,11.99,28.0,233.5279399499583,35,42,9.0,35.42013698630137,18.0,1
2019-10-16,39.99,11.99,28.0,233.5279399499583,36,43,9.0,35.42013698630137,18.0,1
2019-10-17,39.99,11.99,28.0,233.5279399499583,37,44,9.0,35.42013698630137,18.0,1
2019-10-18,39.99,11.99,28.0,233.5279399499583,38,45,9.0,35.42013698630137,18.0,1
2019-10-19,39.99,11.99,28.0,233.5279399499583,39,46,9.0,35.42013698630137,18.0,1
2019-10-20,39.99,11.99,28.0,233.5279399499583,40,47,9.0,35.42013698630137,18.0,1
2019-10-21,39.99,11.99,28.0,233.5279399499583,41,48,9.0,35.42013698630137,18.0,1
2019-10-22,39.99,11.99,28.0,233.5279399499583,42,49,9.0,35.42013698630137,18.0,1
2019-10-23,39.99,11.99,28.0,233.5279399499583,43,50,9.0,35.42013698630137,18.0,1
2019-10-24,39.99,11.99,28.0,233.5279399499583,44,51,9.0,35.42013698630137,18.0,1
2019-10-25,39.99,11.99,28.0,233.5279399499583,45,52,9.0,35.42013698630137,18.0,1
2019-10-26,39.99,11.99,28.0,233.5279399499583,46,53,9.0,35.42013698630137,18.0,1
2019-10-27,39.99,11.99,28.0,233.5279399499583,47,54,9.0,35.42013698630137,18.0,1
2019-10-28,39.99,11.99,28.0,233.5279399499583,48,55,9.0,35.42013698630137,18.0,1
2019-10-29,11.99,11.99,0.0,0.0,0,0,9.0,35.42013698630137,18.0,0
2019-10-30,11.99,11.99,0.0,0.0,1,1,10.0,35.34342465753425,19.0,0
2019-10-31,11.99,11.99,0.0,0.0,2,2,9.0,35.32150684931507,18.0,0
2019-11-01,11.99,11.99,0.0,0.0,3,3,9.0,35.2995890410959,18.0,0
2019-11-02,39.99,11.99,28.0,233.5279399499583,0,4,9.0,35.27767123287671,18.0,1
2019-11-03,39.99,11.99,28.0,233.5279399499583,1,5,9.0,35.27767123287671,18.0,1
2019-11-04,39.99,11.99,28.0,233.5279399499583,2,6,9.0,35.27767123287671,18.0,1
2019-11-05,39.99,11.99,28.0,233.5279399499583,3,7,9.0,35.27767123287671,18.0,1
2019-11-06,39.99,11.99,28.0,233.5279399499583,4,8,9.0,35.27767123287671,18.0,1
2019-11-07,39.99,11.99,28.0,233.5279399499583,5,9,9.0,35.27767123287671,18.0,1
2019-11-08,39.99,11.99,28.0,233.5279399499583,6,10,8.0,35.33246575342466,17.0,1
2019-11-09,39.99,11.99,28.0,233.5279399499583,7,11,8.0,35.3872602739726,17.0,1
2019-11-10,39.99,11.99,28.0,233.5279399499583,8,12,8.0,35.44205479452055,17.0,1
2019-11-11,11.99,11.99,0.0,0.0,0,0,8.0,35.44205479452055,16.0,0
2019-11-12,11.99,11.99,0.0,0.0,1,1,9.0,35.36534246575343,17.0,0
2019-11-13,39.99,11.99,28.0,233.5279399499583,0,2,9.0,35.2886301369863,17.0,1
2019-11-14,39.99,11.99,28.0,233.5279399499583,1,3,9.0,35.2886301369863,18.0,1
2019-11-15,39.99,11.99,28.0,233.5279399499583,2,4,9.0,35.2886301369863,18.0,1
2019-11-16,39.99,11.99,28.0,233.5279399499583,3,5,9.0,35.2886301369863,18.0,1
2019-11-17,39.99,11.99,28.0,233.5279399499583,4,6,9.0,35.2886301369863,18.0,1
2019-11-18,39.99,11.99,28.0,233.5279399499583,5,7,9.0,35.288630136986306,18.0,1
2019-11-19,39.99,11.99,28.0,233.5279399499583,6,8,9.0,35.2886301369863,18.0,1
2019-11-20,39.99,11.99,28.0,233.5279399499583,7,9,9.0,35.2886301369863,18.0,1
2019-11-21,39.99,11.99,28.0,233.5279399499583,8,10,9.0,35.2886301369863,18.0,1
2019-11-22,39.99,11.99,28.0,233.5279399499583,9,11,9.0,35.2886301369863,18.0,1
2019-11-23,39.99,11.99,28.0,233.5279399499583,10,12,8.0,35.34342465753425,17.0,1
2019-11-24,39.99,11.99,28.0,233.5279399499583,11,13,8.0,35.39821917808219,17.0,1
2019-11-25,39.99,11.99,28.0,233.5279399499583,12,14,8.0,35.45301369863014,17.0,1
2019-11-26,39.99,11.99,28.0,233.5279399499583,13,15,8.0,35.50780821917809,17.0,1
2019-11-27,11.99,11.99,0.0,0.0,0,0,8.0,35.56260273972603,17.0,0
2019-11-28,11.99,11.99,0.0,0.0,1,1,9.0,35.54068493150685,18.0,0
2019-11-29,11.99,11.99,0.0,0.0,2,2,9.0,35.46397260273973,17.0,0
2019-11-30,11.99,11.99,0.0,0.0,3,3,9.0,35.3872602739726,17.0,0
2019-12-01,11.99,11.99,0.0,0.0,4,4,9.0,35.31054794520548,17.0,0
2019-12-02,11.99,11.99,0.0,0.0,5,5,9.0,35.233835616438355,17.0,0
2019-12-03,11.99,11.99,0.0,0.0,6,6,9.0,35.15712328767123,17.0,0
2019-12-04,39.99,11.99,28.0,233.5279399499583,0,7,9.0,35.08041095890412,17.0,1
2019-12-05,39.99,11.99,28.0,233.5279399499583,1,8,9.0,35.08041095890411,18.0,1
2019-12-06,39.99,11.99,28.0,233.5279399499583,2,9,9.0,35.08041095890411,18.0,1
2019-12-07,39.99,11.99,28.0,233.5279399499583,3,10,9.0,35.08041095890411,18.0,1
2019-12-08,39.99,11.99,28.0,233.5279399499583,4,11,9.0,35.08041095890411,18.0,1
2019-12-09,39.99,11.99,28.0,233.5279399499583,5,12,9.0,35.08041095890411,18.0,1
2019-12-10,39.99,11.99,28.0,233.5279399499583,6,13,9.0,35.08041095890411,18.0,1
2019-12-11,39.99,11.99,28.0,233.5279399499583,7,14,9.0,35.08041095890411,18.0,1
2019-12-12,39.99,11.99,28.0,233.5279399499583,8,15,9.0,35.08041095890411,18.0,1
2019-12-13,11.99,11.99,0.0,0.0,0,0,9.0,35.08041095890412,18.0,0
2019-12-14,11.99,11.99,0.0,0.0,1,1,10.0,35.00369863013699,19.0,0
2019-12-15,39.99,11.99,28.0,233.5279399499583,0,2,10.0,34.926986301369865,19.0,1
2019-12-16,39.99,11.99,28.0,233.5279399499583,1,3,10.0,34.926986301369865,20.0,1
2019-12-17,39.99,11.99,28.0,233.5279399499583,2,4,10.0,34.926986301369865,20.0,1
2019-12-18,39.99,11.99,28.0,233.5279399499583,3,5,10.0,34.926986301369865,20.0,1
2019-12-19,39.99,11.99,28.0,233.5279399499583,4,6,10.0,34.926986301369865,20.0,1
2019-12-20,11.99,11.99,0.0,0.0,0,0,10.0,34.926986301369865,20.0,0
2019-12-21,11.99,11.99,0.0,0.0,1,1,11.0,34.85027397260274,21.0,0
2019-12-22,11.99,11.99,0.0,0.0,2,2,10.0,34.828356164383564,20.0,0
2019-12-23,11.99,11.99,0.0,0.0,3,3,10.0,34.806438356164385,20.0,0
2019-12-24,11.99,11.99,0.0,0.0,4,4,10.0,34.784520547945206,20.0,0
2019-12-25,11.99,11.99,0.0,0.0,5,5,10.0,34.76260273972603,20.0,0
2019-12-26,11.99,11.99,0.0,0.0,6,6,10.0,34.74068493150685,20.0,0
2019-12-27,11.99,11.99,0.0,0.0,7,7,10.0,34.71876712328767,20.0,0
2019-12-28,11.99,11.99,0.0,0.0,8,8,10.0,34.69684931506849,20.0,0
2019-12-29,11.99,11.99,0.0,0.0,9,9,10.0,34.67493150684932,20.0,0
2019-12-30,11.99,11.99,0.0,0.0,10,10,10.0,34.65301369863014,20.0,0
2019-12-31,11.99,11.99,0.0,0.0,11,11,10.0,34.63109589041096,20.0,0
2020-01-01,11.99,11.99,0.0,0.0,12,12,10.0,34.60917808219178,20.0,0
2020-01-02,11.99,11.99,0.0,0.0,13,13,10.0,34.5872602739726,20.0,0
2020-01-03,39.99,11.99,28.0,233.5279399499583,0,14,10.0,34.565342465753425,20.0,1
2020-01-04,39.99,11.99,28.0,233.5279399499583,1,15,10.0,34.62013698630137,21.0,1
2020-01-05,39.99,11.99,28.0,233.5279399499583,2,16,10.0,34.62013698630137,20.0,1
2020-01-06,39.99,11.99,28.0,233.5279399499583,3,17,10.0,34.62013698630137,20.0,1
2020-01-07,39.99,11.99,28.0,233.5279399499583,4,18,10.0,34.620136986301375,20.0,1
2020-01-08,39.99,11.99,28.0,233.5279399499583,5,19,10.0,34.62013698630137,20.0,1
2020-01-09,39.99,11.99,28.0,233.5279399499583,6,20,10.0,34.62013698630137,20.0,1
2020-01-10,39.99,11.99,28.0,233.5279399499583,7,21,10.0,34.62013698630137,20.0,1
2020-01-11,39.99,11.99,28.0,233.5279399499583,8,22,10.0,34.62013698630137,20.0,1
2020-01-12,39.99,11.99,28.0,233.5279399499583,9,23,10.0,34.62013698630137,20.0,1
2020-01-13,39.99,11.99,28.0,233.5279399499583,10,24,10.0,34.62013698630137,20.0,1
2020-01-14,39.99,11.99,28.0,233.5279399499583,11,25,10.0,34.62013698630137,20.0,1
2020-01-15,39.99,11.99,28.0,233.5279399499583,12,26,10.0,34.620136986301375,20.0,1
2020-01-16,39.99,11.99,28.0,233.5279399499583,13,27,10.0,34.62013698630137,20.0,1
2020-01-17,39.99,11.99,28.0,233.5279399499583,14,28,10.0,34.62013698630137,20.0,1
2020-01-18,39.99,11.99,28.0,233.5279399499583,15,29,10.0,34.62013698630137,20.0,1
2020-01-19,39.99,11.99,28.0,233.5279399499583,16,30,10.0,34.62013698630137,20.0,1
2020-01-20,39.99,11.99,28.0,233.5279399499583,17,31,10.0,34.62013698630137,20.0,1
2020-01-21,39.99,11.99,28.0,233.5279399499583,18,32,10.0,34.62013698630137,20.0,1
2020-01-22,39.99,11.99,28.0,233.5279399499583,19,33,10.0,34.62013698630137,20.0,1
2020-01-23,39.99,11.99,28.0,233.5279399499583,20,34,10.0,34.620136986301375,20.0,1
2020-01-24,11.99,11.99,0.0,0.0,0,0,10.0,34.62013698630137,20.0,0
2020-01-25,11.99,11.99,0.0,0.0,1,1,11.0,34.543424657534246,21.0,0
2020-01-26,11.99,11.99,0.0,0.0,2,2,11.0,34.46671232876712,21.0,0
2020-01-27,11.99,11.99,0.0,0.0,3,3,11.0,34.39,21.0,0
2020-01-28,39.99,11.99,28.0,233.5279399499583,0,4,11.0,34.31328767123288,21.0,0
2020-01-29,39.99,11.99,28.0,233.5279399499583,1,5,11.0,34.31328767123288,22.0,0
2020-01-30,39.99,11.99,28.0,233.5279399499583,2,6,11.0,34.31328767123288,22.0,0
2020-01-31,39.99,11.99,28.0,233.5279399499583,3,7,11.0,34.313287671232885,22.0,0
2020-02-01,39.99,11.99,28.0,233.5279399499583,4,8,11.0,34.31328767123288,22.0,0
2020-02-02,39.99,11.99,28.0,233.5279399499583,5,9,11.0,34.31328767123288,22.0,0
2020-02-03,39.99,11.99,28.0,233.5279399499583,6,10,11.0,34.31328767123288,22.0,0
2020-02-04,39.99,11.99,28.0,233.5279399499583,7,11,11.0,34.31328767123288,22.0,0
2020-02-05,39.99,11.99,28.0,233.5279399499583,8,12,11.0,34.31328767123288,22.0,0
2020-02-06,39.99,11.99,28.0,233.5279399499583,9,13,10.0,34.39,21.0,0
2020-02-07,39.99,11.99,28.0,233.5279399499583,10,14,10.0,34.46671232876712,21.0,0
2020-02-08,39.99,11.99,28.0,233.5279399499583,11,15,10.0,34.543424657534246,21.0,0
2020-02-09,39.99,11.99,28.0,233.5279399499583,12,16,10.0,34.620136986301375,21.0,0
2020-02-10,39.99,11.99,28.0,233.5279399499583,13,17,10.0,34.69684931506849,21.0,0
2020-02-11,39.99,11.99,28.0,233.5279399499583,14,18,10.0,34.77356164383562,21.0,0
2020-02-12,39.99,11.99,28.0,233.5279399499583,15,19,10.0,34.85027397260274,21.0,0
2020-02-13,39.99,11.99,28.0,233.5279399499583,16,20,10.0,34.85027397260274,20.0,0
2020-02-14,39.99,11.99,28.0,233.5279399499583,17,21,10.0,34.85027397260274,20.0,0
2020-02-15,39.99,11.99,28.0,233.5279399499583,18,22,10.0,34.85027397260274,20.0,0
2020-02-16,39.99,11.99,28.0,233.5279399499583,19,23,10.0,34.85027397260274,20.0,0
2020-02-17,39.99,11.99,28.0,233.5279399499583,20,24,10.0,34.85027397260274,20.0,0
2020-02-18,39.99,11.99,28.0,233.5279399499583,21,25,10.0,34.85027397260274,20.0,0
2020-02-19,39.99,11.99,28.0,233.5279399499583,22,26,10.0,34.85027397260274,20.0,0
2020-02-20,39.99,11.99,28.0,233.5279399499583,23,27,10.0,34.85027397260274,20.0,0
2020-02-21,39.99,11.99,28.0,233.5279399499583,24,28,10.0,34.85027397260274,20.0,0
2020-02-22,39.99,11.99,28.0,233.5279399499583,25,29,10.0,34.85027397260274,20.0,0
2020-02-23,39.99,11.99,28.0,233.5279399499583,26,30,10.0,34.85027397260274,20.0,1
2020-02-24,39.99,11.99,28.0,233.5279399499583,27,31,10.0,34.85027397260274,20.0,1
2020-02-25,39.99,11.99,28.0,233.5279399499583,28,32,10.0,34.85027397260274,20.0,1
2020-02-26,39.99,11.99,28.0,233.5279399499583,29,33,10.0,34.85027397260274,20.0,1
2020-02-27,39.99,11.99,28.0,233.5279399499583,30,34,10.0,34.85027397260274,20.0,1
2020-02-28,39.99,11.99,28.0,233.5279399499583,31,35,10.0,34.85027397260274,20.0,1
2020-02-29,39.99,11.99,28.0,233.5279399499583,32,36,10.0,34.85027397260274,20.0,1
2020-03-01,39.99,11.99,28.0,233.5279399499583,33,37,10.0,34.85027397260274,20.0,1
2020-03-02,39.99,11.99,28.0,233.5279399499583,34,38,10.0,34.85027397260274,20.0,1
2020-03-03,39.99,11.99,28.0,233.5279399499583,35,39,10.0,34.85027397260274,20.0,1
2020-03-04,39.99,11.99,28.0,233.5279399499583,36,40,10.0,34.85027397260274,20.0,1
2020-03-05,39.99,11.99,28.0,233.5279399499583,37,41,10.0,34.85027397260274,20.0,1
2020-03-06,39.99,11.99,28.0,233.5279399499583,38,42,10.0,34.85027397260274,20.0,1
2020-03-07,39.99,11.99,28.0,233.5279399499583,39,43,10.0,34.85027397260274,20.0,1
2020-03-08,39.99,11.99,28.0,233.5279399499583,40,44,10.0,34.85027397260274,20.0,1
2020-03-09,39.99,11.99,28.0,233.5279399499583,41,45,10.0,34.85027397260274,20.0,1
2020-03-10,39.99,11.99,28.0,233.5279399499583,42,46,10.0,34.85027397260274,20.0,1
2020-03-11,39.99,11.99,28.0,233.5279399499583,43,47,10.0,34.85027397260274,20.0,1
2020-03-12,39.99,11.99,28.0,233.5279399499583,44,48,10.0,34.85027397260274,20.0,1
2020-03-13,39.99,11.99,28.0,233.5279399499583,45,49,10.0,34.85027397260274,20.0,1
2020-03-14,39.99,11.99,28.0,233.5279399499583,46,50,10.0,34.85027397260274,20.0,1
2020-03-15,39.99,11.99,28.0,233.5279399499583,47,51,10.0,34.85027397260274,20.0,1
2020-03-16,39.99,11.99,28.0,233.5279399499583,48,52,10.0,34.85027397260274,20.0,1
2020-03-17,39.99,11.99,28.0,233.5279399499583,49,53,10.0,34.85027397260274,20.0,1
2020-03-18,39.99,11.99,28.0,233.5279399499583,50,54,10.0,34.85027397260274,20.0,1
2020-03-19,39.99,11.99,28.0,233.5279399499583,51,55,10.0,34.85027397260274,20.0,1
2020-03-20,39.99,11.99,28.0,233.5279399499583,52,56,10.0,34.85027397260274,20.0,1
2020-03-21,39.99,11.99,28.0,233.5279399499583,53,57,10.0,34.85027397260274,20.0,1
2020-03-22,39.99,11.99,28.0,233.5279399499583,54,58,10.0,34.85027397260274,20.0,1
2020-03-23,39.99,11.99,28.0,233.5279399499583,55,59,10.0,34.85027397260274,20.0,1
2020-03-24,11.99,11.99,0.0,0.0,0,0,10.0,34.85027397260274,20.0,0
2020-03-25,11.99,11.99,0.0,0.0,1,1,11.0,34.77356164383562,21.0,0
2020-03-26,11.99,11.99,0.0,0.0,2,2,11.0,34.69684931506849,21.0,0
2020-03-27,11.99,11.99,0.0,0.0,3,3,11.0,34.62013698630137,21.0,0
2020-03-28,11.99,11.99,0.0,0.0,4,4,11.0,34.543424657534246,21.0,0
2020-03-29,11.99,11.99,0.0,0.0,5,5,11.0,34.46671232876713,21.0,0
2020-03-30,11.99,11.99,0.0,0.0,6,6,11.0,34.39,21.0,0
2020-03-31,11.99,11.99,0.0,0.0,7,7,11.0,34.31328767123288,21.0,0
2020-04-01,11.99,11.99,0.0,0.0,8,8,11.0,34.236575342465756,21.0,0
2020-04-02,11.99,11.99,0.0,0.0,9,9,11.0,34.15986301369863,21.0,0
2020-04-03,11.99,11.99,0.0,0.0,10,10,11.0,34.08315068493151,21.0,0
2020-04-04,11.99,11.99,0.0,0.0,11,11,11.0,34.00643835616439,21.0,0
2020-04-05,11.99,11.99,0.0,0.0,12,12,11.0,33.92972602739726,21.0,0
2020-04-06,11.99,11.99,0.0,0.0,13,13,11.0,33.853013698630136,21.0,0
2020-04-07,39.99,11.99,28.0,233.5279399499583,0,14,11.0,33.77630136986302,21.0,0
2020-04-08,39.99,11.99,28.0,233.5279399499583,1,15,11.0,33.77630136986301,22.0,0
2020-04-09,39.99,11.99,28.0,233.5279399499583,2,16,10.0,33.853013698630136,21.0,0
2020-04-10,39.99,11.99,28.0,233.5279399499583,3,17,10.0,33.92972602739726,21.0,0
2020-04-11,39.99,11.99,28.0,233.5279399499583,4,18,10.0,34.00643835616439,21.0,0
2020-04-12,39.99,11.99,28.0,233.5279399499583,5,19,10.0,34.08315068493151,21.0,0
2020-04-13,39.99,11.99,28.0,233.5279399499583,6,20,10.0,34.15986301369863,21.0,0
2020-04-14,39.99,11.99,28.0,233.5279399499583,7,21,10.0,34.236575342465756,21.0,0
2020-04-15,39.99,11.99,28.0,233.5279399499583,8,22,10.0,34.23657534246576,20.0,0
2020-04-16,39.99,11.99,28.0,233.5279399499583,9,23,10.0,34.236575342465756,20.0,0
2020-04-17,39.99,11.99,28.0,233.5279399499583,10,24,10.0,34.236575342465756,20.0,0
2020-04-18,39.99,11.99,28.0,233.5279399499583,11,25,10.0,34.236575342465756,20.0,0
2020-04-19,39.99,11.99,28.0,233.5279399499583,12,26,10.0,34.236575342465756,20.0,1
2020-04-20,39.99,11.99,28.0,233.5279399499583,13,27,10.0,34.236575342465756,20.0,1
2020-04-21,39.99,11.99,28.0,233.5279399499583,14,28,10.0,34.236575342465756,20.0,1
2020-04-22,39.99,11.99,28.0,233.5279399499583,15,29,10.0,34.236575342465756,20.0,1
2020-04-23,39.99,11.99,28.0,233.5279399499583,16,30,10.0,34.23657534246576,20.0,1
2020-04-24,39.99,11.99,28.0,233.5279399499583,17,31,10.0,34.236575342465756,20.0,1
2020-04-25,39.99,11.99,28.0,233.5279399499583,18,32,10.0,34.236575342465756,20.0,1
2020-04-26,39.99,11.99,28.0,233.5279399499583,19,33,10.0,34.236575342465756,20.0,1
2020-04-27,39.99,11.99,28.0,233.5279399499583,20,34,10.0,34.236575342465756,20.0,1
2020-04-28,39.99,11.99,28.0,233.5279399499583,21,35,10.0,34.236575342465756,20.0,1
2020-04-29,39.99,11.99,28.0,233.5279399499583,22,36,10.0,34.236575342465756,20.0,1
2020-04-30,39.99,11.99,28.0,233.5279399499583,23,37,10.0,34.236575342465756,20.0,1
2020-05-01,39.99,11.99,28.0,233.5279399499583,24,38,10.0,34.23657534246576,20.0,1
2020-05-02,39.99,11.99,28.0,233.5279399499583,25,39,10.0,34.236575342465756,20.0,1
2020-05-03,39.99,11.99,28.0,233.5279399499583,26,40,10.0,34.236575342465756,20.0,1
2020-05-04,39.99,11.99,28.0,233.5279399499583,27,41,10.0,34.236575342465756,20.0,1
2020-05-05,39.99,11.99,28.0,233.5279399499583,28,42,10.0,34.236575342465756,20.0,1
2020-05-06,39.99,11.99,28.0,233.5279399499583,29,43,10.0,34.236575342465756,20.0,1
2020-05-07,39.99,11.99,28.0,233.5279399499583,30,44,10.0,34.236575342465756,20.0,1
2020-05-08,39.99,11.99,28.0,233.5279399499583,31,45,10.0,34.236575342465756,20.0,1
2020-05-09,39.99,11.99,28.0,233.5279399499583,32,46,10.0,34.236575342465756,20.0,1
2020-05-10,39.99,11.99,28.0,233.5279399499583,33,47,10.0,34.23657534246576,20.0,1
2020-05-11,39.99,11.99,28.0,233.5279399499583,34,48,10.0,34.236575342465756,20.0,1
2020-05-12,39.99,11.99,28.0,233.5279399499583,35,49,10.0,34.236575342465756,20.0,1
2020-05-13,39.99,11.99,28.0,233.5279399499583,36,50,10.0,34.236575342465756,20.0,1
2020-05-14,39.99,11.99,28.0,233.5279399499583,37,51,10.0,34.236575342465756,20.0,1
2020-05-15,39.99,11.99,28.0,233.5279399499583,38,52,10.0,34.236575342465756,20.0,1
2020-05-16,39.99,11.99,28.0,233.5279399499583,39,53,10.0,34.236575342465756,20.0,1
2020-05-17,39.99,11.99,28.0,233.5279399499583,40,54,10.0,34.236575342465756,20.0,1
2020-05-18,39.99,11.99,28.0,233.5279399499583,41,55,10.0,34.23657534246576,20.0,1
2020-05-19,11.99,11.99,0.0,0.0,0,0,10.0,34.236575342465756,20.0,0
2020-05-20,11.99,11.99,0.0,0.0,1,1,11.0,34.15986301369863,21.0,0
2020-05-21,11.99,11.99,0.0,0.0,2,2,11.0,34.08315068493151,21.0,0
2020-05-22,11.99,11.99,0.0,0.0,3,3,11.0,34.00643835616439,21.0,0
2020-05-23,11.99,11.99,0.0,0.0,4,4,11.0,33.92972602739726,21.0,0
2020-05-24,11.99,11.99,0.0,0.0,5,5,11.0,33.853013698630136,21.0,0
2020-05-25,11.99,11.99,0.0,0.0,6,6,11.0,33.77630136986301,21.0,0
2020-05-26,11.99,11.99,0.0,0.0,7,7,11.0,33.6995890410959,21.0,0
2020-05-27,11.99,11.99,0.0,0.0,8,8,11.0,33.62287671232877,21.0,0
2020-05-28,11.99,11.99,0.0,0.0,9,9,11.0,33.546164383561646,21.0,0
2020-05-29,11.99,11.99,0.0,0.0,10,10,11.0,33.46945205479452,21.0,0
2020-05-30,11.99,11.99,0.0,0.0,11,11,11.0,33.3927397260274,21.0,0
2020-05-31,11.99,11.99,0.0,0.0,12,12,11.0,33.31602739726028,21.0,0
2020-06-01,11.99,11.99,0.0,0.0,13,13,11.0,33.23931506849315,21.0,0
2020-06-02,39.99,11.99,28.0,233.5279399499583,0,14,11.0,33.162602739726026,21.0,1
2020-06-03,39.99,11.99,28.0,233.5279399499583,1,15,11.0,33.16260273972603,22.0,1
2020-06-04,39.99,11.99,28.0,233.5279399499583,2,16,11.0,33.162602739726026,22.0,1
2020-06-05,39.99,11.99,28.0,233.5279399499583,3,17,11.0,33.162602739726026,22.0,1
2020-06-06,39.99,11.99,28.0,233.5279399499583,4,18,11.0,33.162602739726026,22.0,1
2020-06-07,39.99,11.99,28.0,233.5279399499583,5,19,11.0,33.162602739726026,22.0,1
2020-06-08,39.99,11.99,28.0,233.5279399499583,6,20,11.0,33.162602739726026,22.0,1
2020-06-09,39.99,11.99,28.0,233.5279399499583,7,21,11.0,33.162602739726026,22.0,1
2020-06-10,39.99,11.99,28.0,233.5279399499583,8,22,11.0,33.162602739726026,22.0,1
2020-06-11,39.99,11.99,28.0,233.5279399499583,9,23,10.0,33.23931506849315,21.0,1
2020-06-12,39.99,11.99,28.0,233.5279399499583,10,24,10.0,33.31602739726028,21.0,1
2020-06-13,39.99,11.99,28.0,233.5279399499583,11,25,10.0,33.3927397260274,21.0,1
2020-06-14,39.99,11.99,28.0,233.5279399499583,12,26,10.0,33.46945205479452,21.0,1
2020-06-15,39.99,11.99,28.0,233.5279399499583,13,27,10.0,33.546164383561646,21.0,1
2020-06-16,39.99,11.99,28.0,233.5279399499583,14,28,10.0,33.62287671232877,21.0,1
2020-06-17,39.99,11.99,28.0,233.5279399499583,15,29,10.0,33.69958904109589,21.0,1
2020-06-18,39.99,11.99,28.0,233.5279399499583,16,30,10.0,33.69958904109589,20.0,1
2020-06-19,39.99,11.99,28.0,233.5279399499583,17,31,10.0,33.69958904109589,20.0,1
2020-06-20,39.99,11.99,28.0,233.5279399499583,18,32,10.0,33.6995890410959,20.0,1
2020-06-21,39.99,11.99,28.0,233.5279399499583,19,33,10.0,33.69958904109589,20.0,1
2020-06-22,39.99,11.99,28.0,233.5279399499583,20,34,10.0,33.69958904109589,20.0,1
2020-06-23,39.99,11.99,28.0,233.5279399499583,21,35,10.0,33.69958904109589,20.0,1
2020-06-24,39.99,11.99,28.0,233.5279399499583,22,36,10.0,33.69958904109589,20.0,1
2020-06-25,39.99,11.99,28.0,233.5279399499583,23,37,10.0,33.69958904109589,20.0,1
2020-06-26,11.99,11.99,0.0,0.0,0,0,9.0,33.77630136986301,19.0,0
2020-06-27,11.99,11.99,0.0,0.0,1,1,10.0,33.77630136986301,20.0,0
2020-06-28,11.99,11.99,0.0,0.0,2,2,10.0,33.77630136986302,20.0,0
2020-06-29,11.99,11.99,0.0,0.0,3,3,10.0,33.77630136986301,20.0,0
2020-06-30,11.99,11.99,0.0,0.0,4,4,10.0,33.77630136986301,20.0,0
2020-07-01,11.99,11.99,0.0,0.0,5,5,10.0,33.77630136986301,20.0,0
2020-07-02,11.99,11.99,0.0,0.0,6,6,10.0,33.77630136986301,20.0,0
2020-07-03,11.99,11.99,0.0,0.0,7,7,10.0,33.77630136986301,20.0,0
2020-07-04,11.99,11.99,0.0,0.0,8,8,10.0,33.77630136986301,20.0,0
2020-07-05,11.99,11.99,0.0,0.0,9,9,10.0,33.77630136986301,20.0,0
2020-07-06,11.99,11.99,0.0,0.0,10,10,10.0,33.77630136986301,20.0,0
2020-07-07,11.99,11.99,0.0,0.0,11,11,10.0,33.77630136986302,20.0,0
2020-07-08,11.99,11.99,0.0,0.0,12,12,10.0,33.77630136986301,20.0,0
2020-07-09,11.99,11.99,0.0,0.0,13,13,10.0,33.77630136986301,20.0,0
2020-07-10,39.99,11.99,28.0,233.5279399499583,0,14,10.0,33.69958904109589,19.0,0
2020-07-11,39.99,11.99,28.0,233.5279399499583,1,15,10.0,33.69958904109589,20.0,0
2020-07-12,39.99,11.99,28.0,233.5279399499583,2,16,10.0,33.69958904109589,20.0,0
2020-07-13,39.99,11.99,28.0,233.5279399499583,3,17,10.0,33.69958904109589,20.0,0
2020-07-14,39.99,11.99,28.0,233.5279399499583,4,18,10.0,33.69958904109589,20.0,0
2020-07-15,39.99,11.99,28.0,233.5279399499583,5,19,10.0,33.6995890410959,20.0,0
2020-07-16,39.99,11.99,28.0,233.5279399499583,6,20,10.0,33.69958904109589,20.0,0
2020-07-17,39.99,11.99,28.0,233.5279399499583,7,21,10.0,33.69958904109589,20.0,0
2020-07-18,39.99,11.99,28.0,233.5279399499583,8,22,10.0,33.69958904109589,20.0,0
2020-07-19,39.99,11.99,28.0,233.5279399499583,9,23,10.0,33.69958904109589,20.0,0
2020-07-20,39.99,11.99,28.0,233.5279399499583,10,24,10.0,33.69958904109589,20.0,0
2020-07-21,39.99,11.99,28.0,233.5279399499583,11,25,10.0,33.69958904109589,20.0,0
2020-07-22,39.99,11.99,28.0,233.5279399499583,12,26,10.0,33.69958904109589,20.0,0
2020-07-23,39.99,11.99,28.0,233.5279399499583,13,27,10.0,33.6995890410959,20.0,0
2020-07-24,39.99,11.99,28.0,233.5279399499583,14,28,10.0,33.69958904109589,20.0,0
2020-07-25,39.99,11.99,28.0,233.5279399499583,15,29,10.0,33.69958904109589,20.0,0
2020-07-26,39.99,11.99,28.0,233.5279399499583,16,30,10.0,33.69958904109589,20.0,1
2020-07-27,39.99,11.99,28.0,233.5279399499583,17,31,10.0,33.69958904109589,20.0,1
2020-07-28,39.99,11.99,28.0,233.5279399499583,18,32,10.0,33.69958904109589,20.0,1
2020-07-29,39.99,11.99,28.0,233.5279399499583,19,33,10.0,33.69958904109589,20.0,1
2020-07-30,39.99,11.99,28.0,233.5279399499583,20,34,10.0,33.69958904109589,20.0,1
2020-07-31,39.99,11.99,28.0,233.5279399499583,21,35,10.0,33.6995890410959,20.0,1
2020-08-01,39.99,11.99,28.0,233.5279399499583,22,36,10.0,33.69958904109589,20.0,1
2020-08-02,39.99,11.99,28.0,233.5279399499583,23,37,10.0,33.69958904109589,20.0,1
2020-08-03,39.99,11.99,28.0,233.5279399499583,24,38,10.0,33.69958904109589,20.0,1
2020-08-04,39.99,11.99,28.0,233.5279399499583,25,39,10.0,33.69958904109589,20.0,1
2020-08-05,39.99,11.99,28.0,233.5279399499583,26,40,10.0,33.69958904109589,20.0,1
2020-08-06,39.99,11.99,28.0,233.5279399499583,27,41,10.0,33.69958904109589,20.0,1
2020-08-07,39.99,11.99,28.0,233.5279399499583,28,42,10.0,33.69958904109589,20.0,1
2020-08-08,39.99,11.99,28.0,233.5279399499583,29,43,10.0,33.69958904109589,20.0,1
2020-08-09,39.99,11.99,28.0,233.5279399499583,30,44,10.0,33.6995890410959,20.0,1
2020-08-10,39.99,11.99,28.0,233.5279399499583,31,45,10.0,33.69958904109589,20.0,1
2020-08-11,39.99,11.99,28.0,233.5279399499583,32,46,10.0,33.69958904109589,20.0,1
2020-08-12,39.99,11.99,28.0,233.5279399499583,33,47,10.0,33.69958904109589,20.0,1
2020-08-13,39.99,11.99,28.0,233.5279399499583,34,48,10.0,33.69958904109589,20.0,1
2020-08-14,39.99,11.99,28.0,233.5279399499583,35,49,10.0,33.69958904109589,20.0,1
2020-08-15,39.99,11.99,28.0,233.5279399499583,36,50,10.0,33.69958904109589,20.0,1
2020-08-16,39.99,11.99,28.0,233.5279399499583,37,51,10.0,33.69958904109589,20.0,1
2020-08-17,39.99,11.99,28.0,233.5279399499583,38,52,10.0,33.6995890410959,20.0,1
2020-08-18,39.99,11.99,28.0,233.5279399499583,39,53,10.0,33.69958904109589,20.0,1
2020-08-19,39.99,11.99,28.0,233.5279399499583,40,54,10.0,33.69958904109589,20.0,1
2020-08-20,39.99,11.99,28.0,233.5279399499583,41,55,10.0,33.69958904109589,20.0,1
2020-08-21,39.99,11.99,28.0,233.5279399499583,42,56,10.0,33.69958904109589,20.0,1
2020-08-22,39.99,11.99,28.0,233.5279399499583,43,57,10.0,33.69958904109589,20.0,1
2020-08-23,39.99,11.99,28.0,233.5279399499583,44,58,10.0,33.69958904109589,20.0,1
2020-08-24,39.99,11.99,28.0,233.5279399499583,45,59,10.0,33.69958904109589,20.0,1
2020-08-25,11.99,11.99,0.0,0.0,0,0,10.0,33.6995890410959,20.0,0
2020-08-26,11.99,11.99,0.0,0.0,1,1,11.0,33.62287671232877,21.0,0
2020-08-27,11.99,11.99,0.0,0.0,2,2,11.0,33.546164383561646,21.0,0
2020-08-28,11.99,11.99,0.0,0.0,3,3,11.0,33.46945205479452,21.0,0
2020-08-29,11.99,11.99,0.0,0.0,4,4,11.0,33.3927397260274,21.0,0
2020-08-30,11.99,11.99,0.0,0.0,5,5,11.0,33.31602739726028,21.0,0
2020-08-31,11.99,11.99,0.0,0.0,6,6,11.0,33.23931506849315,21.0,0
2020-09-01,11.99,11.99,0.0,0.0,7,7,11.0,33.162602739726026,21.0,0
2020-09-02,11.99,11.99,0.0,0.0,8,8,11.0,33.0858904109589,21.0,0
2020-09-03,11.99,11.99,0.0,0.0,9,9,10.0,33.0858904109589,20.0,0
2020-09-04,11.99,11.99,0.0,0.0,10,10,10.0,33.0858904109589,20.0,0
2020-09-05,11.99,11.99,0.0,0.0,11,11,10.0,33.0858904109589,20.0,0
2020-09-06,11.99,11.99,0.0,0.0,12,12,10.0,33.0858904109589,20.0,0
2020-09-07,11.99,11.99,0.0,0.0,13,13,10.0,33.0858904109589,20.0,0
2020-09-08,39.99,11.99,28.0,233.5279399499583,0,14,10.0,33.0858904109589,20.0,0
2020-09-09,39.99,11.99,28.0,233.5279399499583,1,15,10.0,33.162602739726026,21.0,0
2020-09-10,39.99,11.99,28.0,233.5279399499583,2,16,10.0,33.162602739726026,20.0,0
2020-09-11,39.99,11.99,28.0,233.5279399499583,3,17,10.0,33.16260273972603,20.0,0
2020-09-12,39.99,11.99,28.0,233.5279399499583,4,18,10.0,33.162602739726026,20.0,0
2020-09-13,39.99,11.99,28.0,233.5279399499583,5,19,10.0,33.162602739726026,20.0,0
2020-09-14,39.99,11.99,28.0,233.5279399499583,6,20,10.0,33.162602739726026,20.0,0
2020-09-15,39.99,11.99,28.0,233.5279399499583,7,21,10.0,33.162602739726026,20.0,0
2020-09-16,39.99,11.99,28.0,233.5279399499583,8,22,10.0,33.162602739726026,20.0,0
2020-09-17,39.99,11.99,28.0,233.5279399499583,9,23,10.0,33.162602739726026,20.0,0
2020-09-18,39.99,11.99,28.0,233.5279399499583,10,24,10.0,33.162602739726026,20.0,0
2020-09-19,39.99,11.99,28.0,233.5279399499583,11,25,10.0,33.16260273972603,20.0,0
2020-09-20,39.99,11.99,28.0,233.5279399499583,12,26,10.0,33.162602739726026,20.0,0
2020-09-21,39.99,11.99,28.0,233.5279399499583,13,27,10.0,33.162602739726026,20.0,0
2020-09-22,39.99,11.99,28.0,233.5279399499583,14,28,10.0,33.162602739726026,20.0,0
2020-09-23,39.99,11.99,28.0,233.5279399499583,15,29,10.0,33.162602739726026,20.0,0
2020-09-24,39.99,11.99,28.0,233.5279399499583,16,30,10.0,33.162602739726026,20.0,0
2020-09-25,39.99,11.99,28.0,233.5279399499583,17,31,10.0,33.162602739726026,20.0,0
2020-09-26,39.99,11.99,28.0,233.5279399499583,18,32,10.0,33.162602739726026,20.0,0
2020-09-27,39.99,11.99,28.0,233.5279399499583,19,33,10.0,33.16260273972603,20.0,0
2020-09-28,39.99,11.99,28.0,233.5279399499583,20,34,10.0,33.162602739726026,20.0,0
2020-09-29,39.99,11.99,28.0,233.5279399499583,21,35,10.0,33.162602739726026,20.0,0
2020-09-30,39.99,11.99,28.0,233.5279399499583,22,36,10.0,33.162602739726026,20.0,1
2020-10-01,39.99,11.99,28.0,233.5279399499583,23,37,10.0,33.162602739726026,20.0,1
2020-10-02,39.99,11.99,28.0,233.5279399499583,24,38,10.0,33.162602739726026,20.0,1
2020-10-03,39.99,11.99,28.0,233.5279399499583,25,39,10.0,33.162602739726026,20.0,1
2020-10-04,39.99,11.99,28.0,233.5279399499583,26,40,10.0,33.162602739726026,20.0,1
2020-10-05,39.99,11.99,28.0,233.5279399499583,27,41,10.0,33.162602739726026,20.0,1
2020-10-06,39.99,11.99,28.0,233.5279399499583,28,42,10.0,33.16260273972603,20.0,1
2020-10-07,39.99,11.99,28.0,233.5279399499583,29,43,10.0,33.162602739726026,20.0,1
2020-10-08,39.99,11.99,28.0,233.5279399499583,30,44,10.0,33.162602739726026,20.0,1
2020-10-09,39.99,11.99,28.0,233.5279399499583,31,45,10.0,33.162602739726026,20.0,1
2020-10-10,39.99,11.99,28.0,233.5279399499583,32,46,10.0,33.162602739726026,20.0,1
2020-10-11,39.99,11.99,28.0,233.5279399499583,33,47,10.0,33.162602739726026,20.0,1
2020-10-12,39.99,11.99,28.0,233.5279399499583,34,48,10.0,33.162602739726026,20.0,1
2020-10-13,39.99,11.99,28.0,233.5279399499583,35,49,10.0,33.162602739726026,20.0,1
2020-10-14,39.99,11.99,28.0,233.5279399499583,36,50,10.0,33.16260273972603,20.0,1
2020-10-15,39.99,11.99,28.0,233.5279399499583,37,51,10.0,33.162602739726026,20.0,1
2020-10-16,39.99,11.99,28.0,233.5279399499583,38,52,10.0,33.162602739726026,20.0,1
2020-10-17,39.99,11.99,28.0,233.5279399499583,39,53,10.0,33.162602739726026,20.0,1
2020-10-18,39.99,11.99,28.0,233.5279399499583,40,54,10.0,33.162602739726026,20.0,1
2020-10-19,39.99,11.99,28.0,233.5279399499583,41,55,10.0,33.162602739726026,20.0,1
2020-10-20,39.99,11.99,28.0,233.5279399499583,42,56,10.0,33.162602739726026,20.0,1
2020-10-21,39.99,11.99,28.0,233.5279399499583,43,57,10.0,33.162602739726026,20.0,1
2020-10-22,39.99,11.99,28.0,233.5279399499583,44,58,10.0,33.16260273972603,20.0,1
2020-10-23,39.99,11.99,28.0,233.5279399499583,45,59,10.0,33.162602739726026,20.0,1
2020-10-24,39.99,11.99,28.0,233.5279399499583,46,60,10.0,33.162602739726026,20.0,1
2020-10-25,39.99,11.99,28.0,233.5279399499583,47,61,10.0,33.162602739726026,20.0,1
2020-10-26,39.99,11.99,28.0,233.5279399499583,48,62,10.0,33.162602739726026,20.0,1
2020-10-27,39.99,11.99,28.0,233.5279399499583,49,63,10.0,33.162602739726026,20.0,1
2020-10-28,39.99,11.99,28.0,233.5279399499583,50,64,10.0,33.162602739726026,20.0,1
2020-10-29,39.99,11.99,28.0,233.5279399499583,51,65,9.0,33.23931506849315,19.0,1
2020-10-30,11.99,11.99,0.0,0.0,0,0,9.0,33.31602739726028,19.0,0
2020-10-31,11.99,11.99,0.0,0.0,1,1,10.0,33.31602739726028,20.0,0
2020-11-01,11.99,11.99,0.0,0.0,2,2,10.0,33.31602739726028,20.0,0
2020-11-02,11.99,11.99,0.0,0.0,3,3,10.0,33.23931506849315,19.0,0
2020-11-03,39.99,11.99,28.0,233.5279399499583,0,4,10.0,33.162602739726026,19.0,1
2020-11-04,39.99,11.99,28.0,233.5279399499583,1,5,10.0,33.162602739726026,20.0,1
2020-11-05,39.99,11.99,28.0,233.5279399499583,2,6,10.0,33.162602739726026,20.0,1
2020-11-06,39.99,11.99,28.0,233.5279399499583,3,7,10.0,33.162602739726026,20.0,1
2020-11-07,39.99,11.99,28.0,233.5279399499583,4,8,10.0,33.162602739726026,20.0,1
2020-11-08,39.99,11.99,28.0,233.5279399499583,5,9,10.0,33.16260273972603,20.0,1
2020-11-09,39.99,11.99,28.0,233.5279399499583,6,10,10.0,33.162602739726026,20.0,1
2020-11-10,39.99,11.99,28.0,233.5279399499583,7,11,10.0,33.162602739726026,20.0,1
2020-11-11,39.99,11.99,28.0,233.5279399499583,8,12,9.0,33.23931506849315,19.0,1
2020-11-12,39.99,11.99,28.0,233.5279399499583,9,13,9.0,33.31602739726028,19.0,1
2020-11-13,39.99,11.99,28.0,233.5279399499583,10,14,9.0,33.31602739726028,18.0,1
2020-11-14,39.99,11.99,28.0,233.5279399499583,11,15,9.0,33.31602739726028,18.0,1
2020-11-15,39.99,11.99,28.0,233.5279399499583,12,16,9.0,33.31602739726028,18.0,1
2020-11-16,39.99,11.99,28.0,233.5279399499583,13,17,9.0,33.31602739726028,18.0,1
2020-11-17,39.99,11.99,28.0,233.5279399499583,14,18,9.0,33.31602739726028,18.0,1
2020-11-18,39.99,11.99,28.0,233.5279399499583,15,19,9.0,33.31602739726028,18.0,1
2020-11-19,39.99,11.99,28.0,233.5279399499583,16,20,9.0,33.31602739726028,18.0,1
2020-11-20,39.99,11.99,28.0,233.5279399499583,17,21,9.0,33.31602739726028,18.0,1
2020-11-21,39.99,11.99,28.0,233.5279399499583,18,22,9.0,33.31602739726028,18.0,1
2020-11-22,39.99,11.99,28.0,233.5279399499583,19,23,9.0,33.31602739726028,18.0,1
2020-11-23,39.99,11.99,28.0,233.5279399499583,20,24,9.0,33.31602739726028,18.0,1
2020-11-24,39.99,11.99,28.0,233.5279399499583,21,25,9.0,33.31602739726028,18.0,1
2020-11-25,39.99,11.99,28.0,233.5279399499583,22,26,9.0,33.31602739726028,18.0,1
2020-11-26,11.99,11.99,0.0,0.0,0,0,9.0,33.31602739726028,18.0,0
2020-11-27,11.99,11.99,0.0,0.0,1,1,9.0,33.31602739726028,18.0,0
2020-11-28,11.99,11.99,0.0,0.0,2,2,9.0,33.31602739726028,18.0,0
2020-11-29,11.99,11.99,0.0,0.0,3,3,9.0,33.31602739726028,18.0,0
2020-11-30,11.99,11.99,0.0,0.0,4,4,9.0,33.31602739726028,18.0,0
2020-12-01,11.99,11.99,0.0,0.0,5,5,9.0,33.31602739726028,18.0,0
2020-12-02,39.99,11.99,28.0,233.5279399499583,0,6,9.0,33.31602739726028,18.0,1
2020-12-03,39.99,11.99,28.0,233.5279399499583,1,7,9.0,33.3927397260274,19.0,1
2020-12-04,39.99,11.99,28.0,233.5279399499583,2,8,9.0,33.3927397260274,18.0,1
2020-12-05,39.99,11.99,28.0,233.5279399499583,3,9,9.0,33.3927397260274,18.0,1
2020-12-06,39.99,11.99,28.0,233.5279399499583,4,10,9.0,33.3927397260274,18.0,1
2020-12-07,39.99,11.99,28.0,233.5279399499583,5,11,9.0,33.3927397260274,18.0,1
2020-12-08,39.99,11.99,28.0,233.5279399499583,6,12,9.0,33.3927397260274,18.0,1
2020-12-09,39.99,11.99,28.0,233.5279399499583,7,13,9.0,33.3927397260274,18.0,1
2020-12-10,11.99,11.99,0.0,0.0,0,0,9.0,33.3927397260274,18.0,0
2020-12-11,11.99,11.99,0.0,0.0,1,1,10.0,33.31602739726028,19.0,0
2020-12-12,11.99,11.99,0.0,0.0,2,2,10.0,33.23931506849315,19.0,0
2020-12-13,11.99,11.99,0.0,0.0,3,3,9.0,33.23931506849315,18.0,0
2020-12-14,11.99,11.99,0.0,0.0,4,4,9.0,33.23931506849315,18.0,0
2020-12-15,39.99,11.99,28.0,233.5279399499583,0,5,9.0,33.162602739726026,17.0,1
2020-12-16,39.99,11.99,28.0,233.5279399499583,1,6,9.0,33.162602739726026,18.0,1
2020-12-17,39.99,11.99,28.0,233.5279399499583,2,7,9.0,33.162602739726026,18.0,1
2020-12-18,39.99,11.99,28.0,233.5279399499583,3,8,9.0,33.162602739726026,18.0,1
2020-12-19,39.99,11.99,28.0,233.5279399499583,4,9,9.0,33.16260273972603,18.0,1
2020-12-20,39.99,11.99,28.0,233.5279399499583,5,10,8.0,33.23931506849315,17.0,1
2020-12-21,39.99,11.99,28.0,233.5279399499583,6,11,8.0,33.31602739726028,17.0,1
2020-12-22,39.99,11.99,28.0,233.5279399499583,7,12,8.0,33.3927397260274,17.0,1
2020-12-23,11.99,11.99,0.0,0.0,0,0,8.0,33.46945205479452,17.0,0
2020-12-24,11.99,11.99,0.0,0.0,1,1,9.0,33.46945205479452,18.0,0
2020-12-25,11.99,11.99,0.0,0.0,2,2,9.0,33.46945205479452,18.0,0
2020-12-26,11.99,11.99,0.0,0.0,3,3,9.0,33.46945205479452,18.0,0
2020-12-27,11.99,11.99,0.0,0.0,4,4,9.0,33.46945205479452,18.0,0
2020-12-28,11.99,11.99,0.0,0.0,5,5,9.0,33.46945205479452,18.0,0
2020-12-29,11.99,11.99,0.0,0.0,6,6,9.0,33.46945205479452,18.0,0
2020-12-30,11.99,11.99,0.0,0.0,7,7,9.0,33.46945205479452,18.0,0
2020-12-31,11.99,11.99,0.0,0.0,8,8,9.0,33.46945205479452,18.0,0
2021-01-01,11.99,11.99,0.0,0.0,9,9,9.0,33.46945205479452,18.0,0
2021-01-02,11.99,11.99,0.0,0.0,10,10,9.0,33.46945205479452,18.0,0
2021-01-03,11.99,11.99,0.0,0.0,11,11,9.0,33.3927397260274,17.0,0
2021-01-04,11.99,11.99,0.0,0.0,12,12,9.0,33.31602739726028,17.0,0
2021-01-05,11.99,11.99,0.0,0.0,13,13,9.0,33.239315068493156,17.0,0
2021-01-06,39.99,11.99,28.0,233.5279399499583,0,14,9.0,33.162602739726026,17.0,0
2021-01-07,39.99,11.99,28.0,233.5279399499583,1,15,9.0,33.162602739726026,18.0,0
2021-01-08,39.99,11.99,28.0,233.5279399499583,2,16,9.0,33.162602739726026,18.0,0
2021-01-09,39.99,11.99,28.0,233.5279399499583,3,17,9.0,33.162602739726026,18.0,0
2021-01-10,39.99,11.99,28.0,233.5279399499583,4,18,9.0,33.162602739726026,18.0,0
2021-01-11,39.99,11.99,28.0,233.5279399499583,5,19,9.0,33.162602739726026,18.0,0
2021-01-12,39.99,11.99,28.0,233.5279399499583,6,20,9.0,33.162602739726026,18.0,0
2021-01-13,39.99,11.99,28.0,233.5279399499583,7,21,9.0,33.16260273972603,18.0,1
2021-01-14,39.99,11.99,28.0,233.5279399499583,8,22,9.0,33.162602739726026,18.0,1
2021-01-15,39.99,11.99,28.0,233.5279399499583,9,23,9.0,33.162602739726026,18.0,1
2021-01-16,39.99,11.99,28.0,233.5279399499583,10,24,9.0,33.162602739726026,18.0,1
2021-01-17,39.99,11.99,28.0,233.5279399499583,11,25,9.0,33.162602739726026,18.0,1
2021-01-18,39.99,11.99,28.0,233.5279399499583,12,26,9.0,33.162602739726026,18.0,1
2021-01-19,39.99,11.99,28.0,233.5279399499583,13,27,9.0,33.162602739726026,18.0,1
2021-01-20,39.99,11.99,28.0,233.5279399499583,14,28,9.0,33.162602739726026,18.0,1
2021-01-21,39.99,11.99,28.0,233.5279399499583,15,29,9.0,33.16260273972603,18.0,1
2021-01-22,39.99,11.99,28.0,233.5279399499583,16,30,9.0,33.162602739726026,18.0,1
2021-01-23,39.99,11.99,28.0,233.5279399499583,17,31,9.0,33.162602739726026,18.0,1
2021-01-24,39.99,11.99,28.0,233.5279399499583,18,32,8.0,33.23931506849315,17.0,1
2021-01-25,39.99,11.99,28.0,233.5279399499583,19,33,8.0,33.31602739726028,17.0,1
2021-01-26,39.99,11.99,28.0,233.5279399499583,20,34,8.0,33.3927397260274,17.0,1
2021-01-27,39.99,11.99,28.0,233.5279399499583,21,35,8.0,33.46945205479452,17.0,1
2021-01-28,39.99,11.99,28.0,233.5279399499583,22,36,8.0,33.46945205479452,16.0,1
2021-01-29,39.99,11.99,28.0,233.5279399499583,23,37,8.0,33.46945205479452,16.0,1
2021-01-30,39.99,11.99,28.0,233.5279399499583,24,38,8.0,33.46945205479452,16.0,1
2021-01-31,39.99,11.99,28.0,233.5279399499583,25,39,8.0,33.46945205479452,16.0,1
2021-02-01,39.99,11.99,28.0,233.5279399499583,26,40,8.0,33.46945205479452,16.0,1
2021-02-02,39.99,11.99,28.0,233.5279399499583,27,41,8.0,33.46945205479452,16.0,1
2021-02-03,39.99,11.99,28.0,233.5279399499583,28,42,8.0,33.46945205479452,16.0,1
2021-02-04,39.99,11.99,28.0,233.5279399499583,29,43,8.0,33.46945205479452,16.0,1
2021-02-05,39.99,11.99,28.0,233.5279399499583,30,44,8.0,33.46945205479452,16.0,1
2021-02-06,39.99,11.99,28.0,233.5279399499583,31,45,8.0,33.46945205479452,16.0,1
2021-02-07,39.99,11.99,28.0,233.5279399499583,32,46,8.0,33.46945205479452,16.0,1
2021-02-08,39.99,11.99,28.0,233.5279399499583,33,47,8.0,33.46945205479452,16.0,1
2021-02-09,39.99,11.99,28.0,233.5279399499583,34,48,8.0,33.46945205479452,16.0,1
2021-02-10,39.99,11.99,28.0,233.5279399499583,35,49,8.0,33.46945205479452,16.0,1
2021-02-11,39.99,11.99,28.0,233.5279399499583,36,50,8.0,33.46945205479452,16.0,1
2021-02-12,7.99,7.99,0.0,0.0,0,0,8.0,33.46945205479452,16.0,0
2021-02-13,7.99,7.99,0.0,0.0,1,1,9.0,33.38178082191781,17.0,0
2021-02-14,7.99,7.99,0.0,0.0,2,2,9.0,33.2941095890411,17.0,0
2021-02-15,7.99,7.99,0.0,0.0,3,3,9.0,33.20643835616439,17.0,0
2021-02-16,39.99,7.99,32.0,400.5006257822278,0,4,9.0,33.118767123287675,17.0,0
2021-02-17,39.99,7.99,32.0,400.5006257822278,1,5,9.0,33.118767123287675,18.0,0
2021-02-18,39.99,7.99,32.0,400.5006257822278,2,6,9.0,33.118767123287675,18.0,0
2021-02-19,39.99,7.99,32.0,400.5006257822278,3,7,9.0,33.118767123287675,18.0,0
2021-02-20,39.99,7.99,32.0,400.5006257822278,4,8,9.0,33.118767123287675,18.0,0
2021-02-21,39.99,7.99,32.0,400.5006257822278,5,9,9.0,33.118767123287675,18.0,1
2021-02-22,39.99,7.99,32.0,400.5006257822278,6,10,9.0,33.118767123287675,18.0,1
2021-02-23,39.99,7.99,32.0,400.5006257822278,7,11,9.0,33.118767123287675,18.0,1
2021-02-24,39.99,7.99,32.0,400.5006257822278,8,12,9.0,33.118767123287675,18.0,1
2021-02-25,39.99,7.99,32.0,400.5006257822278,9,13,9.0,33.118767123287675,18.0,1
2021-02-26,39.99,7.99,32.0,400.5006257822278,10,14,9.0,33.118767123287675,18.0,1
2021-02-27,39.99,7.99,32.0,400.5006257822278,11,15,9.0,33.118767123287675,18.0,1
2021-02-28,39.99,7.99,32.0,400.5006257822278,12,16,9.0,33.118767123287675,18.0,1
2021-03-01,39.99,7.99,32.0,400.5006257822278,13,17,9.0,33.118767123287675,18.0,1
2021-03-02,39.99,7.99,32.0,400.5006257822278,14,18,9.0,33.118767123287675,18.0,1
2021-03-03,39.99,7.99,32.0,400.5006257822278,15,19,9.0,33.118767123287675,18.0,1
2021-03-04,39.99,7.99,32.0,400.5006257822278,16,20,9.0,33.118767123287675,18.0,1
2021-03-05,39.99,7.99,32.0,400.5006257822278,17,21,9.0,33.118767123287675,18.0,1
2021-03-06,39.99,7.99,32.0,400.5006257822278,18,22,9.0,33.118767123287675,18.0,1
2021-03-07,39.99,7.99,32.0,400.5006257822278,19,23,9.0,33.118767123287675,18.0,1
2021-03-08,39.99,7.99,32.0,400.5006257822278,20,24,9.0,33.118767123287675,18.0,1
2021-03-09,39.99,7.99,32.0,400.5006257822278,21,25,9.0,33.118767123287675,18.0,1
2021-03-10,39.99,7.99,32.0,400.5006257822278,22,26,9.0,33.118767123287675,18.0,1
2021-03-11,39.99,7.99,32.0,400.5006257822278,23,27,9.0,33.118767123287675,18.0,1
2021-03-12,39.99,7.99,32.0,400.5006257822278,24,28,9.0,33.118767123287675,18.0,1
2021-03-13,39.99,7.99,32.0,400.5006257822278,25,29,9.0,33.118767123287675,18.0,1
2021-03-14,39.99,7.99,32.0,400.5006257822278,26,30,9.0,33.118767123287675,18.0,1
2021-03-15,39.99,7.99,32.0,400.5006257822278,27,31,9.0,33.118767123287675,18.0,1
2021-03-16,39.99,7.99,32.0,400.5006257822278,28,32,9.0,33.118767123287675,18.0,1
2021-03-17,39.99,7.99,32.0,400.5006257822278,29,33,9.0,33.118767123287675,18.0,1
2021-03-18,39.99,7.99,32.0,400.5006257822278,30,34,9.0,33.118767123287675,18.0,1
2021-03-19,39.99,7.99,32.0,400.5006257822278,31,35,9.0,33.118767123287675,18.0,1
2021-03-20,39.99,7.99,32.0,400.5006257822278,32,36,9.0,33.118767123287675,18.0,1
2021-03-21,39.99,7.99,32.0,400.5006257822278,33,37,9.0,33.118767123287675,18.0,1
2021-03-22,39.99,7.99,32.0,400.5006257822278,34,38,9.0,33.118767123287675,18.0,1
2021-03-23,7.99,7.99,0.0,0.0,0,0,9.0,33.118767123287675,18.0,0
2021-03-24,7.99,7.99,0.0,0.0,1,1,10.0,33.03109589041096,19.0,0
2021-03-25,7.99,7.99,0.0,0.0,2,2,9.0,33.020136986301374,18.0,0
2021-03-26,7.99,7.99,0.0,0.0,3,3,9.0,33.00917808219178,18.0,0
2021-03-27,7.99,7.99,0.0,0.0,4,4,9.0,32.998219178082195,18.0,0
2021-03-28,7.99,7.99,0.0,0.0,5,5,9.0,32.98726027397261,18.0,0
2021-03-29,7.99,7.99,0.0,0.0,6,6,9.0,32.976301369863016,18.0,0
2021-03-30,7.99,7.99,0.0,0.0,7,7,9.0,32.96534246575342,18.0,0
2021-03-31,7.99,7.99,0.0,0.0,8,8,9.0,32.95438356164384,18.0,0
2021-04-01,7.99,7.99,0.0,0.0,9,9,9.0,32.943424657534244,18.0,0
2021-04-02,7.99,7.99,0.0,0.0,10,10,9.0,32.93246575342466,18.0,0
2021-04-03,7.99,7.99,0.0,0.0,11,11,9.0,32.92150684931507,18.0,0
2021-04-04,7.99,7.99,0.0,0.0,12,12,9.0,32.91054794520548,18.0,0
2021-04-05,7.99,7.99,0.0,0.0,13,13,9.0,32.89958904109589,18.0,0
2021-04-06,39.99,7.99,32.0,400.5006257822278,0,14,9.0,32.88863013698631,18.0,0
2021-04-07,39.99,7.99,32.0,400.5006257822278,1,15,9.0,32.96534246575342,19.0,0
2021-04-08,39.99,7.99,32.0,400.5006257822278,2,16,9.0,32.96534246575342,18.0,0
2021-04-09,39.99,7.99,32.0,400.5006257822278,3,17,9.0,32.96534246575342,18.0,0
2021-04-10,39.99,7.99,32.0,400.5006257822278,4,18,9.0,32.96534246575342,18.0,0
2021-04-11,39.99,7.99,32.0,400.5006257822278,5,19,9.0,32.96534246575342,18.0,0
2021-04-12,39.99,7.99,32.0,400.5006257822278,6,20,9.0,32.96534246575342,18.0,0
2021-04-13,39.99,7.99,32.0,400.5006257822278,7,21,9.0,32.96534246575342,18.0,0
2021-04-14,39.99,7.99,32.0,400.5006257822278,8,22,9.0,32.96534246575343,18.0,0
2021-04-15,39.99,7.99,32.0,400.5006257822278,9,23,9.0,32.96534246575342,18.0,0
2021-04-16,39.99,7.99,32.0,400.5006257822278,10,24,9.0,32.96534246575342,18.0,0
2021-04-17,39.99,7.99,32.0,400.5006257822278,11,25,9.0,32.96534246575342,18.0,0
2021-04-18,39.99,7.99,32.0,400.5006257822278,12,26,9.0,32.96534246575342,18.0,0
2021-04-19,39.99,7.99,32.0,400.5006257822278,13,27,9.0,32.96534246575342,18.0,1
2021-04-20,39.99,7.99,32.0,400.5006257822278,14,28,9.0,32.96534246575342,18.0,1
2021-04-21,39.99,7.99,32.0,400.5006257822278,15,29,9.0,32.96534246575342,18.0,1
2021-04-22,39.99,7.99,32.0,400.5006257822278,16,30,9.0,32.96534246575343,18.0,1
2021-04-23,39.99,7.99,32.0,400.5006257822278,17,31,9.0,32.96534246575342,18.0,1
2021-04-24,39.99,7.99,32.0,400.5006257822278,18,32,9.0,32.96534246575342,18.0,1
2021-04-25,39.99,7.99,32.0,400.5006257822278,19,33,9.0,32.96534246575342,18.0,1
2021-04-26,39.99,7.99,32.0,400.5006257822278,20,34,9.0,32.96534246575342,18.0,1
2021-04-27,39.99,7.99,32.0,400.5006257822278,21,35,9.0,32.96534246575342,18.0,1
2021-04-28,39.99,7.99,32.0,400.5006257822278,22,36,9.0,32.96534246575342,18.0,1
2021-04-29,39.99,7.99,32.0,400.5006257822278,23,37,9.0,32.96534246575342,18.0,1
2021-04-30,39.99,7.99,32.0,400.5006257822278,24,38,9.0,32.96534246575343,18.0,1
2021-05-01,39.99,7.99,32.0,400.5006257822278,25,39,9.0,32.96534246575342,18.0,1
2021-05-02,39.99,7.99,32.0,400.5006257822278,26,40,9.0,32.96534246575342,18.0,1
2021-05-03,39.99,7.99,32.0,400.5006257822278,27,41,9.0,32.96534246575342,18.0,1
2021-05-04,39.99,7.99,32.0,400.5006257822278,28,42,9.0,32.96534246575342,18.0,1
2021-05-05,39.99,7.99,32.0,400.5006257822278,29,43,9.0,32.96534246575342,18.0,1
2021-05-06,39.99,7.99,32.0,400.5006257822278,30,44,9.0,32.96534246575342,18.0,1
2021-05-07,39.99,7.99,32.0,400.5006257822278,31,45,9.0,32.96534246575342,18.0,1
2021-05-08,39.99,7.99,32.0,400.5006257822278,32,46,9.0,32.96534246575342,18.0,1
2021-05-09,39.99,7.99,32.0,400.5006257822278,33,47,9.0,32.96534246575343,18.0,1
2021-05-10,39.99,7.99,32.0,400.5006257822278,34,48,9.0,32.96534246575342,18.0,1
2021-05-11,39.99,7.99,32.0,400.5006257822278,35,49,9.0,32.96534246575342,18.0,1
2021-05-12,39.99,7.99,32.0,400.5006257822278,36,50,9.0,32.96534246575342,18.0,1
2021-05-13,39.99,7.99,32.0,400.5006257822278,37,51,9.0,32.96534246575342,18.0,1
2021-05-14,39.99,7.99,32.0,400.5006257822278,38,52,9.0,32.96534246575342,18.0,1
2021-05-15,39.99,7.99,32.0,400.5006257822278,39,53,9.0,32.96534246575342,18.0,1
2021-05-16,39.99,7.99,32.0,400.5006257822278,40,54,9.0,32.96534246575342,18.0,1
2021-05-17,39.99,7.99,32.0,400.5006257822278,41,55,9.0,32.96534246575343,18.0,1
2021-05-18,39.99,7.99,32.0,400.5006257822278,42,56,9.0,32.96534246575342,18.0,1
2021-05-19,7.99,7.99,0.0,0.0,0,0,9.0,32.96534246575342,18.0,0
2021-05-20,7.99,7.99,0.0,0.0,1,1,9.0,32.95438356164384,18.0,0
2021-05-21,7.99,7.99,0.0,0.0,2,2,9.0,32.943424657534244,18.0,0
2021-05-22,7.99,7.99,0.0,0.0,3,3,9.0,32.93246575342466,18.0,0
2021-05-23,7.99,7.99,0.0,0.0,4,4,9.0,32.92150684931507,18.0,0
2021-05-24,7.99,7.99,0.0,0.0,5,5,9.0,32.91054794520548,18.0,0
2021-05-25,7.99,7.99,0.0,0.0,6,6,9.0,32.89958904109589,18.0,0
2021-05-26,7.99,7.99,0.0,0.0,7,7,9.0,32.8886301369863,18.0,0
2021-05-27,7.99,7.99,0.0,0.0,8,8,9.0,32.877671232876715,18.0,0
2021-05-28,7.99,7.99,0.0,0.0,9,9,9.0,32.86671232876712,18.0,0
2021-05-29,7.99,7.99,0.0,0.0,10,10,9.0,32.855753424657536,18.0,0
2021-05-30,7.99,7.99,0.0,0.0,11,11,9.0,32.84479452054794,18.0,0
2021-05-31,7.99,7.99,0.0,0.0,12,12,9.0,32.83383561643836,18.0,0
2021-06-01,39.99,7.99,32.0,400.5006257822278,0,13,9.0,32.82287671232877,18.0,1
2021-06-02,39.99,7.99,32.0,400.5006257822278,1,14,9.0,32.89958904109589,19.0,1
2021-06-03,39.99,7.99,32.0,400.5006257822278,2,15,9.0,32.89958904109589,18.0,1
2021-06-04,39.99,7.99,32.0,400.5006257822278,3,16,9.0,32.89958904109589,18.0,1
2021-06-05,39.99,7.99,32.0,400.5006257822278,4,17,9.0,32.89958904109589,18.0,1
2021-06-06,39.99,7.99,32.0,400.5006257822278,5,18,9.0,32.89958904109589,18.0,1
2021-06-07,39.99,7.99,32.0,400.5006257822278,6,19,9.0,32.89958904109589,18.0,1
2021-06-08,39.99,7.99,32.0,400.5006257822278,7,20,9.0,32.89958904109589,18.0,1
2021-06-09,39.99,7.99,32.0,400.5006257822278,8,21,9.0,32.89958904109589,18.0,1
2021-06-10,39.99,7.99,32.0,400.5006257822278,9,22,9.0,32.89958904109589,18.0,1
2021-06-11,39.99,7.99,32.0,400.5006257822278,10,23,9.0,32.89958904109589,18.0,1
2021-06-12,39.99,7.99,32.0,400.5006257822278,11,24,9.0,32.89958904109589,18.0,1
2021-06-13,39.99,7.99,32.0,400.5006257822278,12,25,9.0,32.89958904109589,18.0,1
2021-06-14,39.99,7.99,32.0,400.5006257822278,13,26,9.0,32.89958904109589,18.0,1
2021-06-15,39.99,7.99,32.0,400.5006257822278,14,27,9.0,32.89958904109589,18.0,1
2021-06-16,39.99,7.99,32.0,400.5006257822278,15,28,9.0,32.89958904109589,18.0,1
2021-06-17,39.99,7.99,32.0,400.5006257822278,16,29,9.0,32.89958904109589,18.0,1
2021-06-18,39.99,7.99,32.0,400.5006257822278,17,30,9.0,32.89958904109589,18.0,1
2021-06-19,39.99,7.99,32.0,400.5006257822278,18,31,9.0,32.89958904109589,18.0,1
2021-06-20,39.99,7.99,32.0,400.5006257822278,19,32,9.0,32.89958904109589,18.0,1
2021-06-21,39.99,7.99,32.0,400.5006257822278,20,33,9.0,32.89958904109589,18.0,1
2021-06-22,39.99,7.99,32.0,400.5006257822278,21,34,9.0,32.89958904109589,18.0,1
2021-06-23,39.99,7.99,32.0,400.5006257822278,22,35,9.0,32.89958904109589,18.0,1
2021-06-24,39.99,7.99,32.0,400.5006257822278,23,36,9.0,32.89958904109589,18.0,1
2021-06-25,7.99,7.99,0.0,0.0,0,0,9.0,32.89958904109589,18.0,0
2021-06-26,7.99,7.99,0.0,0.0,1,1,10.0,32.81191780821918,19.0,0
2021-06-27,7.99,7.99,0.0,0.0,2,2,9.0,32.80095890410959,18.0,0
2021-06-28,7.99,7.99,0.0,0.0,3,3,9.0,32.79,18.0,0
2021-06-29,7.99,7.99,0.0,0.0,4,4,9.0,32.77904109589041,18.0,0
2021-06-30,7.99,7.99,0.0,0.0,5,5,9.0,32.76808219178082,18.0,0
2021-07-01,7.99,7.99,0.0,0.0,6,6,9.0,32.757123287671234,18.0,0
2021-07-02,7.99,7.99,0.0,0.0,7,7,9.0,32.74616438356164,18.0,0
2021-07-03,7.99,7.99,0.0,0.0,8,8,9.0,32.735205479452055,18.0,0
2021-07-04,7.99,7.99,0.0,0.0,9,9,9.0,32.72424657534247,18.0,0
2021-07-05,7.99,7.99,0.0,0.0,10,10,9.0,32.71328767123288,18.0,0
2021-07-06,7.99,7.99,0.0,0.0,11,11,9.0,32.70232876712329,18.0,0
2021-07-07,7.99,7.99,0.0,0.0,12,12,9.0,32.6913698630137,18.0,0
2021-07-08,7.99,7.99,0.0,0.0,13,13,9.0,32.68041095890411,18.0,0
2021-07-09,7.99,7.99,0.0,0.0,14,14,9.0,32.66945205479452,18.0,0
2021-07-10,7.99,7.99,0.0,0.0,15,15,9.0,32.65849315068493,18.0,0
2021-07-11,39.99,7.99,32.0,400.5006257822278,0,16,9.0,32.57082191780822,17.0,0
2021-07-12,39.99,7.99,32.0,400.5006257822278,1,17,9.0,32.57082191780822,18.0,0
2021-07-13,39.99,7.99,32.0,400.5006257822278,2,18,9.0,32.57082191780822,18.0,0
2021-07-14,39.99,7.99,32.0,400.5006257822278,3,19,9.0,32.570821917808225,18.0,0
2021-07-15,39.99,7.99,32.0,400.5006257822278,4,20,9.0,32.57082191780822,18.0,0
2021-07-16,39.99,7.99,32.0,400.5006257822278,5,21,9.0,32.57082191780822,18.0,0
2021-07-17,39.99,7.99,32.0,400.5006257822278,6,22,9.0,32.57082191780822,18.0,0
2021-07-18,39.99,7.99,32.0,400.5006257822278,7,23,9.0,32.57082191780822,18.0,0
2021-07-19,39.99,7.99,32.0,400.5006257822278,8,24,9.0,32.57082191780822,18.0,0
2021-07-20,39.99,7.99,32.0,400.5006257822278,9,25,9.0,32.57082191780822,18.0,0
2021-07-21,39.99,7.99,32.0,400.5006257822278,10,26,9.0,32.57082191780822,18.0,0
2021-07-22,39.99,7.99,32.0,400.5006257822278,11,27,9.0,32.570821917808225,18.0,0
2021-07-23,39.99,7.99,32.0,400.5006257822278,12,28,9.0,32.57082191780822,18.0,0
2021-07-24,39.99,7.99,32.0,400.5006257822278,13,29,9.0,32.57082191780822,18.0,0
2021-07-25,39.99,7.99,32.0,400.5006257822278,14,30,9.0,32.57082191780822,18.0,1
2021-07-26,39.99,7.99,32.0,400.5006257822278,15,31,9.0,32.57082191780822,18.0,1
2021-07-27,39.99,7.99,32.0,400.5006257822278,16,32,9.0,32.57082191780822,18.0,1
2021-07-28,39.99,7.99,32.0,400.5006257822278,17,33,9.0,32.57082191780822,18.0,1
2021-07-29,39.99,7.99,32.0,400.5006257822278,18,34,9.0,32.57082191780822,18.0,1
2021-07-30,39.99,7.99,32.0,400.5006257822278,19,35,9.0,32.57082191780822,18.0,1
2021-07-31,39.99,7.99,32.0,400.5006257822278,20,36,9.0,32.57082191780822,18.0,1
2021-08-01,39.99,7.99,32.0,400.5006257822278,21,37,9.0,32.57082191780822,18.0,1
2021-08-02,39.99,7.99,32.0,400.5006257822278,22,38,9.0,32.57082191780822,18.0,1
2021-08-03,39.99,7.99,32.0,400.5006257822278,23,39,9.0,32.57082191780822,18.0,1
2021-08-04,39.99,7.99,32.0,400.5006257822278,24,40,9.0,32.57082191780822,18.0,1
2021-08-05,39.99,7.99,32.0,400.5006257822278,25,41,9.0,32.57082191780822,18.0,1
2021-08-06,39.99,7.99,32.0,400.5006257822278,26,42,9.0,32.57082191780822,18.0,1
2021-08-07,39.99,7.99,32.0,400.5006257822278,27,43,9.0,32.57082191780822,18.0,1
2021-08-08,39.99,7.99,32.0,400.5006257822278,28,44,9.0,32.570821917808225,18.0,1
2021-08-09,39.99,7.99,32.0,400.5006257822278,29,45,9.0,32.57082191780822,18.0,1
2021-08-10,39.99,7.99,32.0,400.5006257822278,30,46,9.0,32.57082191780822,18.0,1
2021-08-11,39.99,7.99,32.0,400.5006257822278,31,47,9.0,32.57082191780822,18.0,1
2021-08-12,39.99,7.99,32.0,400.5006257822278,32,48,9.0,32.57082191780822,18.0,1
2021-08-13,39.99,7.99,32.0,400.5006257822278,33,49,9.0,32.57082191780822,18.0,1
2021-08-14,39.99,7.99,32.0,400.5006257822278,34,50,9.0,32.57082191780822,18.0,1
2021-08-15,39.99,7.99,32.0,400.5006257822278,35,51,9.0,32.57082191780822,18.0,1
2021-08-16,39.99,7.99,32.0,400.5006257822278,36,52,9.0,32.570821917808225,18.0,1
2021-08-17,39.99,7.99,32.0,400.5006257822278,37,53,9.0,32.57082191780822,18.0,1
2021-08-18,39.99,7.99,32.0,400.5006257822278,38,54,9.0,32.57082191780822,18.0,1
2021-08-19,39.99,7.99,32.0,400.5006257822278,39,55,9.0,32.57082191780822,18.0,1
2021-08-20,39.99,7.99,32.0,400.5006257822278,40,56,9.0,32.57082191780822,18.0,1
2021-08-21,39.99,7.99,32.0,400.5006257822278,41,57,9.0,32.57082191780822,18.0,1
2021-08-22,39.99,7.99,32.0,400.5006257822278,42,58,9.0,32.57082191780822,18.0,1
2021-08-23,39.99,7.99,32.0,400.5006257822278,43,59,9.0,32.57082191780822,18.0,1
2021-08-24,7.99,7.99,0.0,0.0,0,0,9.0,32.570821917808225,18.0,0
2021-08-25,7.99,7.99,0.0,0.0,1,1,10.0,32.48315068493151,19.0,0
2021-08-26,7.99,7.99,0.0,0.0,2,2,9.0,32.472191780821916,18.0,0
2021-08-27,7.99,7.99,0.0,0.0,3,3,9.0,32.46123287671233,18.0,0
2021-08-28,7.99,7.99,0.0,0.0,4,4,9.0,32.450273972602744,18.0,0
2021-08-29,7.99,7.99,0.0,0.0,5,5,9.0,32.43931506849315,18.0,0
2021-08-30,7.99,7.99,0.0,0.0,6,6,9.0,32.428356164383565,18.0,0
2021-08-31,7.99,7.99,0.0,0.0,7,7,9.0,32.41739726027397,18.0,0
2021-09-01,7.99,7.99,0.0,0.0,8,8,9.0,32.40643835616439,18.0,0
2021-09-02,7.99,7.99,0.0,0.0,9,9,9.0,32.3954794520548,18.0,0
2021-09-03,7.99,7.99,0.0,0.0,10,10,9.0,32.38452054794521,18.0,0
2021-09-04,7.99,7.99,0.0,0.0,11,11,9.0,32.373561643835615,18.0,0
2021-09-05,7.99,7.99,0.0,0.0,12,12,9.0,32.36260273972603,18.0,0
2021-09-06,7.99,7.99,0.0,0.0,13,13,9.0,32.35164383561644,18.0,0
2021-09-07,39.99,7.99,32.0,400.5006257822278,0,14,9.0,32.34068493150685,18.0,0
2021-09-08,39.99,7.99,32.0,400.5006257822278,1,15,9.0,32.41739726027397,19.0,0
2021-09-09,39.99,7.99,32.0,400.5006257822278,2,16,9.0,32.41739726027397,18.0,0
2021-09-10,39.99,7.99,32.0,400.5006257822278,3,17,9.0,32.41739726027398,18.0,0
2021-09-11,39.99,7.99,32.0,400.5006257822278,4,18,9.0,32.41739726027397,18.0,0
2021-09-12,39.99,7.99,32.0,400.5006257822278,5,19,9.0,32.41739726027397,18.0,0
2021-09-13,39.99,7.99,32.0,400.5006257822278,6,20,9.0,32.41739726027397,18.0,0
2021-09-14,39.99,7.99,32.0,400.5006257822278,7,21,9.0,32.41739726027397,18.0,0
2021-09-15,39.99,7.99,32.0,400.5006257822278,8,22,9.0,32.41739726027397,18.0,0
2021-09-16,39.99,7.99,32.0,400.5006257822278,9,23,9.0,32.41739726027397,18.0,0
2021-09-17,39.99,7.99,32.0,400.5006257822278,10,24,9.0,32.41739726027397,18.0,0
2021-09-18,39.99,7.99,32.0,400.5006257822278,11,25,9.0,32.41739726027398,18.0,0
2021-09-19,39.99,7.99,32.0,400.5006257822278,12,26,9.0,32.41739726027397,18.0,0
2021-09-20,39.99,7.99,32.0,400.5006257822278,13,27,9.0,32.41739726027397,18.0,0
2021-09-21,39.99,7.99,32.0,400.5006257822278,14,28,9.0,32.41739726027397,18.0,0
2021-09-22,39.99,7.99,32.0,400.5006257822278,15,29,9.0,32.41739726027397,18.0,0
2021-09-23,39.99,7.99,32.0,400.5006257822278,16,30,9.0,32.41739726027397,18.0,0
2021-09-24,39.99,7.99,32.0,400.5006257822278,17,31,9.0,32.41739726027397,18.0,0
2021-09-25,39.99,7.99,32.0,400.5006257822278,18,32,9.0,32.41739726027397,18.0,0
2021-09-26,39.99,7.99,32.0,400.5006257822278,19,33,9.0,32.41739726027398,18.0,0
2021-09-27,39.99,7.99,32.0,400.5006257822278,20,34,9.0,32.41739726027397,18.0,0
2021-09-28,39.99,7.99,32.0,400.5006257822278,21,35,9.0,32.41739726027397,18.0,0
2021-09-29,39.99,7.99,32.0,400.5006257822278,22,36,9.0,32.41739726027397,18.0,1
2021-09-30,39.99,7.99,32.0,400.5006257822278,23,37,9.0,32.41739726027397,18.0,1
2021-10-01,39.99,7.99,32.0,400.5006257822278,24,38,9.0,32.41739726027397,18.0,1
2021-10-02,39.99,7.99,32.0,400.5006257822278,25,39,9.0,32.41739726027397,18.0,1
2021-10-03,39.99,7.99,32.0,400.5006257822278,26,40,9.0,32.41739726027397,18.0,1
2021-10-04,39.99,7.99,32.0,400.5006257822278,27,41,9.0,32.41739726027397,18.0,1
2021-10-05,39.99,7.99,32.0,400.5006257822278,28,42,9.0,32.41739726027398,18.0,1
2021-10-06,39.99,7.99,32.0,400.5006257822278,29,43,9.0,32.41739726027397,18.0,1
2021-10-07,39.99,7.99,32.0,400.5006257822278,30,44,9.0,32.41739726027397,18.0,1
2021-10-08,39.99,7.99,32.0,400.5006257822278,31,45,9.0,32.41739726027397,18.0,1
2021-10-09,39.99,7.99,32.0,400.5006257822278,32,46,9.0,32.41739726027397,18.0,1
2021-10-10,39.99,7.99,32.0,400.5006257822278,33,47,9.0,32.41739726027397,18.0,1
2021-10-11,39.99,7.99,32.0,400.5006257822278,34,48,9.0,32.41739726027397,18.0,1
2021-10-12,39.99,7.99,32.0,400.5006257822278,35,49,9.0,32.41739726027397,18.0,1
2021-10-13,39.99,7.99,32.0,400.5006257822278,36,50,9.0,32.41739726027398,18.0,1
2021-10-14,39.99,7.99,32.0,400.5006257822278,37,51,9.0,32.41739726027397,18.0,1
2021-10-15,39.99,7.99,32.0,400.5006257822278,38,52,9.0,32.41739726027397,18.0,1
2021-10-16,39.99,7.99,32.0,400.5006257822278,39,53,9.0,32.41739726027397,18.0,1
2021-10-17,39.99,7.99,32.0,400.5006257822278,40,54,9.0,32.41739726027397,18.0,1
2021-10-18,39.99,7.99,32.0,400.5006257822278,41,55,9.0,32.41739726027397,18.0,1
2021-10-19,39.99,7.99,32.0,400.5006257822278,42,56,9.0,32.41739726027397,18.0,1
2021-10-20,39.99,7.99,32.0,400.5006257822278,43,57,9.0,32.41739726027397,18.0,1
2021-10-21,39.99,7.99,32.0,400.5006257822278,44,58,9.0,32.41739726027398,18.0,1
2021-10-22,39.99,7.99,32.0,400.5006257822278,45,59,9.0,32.41739726027397,18.0,1
2021-10-23,39.99,7.99,32.0,400.5006257822278,46,60,9.0,32.41739726027397,18.0,1
2021-10-24,39.99,7.99,32.0,400.5006257822278,47,61,9.0,32.41739726027397,18.0,1
2021-10-25,39.99,7.99,32.0,400.5006257822278,48,62,9.0,32.41739726027397,18.0,1
2021-10-26,39.99,7.99,32.0,400.5006257822278,49,63,9.0,32.41739726027397,18.0,1
2021-10-27,39.99,7.99,32.0,400.5006257822278,50,64,9.0,32.41739726027397,18.0,1
2021-10-28,39.99,7.99,32.0,400.5006257822278,51,65,9.0,32.41739726027397,18.0,1
2021-10-29,7.99,7.99,0.0,0.0,0,0,9.0,32.41739726027398,18.0,0
2021-10-30,7.99,7.99,0.0,0.0,1,1,10.0,32.329726027397264,19.0,0
2021-10-31,7.99,7.99,0.0,0.0,2,2,9.0,32.31876712328767,18.0,0
2021-11-01,7.99,7.99,0.0,0.0,3,3,9.0,32.307808219178085,18.0,0
2021-11-02,39.99,7.99,32.0,400.5006257822278,0,4,9.0,32.29684931506849,18.0,1
2021-11-03,39.99,7.99,32.0,400.5006257822278,1,5,9.0,32.373561643835615,19.0,1
2021-11-04,39.99,7.99,32.0,400.5006257822278,2,6,9.0,32.373561643835615,18.0,1
2021-11-05,39.99,7.99,32.0,400.5006257822278,3,7,9.0,32.373561643835615,18.0,1
2021-11-06,39.99,7.99,32.0,400.5006257822278,4,8,9.0,32.373561643835615,18.0,1
2021-11-07,39.99,7.99,32.0,400.5006257822278,5,9,9.0,32.37356164383562,18.0,1
2021-11-08,39.99,7.99,32.0,400.5006257822278,6,10,9.0,32.373561643835615,18.0,1
2021-11-09,39.99,7.99,32.0,400.5006257822278,7,11,9.0,32.373561643835615,18.0,1
2021-11-10,39.99,7.99,32.0,400.5006257822278,8,12,9.0,32.373561643835615,18.0,1
2021-11-11,39.99,7.99,32.0,400.5006257822278,9,13,9.0,32.373561643835615,18.0,1
2021-11-12,39.99,7.99,32.0,400.5006257822278,10,14,9.0,32.373561643835615,18.0,1
2021-11-13,39.99,7.99,32.0,400.5006257822278,11,15,9.0,32.373561643835615,18.0,1
2021-11-14,39.99,7.99,32.0,400.5006257822278,12,16,9.0,32.373561643835615,18.0,1
2021-11-15,39.99,7.99,32.0,400.5006257822278,13,17,9.0,32.37356164383562,18.0,1
2021-11-16,39.99,7.99,32.0,400.5006257822278,14,18,9.0,32.373561643835615,18.0,1
2021-11-17,39.99,7.99,32.0,400.5006257822278,15,19,9.0,32.373561643835615,18.0,1
2021-11-18,39.99,7.99,32.0,400.5006257822278,16,20,9.0,32.373561643835615,18.0,1
2021-11-19,39.99,7.99,32.0,400.5006257822278,17,21,9.0,32.373561643835615,18.0,1
2021-11-20,39.99,7.99,32.0,400.5006257822278,18,22,9.0,32.373561643835615,18.0,1
2021-11-21,39.99,7.99,32.0,400.5006257822278,19,23,9.0,32.373561643835615,18.0,1
2021-11-22,39.99,7.99,32.0,400.5006257822278,20,24,9.0,32.373561643835615,18.0,1
2021-11-23,39.99,7.99,32.0,400.5006257822278,21,25,9.0,32.37356164383562,18.0,1
2021-11-24,39.99,7.99,32.0,400.5006257822278,22,26,9.0,32.373561643835615,18.0,1
2021-11-25,7.99,7.99,0.0,0.0,0,0,9.0,32.373561643835615,18.0,0
2021-11-26,7.99,7.99,0.0,0.0,1,1,10.0,32.285890410958906,19.0,0
2021-11-27,7.99,7.99,0.0,0.0,2,2,9.0,32.27493150684931,18.0,0
2021-11-28,7.99,7.99,0.0,0.0,3,3,9.0,32.26397260273973,18.0,0
2021-11-29,7.99,7.99,0.0,0.0,4,4,9.0,32.25301369863014,18.0,0
2021-11-30,7.99,7.99,0.0,0.0,5,5,9.0,32.24205479452055,18.0,0
2021-12-01,7.99,7.99,0.0,0.0,6,6,9.0,32.23109589041096,18.0,0
2021-12-02,39.99,7.99,32.0,400.5006257822278,0,7,9.0,32.22013698630138,18.0,1
2021-12-03,39.99,7.99,32.0,400.5006257822278,1,8,9.0,32.22013698630137,18.0,1
2021-12-04,39.99,7.99,32.0,400.5006257822278,2,9,9.0,32.22013698630137,18.0,1
2021-12-05,39.99,7.99,32.0,400.5006257822278,3,10,9.0,32.22013698630137,18.0,1
2021-12-06,39.99,7.99,32.0,400.5006257822278,4,11,9.0,32.22013698630137,18.0,1
2021-12-07,39.99,7.99,32.0,400.5006257822278,5,12,9.0,32.22013698630137,18.0,1
2021-12-08,39.99,7.99,32.0,400.5006257822278,6,13,9.0,32.22013698630137,18.0,1
2021-12-09,9.99,7.99,2.0,25.03128911138924,0,0,9.0,32.22013698630137,18.0,1
2021-12-10,7.99,7.99,0.0,0.0,0,0,10.0,32.13794520547946,19.0,0
2021-12-11,7.99,7.99,0.0,0.0,1,1,10.0,32.12698630136986,19.0,0
2021-12-12,7.99,7.99,0.0,0.0,2,2,10.0,32.116027397260275,19.0,0
2021-12-13,7.99,7.99,0.0,0.0,3,3,10.0,32.10506849315069,19.0,0
2021-12-14,39.99,7.99,32.0,400.5006257822278,0,4,10.0,32.094109589041096,19.0,1
2021-12-15,39.99,7.99,32.0,400.5006257822278,1,5,10.0,32.17082191780822,20.0,1
2021-12-16,39.99,7.99,32.0,400.5006257822278,2,6,10.0,32.17082191780822,19.0,1
2021-12-17,39.99,7.99,32.0,400.5006257822278,3,7,10.0,32.17082191780822,19.0,1
2021-12-18,39.99,7.99,32.0,400.5006257822278,4,8,10.0,32.170821917808226,19.0,1
2021-12-19,39.99,7.99,32.0,400.5006257822278,5,9,10.0,32.17082191780822,19.0,1
2021-12-20,39.99,7.99,32.0,400.5006257822278,6,10,10.0,32.17082191780822,19.0,1
2021-12-21,39.99,7.99,32.0,400.5006257822278,7,11,10.0,32.17082191780822,19.0,1
2021-12-22,8.0,7.99,0.009999999999999787,0.12515644555694352,0,0,10.0,32.17082191780822,19.0,1
2021-12-23,7.99,7.99,0.0,0.0,0,0,11.0,32.08317808219178,20.0,0
2021-12-24,7.99,7.99,0.0,0.0,1,1,11.0,32.07221917808219,20.0,0
2021-12-25,7.99,7.99,0.0,0.0,2,2,11.0,32.06126027397261,20.0,0
2021-12-26,7.99,7.99,0.0,0.0,3,3,11.0,32.050301369863014,20.0,0
2021-12-27,7.99,7.99,0.0,0.0,4,4,11.0,32.03934246575343,20.0,0
2021-12-28,7.99,7.99,0.0,0.0,5,5,11.0,32.028383561643835,20.0,0
2021-12-29,7.99,7.99,0.0,0.0,6,6,11.0,32.01742465753425,20.0,0
2021-12-30,7.99,7.99,0.0,0.0,7,7,11.0,32.006465753424656,20.0,0
2021-12-31,7.99,7.99,0.0,0.0,8,8,11.0,31.99550684931507,20.0,0
2022-01-01,7.99,7.99,0.0,0.0,9,9,11.0,31.98454794520548,20.0,0
2022-01-02,7.99,7.99,0.0,0.0,10,10,11.0,31.97358904109589,20.0,0
2022-01-03,7.99,7.99,0.0,0.0,11,11,11.0,31.962630136986302,20.0,0
2022-01-04,7.99,7.99,0.0,0.0,12,12,11.0,31.951671232876713,20.0,0
2022-01-05,7.99,7.99,0.0,0.0,13,13,11.0,31.940712328767123,20.0,0
2022-01-06,39.99,7.99,32.0,400.5006257822278,0,14,11.0,31.929753424657537,20.0,1
2022-01-07,39.99,7.99,32.0,400.5006257822278,1,15,11.0,31.929753424657537,20.0,1
2022-01-08,39.99,7.99,32.0,400.5006257822278,2,16,11.0,31.929753424657537,20.0,1
2022-01-09,39.99,7.99,32.0,400.5006257822278,3,17,11.0,31.929753424657537,20.0,1
2022-01-10,39.99,7.99,32.0,400.5006257822278,4,18,11.0,31.929753424657537,20.0,1
2022-01-11,39.99,7.99,32.0,400.5006257822278,5,19,11.0,31.929753424657537,20.0,1
2022-01-12,39.99,7.99,32.0,400.5006257822278,6,20,11.0,31.929753424657537,20.0,1
2022-01-13,39.99,7.99,32.0,400.5006257822278,7,21,11.0,31.929753424657537,20.0,1
2022-01-14,39.99,7.99,32.0,400.5006257822278,8,22,11.0,31.929753424657537,20.0,1
2022-01-15,39.99,7.99,32.0,400.5006257822278,9,23,11.0,31.929753424657537,20.0,1
2022-01-16,39.99,7.99,32.0,400.5006257822278,10,24,11.0,31.929753424657537,20.0,1
2022-01-17,39.99,7.99,32.0,400.5006257822278,11,25,11.0,31.929753424657537,20.0,1
2022-01-18,39.99,7.99,32.0,400.5006257822278,12,26,11.0,31.929753424657537,20.0,1
2022-01-19,39.99,7.99,32.0,400.5006257822278,13,27,11.0,31.929753424657537,20.0,1
2022-01-20,39.99,7.99,32.0,400.5006257822278,14,28,11.0,31.929753424657537,20.0,1
2022-01-21,39.99,7.99,32.0,400.5006257822278,15,29,11.0,31.929753424657537,20.0,1
2022-01-22,39.99,7.99,32.0,400.5006257822278,16,30,11.0,31.929753424657537,20.0,1
2022-01-23,39.99,7.99,32.0,400.5006257822278,17,31,11.0,31.929753424657537,20.0,1
2022-01-24,39.99,7.99,32.0,400.5006257822278,18,32,11.0,31.929753424657537,20.0,1
2022-01-25,39.99,7.99,32.0,400.5006257822278,19,33,11.0,31.929753424657537,20.0,1
2022-01-26,39.99,7.99,32.0,400.5006257822278,20,34,11.0,31.929753424657537,20.0,1
2022-01-27,39.99,7.99,32.0,400.5006257822278,21,35,11.0,31.929753424657537,20.0,1
2022-01-28,7.99,7.99,0.0,0.0,0,0,11.0,31.929753424657537,20.0,0
2022-01-29,7.99,7.99,0.0,0.0,1,1,12.0,31.84208219178082,21.0,0
2022-01-30,7.99,7.99,0.0,0.0,2,2,12.0,31.75441095890411,21.0,0
2022-01-31,7.99,7.99,0.0,0.0,3,3,12.0,31.666739726027398,21.0,0
2022-02-01,7.99,7.99,0.0,0.0,4,4,12.0,31.579068493150686,21.0,0
2022-02-02,7.99,7.99,0.0,0.0,5,5,12.0,31.491397260273974,21.0,0
2022-02-03,7.99,7.99,0.0,0.0,6,6,12.0,31.403726027397262,21.0,0
2022-02-04,39.99,7.99,32.0,400.5006257822278,0,7,12.0,31.31605479452055,21.0,1
2022-02-05,39.99,7.99,32.0,400.5006257822278,1,8,12.0,31.31605479452055,22.0,1
2022-02-06,39.99,7.99,32.0,400.5006257822278,2,9,12.0,31.31605479452055,22.0,1
2022-02-07,39.99,7.99,32.0,400.5006257822278,3,10,12.0,31.31605479452055,22.0,1
2022-02-08,39.99,7.99,32.0,400.5006257822278,4,11,12.0,31.31605479452055,22.0,1
2022-02-09,39.99,7.99,32.0,400.5006257822278,5,12,12.0,31.31605479452055,22.0,1
2022-02-10,39.99,7.99,32.0,400.5006257822278,6,13,12.0,31.31605479452055,22.0,1
2022-02-11,39.99,7.99,32.0,400.5006257822278,7,14,12.0,31.31605479452055,22.0,1
2022-02-12,39.99,7.99,32.0,400.5006257822278,8,15,12.0,31.31605479452055,22.0,1
2022-02-13,39.99,7.99,32.0,400.5006257822278,9,16,11.0,31.403726027397262,21.0,1
2022-02-14,39.99,7.99,32.0,400.5006257822278,10,17,11.0,31.491397260273974,21.0,1
2022-02-15,39.99,7.99,32.0,400.5006257822278,11,18,11.0,31.579068493150686,21.0,1
2022-02-16,39.99,7.99,32.0,400.5006257822278,12,19,11.0,31.666739726027398,21.0,1
2022-02-17,39.99,7.99,32.0,400.5006257822278,13,20,11.0,31.666739726027398,20.0,1
2022-02-18,39.99,7.99,32.0,400.5006257822278,14,21,11.0,31.666739726027398,20.0,1
2022-02-19,39.99,7.99,32.0,400.5006257822278,15,22,11.0,31.666739726027398,20.0,1
2022-02-20,39.99,7.99,32.0,400.5006257822278,16,23,11.0,31.666739726027398,20.0,1
2022-02-21,39.99,7.99,32.0,400.5006257822278,17,24,11.0,31.666739726027398,20.0,1
2022-02-22,39.99,7.99,32.0,400.5006257822278,18,25,11.0,31.666739726027398,20.0,1
2022-02-23,39.99,7.99,32.0,400.5006257822278,19,26,11.0,31.666739726027398,20.0,1
2022-02-24,39.99,7.99,32.0,400.5006257822278,20,27,11.0,31.666739726027398,20.0,1
2022-02-25,39.99,7.99,32.0,400.5006257822278,21,28,11.0,31.666739726027398,20.0,1
2022-02-26,39.99,7.99,32.0,400.5006257822278,22,29,11.0,31.666739726027398,20.0,1
2022-02-27,39.99,7.99,32.0,400.5006257822278,23,30,11.0,31.666739726027398,20.0,1
2022-02-28,7.99,7.99,0.0,0.0,0,0,11.0,31.666739726027398,20.0,0
2022-03-01,7.99,7.99,0.0,0.0,1,1,12.0,31.579068493150686,21.0,0
2022-03-02,7.99,7.99,0.0,0.0,2,2,12.0,31.491397260273974,21.0,0
2022-03-03,7.99,7.99,0.0,0.0,3,3,12.0,31.403726027397262,21.0,0
2022-03-04,7.99,7.99,0.0,0.0,4,4,12.0,31.31605479452055,21.0,0
2022-03-05,7.99,7.99,0.0,0.0,5,5,12.0,31.228383561643838,21.0,0
2022-03-06,7.99,7.99,0.0,0.0,6,6,12.0,31.140712328767126,21.0,0
2022-03-07,39.99,7.99,32.0,400.5006257822278,0,7,12.0,31.053041095890414,21.0,0
2022-03-08,39.99,7.99,32.0,400.5006257822278,1,8,12.0,31.053041095890414,22.0,0
2022-03-09,39.99,7.99,32.0,400.5006257822278,2,9,12.0,31.053041095890414,22.0,0
2022-03-10,39.99,7.99,32.0,400.5006257822278,3,10,12.0,31.053041095890414,22.0,0
2022-03-11,39.99,7.99,32.0,400.5006257822278,4,11,12.0,31.053041095890414,22.0,0
2022-03-12,39.99,7.99,32.0,400.5006257822278,5,12,12.0,31.053041095890414,22.0,0
2022-03-13,39.99,7.99,32.0,400.5006257822278,6,13,12.0,31.053041095890414,22.0,0
2022-03-14,39.99,7.99,32.0,400.5006257822278,7,14,12.0,31.053041095890414,22.0,0
2022-03-15,39.99,7.99,32.0,400.5006257822278,8,15,12.0,31.053041095890414,22.0,0
2022-03-16,39.99,7.99,32.0,400.5006257822278,9,16,12.0,31.053041095890414,22.0,0
2022-03-17,39.99,7.99,32.0,400.5006257822278,10,17,12.0,31.053041095890414,22.0,0
2022-03-18,39.99,7.99,32.0,400.5006257822278,11,18,12.0,31.053041095890414,22.0,0
2022-03-19,39.99,7.99,32.0,400.5006257822278,12,19,12.0,31.053041095890414,22.0,0
2022-03-20,39.99,7.99,32.0,400.5006257822278,13,20,12.0,31.053041095890414,22.0,1
2022-03-21,39.99,7.99,32.0,400.5006257822278,14,21,12.0,31.053041095890414,22.0,1
2022-03-22,39.99,7.99,32.0,400.5006257822278,15,22,12.0,31.053041095890414,22.0,1
2022-03-23,39.99,7.99,32.0,400.5006257822278,16,23,12.0,31.053041095890414,22.0,1
2022-03-24,39.99,7.99,32.0,400.5006257822278,17,24,11.0,31.140712328767126,21.0,1
2022-03-25,39.99,7.99,32.0,400.5006257822278,18,25,11.0,31.228383561643838,21.0,1
2022-03-26,39.99,7.99,32.0,400.5006257822278,19,26,11.0,31.31605479452055,21.0,1
2022-03-27,39.99,7.99,32.0,400.5006257822278,20,27,11.0,31.403726027397262,21.0,1
2022-03-28,39.99,7.99,32.0,400.5006257822278,21,28,11.0,31.491397260273974,21.0,1
2022-03-29,39.99,7.99,32.0,400.5006257822278,22,29,11.0,31.579068493150686,21.0,1
2022-03-30,39.99,7.99,32.0,400.5006257822278,23,30,11.0,31.666739726027398,21.0,1
2022-03-31,39.99,7.99,32.0,400.5006257822278,24,31,11.0,31.75441095890411,21.0,1
2022-04-01,39.99,7.99,32.0,400.5006257822278,25,32,11.0,31.842082191780822,21.0,1
2022-04-02,39.99,7.99,32.0,400.5006257822278,26,33,11.0,31.929753424657537,21.0,1
2022-04-03,39.99,7.99,32.0,400.5006257822278,27,34,11.0,32.01742465753425,21.0,1
2022-04-04,39.99,7.99,32.0,400.5006257822278,28,35,11.0,32.10509589041096,21.0,1
2022-04-05,39.99,7.99,32.0,400.5006257822278,29,36,11.0,32.19276712328767,21.0,1
2022-04-06,39.99,7.99,32.0,400.5006257822278,30,37,11.0,32.28043835616438,21.0,1
2022-04-07,39.99,7.99,32.0,400.5006257822278,31,38,11.0,32.28043835616438,20.0,1
2022-04-08,39.99,7.99,32.0,400.5006257822278,32,39,11.0,32.28043835616438,20.0,1
2022-04-09,39.99,7.99,32.0,400.5006257822278,33,40,11.0,32.28043835616438,20.0,1
2022-04-10,39.99,7.99,32.0,400.5006257822278,34,41,11.0,32.28043835616438,20.0,1
2022-04-11,39.99,7.99,32.0,400.5006257822278,35,42,11.0,32.28043835616438,20.0,1
2022-04-12,39.99,7.99,32.0,400.5006257822278,36,43,11.0,32.28043835616438,20.0,1
2022-04-13,39.99,7.99,32.0,400.5006257822278,37,44,11.0,32.28043835616438,20.0,1
2022-04-14,39.99,7.99,32.0,400.5006257822278,38,45,11.0,32.28043835616438,20.0,1
2022-04-15,39.99,7.99,32.0,400.5006257822278,39,46,11.0,32.28043835616438,20.0,1
2022-04-16,39.99,7.99,32.0,400.5006257822278,40,47,11.0,32.28043835616438,20.0,1
2022-04-17,39.99,7.99,32.0,400.5006257822278,41,48,11.0,32.28043835616438,20.0,1
2022-04-18,39.99,7.99,32.0,400.5006257822278,42,49,11.0,32.28043835616438,20.0,1
2022-04-19,7.99,7.99,0.0,0.0,0,0,11.0,32.28043835616438,20.0,0
2022-04-20,7.99,7.99,0.0,0.0,1,1,12.0,32.19276712328767,21.0,0
2022-04-21,7.99,7.99,0.0,0.0,2,2,12.0,32.10509589041096,21.0,0
2022-04-22,7.99,7.99,0.0,0.0,3,3,12.0,32.01742465753425,21.0,0
2022-04-23,7.99,7.99,0.0,0.0,4,4,12.0,31.929753424657537,21.0,0
2022-04-24,7.99,7.99,0.0,0.0,5,5,12.0,31.842082191780822,21.0,0
2022-04-25,7.99,7.99,0.0,0.0,6,6,12.0,31.75441095890411,21.0,0
2022-04-26,7.99,7.99,0.0,0.0,7,7,12.0,31.666739726027398,21.0,0
2022-04-27,7.99,7.99,0.0,0.0,8,8,12.0,31.579068493150686,21.0,0
2022-04-28,7.99,7.99,0.0,0.0,9,9,12.0,31.491397260273974,21.0,0
2022-04-29,7.99,7.99,0.0,0.0,10,10,12.0,31.403726027397262,21.0,0
2022-04-30,7.99,7.99,0.0,0.0,11,11,12.0,31.316054794520543,21.0,0
2022-05-01,7.99,7.99,0.0,0.0,12,12,12.0,31.228383561643838,21.0,0
2022-05-02,7.99,7.99,0.0,0.0,13,13,12.0,31.140712328767126,21.0,0
2022-05-03,39.99,7.99,32.0,400.5006257822278,0,14,12.0,31.053041095890414,21.0,0
2022-05-04,39.99,7.99,32.0,400.5006257822278,1,15,12.0,31.053041095890414,22.0,0
2022-05-05,39.99,7.99,32.0,400.5006257822278,2,16,12.0,31.053041095890414,22.0,0
2022-05-06,39.99,7.99,32.0,400.5006257822278,3,17,12.0,31.053041095890414,22.0,0
2022-05-07,39.99,7.99,32.0,400.5006257822278,4,18,12.0,31.053041095890414,22.0,0
2022-05-08,39.99,7.99,32.0,400.5006257822278,5,19,12.0,31.053041095890414,22.0,0
2022-05-09,39.99,7.99,32.0,400.5006257822278,6,20,12.0,31.053041095890414,22.0,0
2022-05-10,39.99,7.99,32.0,400.5006257822278,7,21,12.0,31.053041095890414,22.0,0
2022-05-11,39.99,7.99,32.0,400.5006257822278,8,22,12.0,31.053041095890414,22.0,0
2022-05-12,39.99,7.99,32.0,400.5006257822278,9,23,12.0,31.053041095890414,22.0,1
2022-05-13,39.99,7.99,32.0,400.5006257822278,10,24,12.0,31.053041095890414,22.0,1
2022-05-14,39.99,7.99,32.0,400.5006257822278,11,25,12.0,31.053041095890414,22.0,1
2022-05-15,39.99,7.99,32.0,400.5006257822278,12,26,12.0,31.053041095890414,22.0,1
2022-05-16,39.99,7.99,32.0,400.5006257822278,13,27,12.0,31.053041095890414,22.0,1
2022-05-17,39.99,7.99,32.0,400.5006257822278,14,28,12.0,31.053041095890414,22.0,1
2022-05-18,39.99,7.99,32.0,400.5006257822278,15,29,12.0,31.053041095890414,22.0,1
2022-05-19,39.99,7.99,32.0,400.5006257822278,16,30,12.0,31.053041095890414,22.0,1
2022-05-20,39.99,7.99,32.0,400.5006257822278,17,31,11.0,31.140712328767126,21.0,1
2022-05-21,39.99,7.99,32.0,400.5006257822278,18,32,11.0,31.228383561643838,21.0,1
2022-05-22,39.99,7.99,32.0,400.5006257822278,19,33,11.0,31.31605479452055,21.0,1
2022-05-23,39.99,7.99,32.0,400.5006257822278,20,34,11.0,31.403726027397262,21.0,1
2022-05-24,39.99,7.99,32.0,400.5006257822278,21,35,11.0,31.491397260273974,21.0,1
2022-05-25,39.99,7.99,32.0,400.5006257822278,22,36,11.0,31.579068493150686,21.0,1
2022-05-26,39.99,7.99,32.0,400.5006257822278,23,37,11.0,31.666739726027398,21.0,1
2022-05-27,39.99,7.99,32.0,400.5006257822278,24,38,11.0,31.75441095890411,21.0,1
2022-05-28,39.99,7.99,32.0,400.5006257822278,25,39,11.0,31.842082191780822,21.0,1
2022-05-29,39.99,7.99,32.0,400.5006257822278,26,40,11.0,31.929753424657537,21.0,1
2022-05-30,39.99,7.99,32.0,400.5006257822278,27,41,11.0,32.01742465753425,21.0,1
2022-05-31,39.99,7.99,32.0,400.5006257822278,28,42,11.0,32.10509589041096,21.0,1
2022-06-01,39.99,7.99,32.0,400.5006257822278,29,43,11.0,32.19276712328767,21.0,1
2022-06-02,39.99,7.99,32.0,400.5006257822278,30,44,11.0,32.19276712328767,20.0,1
2022-06-03,39.99,7.99,32.0,400.5006257822278,31,45,11.0,32.19276712328767,20.0,1
2022-06-04,39.99,7.99,32.0,400.5006257822278,32,46,11.0,32.19276712328767,20.0,1
2022-06-05,39.99,7.99,32.0,400.5006257822278,33,47,11.0,32.19276712328767,20.0,1
2022-06-06,39.99,7.99,32.0,400.5006257822278,34,48,11.0,32.19276712328767,20.0,1
2022-06-07,39.99,7.99,32.0,400.5006257822278,35,49,11.0,32.19276712328767,20.0,1
2022-06-08,39.99,7.99,32.0,400.5006257822278,36,50,11.0,32.19276712328767,20.0,1
2022-06-09,39.99,7.99,32.0,400.5006257822278,37,51,11.0,32.19276712328767,20.0,1
2022-06-10,39.99,7.99,32.0,400.5006257822278,38,52,11.0,32.19276712328767,20.0,1
2022-06-11,7.99,7.99,0.0,0.0,0,0,11.0,32.19276712328767,20.0,0
2022-06-12,7.99,7.99,0.0,0.0,1,1,12.0,32.10509589041096,21.0,0
2022-06-13,7.99,7.99,0.0,0.0,2,2,12.0,32.01742465753425,21.0,0
2022-06-14,39.99,7.99,32.0,400.5006257822278,0,3,12.0,31.929753424657537,21.0,1
2022-06-15,39.99,7.99,32.0,400.5006257822278,1,4,12.0,31.929753424657537,22.0,1
2022-06-16,39.99,7.99,32.0,400.5006257822278,2,5,12.0,31.929753424657537,22.0,1
2022-06-17,39.99,7.99,32.0,400.5006257822278,3,6,12.0,31.929753424657537,22.0,1
2022-06-18,39.99,7.99,32.0,400.5006257822278,4,7,12.0,31.929753424657537,22.0,1
2022-06-19,39.99,7.99,32.0,400.5006257822278,5,8,12.0,31.929753424657537,22.0,1
2022-06-20,39.99,7.99,32.0,400.5006257822278,6,9,12.0,31.929753424657537,22.0,1
2022-06-21,39.99,7.99,32.0,400.5006257822278,7,10,12.0,31.929753424657537,22.0,1
2022-06-22,39.99,7.99,32.0,400.5006257822278,8,11,12.0,31.929753424657537,22.0,1
2022-06-23,39.99,7.99,32.0,400.5006257822278,9,12,12.0,31.929753424657537,22.0,1
2022-06-24,7.99,7.99,0.0,0.0,0,0,12.0,31.929753424657537,22.0,0
2022-06-25,7.99,7.99,0.0,0.0,1,1,13.0,31.842082191780822,23.0,0
2022-06-26,7.99,7.99,0.0,0.0,2,2,12.0,31.842082191780822,22.0,0
2022-06-27,7.99,7.99,0.0,0.0,3,3,12.0,31.842082191780822,22.0,0
2022-06-28,7.99,7.99,0.0,0.0,4,4,12.0,31.842082191780822,22.0,0
2022-06-29,7.99,7.99,0.0,0.0,5,5,12.0,31.842082191780822,22.0,0
2022-06-30,7.99,7.99,0.0,0.0,6,6,12.0,31.842082191780822,22.0,0
2022-07-01,7.99,7.99,0.0,0.0,7,7,12.0,31.842082191780822,22.0,0
2022-07-02,7.99,7.99,0.0,0.0,8,8,12.0,31.842082191780822,22.0,0
2022-07-03,7.99,7.99,0.0,0.0,9,9,12.0,31.842082191780822,22.0,0
2022-07-04,7.99,7.99,0.0,0.0,10,10,12.0,31.842082191780822,22.0,0
2022-07-05,7.99,7.99,0.0,0.0,11,11,12.0,31.842082191780822,22.0,0
2022-07-06,7.99,7.99,0.0,0.0,12,12,12.0,31.842082191780822,22.0,0
2022-07-07,7.99,7.99,0.0,0.0,13,13,12.0,31.842082191780822,22.0,0
2022-07-08,39.99,7.99,32.0,400.5006257822278,0,14,12.0,31.842082191780822,22.0,0
2022-07-09,39.99,7.99,32.0,400.5006257822278,1,15,12.0,31.929753424657537,23.0,0
2022-07-10,39.99,7.99,32.0,400.5006257822278,2,16,12.0,32.01742465753425,23.0,1
2022-07-11,39.99,7.99,32.0,400.5006257822278,3,17,12.0,32.10509589041096,23.0,1
2022-07-12,39.99,7.99,32.0,400.5006257822278,4,18,12.0,32.10509589041096,22.0,1
2022-07-13,39.99,7.99,32.0,400.5006257822278,5,19,12.0,32.10509589041096,22.0,1
2022-07-14,39.99,7.99,32.0,400.5006257822278,6,20,12.0,32.10509589041096,22.0,1
2022-07-15,39.99,7.99,32.0,400.5006257822278,7,21,12.0,32.10509589041096,22.0,1
2022-07-16,39.99,7.99,32.0,400.5006257822278,8,22,12.0,32.10509589041096,22.0,1
2022-07-17,39.99,7.99,32.0,400.5006257822278,9,23,12.0,32.10509589041096,22.0,1
2022-07-18,39.99,7.99,32.0,400.5006257822278,10,24,12.0,32.10509589041096,22.0,1
2022-07-19,39.99,7.99,32.0,400.5006257822278,11,25,12.0,32.10509589041096,22.0,1
2022-07-20,39.99,7.99,32.0,400.5006257822278,12,26,12.0,32.10509589041096,22.0,1
2022-07-21,39.99,7.99,32.0,400.5006257822278,13,27,12.0,32.10509589041096,22.0,1
2022-07-22,39.99,7.99,32.0,400.5006257822278,14,28,12.0,32.10509589041096,22.0,1
2022-07-23,39.99,7.99,32.0,400.5006257822278,15,29,12.0,32.10509589041096,22.0,1
2022-07-24,39.99,7.99,32.0,400.5006257822278,16,30,12.0,32.10509589041096,22.0,1
2022-07-25,39.99,7.99,32.0,400.5006257822278,17,31,12.0,32.10509589041096,22.0,1
2022-07-26,39.99,7.99,32.0,400.5006257822278,18,32,12.0,32.10509589041096,22.0,1
2022-07-27,39.99,7.99,32.0,400.5006257822278,19,33,12.0,32.10509589041096,22.0,1
2022-07-28,39.99,7.99,32.0,400.5006257822278,20,34,12.0,32.10509589041096,22.0,1
2022-07-29,39.99,7.99,32.0,400.5006257822278,21,35,12.0,32.10509589041096,22.0,1
2022-07-30,39.99,7.99,32.0,400.5006257822278,22,36,12.0,32.10509589041096,22.0,1
2022-07-31,39.99,7.99,32.0,400.5006257822278,23,37,12.0,32.10509589041096,22.0,1
2022-08-01,39.99,7.99,32.0,400.5006257822278,24,38,12.0,32.10509589041096,22.0,1
2022-08-02,39.99,7.99,32.0,400.5006257822278,25,39,12.0,32.10509589041096,22.0,1
2022-08-03,39.99,7.99,32.0,400.5006257822278,26,40,12.0,32.10509589041096,22.0,1
2022-08-04,39.99,7.99,32.0,400.5006257822278,27,41,12.0,32.10509589041096,22.0,1
2022-08-05,39.99,7.99,32.0,400.5006257822278,28,42,12.0,32.10509589041096,22.0,1
2022-08-06,39.99,7.99,32.0,400.5006257822278,29,43,12.0,32.10509589041096,22.0,1
2022-08-07,39.99,7.99,32.0,400.5006257822278,30,44,12.0,32.10509589041096,22.0,1
2022-08-08,39.99,7.99,32.0,400.5006257822278,31,45,12.0,32.10509589041096,22.0,1
2022-08-09,7.99,7.99,0.0,0.0,0,0,12.0,32.10509589041096,22.0,0
2022-08-10,7.99,7.99,0.0,0.0,1,1,13.0,32.01742465753425,23.0,0
2022-08-11,7.99,7.99,0.0,0.0,2,2,13.0,31.929753424657537,23.0,0
2022-08-12,7.99,7.99,0.0,0.0,3,3,13.0,31.842082191780822,23.0,0
2022-08-13,39.99,7.99,32.0,400.5006257822278,0,4,13.0,31.75441095890411,23.0,0
2022-08-14,39.99,7.99,32.0,400.5006257822278,1,5,13.0,31.75441095890411,24.0,1
2022-08-15,39.99,7.99,32.0,400.5006257822278,2,6,13.0,31.75441095890411,24.0,1
2022-08-16,39.99,7.99,32.0,400.5006257822278,3,7,13.0,31.75441095890411,24.0,1
2022-08-17,39.99,7.99,32.0,400.5006257822278,4,8,13.0,31.75441095890411,24.0,1
2022-08-18,39.99,7.99,32.0,400.5006257822278,5,9,13.0,31.75441095890411,24.0,1
2022-08-19,39.99,7.99,32.0,400.5006257822278,6,10,13.0,31.75441095890411,24.0,1
2022-08-20,39.99,7.99,32.0,400.5006257822278,7,11,13.0,31.75441095890411,24.0,1
2022-08-21,39.99,7.99,32.0,400.5006257822278,8,12,13.0,31.75441095890411,24.0,1
2022-08-22,39.99,7.99,32.0,400.5006257822278,9,13,13.0,31.75441095890411,24.0,1
2022-08-23,39.99,7.99,32.0,400.5006257822278,10,14,13.0,31.75441095890411,24.0,1
2022-08-24,39.99,7.99,32.0,400.5006257822278,11,15,13.0,31.75441095890411,24.0,1
2022-08-25,39.99,7.99,32.0,400.5006257822278,12,16,12.0,31.842082191780822,23.0,1
2022-08-26,39.99,7.99,32.0,400.5006257822278,13,17,12.0,31.929753424657537,23.0,1
2022-08-27,39.99,7.99,32.0,400.5006257822278,14,18,12.0,32.01742465753425,23.0,1
2022-08-28,39.99,7.99,32.0,400.5006257822278,15,19,12.0,32.10509589041096,23.0,1
2022-08-29,39.99,7.99,32.0,400.5006257822278,16,20,12.0,32.19276712328767,23.0,1
2022-08-30,39.99,7.99,32.0,400.5006257822278,17,21,12.0,32.28043835616438,23.0,1
2022-08-31,39.99,7.99,32.0,400.5006257822278,18,22,12.0,32.3681095890411,23.0,1
2022-09-01,39.99,7.99,32.0,400.5006257822278,19,23,12.0,32.45578082191781,23.0,1
2022-09-02,39.99,7.99,32.0,400.5006257822278,20,24,12.0,32.54345205479452,23.0,1
2022-09-03,39.99,7.99,32.0,400.5006257822278,21,25,12.0,32.63112328767124,23.0,1
2022-09-04,39.99,7.99,32.0,400.5006257822278,22,26,12.0,32.718794520547945,23.0,1
2022-09-05,39.99,7.99,32.0,400.5006257822278,23,27,12.0,32.80646575342466,23.0,1
2022-09-06,39.99,7.99,32.0,400.5006257822278,24,28,12.0,32.89413698630137,23.0,1
2022-09-07,39.99,7.99,32.0,400.5006257822278,25,29,12.0,32.981808219178085,23.0,1
2022-09-08,39.99,7.99,32.0,400.5006257822278,26,30,12.0,32.981808219178085,22.0,1
2022-09-09,39.99,7.99,32.0,400.5006257822278,27,31,12.0,32.981808219178085,22.0,1
2022-09-10,39.99,7.99,32.0,400.5006257822278,28,32,12.0,32.981808219178085,22.0,1
2022-09-11,39.99,7.99,32.0,400.5006257822278,29,33,12.0,32.981808219178085,22.0,1
2022-09-12,39.99,7.99,32.0,400.5006257822278,30,34,12.0,32.981808219178085,22.0,1
2022-09-13,7.99,7.99,0.0,0.0,0,0,12.0,32.981808219178085,22.0,0
2022-09-14,7.99,7.99,0.0,0.0,1,1,13.0,32.89413698630137,23.0,0
2022-09-15,7.99,7.99,0.0,0.0,2,2,13.0,32.80646575342466,23.0,0
2022-09-16,7.99,7.99,0.0,0.0,3,3,13.0,32.718794520547945,23.0,0
2022-09-17,7.99,7.99,0.0,0.0,4,4,13.0,32.63112328767124,23.0,0
2022-09-18,7.99,7.99,0.0,0.0,5,5,13.0,32.54345205479452,23.0,0
2022-09-19,7.99,7.99,0.0,0.0,6,6,13.0,32.45578082191781,23.0,0
2022-09-20,7.99,7.99,0.0,0.0,7,7,13.0,32.3681095890411,23.0,0
2022-09-21,39.99,7.99,32.0,400.5006257822278,0,8,13.0,32.28043835616438,23.0,0
2022-09-22,39.99,7.99,32.0,400.5006257822278,1,9,13.0,32.28043835616438,24.0,0
2022-09-23,39.99,7.99,32.0,400.5006257822278,2,10,13.0,32.28043835616438,24.0,0
2022-09-24,39.99,7.99,32.0,400.5006257822278,3,11,13.0,32.28043835616438,24.0,0
2022-09-25,39.99,7.99,32.0,400.5006257822278,4,12,13.0,32.28043835616438,24.0,0
2022-09-26,39.99,7.99,32.0,400.5006257822278,5,13,13.0,32.28043835616438,24.0,1
2022-09-27,39.99,7.99,32.0,400.5006257822278,6,14,13.0,32.28043835616438,24.0,1
2022-09-28,39.99,7.99,32.0,400.5006257822278,7,15,13.0,32.28043835616438,24.0,1
2022-09-29,39.99,7.99,32.0,400.5006257822278,8,16,13.0,32.28043835616438,24.0,1
2022-09-30,39.99,7.99,32.0,400.5006257822278,9,17,13.0,32.28043835616438,24.0,1
2022-10-01,39.99,7.99,32.0,400.5006257822278,10,18,13.0,32.28043835616438,24.0,1
2022-10-02,39.99,7.99,32.0,400.5006257822278,11,19,13.0,32.28043835616438,24.0,1
2022-10-03,39.99,7.99,32.0,400.5006257822278,12,20,13.0,32.28043835616438,24.0,1
2022-10-04,39.99,7.99,32.0,400.5006257822278,13,21,13.0,32.28043835616438,24.0,1
2022-10-05,39.99,7.99,32.0,400.5006257822278,14,22,13.0,32.28043835616438,24.0,1
2022-10-06,39.99,7.99,32.0,400.5006257822278,15,23,13.0,32.28043835616438,24.0,1
2022-10-07,39.99,7.99,32.0,400.5006257822278,16,24,13.0,32.28043835616438,24.0,1
2022-10-08,39.99,7.99,32.0,400.5006257822278,17,25,13.0,32.28043835616438,24.0,1
2022-10-09,39.99,7.99,32.0,400.5006257822278,18,26,13.0,32.28043835616438,24.0,1
2022-10-10,39.99,7.99,32.0,400.5006257822278,19,27,13.0,32.28043835616438,24.0,1
2022-10-11,39.99,7.99,32.0,400.5006257822278,20,28,13.0,32.28043835616438,24.0,1
2022-10-12,39.99,7.99,32.0,400.5006257822278,21,29,13.0,32.28043835616438,24.0,1
2022-10-13,39.99,7.99,32.0,400.5006257822278,22,30,13.0,32.28043835616438,24.0,1
2022-10-14,39.99,7.99,32.0,400.5006257822278,23,31,13.0,32.28043835616438,24.0,1
2022-10-15,39.99,7.99,32.0,400.5006257822278,24,32,13.0,32.28043835616438,24.0,1
2022-10-16,39.99,7.99,32.0,400.5006257822278,25,33,13.0,32.28043835616438,24.0,1
2022-10-17,39.99,7.99,32.0,400.5006257822278,26,34,13.0,32.28043835616438,24.0,1
2022-10-18,39.99,7.99,32.0,400.5006257822278,27,35,13.0,32.28043835616438,24.0,1
2022-10-19,39.99,7.99,32.0,400.5006257822278,28,36,13.0,32.28043835616438,24.0,1
2022-10-20,39.99,7.99,32.0,400.5006257822278,29,37,13.0,32.28043835616438,24.0,1
2022-10-21,39.99,7.99,32.0,400.5006257822278,30,38,13.0,32.28043835616438,24.0,1
2022-10-22,39.99,7.99,32.0,400.5006257822278,31,39,13.0,32.28043835616438,24.0,1
2022-10-23,39.99,7.99,32.0,400.5006257822278,32,40,13.0,32.28043835616438,24.0,1
2022-10-24,39.99,7.99,32.0,400.5006257822278,33,41,13.0,32.28043835616438,24.0,1
2022-10-25,39.99,7.99,32.0,400.5006257822278,34,42,13.0,32.28043835616438,24.0,1
2022-10-26,7.99,7.99,0.0,0.0,0,0,13.0,32.28043835616438,24.0,0
2022-10-27,7.99,7.99,0.0,0.0,1,1,14.0,32.19276712328767,25.0,0
2022-10-28,7.99,7.99,0.0,0.0,2,2,14.0,32.10509589041096,25.0,0
2022-10-29,7.99,7.99,0.0,0.0,3,3,14.0,32.01742465753424,25.0,0
2022-10-30,7.99,7.99,0.0,0.0,4,4,13.0,32.01742465753425,24.0,0
2022-10-31,7.99,7.99,0.0,0.0,5,5,13.0,32.01742465753425,24.0,0
2022-11-01,7.99,7.99,0.0,0.0,6,6,13.0,32.01742465753425,24.0,0
2022-11-02,39.99,7.99,32.0,400.5006257822278,0,7,13.0,32.01742465753425,24.0,1
2022-11-03,39.99,7.99,32.0,400.5006257822278,1,8,13.0,32.01742465753425,24.0,1
2022-11-04,39.99,7.99,32.0,400.5006257822278,2,9,13.0,32.01742465753425,24.0,1
2022-11-05,39.99,7.99,32.0,400.5006257822278,3,10,13.0,32.01742465753425,24.0,1
2022-11-06,39.99,7.99,32.0,400.5006257822278,4,11,13.0,32.01742465753425,24.0,1
2022-11-07,39.99,7.99,32.0,400.5006257822278,5,12,13.0,32.01742465753425,24.0,1
2022-11-08,39.99,7.99,32.0,400.5006257822278,6,13,13.0,32.01742465753425,24.0,1
2022-11-09,39.99,7.99,32.0,400.5006257822278,7,14,13.0,32.01742465753425,24.0,1
2022-11-10,39.99,7.99,32.0,400.5006257822278,8,15,13.0,32.01742465753425,24.0,1
2022-11-11,39.99,7.99,32.0,400.5006257822278,9,16,13.0,32.01742465753425,24.0,1
2022-11-12,39.99,7.99,32.0,400.5006257822278,10,17,13.0,32.01742465753425,24.0,1
2022-11-13,39.99,7.99,32.0,400.5006257822278,11,18,13.0,32.01742465753425,24.0,1
2022-11-14,39.99,7.99,32.0,400.5006257822278,12,19,13.0,32.01742465753425,24.0,1
2022-11-15,39.99,7.99,32.0,400.5006257822278,13,20,13.0,32.01742465753425,24.0,1
2022-11-16,39.99,7.99,32.0,400.5006257822278,14,21,13.0,32.01742465753425,24.0,1
2022-11-17,39.99,7.99,32.0,400.5006257822278,15,22,13.0,32.01742465753425,24.0,1
2022-11-18,39.99,7.99,32.0,400.5006257822278,16,23,13.0,32.01742465753425,24.0,1
2022-11-19,39.99,7.99,32.0,400.5006257822278,17,24,13.0,32.01742465753425,24.0,1
2022-11-20,39.99,7.99,32.0,400.5006257822278,18,25,13.0,32.01742465753425,24.0,1
2022-11-21,39.99,7.99,32.0,400.5006257822278,19,26,13.0,32.01742465753425,24.0,1
2022-11-22,39.99,7.99,32.0,400.5006257822278,20,27,13.0,32.01742465753425,24.0,1
2022-11-23,7.99,7.99,0.0,0.0,0,0,13.0,32.01742465753425,24.0,0
2022-11-24,7.99,7.99,0.0,0.0,1,1,14.0,31.929753424657537,25.0,0
2022-11-25,7.99,7.99,0.0,0.0,2,2,14.0,31.842082191780822,25.0,0
2022-11-26,7.99,7.99,0.0,0.0,3,3,13.0,31.842082191780822,24.0,0
2022-11-27,7.99,7.99,0.0,0.0,4,4,13.0,31.842082191780822,24.0,0
2022-11-28,7.99,7.99,0.0,0.0,5,5,13.0,31.842082191780822,24.0,0
2022-11-29,7.99,7.99,0.0,0.0,6,6,13.0,31.842082191780822,24.0,0
2022-11-30,39.99,7.99,32.0,400.5006257822278,0,7,13.0,31.842082191780822,24.0,1
2022-12-01,39.99,7.99,32.0,400.5006257822278,1,8,13.0,31.929753424657537,25.0,1
2022-12-02,39.99,7.99,32.0,400.5006257822278,2,9,13.0,32.01742465753425,25.0,1
2022-12-03,39.99,7.99,32.0,400.5006257822278,3,10,13.0,32.01742465753425,24.0,1
2022-12-04,39.99,7.99,32.0,400.5006257822278,4,11,13.0,32.01742465753425,24.0,1
2022-12-05,39.99,7.99,32.0,400.5006257822278,5,12,13.0,32.01742465753425,24.0,1
2022-12-06,7.99,7.99,0.0,0.0,0,0,13.0,32.01742465753425,24.0,0
2022-12-07,7.99,7.99,0.0,0.0,1,1,14.0,31.929753424657537,25.0,0
2022-12-08,7.99,7.99,0.0,0.0,2,2,14.0,31.842082191780822,25.0,0
2022-12-09,7.99,7.99,0.0,0.0,3,3,14.0,31.75441095890411,25.0,0
2022-12-10,7.99,7.99,0.0,0.0,4,4,13.0,31.748931506849317,24.0,0
2022-12-11,7.99,7.99,0.0,0.0,5,5,12.0,31.748931506849317,23.0,0
2022-12-12,7.99,7.99,0.0,0.0,6,6,12.0,31.748931506849317,23.0,0
2022-12-13,39.99,7.99,32.0,400.5006257822278,0,7,12.0,31.748931506849317,23.0,1
2022-12-14,39.99,7.99,32.0,400.5006257822278,1,8,12.0,31.83660273972603,24.0,1
2022-12-15,39.99,7.99,32.0,400.5006257822278,2,9,12.0,31.83660273972603,23.0,1
2022-12-16,39.99,7.99,32.0,400.5006257822278,3,10,12.0,31.83660273972603,23.0,1
2022-12-17,39.99,7.99,32.0,400.5006257822278,4,11,12.0,31.83660273972603,23.0,1
2022-12-18,39.99,7.99,32.0,400.5006257822278,5,12,12.0,31.83660273972603,23.0,1
2022-12-19,39.99,7.99,32.0,400.5006257822278,6,13,12.0,31.83660273972603,23.0,1
2022-12-20,39.99,7.99,32.0,400.5006257822278,7,14,12.0,31.83660273972603,23.0,1
2022-12-21,39.99,7.99,32.0,400.5006257822278,8,15,12.0,31.83660273972603,23.0,1
2022-12-22,39.99,7.99,32.0,400.5006257822278,9,16,12.0,31.83660273972603,23.0,1
2022-12-23,7.99,7.99,0.0,0.0,0,0,11.0,31.924246575342465,22.0,0
2022-12-24,7.99,7.99,0.0,0.0,1,1,11.0,31.924246575342465,22.0,0
2022-12-25,7.99,7.99,0.0,0.0,2,2,11.0,31.924246575342465,22.0,0
2022-12-26,7.99,7.99,0.0,0.0,3,3,11.0,31.924246575342465,22.0,0
2022-12-27,7.99,7.99,0.0,0.0,4,4,11.0,31.924246575342465,22.0,0
2022-12-28,7.99,7.99,0.0,0.0,5,5,11.0,31.924246575342465,22.0,0
2022-12-29,7.99,7.99,0.0,0.0,6,6,11.0,31.924246575342465,22.0,0
2022-12-30,7.99,7.99,0.0,0.0,7,7,11.0,31.924246575342465,22.0,0
2022-12-31,7.99,7.99,0.0,0.0,8,8,11.0,31.924246575342465,22.0,0
2023-01-01,7.99,7.99,0.0,0.0,9,9,11.0,31.924246575342465,22.0,0
2023-01-02,7.99,7.99,0.0,0.0,10,10,11.0,31.924246575342465,22.0,0
2023-01-03,7.99,7.99,0.0,0.0,11,11,11.0,31.924246575342465,22.0,0
2023-01-04,7.99,7.99,0.0,0.0,12,12,11.0,31.924246575342472,22.0,0
2023-01-05,7.99,7.99,0.0,0.0,13,13,11.0,31.924246575342465,22.0,0
2023-01-06,39.99,7.99,32.0,400.5006257822278,0,14,11.0,31.924246575342465,22.0,1
2023-01-07,39.99,7.99,32.0,400.5006257822278,1,15,11.0,31.924246575342465,22.0,1
2023-01-08,39.99,7.99,32.0,400.5006257822278,2,16,11.0,31.924246575342465,22.0,1
2023-01-09,39.99,7.99,32.0,400.5006257822278,3,17,11.0,31.924246575342465,22.0,1
2023-01-10,39.99,7.99,32.0,400.5006257822278,4,18,11.0,31.924246575342465,22.0,1
2023-01-11,39.99,7.99,32.0,400.5006257822278,5,19,11.0,31.924246575342465,22.0,1
2023-01-12,39.99,7.99,32.0,400.5006257822278,6,20,11.0,31.924246575342472,22.0,1
2023-01-13,39.99,7.99,32.0,400.5006257822278,7,21,11.0,31.924246575342465,22.0,1
2023-01-14,39.99,7.99,32.0,400.5006257822278,8,22,11.0,31.924246575342465,22.0,1
2023-01-15,39.99,7.99,32.0,400.5006257822278,9,23,11.0,31.924246575342465,22.0,1
2023-01-16,39.99,7.99,32.0,400.5006257822278,10,24,11.0,31.924246575342465,22.0,1
2023-01-17,39.99,7.99,32.0,400.5006257822278,11,25,11.0,31.924246575342465,22.0,1
2023-01-18,39.99,7.99,32.0,400.5006257822278,12,26,11.0,31.924246575342465,22.0,1
2023-01-19,39.99,7.99,32.0,400.5006257822278,13,27,11.0,31.924246575342465,22.0,1
2023-01-20,7.99,7.99,0.0,0.0,0,0,11.0,31.924246575342472,22.0,0
2023-01-21,7.99,7.99,0.0,0.0,1,1,12.0,31.836575342465753,23.0,0
2023-01-22,7.99,7.99,0.0,0.0,2,2,12.0,31.74890410958904,23.0,0
2023-01-23,7.99,7.99,0.0,0.0,3,3,12.0,31.66123287671233,23.0,0
2023-01-24,7.99,7.99,0.0,0.0,4,4,12.0,31.573561643835617,23.0,0
2023-01-25,7.99,7.99,0.0,0.0,5,5,12.0,31.485890410958906,23.0,0
2023-01-26,7.99,7.99,0.0,0.0,6,6,12.0,31.398219178082194,23.0,0
2023-01-27,39.99,7.99,32.0,400.5006257822278,0,7,12.0,31.31054794520548,23.0,0
2023-01-28,39.99,7.99,32.0,400.5006257822278,1,8,12.0,31.31054794520548,24.0,0
2023-01-29,39.99,7.99,32.0,400.5006257822278,2,9,11.0,31.398219178082197,23.0,0
2023-01-30,39.99,7.99,32.0,400.5006257822278,3,10,11.0,31.485890410958906,23.0,0
2023-01-31,39.99,7.99,32.0,400.5006257822278,4,11,11.0,31.573561643835617,23.0,0
2023-02-01,39.99,7.99,32.0,400.5006257822278,5,12,11.0,31.66123287671233,23.0,0
2023-02-02,39.99,7.99,32.0,400.5006257822278,6,13,11.0,31.74890410958904,23.0,0
2023-02-03,39.99,7.99,32.0,400.5006257822278,7,14,11.0,31.836575342465753,23.0,0
2023-02-04,39.99,7.99,32.0,400.5006257822278,8,15,11.0,31.924246575342465,23.0,0
2023-02-05,39.99,7.99,32.0,400.5006257822278,9,16,11.0,31.924246575342465,22.0,0
2023-02-06,39.99,7.99,32.0,400.5006257822278,10,17,11.0,31.924246575342472,22.0,0
2023-02-07,39.99,7.99,32.0,400.5006257822278,11,18,11.0,31.924246575342465,22.0,0
2023-02-08,39.99,7.99,32.0,400.5006257822278,12,19,11.0,31.924246575342465,22.0,0
2023-02-09,39.99,7.99,32.0,400.5006257822278,13,20,11.0,31.924246575342465,22.0,0
2023-02-10,39.99,7.99,32.0,400.5006257822278,14,21,11.0,31.924246575342465,22.0,0
2023-02-11,39.99,7.99,32.0,400.5006257822278,15,22,11.0,31.924246575342465,22.0,0
2023-02-12,39.99,7.99,32.0,400.5006257822278,16,23,11.0,31.924246575342465,22.0,0
2023-02-13,39.99,7.99,32.0,400.5006257822278,17,24,11.0,31.924246575342465,22.0,0
2023-02-14,39.99,7.99,32.0,400.5006257822278,18,25,11.0,31.924246575342472,22.0,0
2023-02-15,39.99,7.99,32.0,400.5006257822278,19,26,11.0,31.924246575342465,22.0,1
2023-02-16,39.99,7.99,32.0,400.5006257822278,20,27,11.0,31.924246575342465,22.0,1
2023-02-17,39.99,7.99,32.0,400.5006257822278,21,28,11.0,31.924246575342465,22.0,1
2023-02-18,39.99,7.99,32.0,400.5006257822278,22,29,11.0,31.924246575342465,22.0,1
2023-02-19,39.99,7.99,32.0,400.5006257822278,23,30,11.0,31.924246575342465,22.0,1
2023-02-20,39.99,7.99,32.0,400.5006257822278,24,31,11.0,31.924246575342465,22.0,1
2023-02-21,39.99,7.99,32.0,400.5006257822278,25,32,11.0,31.924246575342465,22.0,1
2023-02-22,39.99,7.99,32.0,400.5006257822278,26,33,11.0,31.924246575342472,22.0,1
2023-02-23,39.99,7.99,32.0,400.5006257822278,27,34,11.0,31.924246575342465,22.0,1
2023-02-24,39.99,7.99,32.0,400.5006257822278,28,35,11.0,31.924246575342465,22.0,1
2023-02-25,39.99,7.99,32.0,400.5006257822278,29,36,11.0,31.924246575342465,22.0,1
2023-02-26,39.99,7.99,32.0,400.5006257822278,30,37,11.0,31.924246575342465,22.0,1
2023-02-27,39.99,7.99,32.0,400.5006257822278,31,38,11.0,31.924246575342465,22.0,1
2023-02-28,39.99,7.99,32.0,400.5006257822278,32,39,11.0,31.924246575342465,22.0,1
2023-03-01,39.99,7.99,32.0,400.5006257822278,33,40,10.0,32.01191780821918,21.0,1
2023-03-02,39.99,7.99,32.0,400.5006257822278,34,41,10.0,32.09958904109589,21.0,1
2023-03-03,39.99,7.99,32.0,400.5006257822278,35,42,10.0,32.18726027397261,21.0,1
2023-03-04,39.99,7.99,32.0,400.5006257822278,36,43,10.0,32.27493150684931,21.0,1
2023-03-05,39.99,7.99,32.0,400.5006257822278,37,44,10.0,32.36260273972603,21.0,1
2023-03-06,39.99,7.99,32.0,400.5006257822278,38,45,10.0,32.450273972602744,21.0,1
2023-03-07,39.99,7.99,32.0,400.5006257822278,39,46,10.0,32.53794520547945,21.0,1
2023-03-08,39.99,7.99,32.0,400.5006257822278,40,47,10.0,32.53794520547945,20.0,1
2023-03-09,39.99,7.99,32.0,400.5006257822278,41,48,10.0,32.53794520547945,20.0,1
2023-03-10,39.99,7.99,32.0,400.5006257822278,42,49,10.0,32.53794520547945,20.0,1
2023-03-11,39.99,7.99,32.0,400.5006257822278,43,50,10.0,32.53794520547946,20.0,1
2023-03-12,39.99,7.99,32.0,400.5006257822278,44,51,10.0,32.53794520547945,20.0,1
2023-03-13,39.99,7.99,32.0,400.5006257822278,45,52,10.0,32.53794520547945,20.0,1
2023-03-14,39.99,7.99,32.0,400.5006257822278,46,53,10.0,32.53794520547945,20.0,1
2023-03-15,39.99,7.99,32.0,400.5006257822278,47,54,10.0,32.53794520547945,20.0,1
2023-03-16,39.99,7.99,32.0,400.5006257822278,48,55,10.0,32.53794520547945,20.0,1
2023-03-17,11.99,7.99,4.0,50.06257822277848,0,0,10.0,32.53794520547945,20.0,0
2023-03-18,11.99,7.99,4.0,50.06257822277848,1,1,11.0,32.46123287671233,21.0,0
2023-03-19,11.99,7.99,4.0,50.06257822277848,2,2,11.0,32.384520547945215,21.0,0
2023-03-20,11.99,7.99,4.0,50.06257822277848,3,3,11.0,32.307808219178085,21.0,0
2023-03-21,11.99,7.99,4.0,50.06257822277848,4,4,11.0,32.23109589041096,21.0,0
2023-03-22,11.99,7.99,4.0,50.06257822277848,5,5,11.0,32.15438356164384,21.0,0
2023-03-23,11.99,7.99,4.0,50.06257822277848,6,6,11.0,32.07767123287671,21.0,0
2023-03-24,39.99,7.99,32.0,400.5006257822278,0,7,11.0,32.00095890410959,21.0,1
2023-03-25,39.99,7.99,32.0,400.5006257822278,1,8,11.0,32.00095890410959,22.0,1
2023-03-26,39.99,7.99,32.0,400.5006257822278,2,9,11.0,32.00095890410959,22.0,1
2023-03-27,39.99,7.99,32.0,400.5006257822278,3,10,11.0,32.00095890410959,22.0,1
2023-03-28,39.99,7.99,32.0,400.5006257822278,4,11,11.0,32.000958904109595,22.0,1
2023-03-29,39.99,7.99,32.0,400.5006257822278,5,12,11.0,32.00095890410959,22.0,1
2023-03-30,39.99,7.99,32.0,400.5006257822278,6,13,11.0,32.00095890410959,22.0,1
2023-03-31,39.99,7.99,32.0,400.5006257822278,7,14,11.0,32.00095890410959,22.0,1
2023-04-01,39.99,7.99,32.0,400.5006257822278,8,15,11.0,32.00095890410959,22.0,1
2023-04-02,39.99,7.99,32.0,400.5006257822278,9,16,11.0,32.00095890410959,22.0,1
2023-04-03,39.99,7.99,32.0,400.5006257822278,10,17,11.0,32.00095890410959,22.0,1
2023-04-04,39.99,7.99,32.0,400.5006257822278,11,18,11.0,32.00095890410959,22.0,1
2023-04-05,39.99,7.99,32.0,400.5006257822278,12,19,11.0,32.000958904109595,22.0,1
2023-04-06,39.99,7.99,32.0,400.5006257822278,13,20,11.0,32.00095890410959,22.0,1
2023-04-07,39.99,7.99,32.0,400.5006257822278,14,21,11.0,32.00095890410959,22.0,1
2023-04-08,39.99,7.99,32.0,400.5006257822278,15,22,11.0,32.00095890410959,22.0,1
2023-04-09,39.99,7.99,32.0,400.5006257822278,16,23,11.0,32.00095890410959,22.0,1
2023-04-10,39.99,7.99,32.0,400.5006257822278,17,24,11.0,32.00095890410959,22.0,1
2023-04-11,39.99,7.99,32.0,400.5006257822278,18,25,11.0,32.00095890410959,22.0,1
2023-04-12,39.99,7.99,32.0,400.5006257822278,19,26,11.0,32.00095890410959,22.0,1
2023-04-13,11.99,7.99,4.0,50.06257822277848,0,0,11.0,32.000958904109595,22.0,0
2023-04-14,11.99,7.99,4.0,50.06257822277848,1,1,12.0,31.924246575342465,23.0,0
2023-04-15,11.99,7.99,4.0,50.06257822277848,2,2,12.0,31.847534246575343,23.0,0
2023-04-16,11.99,7.99,4.0,50.06257822277848,3,3,12.0,31.77082191780822,23.0,0
2023-04-17,11.99,7.99,4.0,50.06257822277848,4,4,12.0,31.694109589041098,23.0,0
2023-04-18,11.99,7.99,4.0,50.06257822277848,5,5,12.0,31.617397260273975,23.0,0
2023-04-19,11.99,7.99,4.0,50.06257822277848,6,6,12.0,31.54068493150685,23.0,0
2023-04-20,11.99,7.99,4.0,50.06257822277848,7,7,11.0,31.55164383561644,22.0,0
2023-04-21,11.99,7.99,4.0,50.06257822277848,8,8,11.0,31.562602739726035,22.0,0
2023-04-22,11.99,7.99,4.0,50.06257822277848,9,9,11.0,31.573561643835617,22.0,0
2023-04-23,11.99,7.99,4.0,50.06257822277848,10,10,11.0,31.584520547945207,22.0,0
2023-04-24,39.99,7.99,32.0,400.5006257822278,0,11,11.0,31.595479452054796,22.0,0
2023-04-25,39.99,7.99,32.0,400.5006257822278,1,12,11.0,31.68315068493151,23.0,0
2023-04-26,39.99,7.99,32.0,400.5006257822278,2,13,11.0,31.77082191780822,23.0,0
2023-04-27,39.99,7.99,32.0,400.5006257822278,3,14,11.0,31.858493150684932,23.0,0
2023-04-28,39.99,7.99,32.0,400.5006257822278,4,15,11.0,31.946164383561644,23.0,0
2023-04-29,39.99,7.99,32.0,400.5006257822278,5,16,11.0,32.03383561643836,23.0,0
2023-04-30,39.99,7.99,32.0,400.5006257822278,6,17,11.0,32.121506849315075,23.0,0
2023-05-01,39.99,7.99,32.0,400.5006257822278,7,18,11.0,32.209178082191784,23.0,0
2023-05-02,39.99,7.99,32.0,400.5006257822278,8,19,11.0,32.29684931506849,23.0,0
2023-05-03,39.99,7.99,32.0,400.5006257822278,9,20,11.0,32.38452054794521,23.0,0
2023-05-04,39.99,7.99,32.0,400.5006257822278,10,21,11.0,32.38452054794521,22.0,0
2023-05-05,39.99,7.99,32.0,400.5006257822278,11,22,11.0,32.38452054794521,22.0,0
2023-05-06,39.99,7.99,32.0,400.5006257822278,12,23,11.0,32.38452054794521,22.0,0
2023-05-07,39.99,7.99,32.0,400.5006257822278,13,24,11.0,32.38452054794521,22.0,0
2023-05-08,39.99,7.99,32.0,400.5006257822278,14,25,11.0,32.384520547945215,22.0,0
2023-05-09,39.99,7.99,32.0,400.5006257822278,15,26,11.0,32.38452054794521,22.0,0
2023-05-10,39.99,7.99,32.0,400.5006257822278,16,27,11.0,32.38452054794521,22.0,0
2023-05-11,39.99,7.99,32.0,400.5006257822278,17,28,11.0,32.38452054794521,22.0,0
2023-05-12,39.99,7.99,32.0,400.5006257822278,18,29,11.0,32.38452054794521,22.0,0
2023-05-13,39.99,7.99,32.0,400.5006257822278,19,30,11.0,32.38452054794521,22.0,1
2023-05-14,39.99,7.99,32.0,400.5006257822278,20,31,11.0,32.38452054794521,22.0,1
2023-05-15,39.99,7.99,32.0,400.5006257822278,21,32,11.0,32.38452054794521,22.0,1
2023-05-16,39.99,7.99,32.0,400.5006257822278,22,33,11.0,32.384520547945215,22.0,1
2023-05-17,39.99,7.99,32.0,400.5006257822278,23,34,11.0,32.38452054794521,22.0,1
2023-05-18,39.99,7.99,32.0,400.5006257822278,24,35,11.0,32.38452054794521,22.0,1
2023-05-19,39.99,7.99,32.0,400.5006257822278,25,36,11.0,32.38452054794521,22.0,1
2023-05-20,39.99,7.99,32.0,400.5006257822278,26,37,11.0,32.38452054794521,22.0,1
2023-05-21,39.99,7.99,32.0,400.5006257822278,27,38,11.0,32.38452054794521,22.0,1
2023-05-22,39.99,7.99,32.0,400.5006257822278,28,39,11.0,32.38452054794521,22.0,1
2023-05-23,39.99,7.99,32.0,400.5006257822278,29,40,11.0,32.38452054794521,22.0,1
2023-05-24,39.99,7.99,32.0,400.5006257822278,30,41,11.0,32.384520547945215,22.0,1
2023-05-25,39.99,7.99,32.0,400.5006257822278,31,42,11.0,32.38452054794521,22.0,1
2023-05-26,39.99,7.99,32.0,400.5006257822278,32,43,11.0,32.38452054794521,22.0,1
2023-05-27,39.99,7.99,32.0,400.5006257822278,33,44,11.0,32.38452054794521,22.0,1
2023-05-28,39.99,7.99,32.0,400.5006257822278,34,45,11.0,32.38452054794521,22.0,1
2023-05-29,39.99,7.99,32.0,400.5006257822278,35,46,11.0,32.38452054794521,22.0,1
2023-05-30,39.99,7.99,32.0,400.5006257822278,36,47,11.0,32.38452054794521,22.0,1
2023-05-31,39.99,7.99,32.0,400.5006257822278,37,48,11.0,32.38452054794521,22.0,1
2023-06-01,39.99,7.99,32.0,400.5006257822278,38,49,11.0,32.38452054794521,22.0,1
2023-06-02,39.99,7.99,32.0,400.5006257822278,39,50,11.0,32.384520547945215,22.0,1
2023-06-03,39.99,7.99,32.0,400.5006257822278,40,51,11.0,32.38452054794521,22.0,1
2023-06-04,39.99,7.99,32.0,400.5006257822278,41,52,11.0,32.38452054794521,22.0,1
2023-06-05,39.99,7.99,32.0,400.5006257822278,42,53,11.0,32.38452054794521,22.0,1
2023-06-06,39.99,7.99,32.0,400.5006257822278,43,54,11.0,32.38452054794521,22.0,1
2023-06-07,39.99,7.99,32.0,400.5006257822278,44,55,11.0,32.38452054794521,22.0,1
2023-06-08,39.99,7.99,32.0,400.5006257822278,45,56,11.0,32.38452054794521,22.0,1
2023-06-09,39.99,7.99,32.0,400.5006257822278,46,57,11.0,32.38452054794521,22.0,1
2023-06-10,39.99,7.99,32.0,400.5006257822278,47,58,11.0,32.384520547945215,22.0,1
2023-06-11,39.99,7.99,32.0,400.5006257822278,48,59,11.0,32.38452054794521,22.0,1
2023-06-12,11.99,7.99,4.0,50.06257822277848,0,0,10.0,32.472191780821916,21.0,0
2023-06-13,11.99,7.99,4.0,50.06257822277848,1,1,11.0,32.48315068493151,22.0,0
2023-06-14,11.99,7.99,4.0,50.06257822277848,2,2,11.0,32.494109589041095,22.0,0
2023-06-15,11.99,7.99,4.0,50.06257822277848,3,3,11.0,32.41739726027397,21.0,0
2023-06-16,11.99,7.99,4.0,50.06257822277848,4,4,11.0,32.34068493150685,21.0,0
2023-06-17,11.99,7.99,4.0,50.06257822277848,5,5,11.0,32.26397260273973,21.0,0
2023-06-18,11.99,7.99,4.0,50.06257822277848,6,6,11.0,32.18726027397261,21.0,0
2023-06-19,39.99,7.99,32.0,400.5006257822278,0,7,11.0,32.11054794520548,21.0,1
2023-06-20,39.99,7.99,32.0,400.5006257822278,1,8,11.0,32.11054794520548,22.0,1
2023-06-21,39.99,7.99,32.0,400.5006257822278,2,9,11.0,32.11054794520548,22.0,1
2023-06-22,39.99,7.99,32.0,400.5006257822278,3,10,11.0,32.11054794520548,22.0,1
2023-06-23,39.99,7.99,32.0,400.5006257822278,4,11,11.0,32.11054794520548,22.0,1
2023-06-24,39.99,7.99,32.0,400.5006257822278,5,12,11.0,32.11054794520548,22.0,1
2023-06-25,39.99,7.99,32.0,400.5006257822278,6,13,10.0,32.19821917808219,21.0,1
2023-06-26,39.99,7.99,32.0,400.5006257822278,7,14,10.0,32.285890410958906,21.0,1
2023-06-27,39.99,7.99,32.0,400.5006257822278,8,15,10.0,32.373561643835615,21.0,1
2023-06-28,39.99,7.99,32.0,400.5006257822278,9,16,10.0,32.46123287671233,21.0,1
2023-06-29,39.99,7.99,32.0,400.5006257822278,10,17,10.0,32.54890410958904,21.0,1
2023-06-30,11.99,7.99,4.0,50.06257822277848,0,0,10.0,32.636575342465754,21.0,0
2023-07-01,11.99,7.99,4.0,50.06257822277848,1,1,11.0,32.64753424657534,22.0,0
2023-07-02,11.99,7.99,4.0,50.06257822277848,2,2,11.0,32.65849315068493,22.0,0
2023-07-03,11.99,7.99,4.0,50.06257822277848,3,3,11.0,32.66945205479452,22.0,0
2023-07-04,11.99,7.99,4.0,50.06257822277848,4,4,11.0,32.68041095890411,22.0,0
2023-07-05,11.99,7.99,4.0,50.06257822277848,5,5,11.0,32.691369863013705,22.0,0
2023-07-06,11.99,7.99,4.0,50.06257822277848,6,6,11.0,32.70232876712329,22.0,0
2023-07-07,11.99,7.99,4.0,50.06257822277848,7,7,11.0,32.71328767123288,22.0,0
2023-07-08,11.99,7.99,4.0,50.06257822277848,8,8,11.0,32.72424657534247,22.0,0
2023-07-09,11.99,7.99,4.0,50.06257822277848,9,9,11.0,32.64753424657534,21.0,0
2023-07-10,11.99,7.99,4.0,50.06257822277848,10,10,11.0,32.57082191780822,21.0,0
2023-07-11,11.99,7.99,4.0,50.06257822277848,11,11,11.0,32.494109589041095,21.0,0
2023-07-12,11.99,7.99,4.0,50.06257822277848,12,12,11.0,32.41739726027397,21.0,0
2023-07-13,11.99,7.99,4.0,50.06257822277848,13,13,11.0,32.34068493150686,21.0,0
2023-07-14,39.99,7.99,32.0,400.5006257822278,0,14,11.0,32.26397260273973,21.0,1
2023-07-15,39.99,7.99,32.0,400.5006257822278,1,15,11.0,32.26397260273973,22.0,1
2023-07-16,39.99,7.99,32.0,400.5006257822278,2,16,11.0,32.26397260273973,22.0,1
2023-07-17,39.99,7.99,32.0,400.5006257822278,3,17,11.0,32.26397260273973,22.0,1
2023-07-18,39.99,7.99,32.0,400.5006257822278,4,18,11.0,32.26397260273973,22.0,1
2023-07-19,39.99,7.99,32.0,400.5006257822278,5,19,11.0,32.26397260273973,22.0,1
2023-07-20,39.99,7.99,32.0,400.5006257822278,6,20,11.0,32.26397260273973,22.0,1
2023-07-21,39.99,7.99,32.0,400.5006257822278,7,21,11.0,32.263972602739734,22.0,1
2023-07-22,39.99,7.99,32.0,400.5006257822278,8,22,11.0,32.26397260273973,22.0,1
2023-07-23,39.99,7.99,32.0,400.5006257822278,9,23,11.0,32.26397260273973,22.0,1
2023-07-24,39.99,7.99,32.0,400.5006257822278,10,24,11.0,32.26397260273973,22.0,1
2023-07-25,39.99,7.99,32.0,400.5006257822278,11,25,11.0,32.26397260273973,22.0,1
2023-07-26,39.99,7.99,32.0,400.5006257822278,12,26,11.0,32.26397260273973,22.0,1
2023-07-27,39.99,7.99,32.0,400.5006257822278,13,27,11.0,32.26397260273973,22.0,1
2023-07-28,11.99,7.99,4.0,50.06257822277848,0,0,11.0,32.26397260273973,22.0,0
2023-07-29,11.99,7.99,4.0,50.06257822277848,1,1,12.0,32.187260273972605,23.0,0
2023-07-30,11.99,7.99,4.0,50.06257822277848,2,2,12.0,32.11054794520548,23.0,0
2023-07-31,11.99,7.99,4.0,50.06257822277848,3,3,12.0,32.03383561643836,23.0,0
2023-08-01,11.99,7.99,4.0,50.06257822277848,4,4,12.0,31.957123287671234,23.0,0
2023-08-02,11.99,7.99,4.0,50.06257822277848,5,5,12.0,31.88041095890411,23.0,0
2023-08-03,11.99,7.99,4.0,50.06257822277848,6,6,12.0,31.80369863013699,23.0,0
2023-08-04,11.99,7.99,4.0,50.06257822277848,7,7,12.0,31.726986301369863,23.0,0
2023-08-05,11.99,7.99,4.0,50.06257822277848,8,8,12.0,31.65027397260274,23.0,0
2023-08-06,11.99,7.99,4.0,50.06257822277848,9,9,12.0,31.573561643835617,23.0,0
2023-08-07,39.99,7.99,32.0,400.5006257822278,0,10,12.0,31.4968493150685,23.0,0
2023-08-08,39.99,7.99,32.0,400.5006257822278,1,11,12.0,31.496849315068495,24.0,0
2023-08-09,39.99,7.99,32.0,400.5006257822278,2,12,12.0,31.496849315068495,24.0,0
2023-08-10,39.99,7.99,32.0,400.5006257822278,3,13,11.0,31.584520547945207,23.0,0
2023-08-11,39.99,7.99,32.0,400.5006257822278,4,14,11.0,31.67219178082192,23.0,0
2023-08-12,39.99,7.99,32.0,400.5006257822278,5,15,11.0,31.75986301369863,23.0,0
2023-08-13,39.99,7.99,32.0,400.5006257822278,6,16,11.0,31.847534246575343,23.0,0
2023-08-14,39.99,7.99,32.0,400.5006257822278,7,17,11.0,31.847534246575343,22.0,0
2023-08-15,39.99,7.99,32.0,400.5006257822278,8,18,11.0,31.84753424657535,22.0,0
2023-08-16,39.99,7.99,32.0,400.5006257822278,9,19,11.0,31.847534246575343,22.0,0
2023-08-17,39.99,7.99,32.0,400.5006257822278,10,20,11.0,31.847534246575343,22.0,0
2023-08-18,39.99,7.99,32.0,400.5006257822278,11,21,11.0,31.847534246575343,22.0,0
2023-08-19,39.99,7.99,32.0,400.5006257822278,12,22,11.0,31.847534246575343,22.0,0
2023-08-20,39.99,7.99,32.0,400.5006257822278,13,23,11.0,31.847534246575343,22.0,0
2023-08-21,39.99,7.99,32.0,400.5006257822278,14,24,11.0,31.847534246575343,22.0,0
2023-08-22,39.99,7.99,32.0,400.5006257822278,15,25,11.0,31.847534246575343,22.0,0
2023-08-23,39.99,7.99,32.0,400.5006257822278,16,26,11.0,31.847534246575343,22.0,0
2023-08-24,39.99,7.99,32.0,400.5006257822278,17,27,11.0,31.847534246575343,22.0,0
2023-08-25,39.99,7.99,32.0,400.5006257822278,18,28,11.0,31.847534246575343,22.0,0
2023-08-26,39.99,7.99,32.0,400.5006257822278,19,29,11.0,31.847534246575343,22.0,0
2023-08-27,39.99,7.99,32.0,400.5006257822278,20,30,11.0,31.847534246575343,22.0,1
2023-08-28,39.99,7.99,32.0,400.5006257822278,21,31,11.0,31.847534246575343,22.0,1
2023-08-29,39.99,7.99,32.0,400.5006257822278,22,32,11.0,31.847534246575343,22.0,1
2023-08-30,39.99,7.99,32.0,400.5006257822278,23,33,11.0,31.847534246575343,22.0,1
2023-08-31,39.99,7.99,32.0,400.5006257822278,24,34,11.0,31.847534246575343,22.0,1
2023-09-01,39.99,7.99,32.0,400.5006257822278,25,35,11.0,31.84753424657535,22.0,1
2023-09-02,39.99,7.99,32.0,400.5006257822278,26,36,11.0,31.847534246575343,22.0,1
2023-09-03,39.99,7.99,32.0,400.5006257822278,27,37,11.0,31.847534246575343,22.0,1
2023-09-04,39.99,7.99,32.0,400.5006257822278,28,38,11.0,31.847534246575343,22.0,1
2023-09-05,39.99,7.99,32.0,400.5006257822278,29,39,11.0,31.847534246575343,22.0,1
2023-09-06,39.99,7.99,32.0,400.5006257822278,30,40,11.0,31.847534246575343,22.0,1
2023-09-07,39.99,7.99,32.0,400.5006257822278,31,41,11.0,31.847534246575343,22.0,1
2023-09-08,39.99,7.99,32.0,400.5006257822278,32,42,11.0,31.847534246575343,22.0,1
2023-09-09,39.99,7.99,32.0,400.5006257822278,33,43,11.0,31.84753424657535,22.0,1
2023-09-10,39.99,7.99,32.0,400.5006257822278,34,44,11.0,31.847534246575343,22.0,1
2023-09-11,39.99,7.99,32.0,400.5006257822278,35,45,11.0,31.847534246575343,22.0,1
2023-09-12,39.99,7.99,32.0,400.5006257822278,36,46,11.0,31.847534246575343,22.0,1
2023-09-13,39.99,7.99,32.0,400.5006257822278,37,47,11.0,31.847534246575343,22.0,1
2023-09-14,39.99,7.99,32.0,400.5006257822278,38,48,10.0,31.935205479452055,21.0,1
2023-09-15,39.99,7.99,32.0,400.5006257822278,39,49,10.0,32.02287671232877,21.0,1
2023-09-16,39.99,7.99,32.0,400.5006257822278,40,50,10.0,32.11054794520548,21.0,1
2023-09-17,39.99,7.99,32.0,400.5006257822278,41,51,10.0,32.1982191780822,21.0,1
2023-09-18,39.99,7.99,32.0,400.5006257822278,42,52,10.0,32.285890410958906,21.0,1
2023-09-19,39.99,7.99,32.0,400.5006257822278,43,53,10.0,32.373561643835615,21.0,1
2023-09-20,39.99,7.99,32.0,400.5006257822278,44,54,10.0,32.46123287671233,21.0,1
2023-09-21,39.99,7.99,32.0,400.5006257822278,45,55,10.0,32.54890410958904,21.0,1
2023-09-22,39.99,7.99,32.0,400.5006257822278,46,56,10.0,32.54890410958904,20.0,1
2023-09-23,39.99,7.99,32.0,400.5006257822278,47,57,10.0,32.54890410958904,20.0,1
2023-09-24,39.99,7.99,32.0,400.5006257822278,48,58,10.0,32.54890410958904,20.0,1
2023-09-25,39.99,7.99,32.0,400.5006257822278,49,59,10.0,32.54890410958904,20.0,1
2023-09-26,11.99,7.99,4.0,50.06257822277848,0,0,10.0,32.548904109589046,20.0,0
2023-09-27,11.99,7.99,4.0,50.06257822277848,1,1,11.0,32.472191780821916,21.0,0
2023-09-28,11.99,7.99,4.0,50.06257822277848,2,2,11.0,32.39547945205479,21.0,0
2023-09-29,11.99,7.99,4.0,50.06257822277848,3,3,11.0,32.31876712328767,21.0,0
2023-09-30,11.99,7.99,4.0,50.06257822277848,4,4,11.0,32.24205479452055,21.0,0
2023-10-01,11.99,7.99,4.0,50.06257822277848,5,5,11.0,32.165342465753426,21.0,0
2023-10-02,11.99,7.99,4.0,50.06257822277848,6,6,11.0,32.0886301369863,21.0,0
2023-10-03,11.99,7.99,4.0,50.06257822277848,7,7,11.0,32.01191780821918,21.0,0
2023-10-04,11.99,7.99,4.0,50.06257822277848,8,8,11.0,31.935205479452062,21.0,0
2023-10-05,11.99,7.99,4.0,50.06257822277848,9,9,11.0,31.858493150684932,21.0,0
2023-10-06,11.99,7.99,4.0,50.06257822277848,10,10,11.0,31.78178082191781,21.0,0
2023-10-07,11.99,7.99,4.0,50.06257822277848,11,11,11.0,31.705068493150687,21.0,0
2023-10-08,11.99,7.99,4.0,50.06257822277848,12,12,11.0,31.62835616438356,21.0,0
2023-10-09,11.99,7.99,4.0,50.06257822277848,13,13,11.0,31.55164383561644,21.0,0
2023-10-10,39.99,7.99,32.0,400.5006257822278,0,14,11.0,31.474931506849316,21.0,0
2023-10-11,39.99,7.99,32.0,400.5006257822278,1,15,11.0,31.474931506849316,22.0,0
2023-10-12,39.99,7.99,32.0,400.5006257822278,2,16,11.0,31.47493150684932,22.0,0
2023-10-13,39.99,7.99,32.0,400.5006257822278,3,17,11.0,31.474931506849316,22.0,0
2023-10-14,39.99,7.99,32.0,400.5006257822278,4,18,11.0,31.474931506849316,22.0,0
2023-10-15,39.99,7.99,32.0,400.5006257822278,5,19,11.0,31.474931506849316,22.0,0
2023-10-16,39.99,7.99,32.0,400.5006257822278,6,20,11.0,31.474931506849316,22.0,0
2023-10-17,39.99,7.99,32.0,400.5006257822278,7,21,11.0,31.474931506849316,22.0,0
2023-10-18,39.99,7.99,32.0,400.5006257822278,8,22,11.0,31.474931506849316,22.0,0
2023-10-19,39.99,7.99,32.0,400.5006257822278,9,23,11.0,31.474931506849316,22.0,0
2023-10-20,39.99,7.99,32.0,400.5006257822278,10,24,11.0,31.474931506849316,22.0,0
2023-10-21,39.99,7.99,32.0,400.5006257822278,11,25,11.0,31.474931506849316,22.0,0
2023-10-22,39.99,7.99,32.0,400.5006257822278,12,26,11.0,31.474931506849316,22.0,0
2023-10-23,39.99,7.99,32.0,400.5006257822278,13,27,11.0,31.474931506849316,22.0,1
2023-10-24,39.99,7.99,32.0,400.5006257822278,14,28,11.0,31.474931506849316,22.0,1
2023-10-25,39.99,7.99,32.0,400.5006257822278,15,29,11.0,31.474931506849316,22.0,1
2023-10-26,39.99,7.99,32.0,400.5006257822278,16,30,11.0,31.474931506849316,22.0,1
2023-10-27,39.99,7.99,32.0,400.5006257822278,17,31,10.0,31.562602739726028,21.0,1
2023-10-28,39.99,7.99,32.0,400.5006257822278,18,32,10.0,31.65027397260274,21.0,1
2023-10-29,39.99,7.99,32.0,400.5006257822278,19,33,10.0,31.73794520547946,21.0,1
2023-10-30,39.99,7.99,32.0,400.5006257822278,20,34,10.0,31.825616438356164,21.0,1
2023-10-31,39.99,7.99,32.0,400.5006257822278,21,35,10.0,31.91328767123288,21.0,1
2023-11-01,39.99,7.99,32.0,400.5006257822278,22,36,10.0,32.00095890410959,21.0,1
2023-11-02,39.99,7.99,32.0,400.5006257822278,23,37,10.0,32.0886301369863,21.0,1
2023-11-03,39.99,7.99,32.0,400.5006257822278,24,38,10.0,32.0886301369863,20.0,1
2023-11-04,39.99,7.99,32.0,400.5006257822278,25,39,10.0,32.0886301369863,20.0,1
2023-11-05,39.99,7.99,32.0,400.5006257822278,26,40,10.0,32.0886301369863,20.0,1
2023-11-06,39.99,7.99,32.0,400.5006257822278,27,41,10.0,32.08863013698631,20.0,1
2023-11-07,39.99,7.99,32.0,400.5006257822278,28,42,10.0,32.0886301369863,20.0,1
2023-11-08,39.99,7.99,32.0,400.5006257822278,29,43,10.0,32.0886301369863,20.0,1
2023-11-09,39.99,7.99,32.0,400.5006257822278,30,44,10.0,32.0886301369863,20.0,1
2023-11-10,39.99,7.99,32.0,400.5006257822278,31,45,10.0,32.0886301369863,20.0,1
2023-11-11,39.99,7.99,32.0,400.5006257822278,32,46,10.0,32.0886301369863,20.0,1
2023-11-12,39.99,7.99,32.0,400.5006257822278,33,47,10.0,32.0886301369863,20.0,1
2023-11-13,39.99,7.99,32.0,400.5006257822278,34,48,10.0,32.0886301369863,20.0,1
2023-11-14,39.99,7.99,32.0,400.5006257822278,35,49,10.0,32.08863013698631,20.0,1
2023-11-15,39.99,7.99,32.0,400.5006257822278,36,50,10.0,32.0886301369863,20.0,1
2023-11-16,39.99,7.99,32.0,400.5006257822278,37,51,10.0,32.0886301369863,20.0,1
2023-11-17,39.99,7.99,32.0,400.5006257822278,38,52,10.0,32.0886301369863,20.0,1
2023-11-18,39.99,7.99,32.0,400.5006257822278,39,53,10.0,32.0886301369863,20.0,1
2023-11-19,39.99,7.99,32.0,400.5006257822278,40,54,10.0,32.0886301369863,20.0,1
2023-11-20,39.99,7.99,32.0,400.5006257822278,41,55,10.0,32.0886301369863,20.0,1
2023-11-21,39.99,7.99,32.0,400.5006257822278,42,56,10.0,32.0886301369863,20.0,1
2023-11-22,9.99,7.99,2.0,25.03128911138924,0,0,10.0,32.0886301369863,20.0,0
2023-11-23,9.99,7.99,2.0,25.03128911138924,1,1,11.0,32.00643835616439,21.0,0
2023-11-24,9.99,7.99,2.0,25.03128911138924,2,2,10.0,32.01191780821918,20.0,0
2023-11-25,9.99,7.99,2.0,25.03128911138924,3,3,10.0,32.017397260273974,20.0,0
2023-11-26,9.99,7.99,2.0,25.03128911138924,4,4,10.0,32.02287671232877,20.0,0
2023-11-27,9.99,7.99,2.0,25.03128911138924,5,5,10.0,32.02835616438356,20.0,0
2023-11-28,9.99,7.99,2.0,25.03128911138924,6,6,10.0,32.03383561643836,20.0,0
2023-11-29,39.99,7.99,32.0,400.5006257822278,0,7,10.0,32.03931506849315,20.0,1
2023-11-30,39.99,7.99,32.0,400.5006257822278,1,8,10.0,32.12698630136986,21.0,1
2023-12-01,39.99,7.99,32.0,400.5006257822278,2,9,10.0,32.12698630136987,20.0,1
2023-12-02,39.99,7.99,32.0,400.5006257822278,3,10,10.0,32.12698630136986,20.0,1
2023-12-03,39.99,7.99,32.0,400.5006257822278,4,11,10.0,32.12698630136986,20.0,1
2023-12-04,39.99,7.99,32.0,400.5006257822278,5,12,10.0,32.12698630136986,20.0,1
2023-12-05,9.99,7.99,2.0,25.03128911138924,0,0,10.0,32.12698630136986,20.0,0
2023-12-06,9.99,7.99,2.0,25.03128911138924,1,1,11.0,32.044794520547946,21.0,0
2023-12-07,9.99,7.99,2.0,25.03128911138924,2,2,10.0,32.05027397260274,20.0,0
2023-12-08,9.99,7.99,2.0,25.03128911138924,3,3,10.0,32.05575342465754,20.0,0
2023-12-09,9.99,7.99,2.0,25.03128911138924,4,4,10.0,32.06123287671233,20.0,0
2023-12-10,9.99,7.99,2.0,25.03128911138924,5,5,10.0,32.066712328767125,20.0,0
2023-12-11,9.99,7.99,2.0,25.03128911138924,6,6,10.0,32.07219178082192,20.0,0
2023-12-12,39.99,7.99,32.0,400.5006257822278,0,7,10.0,32.07767123287671,20.0,1
2023-12-13,39.99,7.99,32.0,400.5006257822278,1,8,10.0,32.165342465753426,21.0,1
2023-12-14,39.99,7.99,32.0,400.5006257822278,2,9,10.0,32.165342465753426,20.0,1
2023-12-15,39.99,7.99,32.0,400.5006257822278,3,10,10.0,32.165342465753426,20.0,1
2023-12-16,39.99,7.99,32.0,400.5006257822278,4,11,10.0,32.165342465753426,20.0,1
2023-12-17,39.99,7.99,32.0,400.5006257822278,5,12,10.0,32.16534246575343,20.0,1
2023-12-18,39.99,7.99,32.0,400.5006257822278,6,13,10.0,32.165342465753426,20.0,1
2023-12-19,39.99,7.99,32.0,400.5006257822278,7,14,10.0,32.165342465753426,20.0,1
2023-12-20,39.99,7.99,32.0,400.5006257822278,8,15,10.0,32.165342465753426,20.0,1
2023-12-21,39.99,7.99,32.0,400.5006257822278,9,16,10.0,32.165342465753426,20.0,1
2023-12-22,9.99,7.99,2.0,25.03128911138924,0,0,10.0,32.165342465753426,20.0,0
2023-12-23,9.99,7.99,2.0,25.03128911138924,1,1,11.0,32.08315068493151,21.0,0
2023-12-24,9.99,7.99,2.0,25.03128911138924,2,2,10.0,32.0886301369863,20.0,0
2023-12-25,9.99,7.99,2.0,25.03128911138924,3,3,10.0,32.094109589041096,20.0,0
2023-12-26,9.99,7.99,2.0,25.03128911138924,4,4,10.0,32.099589041095896,20.0,0
2023-12-27,9.99,7.99,2.0,25.03128911138924,5,5,10.0,32.10506849315069,20.0,0
2023-12-28,9.99,7.99,2.0,25.03128911138924,6,6,10.0,32.11054794520548,20.0,0
2023-12-29,9.99,7.99,2.0,25.03128911138924,7,7,10.0,32.116027397260275,20.0,0
2023-12-30,9.99,7.99,2.0,25.03128911138924,8,8,10.0,32.12150684931507,20.0,0
2023-12-31,9.99,7.99,2.0,25.03128911138924,9,9,10.0,32.12698630136986,20.0,0
2024-01-01,9.99,7.99,2.0,25.03128911138924,10,10,10.0,32.13246575342466,20.0,0
2024-01-02,9.99,7.99,2.0,25.03128911138924,11,11,10.0,32.137945205479454,20.0,0
2024-01-03,9.99,7.99,2.0,25.03128911138924,12,12,10.0,32.143424657534254,20.0,0
2024-01-04,9.99,7.99,2.0,25.03128911138924,13,13,10.0,32.14890410958904,20.0,0
2024-01-05,39.99,7.99,32.0,400.5006257822278,0,14,10.0,32.15438356164384,20.0,0
2024-01-06,39.99,7.99,32.0,400.5006257822278,1,15,10.0,32.24205479452055,21.0,0
2024-01-07,39.99,7.99,32.0,400.5006257822278,2,16,10.0,32.24205479452055,20.0,0
2024-01-08,39.99,7.99,32.0,400.5006257822278,3,17,10.0,32.24205479452055,20.0,0
2024-01-09,39.99,7.99,32.0,400.5006257822278,4,18,10.0,32.24205479452055,20.0,0
2024-01-10,39.99,7.99,32.0,400.5006257822278,5,19,10.0,32.24205479452055,20.0,1
2024-01-11,39.99,7.99,32.0,400.5006257822278,6,20,10.0,32.242054794520556,20.0,1
2024-01-12,39.99,7.99,32.0,400.5006257822278,7,21,10.0,32.24205479452055,20.0,1
2024-01-13,39.99,7.99,32.0,400.5006257822278,8,22,10.0,32.24205479452055,20.0,1
2024-01-14,39.99,7.99,32.0,400.5006257822278,9,23,10.0,32.24205479452055,20.0,1
2024-01-15,39.99,7.99,32.0,400.5006257822278,10,24,10.0,32.24205479452055,20.0,1
2024-01-16,39.99,7.99,32.0,400.5006257822278,11,25,10.0,32.24205479452055,20.0,1
2024-01-17,39.99,7.99,32.0,400.5006257822278,12,26,10.0,32.24205479452055,20.0,1
2024-01-18,39.99,7.99,32.0,400.5006257822278,13,27,10.0,32.24205479452055,20.0,1
2024-01-19,39.99,7.99,32.0,400.5006257822278,14,28,10.0,32.24205479452055,20.0,1
2024-01-20,39.99,7.99,32.0,400.5006257822278,15,29,10.0,32.24205479452055,20.0,1
2024-01-21,39.99,7.99,32.0,400.5006257822278,16,30,9.0,32.329726027397264,19.0,1
2024-01-22,39.99,7.99,32.0,400.5006257822278,17,31,9.0,32.41739726027397,19.0,1
2024-01-23,39.99,7.99,32.0,400.5006257822278,18,32,9.0,32.50506849315069,19.0,1
2024-01-24,39.99,7.99,32.0,400.5006257822278,19,33,9.0,32.592739726027396,19.0,1
2024-01-25,39.99,7.99,32.0,400.5006257822278,20,34,9.0,32.68041095890411,19.0,1
2024-01-26,39.99,7.99,32.0,400.5006257822278,21,35,9.0,32.76808219178082,19.0,1
2024-01-27,39.99,7.99,32.0,400.5006257822278,22,36,9.0,32.855753424657536,19.0,1
2024-01-28,39.99,7.99,32.0,400.5006257822278,23,37,9.0,32.85575342465754,18.0,1
2024-01-29,39.99,7.99,32.0,400.5006257822278,24,38,9.0,32.855753424657536,18.0,1
2024-01-30,39.99,7.99,32.0,400.5006257822278,25,39,9.0,32.855753424657536,18.0,1
2024-01-31,39.99,7.99,32.0,400.5006257822278,26,40,9.0,32.855753424657536,18.0,1
2024-02-01,39.99,7.99,32.0,400.5006257822278,27,41,9.0,32.855753424657536,18.0,1
2024-02-02,39.99,7.99,32.0,400.5006257822278,28,42,9.0,32.855753424657536,18.0,1
2024-02-03,39.99,7.99,32.0,400.5006257822278,29,43,9.0,32.855753424657536,18.0,1
2024-02-04,39.99,7.99,32.0,400.5006257822278,30,44,9.0,32.855753424657536,18.0,1
2024-02-05,39.99,7.99,32.0,400.5006257822278,31,45,9.0,32.85575342465754,18.0,1
2024-02-06,39.99,7.99,32.0,400.5006257822278,32,46,9.0,32.855753424657536,18.0,1
2024-02-07,39.99,7.99,32.0,400.5006257822278,33,47,9.0,32.855753424657536,18.0,1
2024-02-08,39.99,7.99,32.0,400.5006257822278,34,48,9.0,32.855753424657536,18.0,1
2024-02-09,9.99,7.99,2.0,25.03128911138924,0,0,9.0,32.855753424657536,18.0,0
2024-02-10,9.99,7.99,2.0,25.03128911138924,1,1,10.0,32.77356164383562,19.0,0
2024-02-11,9.99,7.99,2.0,25.03128911138924,2,2,10.0,32.6913698630137,19.0,0
2024-02-12,9.99,7.99,2.0,25.03128911138924,3,3,10.0,32.60917808219178,19.0,0
2024-02-13,9.99,7.99,2.0,25.03128911138924,4,4,10.0,32.52698630136987,19.0,0
2024-02-14,9.99,7.99,2.0,25.03128911138924,5,5,10.0,32.444794520547944,19.0,0
2024-02-15,9.99,7.99,2.0,25.03128911138924,6,6,10.0,32.36260273972603,19.0,0
2024-02-16,9.99,7.99,2.0,25.03128911138924,7,7,10.0,32.28041095890411,19.0,0
2024-02-17,9.99,7.99,2.0,25.03128911138924,8,8,10.0,32.19821917808219,19.0,0
2024-02-18,9.99,7.99,2.0,25.03128911138924,9,9,10.0,32.116027397260275,19.0,0
2024-02-19,39.99,7.99,32.0,400.5006257822278,0,10,10.0,32.03383561643836,19.0,1
2024-02-20,39.99,7.99,32.0,400.5006257822278,1,11,10.0,32.03383561643836,20.0,1
2024-02-21,39.99,7.99,32.0,400.5006257822278,2,12,10.0,32.03383561643836,20.0,1
2024-02-22,39.99,7.99,32.0,400.5006257822278,3,13,10.0,32.03383561643836,20.0,1
2024-02-23,39.99,7.99,32.0,400.5006257822278,4,14,10.0,32.03383561643836,20.0,1
2024-02-24,39.99,7.99,32.0,400.5006257822278,5,15,10.0,32.03383561643836,20.0,1
2024-02-25,39.99,7.99,32.0,400.5006257822278,6,16,10.0,32.03383561643836,20.0,1
2024-02-26,39.99,7.99,32.0,400.5006257822278,7,17,10.0,32.03383561643836,20.0,1
2024-02-27,39.99,7.99,32.0,400.5006257822278,8,18,10.0,32.03383561643836,20.0,1
2024-02-28,39.99,7.99,32.0,400.5006257822278,9,19,10.0,32.03383561643836,20.0,1
2024-02-29,39.99,7.99,32.0,400.5006257822278,10,20,10.0,32.03383561643836,20.0,1
2024-03-01,39.99,7.99,32.0,400.5006257822278,11,21,10.0,32.03383561643836,20.0,1
2024-03-02,39.99,7.99,32.0,400.5006257822278,12,22,10.0,32.03383561643836,20.0,1
2024-03-03,39.99,7.99,32.0,400.5006257822278,13,23,10.0,32.03383561643836,20.0,1
2024-03-04,39.99,7.99,32.0,400.5006257822278,14,24,10.0,32.03383561643836,20.0,1
2024-03-05,39.99,7.99,32.0,400.5006257822278,15,25,10.0,32.03383561643836,20.0,1
2024-03-06,39.99,7.99,32.0,400.5006257822278,16,26,10.0,32.03383561643836,20.0,1
2024-03-07,39.99,7.99,32.0,400.5006257822278,17,27,10.0,32.03383561643836,20.0,1
2024-03-08,39.99,7.99,32.0,400.5006257822278,18,28,10.0,32.03383561643836,20.0,1
2024-03-09,39.99,7.99,32.0,400.5006257822278,19,29,10.0,32.03383561643836,20.0,1
2024-03-10,39.99,7.99,32.0,400.5006257822278,20,30,10.0,32.03383561643836,20.0,1
2024-03-11,39.99,7.99,32.0,400.5006257822278,21,31,10.0,32.03383561643836,20.0,1
2024-03-12,39.99,7.99,32.0,400.5006257822278,22,32,10.0,32.03383561643836,20.0,1
2024-03-13,39.99,7.99,32.0,400.5006257822278,23,33,10.0,32.03383561643836,20.0,1
2024-03-14,39.99,7.99,32.0,400.5006257822278,24,34,10.0,32.03383561643836,20.0,1
2024-03-15,9.99,7.99,2.0,25.03128911138924,0,0,10.0,32.03383561643836,20.0,0
2024-03-16,9.99,7.99,2.0,25.03128911138924,1,1,11.0,31.95164383561644,21.0,0
2024-03-17,9.99,7.99,2.0,25.03128911138924,2,2,10.0,31.946164383561644,20.0,0
2024-03-18,9.99,7.99,2.0,25.03128911138924,3,3,10.0,31.94068493150685,20.0,0
2024-03-19,9.99,7.99,2.0,25.03128911138924,4,4,10.0,31.935205479452055,20.0,0
2024-03-20,9.99,7.99,2.0,25.03128911138924,5,5,10.0,31.929726027397262,20.0,0
2024-03-21,9.99,7.99,2.0,25.03128911138924,6,6,10.0,31.924246575342465,20.0,0
2024-03-22,39.99,7.99,32.0,400.5006257822278,0,7,10.0,31.918767123287672,20.0,1
2024-03-23,39.99,7.99,32.0,400.5006257822278,1,8,10.0,31.995479452054795,21.0,1
2024-03-24,39.99,7.99,32.0,400.5006257822278,2,9,10.0,31.995479452054795,20.0,1
2024-03-25,39.99,7.99,32.0,400.5006257822278,3,10,10.0,31.995479452054795,20.0,1
2024-03-26,39.99,7.99,32.0,400.5006257822278,4,11,10.0,31.995479452054802,20.0,1
2024-03-27,39.99,7.99,32.0,400.5006257822278,5,12,10.0,31.995479452054795,20.0,1
2024-03-28,39.99,7.99,32.0,400.5006257822278,6,13,10.0,31.995479452054795,20.0,1
2024-03-29,9.99,7.99,2.0,25.03128911138924,0,0,10.0,31.995479452054795,20.0,0
2024-03-30,9.99,7.99,2.0,25.03128911138924,1,1,11.0,31.91328767123288,21.0,0
2024-03-31,9.99,7.99,2.0,25.03128911138924,2,2,11.0,31.83109589041096,21.0,0
2024-04-01,9.99,7.99,2.0,25.03128911138924,3,3,11.0,31.74890410958904,21.0,0
2024-04-02,9.99,7.99,2.0,25.03128911138924,4,4,11.0,31.666712328767126,21.0,0
2024-04-03,9.99,7.99,2.0,25.03128911138924,5,5,11.0,31.58452054794521,21.0,0
2024-04-04,9.99,7.99,2.0,25.03128911138924,6,6,11.0,31.502328767123288,21.0,0
2024-04-05,9.99,7.99,2.0,25.03128911138924,7,7,11.0,31.420136986301372,21.0,0
2024-04-06,9.99,7.99,2.0,25.03128911138924,8,8,11.0,31.337945205479453,21.0,0
2024-04-07,9.99,7.99,2.0,25.03128911138924,9,9,11.0,31.255753424657534,21.0,0
2024-04-08,39.99,7.99,32.0,400.5006257822278,0,10,11.0,31.17356164383562,21.0,0
2024-04-09,39.99,7.99,32.0,400.5006257822278,1,11,11.0,31.17356164383562,22.0,0
2024-04-10,39.99,7.99,32.0,400.5006257822278,2,12,11.0,31.17356164383562,22.0,0
2024-04-11,39.99,7.99,32.0,400.5006257822278,3,13,11.0,31.173561643835622,22.0,0
2024-04-12,39.99,7.99,32.0,400.5006257822278,4,14,11.0,31.17356164383562,22.0,0
2024-04-13,39.99,7.99,32.0,400.5006257822278,5,15,10.0,31.25027397260274,21.0,0
2024-04-14,39.99,7.99,32.0,400.5006257822278,6,16,10.0,31.326986301369864,21.0,0
2024-04-15,39.99,7.99,32.0,400.5006257822278,7,17,10.0,31.403698630136986,21.0,0
2024-04-16,39.99,7.99,32.0,400.5006257822278,8,18,10.0,31.48041095890411,21.0,0
2024-04-17,39.99,7.99,32.0,400.5006257822278,9,19,10.0,31.557123287671235,21.0,1
2024-04-18,39.99,7.99,32.0,400.5006257822278,10,20,10.0,31.633835616438358,21.0,1
2024-04-19,39.99,7.99,32.0,400.5006257822278,11,21,10.0,31.71054794520548,21.0,1
2024-04-20,39.99,7.99,32.0,400.5006257822278,12,22,10.0,31.787260273972603,21.0,1
2024-04-21,39.99,7.99,32.0,400.5006257822278,13,23,10.0,31.86397260273973,21.0,1
2024-04-22,39.99,7.99,32.0,400.5006257822278,14,24,10.0,31.94068493150685,21.0,1
2024-04-23,39.99,7.99,32.0,400.5006257822278,15,25,10.0,32.017397260273974,21.0,1
2024-04-24,39.99,7.99,32.0,400.5006257822278,16,26,10.0,32.017397260273974,20.0,1
2024-04-25,39.99,7.99,32.0,400.5006257822278,17,27,10.0,32.017397260273974,20.0,1
2024-04-26,39.99,7.99,32.0,400.5006257822278,18,28,10.0,32.017397260273974,20.0,1
2024-04-27,39.99,7.99,32.0,400.5006257822278,19,29,10.0,32.017397260273974,20.0,1
2024-04-28,39.99,7.99,32.0,400.5006257822278,20,30,10.0,32.01739726027398,20.0,1
2024-04-29,39.99,7.99,32.0,400.5006257822278,21,31,10.0,32.017397260273974,20.0,1
2024-04-30,39.99,7.99,32.0,400.5006257822278,22,32,10.0,32.017397260273974,20.0,1
2024-05-01,39.99,7.99,32.0,400.5006257822278,23,33,10.0,32.017397260273974,20.0,1
2024-05-02,39.99,7.99,32.0,400.5006257822278,24,34,10.0,32.017397260273974,20.0,1
2024-05-03,39.99,7.99,32.0,400.5006257822278,25,35,10.0,32.017397260273974,20.0,1
2024-05-04,39.99,7.99,32.0,400.5006257822278,26,36,10.0,32.017397260273974,20.0,1
2024-05-05,39.99,7.99,32.0,400.5006257822278,27,37,10.0,32.017397260273974,20.0,1
2024-05-06,39.99,7.99,32.0,400.5006257822278,28,38,10.0,32.01739726027398,20.0,1
2024-05-07,39.99,7.99,32.0,400.5006257822278,29,39,10.0,32.017397260273974,20.0,1
2024-05-08,39.99,7.99,32.0,400.5006257822278,30,40,10.0,32.017397260273974,20.0,1
2024-05-09,39.99,7.99,32.0,400.5006257822278,31,41,10.0,32.017397260273974,20.0,1
2024-05-10,39.99,7.99,32.0,400.5006257822278,32,42,10.0,32.017397260273974,20.0,1
2024-05-11,39.99,7.99,32.0,400.5006257822278,33,43,10.0,32.017397260273974,20.0,1
2024-05-12,39.99,7.99,32.0,400.5006257822278,34,44,10.0,32.017397260273974,20.0,1
2024-05-13,39.99,7.99,32.0,400.5006257822278,35,45,10.0,32.017397260273974,20.0,1
2024-05-14,39.99,7.99,32.0,400.5006257822278,36,46,10.0,32.01739726027398,20.0,1
2024-05-15,39.99,7.99,32.0,400.5006257822278,37,47,10.0,32.017397260273974,20.0,1
2024-05-16,39.99,7.99,32.0,400.5006257822278,38,48,10.0,32.017397260273974,20.0,1
2024-05-17,9.99,7.99,2.0,25.03128911138924,0,0,10.0,32.017397260273974,20.0,0
2024-05-18,9.99,7.99,2.0,25.03128911138924,1,1,11.0,31.935205479452055,21.0,0
2024-05-19,9.99,7.99,2.0,25.03128911138924,2,2,11.0,31.85301369863014,21.0,0
2024-05-20,9.99,7.99,2.0,25.03128911138924,3,3,11.0,31.77082191780822,21.0,0
2024-05-21,9.99,7.99,2.0,25.03128911138924,4,4,11.0,31.6886301369863,21.0,0
2024-05-22,9.99,7.99,2.0,25.03128911138924,5,5,11.0,31.606438356164386,21.0,0
2024-05-23,9.99,7.99,2.0,25.03128911138924,6,6,11.0,31.52424657534247,21.0,0
2024-05-24,9.99,7.99,2.0,25.03128911138924,7,7,11.0,31.442054794520548,21.0,0
2024-05-25,9.99,7.99,2.0,25.03128911138924,8,8,11.0,31.359863013698632,21.0,0
2024-05-26,9.99,7.99,2.0,25.03128911138924,9,9,11.0,31.277671232876713,21.0,0
2024-05-27,39.99,7.99,32.0,400.5006257822278,0,10,11.0,31.195479452054794,21.0,0
2024-05-28,39.99,7.99,32.0,400.5006257822278,1,11,11.0,31.195479452054794,22.0,0
2024-05-29,39.99,7.99,32.0,400.5006257822278,2,12,11.0,31.195479452054794,22.0,1
2024-05-30,39.99,7.99,32.0,400.5006257822278,3,13,11.0,31.195479452054794,22.0,1
2024-05-31,39.99,7.99,32.0,400.5006257822278,4,14,11.0,31.1954794520548,22.0,1
2024-06-01,39.99,7.99,32.0,400.5006257822278,5,15,11.0,31.195479452054794,22.0,1
2024-06-02,39.99,7.99,32.0,400.5006257822278,6,16,11.0,31.195479452054794,22.0,1
2024-06-03,39.99,7.99,32.0,400.5006257822278,7,17,11.0,31.195479452054794,22.0,1
2024-06-04,39.99,7.99,32.0,400.5006257822278,8,18,11.0,31.195479452054794,22.0,1
2024-06-05,39.99,7.99,32.0,400.5006257822278,9,19,11.0,31.195479452054794,22.0,1
2024-06-06,39.99,7.99,32.0,400.5006257822278,10,20,11.0,31.195479452054794,22.0,1
2024-06-07,39.99,7.99,32.0,400.5006257822278,11,21,11.0,31.195479452054794,22.0,1
2024-06-08,39.99,7.99,32.0,400.5006257822278,12,22,11.0,31.1954794520548,22.0,1
2024-06-09,39.99,7.99,32.0,400.5006257822278,13,23,11.0,31.195479452054794,22.0,1
2024-06-10,39.99,7.99,32.0,400.5006257822278,14,24,11.0,31.195479452054794,22.0,1
2024-06-11,39.99,7.99,32.0,400.5006257822278,15,25,11.0,31.195479452054794,22.0,1
2024-06-12,39.99,7.99,32.0,400.5006257822278,16,26,10.0,31.27219178082192,21.0,1
2024-06-13,39.99,7.99,32.0,400.5006257822278,17,27,10.0,31.348904109589043,21.0,1
2024-06-14,39.99,7.99,32.0,400.5006257822278,18,28,10.0,31.425616438356165,21.0,1
2024-06-15,39.99,7.99,32.0,400.5006257822278,19,29,10.0,31.502328767123288,21.0,1
2024-06-16,39.99,7.99,32.0,400.5006257822278,20,30,10.0,31.57904109589041,21.0,1
2024-06-17,39.99,7.99,32.0,400.5006257822278,21,31,10.0,31.655753424657536,21.0,1
2024-06-18,39.99,7.99,32.0,400.5006257822278,22,32,10.0,31.73246575342466,21.0,1
2024-06-19,39.99,7.99,32.0,400.5006257822278,23,33,10.0,31.73246575342466,20.0,1
2024-06-20,39.99,7.99,32.0,400.5006257822278,24,34,10.0,31.73246575342466,20.0,1
2024-06-21,39.99,7.99,32.0,400.5006257822278,25,35,10.0,31.73246575342466,20.0,1
2024-06-22,39.99,7.99,32.0,400.5006257822278,26,36,10.0,31.73246575342466,20.0,1
2024-06-23,39.99,7.99,32.0,400.5006257822278,27,37,10.0,31.73246575342466,20.0,1
2024-06-24,39.99,7.99,32.0,400.5006257822278,28,38,10.0,31.73246575342466,20.0,1
2024-06-25,39.99,7.99,32.0,400.5006257822278,29,39,10.0,31.732465753424663,20.0,1
2024-06-26,39.99,7.99,32.0,400.5006257822278,30,40,10.0,31.73246575342466,20.0,1
2024-06-27,39.99,7.99,32.0,400.5006257822278,31,41,10.0,31.73246575342466,20.0,1
2024-06-28,3.99,3.99,0.0,0.0,0,0,10.0,31.73246575342466,20.0,0
2024-06-29,3.99,3.99,0.0,0.0,1,1,11.0,31.633835616438358,21.0,0
2024-06-30,3.99,3.99,0.0,0.0,2,2,10.0,31.61191780821918,20.0,0
2024-07-01,3.99,3.99,0.0,0.0,3,3,10.0,31.59,20.0,0
2024-07-02,3.99,3.99,0.0,0.0,4,4,10.0,31.568082191780825,20.0,0
2024-07-03,3.99,3.99,0.0,0.0,5,5,10.0,31.54616438356165,20.0,0
2024-07-04,3.99,3.99,0.0,0.0,6,6,10.0,31.524246575342467,20.0,0
2024-07-05,3.99,3.99,0.0,0.0,7,7,10.0,31.502328767123288,20.0,0
2024-07-06,3.99,3.99,0.0,0.0,8,8,10.0,31.48041095890411,20.0,0
2024-07-07,3.99,3.99,0.0,0.0,9,9,10.0,31.458493150684934,20.0,0
2024-07-08,3.99,3.99,0.0,0.0,10,10,10.0,31.436575342465755,20.0,0
2024-07-09,3.99,3.99,0.0,0.0,11,11,10.0,31.414657534246576,20.0,0
2024-07-10,3.99,3.99,0.0,0.0,12,12,10.0,31.392739726027397,20.0,0
2024-07-11,3.99,3.99,0.0,0.0,13,13,10.0,31.370821917808225,20.0,0
2024-07-12,39.99,3.99,36.0,902.2556390977444,0,14,10.0,31.348904109589043,20.0,0
2024-07-13,39.99,3.99,36.0,902.2556390977444,1,15,10.0,31.425616438356165,21.0,0
2024-07-14,39.99,3.99,36.0,902.2556390977444,2,16,10.0,31.425616438356165,20.0,1
2024-07-15,39.99,3.99,36.0,902.2556390977444,3,17,10.0,31.425616438356165,20.0,1
2024-07-16,39.99,3.99,36.0,902.2556390977444,4,18,10.0,31.425616438356165,20.0,1
2024-07-17,39.99,3.99,36.0,902.2556390977444,5,19,10.0,31.425616438356165,20.0,1
2024-07-18,39.99,3.99,36.0,902.2556390977444,6,20,10.0,31.425616438356165,20.0,1
2024-07-19,39.99,3.99,36.0,902.2556390977444,7,21,10.0,31.425616438356165,20.0,1
2024-07-20,39.99,3.99,36.0,902.2556390977444,8,22,10.0,31.42561643835617,20.0,1
2024-07-21,39.99,3.99,36.0,902.2556390977444,9,23,10.0,31.425616438356165,20.0,1
2024-07-22,39.99,3.99,36.0,902.2556390977444,10,24,10.0,31.425616438356165,20.0,1
2024-07-23,39.99,3.99,36.0,902.2556390977444,11,25,10.0,31.425616438356165,20.0,1
2024-07-24,39.99,3.99,36.0,902.2556390977444,12,26,10.0,31.425616438356165,20.0,1
2024-07-25,39.99,3.99,36.0,902.2556390977444,13,27,10.0,31.425616438356165,20.0,1
2024-07-26,39.99,3.99,36.0,902.2556390977444,14,28,10.0,31.425616438356165,20.0,1
2024-07-27,39.99,3.99,36.0,902.2556390977444,15,29,10.0,31.425616438356165,20.0,1
2024-07-28,39.99,3.99,36.0,902.2556390977444,16,30,9.0,31.502328767123295,19.0,1
2024-07-29,39.99,3.99,36.0,902.2556390977444,17,31,9.0,31.57904109589041,19.0,1
2024-07-30,39.99,3.99,36.0,902.2556390977444,18,32,9.0,31.655753424657536,19.0,1
2024-07-31,39.99,3.99,36.0,902.2556390977444,19,33,9.0,31.73246575342466,19.0,1
2024-08-01,39.99,3.99,36.0,902.2556390977444,20,34,9.0,31.80917808219178,19.0,1
2024-08-02,39.99,3.99,36.0,902.2556390977444,21,35,9.0,31.885890410958904,19.0,1
2024-08-03,39.99,3.99,36.0,902.2556390977444,22,36,9.0,31.96260273972603,19.0,1
2024-08-04,39.99,3.99,36.0,902.2556390977444,23,37,9.0,32.03931506849315,19.0,1
2024-08-05,39.99,3.99,36.0,902.2556390977444,24,38,9.0,32.11602739726028,19.0,1
2024-08-06,39.99,3.99,36.0,902.2556390977444,25,39,9.0,32.1927397260274,19.0,1
2024-08-07,39.99,3.99,36.0,902.2556390977444,26,40,9.0,32.1927397260274,18.0,1
2024-08-08,39.99,3.99,36.0,902.2556390977444,27,41,9.0,32.1927397260274,18.0,1
2024-08-09,39.99,3.99,36.0,902.2556390977444,28,42,9.0,32.1927397260274,18.0,1
2024-08-10,39.99,3.99,36.0,902.2556390977444,29,43,9.0,32.1927397260274,18.0,1
2024-08-11,39.99,3.99,36.0,902.2556390977444,30,44,9.0,32.1927397260274,18.0,1
2024-08-12,39.99,3.99,36.0,902.2556390977444,31,45,9.0,32.1927397260274,18.0,1
2024-08-13,9.99,3.99,6.0,150.37593984962405,0,0,9.0,32.1927397260274,18.0,0
2024-08-14,9.99,3.99,6.0,150.37593984962405,1,1,10.0,32.11054794520548,19.0,0
2024-08-15,9.99,3.99,6.0,150.37593984962405,2,2,10.0,32.02835616438356,19.0,0
2024-08-16,9.99,3.99,6.0,150.37593984962405,3,3,10.0,31.946164383561644,19.0,0
2024-08-17,9.99,3.99,6.0,150.37593984962405,4,4,10.0,31.86397260273973,19.0,0
2024-08-18,9.99,3.99,6.0,150.37593984962405,5,5,10.0,31.78178082191781,19.0,0
2024-08-19,9.99,3.99,6.0,150.37593984962405,6,6,10.0,31.69958904109589,19.0,0
2024-08-20,39.99,3.99,36.0,902.2556390977444,0,7,10.0,31.617397260273975,19.0,0
2024-08-21,39.99,3.99,36.0,902.2556390977444,1,8,10.0,31.617397260273975,20.0,1
2024-08-22,39.99,3.99,36.0,902.2556390977444,2,9,10.0,31.61739726027398,20.0,1
2024-08-23,39.99,3.99,36.0,902.2556390977444,3,10,10.0,31.617397260273975,20.0,1
2024-08-24,39.99,3.99,36.0,902.2556390977444,4,11,10.0,31.617397260273975,20.0,1
2024-08-25,39.99,3.99,36.0,902.2556390977444,5,12,10.0,31.617397260273975,20.0,1
2024-08-26,39.99,3.99,36.0,902.2556390977444,6,13,10.0,31.617397260273975,20.0,1
2024-08-27,39.99,3.99,36.0,902.2556390977444,7,14,10.0,31.617397260273975,20.0,1
2024-08-28,39.99,3.99,36.0,902.2556390977444,8,15,10.0,31.617397260273975,20.0,1
2024-08-29,39.99,3.99,36.0,902.2556390977444,9,16,10.0,31.617397260273975,20.0,1
2024-08-30,39.99,3.99,36.0,902.2556390977444,10,17,10.0,31.61739726027398,20.0,1
2024-08-31,39.99,3.99,36.0,902.2556390977444,11,18,10.0,31.617397260273975,20.0,1
2024-09-01,39.99,3.99,36.0,902.2556390977444,12,19,10.0,31.617397260273975,20.0,1
2024-09-02,39.99,3.99,36.0,902.2556390977444,13,20,10.0,31.617397260273975,20.0,1
2024-09-03,39.99,3.99,36.0,902.2556390977444,14,21,10.0,31.617397260273975,20.0,1
2024-09-04,39.99,3.99,36.0,902.2556390977444,15,22,10.0,31.617397260273975,20.0,1
2024-09-05,39.99,3.99,36.0,902.2556390977444,16,23,10.0,31.617397260273975,20.0,1
2024-09-06,39.99,3.99,36.0,902.2556390977444,17,24,10.0,31.617397260273975,20.0,1
2024-09-07,39.99,3.99,36.0,902.2556390977444,18,25,10.0,31.61739726027398,20.0,1
2024-09-08,39.99,3.99,36.0,902.2556390977444,19,26,10.0,31.617397260273975,20.0,1
2024-09-09,39.99,3.99,36.0,902.2556390977444,20,27,10.0,31.617397260273975,20.0,1
2024-09-10,39.99,3.99,36.0,902.2556390977444,21,28,10.0,31.617397260273975,20.0,1
2024-09-11,39.99,3.99,36.0,902.2556390977444,22,29,10.0,31.617397260273975,20.0,1
2024-09-12,39.99,3.99,36.0,902.2556390977444,23,30,10.0,31.617397260273975,20.0,1
2024-09-13,39.99,3.99,36.0,902.2556390977444,24,31,10.0,31.617397260273975,20.0,1
2024-09-14,39.99,3.99,36.0,902.2556390977444,25,32,10.0,31.617397260273975,20.0,1
2024-09-15,39.99,3.99,36.0,902.2556390977444,26,33,10.0,31.617397260273975,20.0,1
2024-09-16,39.99,3.99,36.0,902.2556390977444,27,34,10.0,31.617397260273975,20.0,1
2024-09-17,39.99,3.99,36.0,902.2556390977444,28,35,10.0,31.617397260273975,20.0,1
2024-09-18,39.99,3.99,36.0,902.2556390977444,29,36,10.0,31.617397260273975,20.0,1
2024-09-19,39.99,3.99,36.0,902.2556390977444,30,37,10.0,31.617397260273975,20.0,1
2024-09-20,9.99,3.99,6.0,150.37593984962405,0,0,10.0,31.617397260273975,20.0,0
2024-09-21,9.99,3.99,6.0,150.37593984962405,1,1,11.0,31.535205479452056,21.0,0
2024-09-22,9.99,3.99,6.0,150.37593984962405,2,2,11.0,31.453013698630137,21.0,0
2024-09-23,9.99,3.99,6.0,150.37593984962405,3,3,11.0,31.37082191780822,21.0,0
2024-09-24,9.99,3.99,6.0,150.37593984962405,4,4,11.0,31.288630136986306,21.0,0
2024-09-25,9.99,3.99,6.0,150.37593984962405,5,5,11.0,31.206438356164384,21.0,0
2024-09-26,9.99,3.99,6.0,150.37593984962405,6,6,10.0,31.20095890410959,20.0,0
2024-09-27,9.99,3.99,6.0,150.37593984962405,7,7,10.0,31.195479452054794,20.0,0
2024-09-28,9.99,3.99,6.0,150.37593984962405,8,8,10.0,31.19,20.0,0
2024-09-29,9.99,3.99,6.0,150.37593984962405,9,9,10.0,31.184520547945205,20.0,0
2024-09-30,39.99,3.99,36.0,902.2556390977444,0,10,10.0,31.179041095890412,20.0,1
2024-10-01,39.99,3.99,36.0,902.2556390977444,1,11,10.0,31.255753424657534,21.0,1
2024-10-02,39.99,3.99,36.0,902.2556390977444,2,12,10.0,31.332465753424664,21.0,1
2024-10-03,39.99,3.99,36.0,902.2556390977444,3,13,10.0,31.409178082191783,21.0,1
2024-10-04,39.99,3.99,36.0,902.2556390977444,4,14,10.0,31.485890410958906,21.0,1
2024-10-05,39.99,3.99,36.0,902.2556390977444,5,15,10.0,31.562602739726028,21.0,1
2024-10-06,39.99,3.99,36.0,902.2556390977444,6,16,10.0,31.63931506849315,21.0,1
2024-10-07,39.99,3.99,36.0,902.2556390977444,7,17,10.0,31.716027397260277,21.0,1
2024-10-08,39.99,3.99,36.0,902.2556390977444,8,18,10.0,31.7927397260274,21.0,1
2024-10-09,39.99,3.99,36.0,902.2556390977444,9,19,10.0,31.86945205479452,21.0,1
2024-10-10,39.99,3.99,36.0,902.2556390977444,10,20,10.0,31.869452054794525,20.0,1
2024-10-11,39.99,3.99,36.0,902.2556390977444,11,21,10.0,31.86945205479452,20.0,1
2024-10-12,39.99,3.99,36.0,902.2556390977444,12,22,10.0,31.86945205479452,20.0,1
2024-10-13,39.99,3.99,36.0,902.2556390977444,13,23,10.0,31.86945205479452,20.0,1
2024-10-14,39.99,3.99,36.0,902.2556390977444,14,24,10.0,31.86945205479452,20.0,1
2024-10-15,39.99,3.99,36.0,902.2556390977444,15,25,10.0,31.86945205479452,20.0,1
2024-10-16,39.99,3.99,36.0,902.2556390977444,16,26,10.0,31.86945205479452,20.0,1
2024-10-17,39.99,3.99,36.0,902.2556390977444,17,27,10.0,31.86945205479452,20.0,1
2024-10-18,39.99,3.99,36.0,902.2556390977444,18,28,10.0,31.86945205479452,20.0,1
2024-10-19,39.99,3.99,36.0,902.2556390977444,19,29,10.0,31.869452054794525,20.0,1
2024-10-20,39.99,3.99,36.0,902.2556390977444,20,30,10.0,31.86945205479452,20.0,1
2024-10-21,39.99,3.99,36.0,902.2556390977444,21,31,10.0,31.86945205479452,20.0,1
2024-10-22,39.99,3.99,36.0,902.2556390977444,22,32,10.0,31.86945205479452,20.0,1
2024-10-23,39.99,3.99,36.0,902.2556390977444,23,33,10.0,31.86945205479452,20.0,1
2024-10-24,39.99,3.99,36.0,902.2556390977444,24,34,10.0,31.86945205479452,20.0,1
2024-10-25,39.99,3.99,36.0,902.2556390977444,25,35,10.0,31.86945205479452,20.0,1
2024-10-26,39.99,3.99,36.0,902.2556390977444,26,36,10.0,31.86945205479452,20.0,1
2024-10-27,39.99,3.99,36.0,902.2556390977444,27,37,10.0,31.869452054794525,20.0,1
2024-10-28,39.99,3.99,36.0,902.2556390977444,28,38,10.0,31.86945205479452,20.0,1
2024-10-29,39.99,3.99,36.0,902.2556390977444,29,39,10.0,31.86945205479452,20.0,1
2024-10-30,9.99,3.99,6.0,150.37593984962405,0,0,10.0,31.86945205479452,20.0,0
2024-10-31,9.99,3.99,6.0,150.37593984962405,1,1,11.0,31.787260273972603,21.0,0
2024-11-01,9.99,3.99,6.0,150.37593984962405,2,2,11.0,31.705068493150687,21.0,0
2024-11-02,9.99,3.99,6.0,150.37593984962405,3,3,11.0,31.622876712328768,21.0,0
2024-11-03,9.99,3.99,6.0,150.37593984962405,4,4,11.0,31.54068493150685,21.0,0
2024-11-04,9.99,3.99,6.0,150.37593984962405,5,5,11.0,31.458493150684937,21.0,0
2024-11-05,9.99,3.99,6.0,150.37593984962405,6,6,11.0,31.376301369863015,21.0,0
2024-11-06,9.99,3.99,6.0,150.37593984962405,7,7,11.0,31.294109589041096,21.0,0
2024-11-07,9.99,3.99,6.0,150.37593984962405,8,8,11.0,31.21191780821918,21.0,0
2024-11-08,9.99,3.99,6.0,150.37593984962405,9,9,11.0,31.12972602739726,21.0,0
2024-11-09,9.99,3.99,6.0,150.37593984962405,10,10,11.0,31.047534246575342,21.0,0
2024-11-10,9.99,3.99,6.0,150.37593984962405,11,11,11.0,30.965342465753427,21.0,0
2024-11-11,39.99,3.99,36.0,902.2556390977444,0,12,11.0,30.883150684931508,21.0,1
2024-11-12,39.99,3.99,36.0,902.2556390977444,1,13,11.0,30.883150684931508,22.0,1
2024-11-13,39.99,3.99,36.0,902.2556390977444,2,14,11.0,30.883150684931508,22.0,1
2024-11-14,39.99,3.99,36.0,902.2556390977444,3,15,11.0,30.883150684931508,22.0,1
2024-11-15,39.99,3.99,36.0,902.2556390977444,4,16,11.0,30.883150684931508,22.0,1
2024-11-16,39.99,3.99,36.0,902.2556390977444,5,17,11.0,30.883150684931508,22.0,1
2024-11-17,39.99,3.99,36.0,902.2556390977444,6,18,11.0,30.883150684931508,22.0,1
2024-11-18,39.99,3.99,36.0,902.2556390977444,7,19,11.0,30.883150684931508,22.0,1
2024-11-19,39.99,3.99,36.0,902.2556390977444,8,20,11.0,30.883150684931508,22.0,1
2024-11-20,39.99,3.99,36.0,902.2556390977444,9,21,11.0,30.883150684931508,22.0,1
2024-11-21,39.99,3.99,36.0,902.2556390977444,10,22,11.0,30.88315068493151,22.0,1
2024-11-22,39.99,3.99,36.0,902.2556390977444,11,23,10.0,30.965342465753427,21.0,1
2024-11-23,39.99,3.99,36.0,902.2556390977444,12,24,10.0,31.047534246575342,21.0,1
2024-11-24,39.99,3.99,36.0,902.2556390977444,13,25,10.0,31.12972602739726,21.0,1
2024-11-25,39.99,3.99,36.0,902.2556390977444,14,26,10.0,31.21191780821918,21.0,1
2024-11-26,39.99,3.99,36.0,902.2556390977444,15,27,10.0,31.294109589041096,21.0,1
2024-11-27,39.99,3.99,36.0,902.2556390977444,16,28,10.0,31.376301369863015,21.0,1
2024-11-28,9.99,3.99,6.0,150.37593984962405,0,0,10.0,31.458493150684934,21.0,1
2024-11-29,9.99,3.99,6.0,150.37593984962405,1,1,11.0,31.376301369863018,21.0,1
2024-11-30,9.99,3.99,6.0,150.37593984962405,2,2,11.0,31.294109589041096,21.0,1
2024-12-01,9.99,3.99,6.0,150.37593984962405,3,3,11.0,31.21191780821918,21.0,1
2024-12-02,9.99,3.99,6.0,150.37593984962405,4,4,11.0,31.12972602739726,21.0,1
2024-12-03,9.99,3.99,6.0,150.37593984962405,5,5,11.0,31.047534246575342,21.0,1
2024-12-04,9.99,3.99,6.0,150.37593984962405,6,6,11.0,30.965342465753427,21.0,1
2024-12-05,39.99,3.99,36.0,902.2556390977444,0,7,10.0,30.965342465753427,20.0,1
2024-12-06,39.99,3.99,36.0,902.2556390977444,1,8,10.0,31.047534246575342,21.0,1
2024-12-07,39.99,3.99,36.0,902.2556390977444,2,9,10.0,31.129726027397265,21.0,1
2024-12-08,39.99,3.99,36.0,902.2556390977444,3,10,10.0,31.21191780821918,21.0,1
2024-12-09,39.99,3.99,36.0,902.2556390977444,4,11,10.0,31.294109589041096,21.0,1
2024-12-10,39.99,3.99,36.0,902.2556390977444,5,12,10.0,31.376301369863015,21.0,1
2024-12-11,7.99,3.99,4.0,100.25062656641603,0,0,10.0,31.458493150684934,21.0,0
2024-12-12,7.99,3.99,4.0,100.25062656641603,1,1,11.0,31.37082191780822,21.0,0
2024-12-13,7.99,3.99,4.0,100.25062656641603,2,2,11.0,31.283150684931506,21.0,0
2024-12-14,7.99,3.99,4.0,100.25062656641603,3,3,11.0,31.195479452054794,21.0,0
2024-12-15,7.99,3.99,4.0,100.25062656641603,4,4,11.0,31.107808219178082,21.0,0
2024-12-16,7.99,3.99,4.0,100.25062656641603,5,5,11.0,31.02013698630137,21.0,0
2024-12-17,7.99,3.99,4.0,100.25062656641603,6,6,11.0,30.93246575342466,21.0,0
2024-12-18,7.99,3.99,4.0,100.25062656641603,7,7,11.0,30.844794520547946,21.0,0
2024-12-19,39.99,3.99,36.0,902.2556390977444,0,8,11.0,30.757123287671234,21.0,1
2024-12-20,7.99,3.99,4.0,100.25062656641603,0,0,11.0,30.757123287671234,22.0,0
2024-12-21,7.99,3.99,4.0,100.25062656641603,1,1,12.0,30.669452054794522,23.0,0
2024-12-22,7.99,3.99,4.0,100.25062656641603,2,2,11.0,30.663972602739726,22.0,0
2024-12-23,7.99,3.99,4.0,100.25062656641603,3,3,11.0,30.658493150684933,22.0,0
2024-12-24,7.99,3.99,4.0,100.25062656641603,4,4,11.0,30.653013698630144,22.0,0
2024-12-25,7.99,3.99,4.0,100.25062656641603,5,5,11.0,30.647534246575344,22.0,0
2024-12-26,7.99,3.99,4.0,100.25062656641603,6,6,11.0,30.64205479452055,22.0,0
2024-12-27,7.99,3.99,4.0,100.25062656641603,7,7,11.0,30.636575342465754,22.0,0
2024-12-28,7.99,3.99,4.0,100.25062656641603,8,8,11.0,30.63109589041096,22.0,0
2024-12-29,7.99,3.99,4.0,100.25062656641603,9,9,11.0,30.625616438356165,22.0,0
2024-12-30,7.99,3.99,4.0,100.25062656641603,10,10,11.0,30.62013698630137,22.0,0
2024-12-31,7.99,3.99,4.0,100.25062656641603,11,11,11.0,30.614657534246575,22.0,0
2025-01-01,7.99,3.99,4.0,100.25062656641603,12,12,11.0,30.609178082191786,22.0,0
2025-01-02,7.99,3.99,4.0,100.25062656641603,13,13,11.0,30.603698630136986,22.0,0
2025-01-03,39.99,3.99,36.0,902.2556390977444,0,14,11.0,30.598219178082193,22.0,1
2025-01-04,39.99,3.99,36.0,902.2556390977444,1,15,11.0,30.680410958904112,23.0,1
2025-01-05,39.99,3.99,36.0,902.2556390977444,2,16,11.0,30.680410958904112,22.0,1
2025-01-06,39.99,3.99,36.0,902.2556390977444,3,17,11.0,30.680410958904112,22.0,1
2025-01-07,39.99,3.99,36.0,902.2556390977444,4,18,11.0,30.680410958904112,22.0,1
2025-01-08,39.99,3.99,36.0,902.2556390977444,5,19,11.0,30.680410958904112,22.0,1
2025-01-09,39.99,3.99,36.0,902.2556390977444,6,20,11.0,30.680410958904112,22.0,1
2025-01-10,39.99,3.99,36.0,902.2556390977444,7,21,11.0,30.680410958904112,22.0,1
2025-01-11,39.99,3.99,36.0,902.2556390977444,8,22,11.0,30.680410958904112,22.0,1
2025-01-12,39.99,3.99,36.0,902.2556390977444,9,23,11.0,30.680410958904112,22.0,1
2025-01-13,39.99,3.99,36.0,902.2556390977444,10,24,11.0,30.680410958904112,22.0,1
2025-01-14,39.99,3.99,36.0,902.2556390977444,11,25,11.0,30.680410958904112,22.0,1
2025-01-15,39.99,3.99,36.0,902.2556390977444,12,26,11.0,30.680410958904112,22.0,1
2025-01-16,39.99,3.99,36.0,902.2556390977444,13,27,11.0,30.680410958904112,22.0,1
2025-01-17,39.99,3.99,36.0,902.2556390977444,14,28,11.0,30.680410958904112,22.0,1
2025-01-18,39.99,3.99,36.0,902.2556390977444,15,29,11.0,30.680410958904115,22.0,1
2025-01-19,39.99,3.99,36.0,902.2556390977444,16,30,11.0,30.680410958904112,22.0,1
2025-01-20,39.99,3.99,36.0,902.2556390977444,17,31,11.0,30.680410958904112,22.0,1
2025-01-21,39.99,3.99,36.0,902.2556390977444,18,32,11.0,30.680410958904112,22.0,1
2025-01-22,39.99,3.99,36.0,902.2556390977444,19,33,11.0,30.680410958904112,22.0,1
2025-01-23,39.99,3.99,36.0,902.2556390977444,20,34,11.0,30.680410958904112,22.0,1
2025-01-24,39.99,3.99,36.0,902.2556390977444,21,35,11.0,30.680410958904112,22.0,1
2025-01-25,7.99,3.99,4.0,100.25062656641603,0,0,11.0,30.680410958904112,22.0,0
2025-01-26,7.99,3.99,4.0,100.25062656641603,1,1,12.0,30.592739726027403,23.0,0
2025-01-27,7.99,3.99,4.0,100.25062656641603,2,2,12.0,30.505068493150684,23.0,0
2025-01-28,7.99,3.99,4.0,100.25062656641603,3,3,12.0,30.417397260273972,23.0,0
2025-01-29,7.99,3.99,4.0,100.25062656641603,4,4,12.0,30.32972602739726,23.0,0
2025-01-30,7.99,3.99,4.0,100.25062656641603,5,5,12.0,30.24205479452055,23.0,0
2025-01-31,7.99,3.99,4.0,100.25062656641603,6,6,12.0,30.154383561643836,23.0,0
2025-02-01,7.99,3.99,4.0,100.25062656641603,7,7,12.0,30.066712328767125,23.0,0
2025-02-02,7.99,3.99,4.0,100.25062656641603,8,8,12.0,29.979041095890413,23.0,0
2025-02-03,39.99,3.99,36.0,902.2556390977444,0,9,12.0,29.8913698630137,23.0,0
2025-02-04,39.99,3.99,36.0,902.2556390977444,1,10,12.0,29.8913698630137,24.0,0
2025-02-05,39.99,3.99,36.0,902.2556390977444,2,11,12.0,29.8913698630137,24.0,0
2025-02-06,39.99,3.99,36.0,902.2556390977444,3,12,12.0,29.8913698630137,24.0,0
2025-02-07,39.99,3.99,36.0,902.2556390977444,4,13,12.0,29.8913698630137,24.0,0
2025-02-08,39.99,3.99,36.0,902.2556390977444,5,14,12.0,29.8913698630137,24.0,0
2025-02-09,39.99,3.99,36.0,902.2556390977444,6,15,11.0,29.973561643835616,23.0,0
2025-02-10,39.99,3.99,36.0,902.2556390977444,7,16,11.0,30.055753424657535,23.0,0
2025-02-11,39.99,3.99,36.0,902.2556390977444,8,17,11.0,30.137945205479454,23.0,0
2025-02-12,39.99,3.99,36.0,902.2556390977444,9,18,11.0,30.22013698630137,23.0,1
2025-02-13,39.99,3.99,36.0,902.2556390977444,10,19,11.0,30.30232876712329,23.0,1
2025-02-14,39.99,3.99,36.0,902.2556390977444,11,20,11.0,30.384520547945208,23.0,1
2025-02-15,39.99,3.99,36.0,902.2556390977444,12,21,11.0,30.466712328767123,23.0,1
2025-02-16,39.99,3.99,36.0,902.2556390977444,13,22,11.0,30.548904109589042,23.0,1
2025-02-17,39.99,3.99,36.0,902.2556390977444,14,23,11.0,30.63109589041096,23.0,1
2025-02-18,39.99,3.99,36.0,902.2556390977444,15,24,11.0,30.713287671232877,23.0,1
2025-02-19,39.99,3.99,36.0,902.2556390977444,16,25,11.0,30.713287671232877,22.0,1
2025-02-20,39.99,3.99,36.0,902.2556390977444,17,26,11.0,30.713287671232884,22.0,1
2025-02-21,39.99,3.99,36.0,902.2556390977444,18,27,11.0,30.713287671232877,22.0,1
2025-02-22,39.99,3.99,36.0,902.2556390977444,19,28,11.0,30.713287671232877,22.0,1
2025-02-23,39.99,3.99,36.0,902.2556390977444,20,29,11.0,30.713287671232877,22.0,1
2025-02-24,39.99,3.99,36.0,902.2556390977444,21,30,11.0,30.713287671232877,22.0,1
2025-02-25,39.99,3.99,36.0,902.2556390977444,22,31,11.0,30.713287671232877,22.0,1
2025-02-26,39.99,3.99,36.0,902.2556390977444,23,32,11.0,30.713287671232877,22.0,1
2025-02-27,39.99,3.99,36.0,902.2556390977444,24,33,11.0,30.713287671232877,22.0,1
2025-02-28,39.99,3.99,36.0,902.2556390977444,25,34,11.0,30.713287671232884,22.0,1
2025-03-01,39.99,3.99,36.0,902.2556390977444,26,35,11.0,30.713287671232877,22.0,1
2025-03-02,39.99,3.99,36.0,902.2556390977444,27,36,11.0,30.713287671232877,22.0,1
2025-03-03,39.99,3.99,36.0,902.2556390977444,28,37,11.0,30.713287671232877,22.0,1
2025-03-04,39.99,3.99,36.0,902.2556390977444,29,38,11.0,30.713287671232877,22.0,1
2025-03-05,39.99,3.99,36.0,902.2556390977444,30,39,11.0,30.713287671232877,22.0,1
2025-03-06,39.99,3.99,36.0,902.2556390977444,31,40,11.0,30.713287671232877,22.0,1
2025-03-07,39.99,3.99,36.0,902.2556390977444,32,41,11.0,30.713287671232877,22.0,1
2025-03-08,39.99,3.99,36.0,902.2556390977444,33,42,11.0,30.713287671232877,22.0,1
2025-03-09,39.99,3.99,36.0,902.2556390977444,34,43,11.0,30.713287671232877,22.0,1
2025-03-10,39.99,3.99,36.0,902.2556390977444,35,44,11.0,30.713287671232877,22.0,1
2025-03-11,39.99,3.99,36.0,902.2556390977444,36,45,11.0,30.713287671232877,22.0,1
2025-03-12,39.99,3.99,36.0,902.2556390977444,37,46,11.0,30.713287671232877,22.0,1
2025-03-13,39.99,3.99,36.0,902.2556390977444,38,47,11.0,30.713287671232877,22.0,1
2025-03-14,7.99,3.99,4.0,100.25062656641603,0,0,11.0,30.713287671232877,22.0,0
2025-03-15,7.99,3.99,4.0,100.25062656641603,1,1,12.0,30.625616438356165,23.0,0
2025-03-16,7.99,3.99,4.0,100.25062656641603,2,2,11.0,30.62013698630137,22.0,0
2025-03-17,7.99,3.99,4.0,100.25062656641603,3,3,11.0,30.614657534246582,22.0,0
2025-03-18,7.99,3.99,4.0,100.25062656641603,4,4,11.0,30.609178082191782,22.0,0
2025-03-19,7.99,3.99,4.0,100.25062656641603,5,5,11.0,30.603698630136986,22.0,0
2025-03-20,7.99,3.99,4.0,100.25062656641603,6,6,11.0,30.598219178082193,22.0,0
2025-03-21,7.99,3.99,4.0,100.25062656641603,7,7,11.0,30.5927397260274,22.0,0
2025-03-22,7.99,3.99,4.0,100.25062656641603,8,8,11.0,30.587260273972603,22.0,0
2025-03-23,7.99,3.99,4.0,100.25062656641603,9,9,11.0,30.49958904109589,21.0,0
2025-03-24,7.99,3.99,4.0,100.25062656641603,10,10,11.0,30.41191780821918,21.0,0
2025-03-25,7.99,3.99,4.0,100.25062656641603,11,11,11.0,30.32424657534247,21.0,0
2025-03-26,7.99,3.99,4.0,100.25062656641603,12,12,11.0,30.236575342465756,21.0,0
2025-03-27,7.99,3.99,4.0,100.25062656641603,13,13,11.0,30.148904109589044,21.0,0
2025-03-28,39.99,3.99,36.0,902.2556390977444,0,14,11.0,30.061232876712328,21.0,0
2025-03-29,39.99,3.99,36.0,902.2556390977444,1,15,11.0,30.061232876712328,22.0,0
2025-03-30,39.99,3.99,36.0,902.2556390977444,2,16,10.0,30.143424657534247,21.0,0
2025-03-31,39.99,3.99,36.0,902.2556390977444,3,17,10.0,30.225616438356166,21.0,0
2025-04-01,39.99,3.99,36.0,902.2556390977444,4,18,10.0,30.30780821917808,21.0,0
2025-04-02,39.99,3.99,36.0,902.2556390977444,5,19,10.0,30.390000000000008,21.0,0
2025-04-03,39.99,3.99,36.0,902.2556390977444,6,20,10.0,30.47219178082192,21.0,0
2025-04-04,39.99,3.99,36.0,902.2556390977444,7,21,10.0,30.554383561643835,21.0,0
2025-04-05,39.99,3.99,36.0,902.2556390977444,8,22,10.0,30.636575342465754,21.0,0
2025-04-06,39.99,3.99,36.0,902.2556390977444,9,23,10.0,30.718767123287673,21.0,0
2025-04-07,39.99,3.99,36.0,902.2556390977444,10,24,10.0,30.80095890410959,21.0,0
2025-04-08,39.99,3.99,36.0,902.2556390977444,11,25,10.0,30.883150684931508,21.0,0
2025-04-09,39.99,3.99,36.0,902.2556390977444,12,26,10.0,30.883150684931508,20.0,0
2025-04-10,39.99,3.99,36.0,902.2556390977444,13,27,10.0,30.883150684931508,20.0,0
2025-04-11,39.99,3.99,36.0,902.2556390977444,14,28,10.0,30.883150684931508,20.0,0
2025-04-12,39.99,3.99,36.0,902.2556390977444,15,29,10.0,30.883150684931508,20.0,0
2025-04-13,39.99,3.99,36.0,902.2556390977444,16,30,10.0,30.883150684931508,20.0,0
2025-04-14,39.99,3.99,36.0,902.2556390977444,17,31,10.0,30.883150684931508,20.0,0
2025-04-15,39.99,3.99,36.0,902.2556390977444,18,32,10.0,30.883150684931508,20.0,0
2025-04-16,39.99,3.99,36.0,902.2556390977444,19,33,10.0,30.883150684931508,20.0,1
2025-04-17,39.99,3.99,36.0,902.2556390977444,20,34,10.0,30.883150684931508,20.0,1
2025-04-18,39.99,3.99,36.0,902.2556390977444,21,35,10.0,30.883150684931508,20.0,1
2025-04-19,39.99,3.99,36.0,902.2556390977444,22,36,10.0,30.88315068493151,20.0,1
2025-04-20,39.99,3.99,36.0,902.2556390977444,23,37,10.0,30.883150684931508,20.0,1
2025-04-21,39.99,3.99,36.0,902.2556390977444,24,38,10.0,30.883150684931508,20.0,1
2025-04-22,39.99,3.99,36.0,902.2556390977444,25,39,10.0,30.883150684931508,20.0,1
2025-04-23,39.99,3.99,36.0,902.2556390977444,26,40,10.0,30.883150684931508,20.0,1
2025-04-24,39.99,3.99,36.0,902.2556390977444,27,41,10.0,30.883150684931508,20.0,1
2025-04-25,39.99,3.99,36.0,902.2556390977444,28,42,10.0,30.883150684931508,20.0,1
2025-04-26,39.99,3.99,36.0,902.2556390977444,29,43,10.0,30.883150684931508,20.0,1
2025-04-27,39.99,3.99,36.0,902.2556390977444,30,44,10.0,30.88315068493151,20.0,1
2025-04-28,39.99,3.99,36.0,902.2556390977444,31,45,10.0,30.883150684931508,20.0,1
2025-04-29,39.99,3.99,36.0,902.2556390977444,32,46,10.0,30.883150684931508,20.0,1
2025-04-30,39.99,3.99,36.0,902.2556390977444,33,47,10.0,30.883150684931508,20.0,1
2025-05-01,39.99,3.99,36.0,902.2556390977444,34,48,10.0,30.883150684931508,20.0,1
2025-05-02,39.99,3.99,36.0,902.2556390977444,35,49,10.0,30.883150684931508,20.0,1
2025-05-03,39.99,3.99,36.0,902.2556390977444,36,50,10.0,30.883150684931508,20.0,1
2025-05-04,39.99,3.99,36.0,902.2556390977444,37,51,10.0,30.883150684931508,20.0,1
2025-05-05,39.99,3.99,36.0,902.2556390977444,38,52,10.0,30.88315068493151,20.0,1
2025-05-06,39.99,3.99,36.0,902.2556390977444,39,53,10.0,30.883150684931508,20.0,1
2025-05-07,39.99,3.99,36.0,902.2556390977444,40,54,10.0,30.883150684931508,20.0,1
2025-05-08,39.99,3.99,36.0,902.2556390977444,41,55,10.0,30.883150684931508,20.0,1
2025-05-09,39.99,3.99,36.0,902.2556390977444,42,56,10.0,30.883150684931508,20.0,1
2025-05-10,39.99,3.99,36.0,902.2556390977444,43,57,10.0,30.883150684931508,20.0,1
2025-05-11,39.99,3.99,36.0,902.2556390977444,44,58,10.0,30.883150684931508,20.0,1
2025-05-12,39.99,3.99,36.0,902.2556390977444,45,59,10.0,30.883150684931508,20.0,1
2025-05-13,39.99,3.99,36.0,902.2556390977444,46,60,10.0,30.883150684931508,20.0,1
2025-05-14,39.99,3.99,36.0,902.2556390977444,47,61,10.0,30.883150684931508,20.0,1
2025-05-15,39.99,3.99,36.0,902.2556390977444,48,62,10.0,30.883150684931508,20.0,1
2025-05-16,3.99,3.99,0.0,0.0,0,0,10.0,30.883150684931508,20.0,0
2025-05-17,3.99,3.99,0.0,0.0,1,1,11.0,30.784520547945206,21.0,0
2025-05-18,3.99,3.99,0.0,0.0,2,2,10.0,30.768082191780824,20.0,0
2025-05-19,3.99,3.99,0.0,0.0,3,3,10.0,30.751643835616438,20.0,0
2025-05-20,3.99,3.99,0.0,0.0,4,4,10.0,30.735205479452055,20.0,0
2025-05-21,3.99,3.99,0.0,0.0,5,5,10.0,30.718767123287673,20.0,0
2025-05-22,3.99,3.99,0.0,0.0,6,6,10.0,30.702328767123294,20.0,0
2025-05-23,3.99,3.99,0.0,0.0,7,7,10.0,30.685890410958905,20.0,0
2025-05-24,3.99,3.99,0.0,0.0,8,8,10.0,30.669452054794522,20.0,0
2025-05-25,3.99,3.99,0.0,0.0,9,9,10.0,30.653013698630136,20.0,0
2025-05-26,39.99,3.99,36.0,902.2556390977444,0,10,10.0,30.636575342465754,20.0,0
2025-05-27,39.99,3.99,36.0,902.2556390977444,1,11,10.0,30.718767123287673,21.0,0
2025-05-28,39.99,3.99,36.0,902.2556390977444,2,12,10.0,30.718767123287673,20.0,1
2025-05-29,39.99,3.99,36.0,902.2556390977444,3,13,10.0,30.718767123287673,20.0,1
2025-05-30,39.99,3.99,36.0,902.2556390977444,4,14,10.0,30.718767123287677,20.0,1
2025-05-31,39.99,3.99,36.0,902.2556390977444,5,15,10.0,30.718767123287673,20.0,1
2025-06-01,39.99,3.99,36.0,902.2556390977444,6,16,10.0,30.718767123287673,20.0,1
2025-06-02,39.99,3.99,36.0,902.2556390977444,7,17,10.0,30.718767123287673,20.0,1
2025-06-03,39.99,3.99,36.0,902.2556390977444,8,18,10.0,30.718767123287673,20.0,1
2025-06-04,39.99,3.99,36.0,902.2556390977444,9,19,10.0,30.718767123287673,20.0,1
2025-06-05,39.99,3.99,36.0,902.2556390977444,10,20,10.0,30.718767123287673,20.0,1
2025-06-06,39.99,3.99,36.0,902.2556390977444,11,21,10.0,30.718767123287673,20.0,1
2025-06-07,39.99,3.99,36.0,902.2556390977444,12,22,10.0,30.718767123287673,20.0,1
2025-06-08,39.99,3.99,36.0,902.2556390977444,13,23,10.0,30.718767123287673,20.0,1
2025-06-09,39.99,3.99,36.0,902.2556390977444,14,24,10.0,30.718767123287673,20.0,1
2025-06-10,39.99,3.99,36.0,902.2556390977444,15,25,10.0,30.718767123287673,20.0,1
2025-06-11,39.99,3.99,36.0,902.2556390977444,16,26,10.0,30.718767123287673,20.0,1
2025-06-12,39.99,3.99,36.0,902.2556390977444,17,27,10.0,30.718767123287673,20.0,1
2025-06-13,39.99,3.99,36.0,902.2556390977444,18,28,10.0,30.718767123287673,20.0,1
2025-06-14,39.99,3.99,36.0,902.2556390977444,19,29,10.0,30.718767123287673,20.0,1
2025-06-15,39.99,3.99,36.0,902.2556390977444,20,30,10.0,30.718767123287673,20.0,1
2025-06-16,39.99,3.99,36.0,902.2556390977444,21,31,10.0,30.718767123287677,20.0,1
2025-06-17,39.99,3.99,36.0,902.2556390977444,22,32,10.0,30.718767123287673,20.0,1
2025-06-18,39.99,3.99,36.0,902.2556390977444,23,33,10.0,30.718767123287673,20.0,1
2025-06-19,39.99,3.99,36.0,902.2556390977444,24,34,10.0,30.718767123287673,20.0,1
2025-06-20,39.99,3.99,36.0,902.2556390977444,25,35,10.0,30.718767123287673,20.0,1
2025-06-21,39.99,3.99,36.0,902.2556390977444,26,36,10.0,30.718767123287673,20.0,1
2025-06-22,39.99,3.99,36.0,902.2556390977444,27,37,10.0,30.718767123287673,20.0,1
2025-06-23,39.99,3.99,36.0,902.2556390977444,28,38,10.0,30.718767123287673,20.0,1
2025-06-24,39.99,3.99,36.0,902.2556390977444,29,39,10.0,30.718767123287677,20.0,1
2025-06-25,39.99,3.99,36.0,902.2556390977444,30,40,10.0,30.718767123287673,20.0,1
2025-06-26,39.99,3.99,36.0,902.2556390977444,31,41,10.0,30.718767123287673,20.0,1
2025-06-27,7.99,3.99,4.0,100.25062656641603,0,0,10.0,30.718767123287673,20.0,0
2025-06-28,7.99,3.99,4.0,100.25062656641603,1,1,11.0,30.63109589041096,21.0,0
2025-06-29,7.99,3.99,4.0,100.25062656641603,2,2,10.0,30.64205479452055,20.0,0
2025-06-30,7.99,3.99,4.0,100.25062656641603,3,3,10.0,30.653013698630136,20.0,0
2025-07-01,7.99,3.99,4.0,100.25062656641603,4,4,10.0,30.663972602739726,20.0,0
2025-07-02,7.99,3.99,4.0,100.25062656641603,5,5,10.0,30.674931506849322,20.0,0
2025-07-03,7.99,3.99,4.0,100.25062656641603,6,6,10.0,30.685890410958905,20.0,0
2025-07-04,7.99,3.99,4.0,100.25062656641603,7,7,10.0,30.696849315068494,20.0,0
2025-07-05,7.99,3.99,4.0,100.25062656641603,8,8,10.0,30.707808219178084,20.0,0
2025-07-06,7.99,3.99,4.0,100.25062656641603,9,9,10.0,30.718767123287673,20.0,0
2025-07-07,7.99,3.99,4.0,100.25062656641603,10,10,10.0,30.729726027397263,20.0,0
2025-07-08,7.99,3.99,4.0,100.25062656641603,11,11,10.0,30.740684931506852,20.0,0
2025-07-09,7.99,3.99,4.0,100.25062656641603,12,12,10.0,30.751643835616438,20.0,0
2025-07-10,7.99,3.99,4.0,100.25062656641603,13,13,10.0,30.762602739726027,20.0,0
2025-07-11,39.99,3.99,36.0,902.2556390977444,0,14,10.0,30.773561643835617,20.0,1
2025-07-12,39.99,3.99,36.0,902.2556390977444,1,15,10.0,30.872191780821918,21.0,1
2025-07-13,39.99,3.99,36.0,902.2556390977444,2,16,10.0,30.872191780821918,20.0,1
2025-07-14,39.99,3.99,36.0,902.2556390977444,3,17,10.0,30.872191780821918,20.0,1
2025-07-15,39.99,3.99,36.0,902.2556390977444,4,18,10.0,30.872191780821918,20.0,1
2025-07-16,39.99,3.99,36.0,902.2556390977444,5,19,10.0,30.872191780821918,20.0,1
2025-07-17,39.99,3.99,36.0,902.2556390977444,6,20,10.0,30.872191780821918,20.0,1
2025-07-18,39.99,3.99,36.0,902.2556390977444,7,21,10.0,30.872191780821918,20.0,1
2025-07-19,39.99,3.99,36.0,902.2556390977444,8,22,10.0,30.872191780821925,20.0,1
2025-07-20,39.99,3.99,36.0,902.2556390977444,9,23,10.0,30.872191780821918,20.0,1
2025-07-21,39.99,3.99,36.0,902.2556390977444,10,24,10.0,30.872191780821918,20.0,1
2025-07-22,39.99,3.99,36.0,902.2556390977444,11,25,10.0,30.872191780821918,20.0,1
2025-07-23,39.99,3.99,36.0,902.2556390977444,12,26,10.0,30.872191780821918,20.0,1
2025-07-24,39.99,3.99,36.0,902.2556390977444,13,27,10.0,30.872191780821918,20.0,1
2025-07-25,39.99,3.99,36.0,902.2556390977444,14,28,10.0,30.872191780821918,20.0,1
2025-07-26,39.99,3.99,36.0,902.2556390977444,15,29,10.0,30.872191780821918,20.0,1
2025-07-27,39.99,3.99,36.0,902.2556390977444,16,30,10.0,30.872191780821925,20.0,1
2025-07-28,39.99,3.99,36.0,902.2556390977444,17,31,10.0,30.872191780821918,20.0,1
2025-07-29,39.99,3.99,36.0,902.2556390977444,18,32,10.0,30.872191780821918,20.0,1
2025-07-30,39.99,3.99,36.0,902.2556390977444,19,33,10.0,30.872191780821918,20.0,1
2025-07-31,39.99,3.99,36.0,902.2556390977444,20,34,10.0,30.872191780821918,20.0,1
2025-08-01,39.99,3.99,36.0,902.2556390977444,21,35,10.0,30.872191780821918,20.0,1
2025-08-02,39.99,3.99,36.0,902.2556390977444,22,36,10.0,30.872191780821918,20.0,1
2025-08-03,39.99,3.99,36.0,902.2556390977444,23,37,10.0,30.872191780821918,20.0,1
2025-08-04,39.99,3.99,36.0,902.2556390977444,24,38,10.0,30.872191780821918,20.0,1
2025-08-05,7.99,3.99,4.0,100.25062656641603,0,0,10.0,30.872191780821918,20.0,0
2025-08-06,7.99,3.99,4.0,100.25062656641603,1,1,11.0,30.784520547945206,21.0,0
2025-08-07,7.99,3.99,4.0,100.25062656641603,2,2,11.0,30.696849315068494,21.0,0
2025-08-08,7.99,3.99,4.0,100.25062656641603,3,3,11.0,30.609178082191782,21.0,0
2025-08-09,7.99,3.99,4.0,100.25062656641603,4,4,11.0,30.52150684931507,21.0,0
2025-08-10,7.99,3.99,4.0,100.25062656641603,5,5,11.0,30.43383561643836,21.0,0
2025-08-11,7.99,3.99,4.0,100.25062656641603,6,6,11.0,30.346164383561646,21.0,0
2025-08-12,7.99,3.99,4.0,100.25062656641603,7,7,11.0,30.25849315068493,21.0,0
2025-08-13,7.99,3.99,4.0,100.25062656641603,8,8,11.0,30.170821917808226,21.0,0
2025-08-14,7.99,3.99,4.0,100.25062656641603,9,9,10.0,30.165342465753426,20.0,0
2025-08-15,7.99,3.99,4.0,100.25062656641603,10,10,10.0,30.15986301369863,20.0,0
2025-08-16,7.99,3.99,4.0,100.25062656641603,11,11,10.0,30.154383561643836,20.0,0
2025-08-17,7.99,3.99,4.0,100.25062656641603,12,12,10.0,30.148904109589044,20.0,0
2025-08-18,39.99,3.99,36.0,902.2556390977444,0,13,10.0,30.143424657534247,20.0,0
2025-08-19,39.99,3.99,36.0,902.2556390977444,1,14,10.0,30.225616438356166,21.0,0
2025-08-20,39.99,3.99,36.0,902.2556390977444,2,15,10.0,30.30780821917808,21.0,1
2025-08-21,39.99,3.99,36.0,902.2556390977444,3,16,10.0,30.30780821917809,20.0,1
2025-08-22,39.99,3.99,36.0,902.2556390977444,4,17,10.0,30.30780821917808,20.0,1
2025-08-23,39.99,3.99,36.0,902.2556390977444,5,18,10.0,30.30780821917808,20.0,1
2025-08-24,39.99,3.99,36.0,902.2556390977444,6,19,10.0,30.30780821917808,20.0,1
2025-08-25,39.99,3.99,36.0,902.2556390977444,7,20,10.0,30.30780821917808,20.0,1
2025-08-26,39.99,3.99,36.0,902.2556390977444,8,21,10.0,30.30780821917808,20.0,1
2025-08-27,39.99,3.99,36.0,902.2556390977444,9,22,10.0,30.30780821917808,20.0,1
2025-08-28,39.99,3.99,36.0,902.2556390977444,10,23,10.0,30.30780821917808,20.0,1
2025-08-29,39.99,3.99,36.0,902.2556390977444,11,24,10.0,30.30780821917809,20.0,1
2025-08-30,39.99,3.99,36.0,902.2556390977444,12,25,10.0,30.30780821917808,20.0,1
2025-08-31,39.99,3.99,36.0,902.2556390977444,13,26,10.0,30.30780821917808,20.0,1
2025-09-01,39.99,3.99,36.0,902.2556390977444,14,27,10.0,30.30780821917808,20.0,1
2025-09-02,39.99,3.99,36.0,902.2556390977444,15,28,10.0,30.30780821917808,20.0,1
2025-09-03,39.99,3.99,36.0,902.2556390977444,16,29,10.0,30.30780821917808,20.0,1
2025-09-04,39.99,3.99,36.0,902.2556390977444,17,30,10.0,30.30780821917808,20.0,1
2025-09-05,39.99,3.99,36.0,902.2556390977444,18,31,10.0,30.30780821917808,20.0,1
2025-09-06,39.99,3.99,36.0,902.2556390977444,19,32,10.0,30.30780821917808,20.0,1
2025-09-07,39.99,3.99,36.0,902.2556390977444,20,33,10.0,30.30780821917808,20.0,1
2025-09-08,39.99,3.99,36.0,902.2556390977444,21,34,10.0,30.30780821917808,20.0,1
2025-09-09,39.99,3.99,36.0,902.2556390977444,22,35,10.0,30.30780821917808,20.0,1
2025-09-10,39.99,3.99,36.0,902.2556390977444,23,36,10.0,30.30780821917808,20.0,1
2025-09-11,39.99,3.99,36.0,902.2556390977444,24,37,10.0,30.30780821917808,20.0,1
2025-09-12,39.99,3.99,36.0,902.2556390977444,25,38,10.0,30.30780821917808,20.0,1
2025-09-13,39.99,3.99,36.0,902.2556390977444,26,39,10.0,30.30780821917808,20.0,1
2025-09-14,39.99,3.99,36.0,902.2556390977444,27,40,10.0,30.30780821917808,20.0,1
2025-09-15,39.99,3.99,36.0,902.2556390977444,28,41,10.0,30.30780821917809,20.0,1
2025-09-16,39.99,3.99,36.0,902.2556390977444,29,42,10.0,30.30780821917808,20.0,1
2025-09-17,39.99,3.99,36.0,902.2556390977444,30,43,10.0,30.30780821917808,20.0,1
2025-09-18,39.99,3.99,36.0,902.2556390977444,31,44,10.0,30.30780821917808,20.0,1
2025-09-19,7.99,3.99,4.0,100.25062656641603,0,0,10.0,30.30780821917808,20.0,0
2025-09-20,7.99,3.99,4.0,100.25062656641603,1,1,11.0,30.22013698630137,21.0,0
2025-09-21,7.99,3.99,4.0,100.25062656641603,2,2,10.0,30.214657534246577,20.0,0
2025-09-22,7.99,3.99,4.0,100.25062656641603,3,3,10.0,30.20917808219178,20.0,0
2025-09-23,7.99,3.99,4.0,100.25062656641603,4,4,10.0,30.20369863013699,20.0,0
2025-09-24,7.99,3.99,4.0,100.25062656641603,5,5,10.0,30.198219178082194,20.0,0
2025-09-25,7.99,3.99,4.0,100.25062656641603,6,6,10.0,30.192739726027398,20.0,0
2025-09-26,7.99,3.99,4.0,100.25062656641603,7,7,10.0,30.187260273972605,20.0,0
2025-09-27,7.99,3.99,4.0,100.25062656641603,8,8,10.0,30.18178082191781,20.0,0
2025-09-28,7.99,3.99,4.0,100.25062656641603,9,9,10.0,30.176301369863015,20.0,0
2025-09-29,39.99,3.99,36.0,902.2556390977444,0,10,10.0,30.17082191780822,20.0,1
2025-09-30,7.99,3.99,4.0,100.25062656641603,0,0,10.0,30.253013698630138,21.0,0
2025-10-01,7.99,3.99,4.0,100.25062656641603,1,1,11.0,30.165342465753426,21.0,0
2025-10-02,7.99,3.99,4.0,100.25062656641603,2,2,11.0,30.077671232876714,21.0,0
2025-10-03,7.99,3.99,4.0,100.25062656641603,3,3,11.0,29.990000000000002,21.0,0
2025-10-04,7.99,3.99,4.0,100.25062656641603,4,4,11.0,29.90232876712329,21.0,0
2025-10-05,7.99,3.99,4.0,100.25062656641603,5,5,11.0,29.814657534246578,21.0,0
2025-10-06,7.99,3.99,4.0,100.25062656641603,6,6,11.0,29.726986301369863,21.0,0
2025-10-07,39.99,3.99,36.0,902.2556390977444,0,7,11.0,29.63931506849315,21.0,0
2025-10-08,39.99,3.99,36.0,902.2556390977444,1,8,11.0,29.63931506849315,22.0,0
2025-10-09,39.99,3.99,36.0,902.2556390977444,2,9,11.0,29.63931506849315,22.0,0
2025-10-10,39.99,3.99,36.0,902.2556390977444,3,10,11.0,29.63931506849315,22.0,0
2025-10-11,39.99,3.99,36.0,902.2556390977444,4,11,11.0,29.63931506849315,22.0,0
2025-10-12,39.99,3.99,36.0,902.2556390977444,5,12,11.0,29.63931506849315,22.0,0
2025-10-13,39.99,3.99,36.0,902.2556390977444,6,13,11.0,29.63931506849315,22.0,0
2025-10-14,39.99,3.99,36.0,902.2556390977444,7,14,11.0,29.63931506849315,22.0,0
2025-10-15,39.99,3.99,36.0,902.2556390977444,8,15,11.0,29.63931506849315,22.0,0
2025-10-16,39.99,3.99,36.0,902.2556390977444,9,16,11.0,29.63931506849315,22.0,0
2025-10-17,39.99,3.99,36.0,902.2556390977444,10,17,11.0,29.63931506849315,22.0,0
2025-10-18,39.99,3.99,36.0,902.2556390977444,11,18,11.0,29.639315068493158,22.0,0
2025-10-19,39.99,3.99,36.0,902.2556390977444,12,19,11.0,29.63931506849315,22.0,0
2025-10-20,39.99,3.99,36.0,902.2556390977444,13,20,11.0,29.63931506849315,22.0,0
2025-10-21,39.99,3.99,36.0,902.2556390977444,14,21,11.0,29.63931506849315,22.0,0
2025-10-22,39.99,3.99,36.0,902.2556390977444,15,22,11.0,29.63931506849315,22.0,0
2025-10-23,39.99,3.99,36.0,902.2556390977444,16,23,11.0,29.63931506849315,22.0,0
2025-10-24,39.99,3.99,36.0,902.2556390977444,17,24,11.0,29.63931506849315,22.0,0
2025-10-25,39.99,3.99,36.0,902.2556390977444,18,25,11.0,29.63931506849315,22.0,0
2025-10-26,39.99,3.99,36.0,902.2556390977444,19,26,11.0,29.639315068493158,22.0,0
2025-10-27,39.99,3.99,36.0,902.2556390977444,20,27,11.0,29.63931506849315,22.0,0
2025-10-28,39.99,3.99,36.0,902.2556390977444,21,28,11.0,29.63931506849315,22.0,0
2025-10-29,39.99,3.99,36.0,902.2556390977444,22,29,11.0,29.63931506849315,22.0,1
2025-10-30,39.99,3.99,36.0,902.2556390977444,23,30,11.0,29.63931506849315,22.0,1
2025-10-31,39.99,3.99,36.0,902.2556390977444,24,31,10.0,29.72150684931507,21.0,1
2025-11-01,39.99,3.99,36.0,902.2556390977444,25,32,10.0,29.80369863013699,21.0,1
2025-11-02,39.99,3.99,36.0,902.2556390977444,26,33,10.0,29.885890410958904,21.0,1
2025-11-03,39.99,3.99,36.0,902.2556390977444,27,34,10.0,29.968082191780823,21.0,1
2025-11-04,39.99,3.99,36.0,902.2556390977444,28,35,10.0,30.050273972602742,21.0,1
2025-11-05,39.99,3.99,36.0,902.2556390977444,29,36,10.0,30.132465753424658,21.0,1
2025-11-06,39.99,3.99,36.0,902.2556390977444,30,37,10.0,30.214657534246577,21.0,1
2025-11-07,39.99,3.99,36.0,902.2556390977444,31,38,10.0,30.296849315068496,21.0,1
2025-11-08,39.99,3.99,36.0,902.2556390977444,32,39,10.0,30.37904109589041,21.0,1
2025-11-09,39.99,3.99,36.0,902.2556390977444,33,40,10.0,30.46123287671233,21.0,1
2025-11-10,39.99,3.99,36.0,902.2556390977444,34,41,10.0,30.54342465753425,21.0,1
2025-11-11,39.99,3.99,36.0,902.2556390977444,35,42,10.0,30.625616438356165,21.0,1
2025-11-12,39.99,3.99,36.0,902.2556390977444,36,43,10.0,30.62561643835617,20.0,1
2025-11-13,39.99,3.99,36.0,902.2556390977444,37,44,10.0,30.625616438356165,20.0,1
2025-11-14,39.99,3.99,36.0,902.2556390977444,38,45,10.0,30.625616438356165,20.0,1
2025-11-15,39.99,3.99,36.0,902.2556390977444,39,46,10.0,30.625616438356165,20.0,1
2025-11-16,39.99,3.99,36.0,902.2556390977444,40,47,10.0,30.625616438356165,20.0,1
2025-11-17,39.99,3.99,36.0,902.2556390977444,41,48,10.0,30.625616438356165,20.0,1
2025-11-18,39.99,3.99,36.0,902.2556390977444,42,49,10.0,30.625616438356165,20.0,1
2025-11-19,39.99,3.99,36.0,902.2556390977444,43,50,10.0,30.625616438356165,20.0,1
2025-11-20,39.99,3.99,36.0,902.2556390977444,44,51,10.0,30.62561643835617,20.0,1
2025-11-21,39.99,3.99,36.0,902.2556390977444,45,52,10.0,30.625616438356165,20.0,1
2025-11-22,39.99,3.99,36.0,902.2556390977444,46,53,10.0,30.625616438356165,20.0,1
2025-11-23,39.99,3.99,36.0,902.2556390977444,47,54,10.0,30.625616438356165,20.0,1
2025-11-24,39.99,3.99,36.0,902.2556390977444,48,55,10.0,30.625616438356165,20.0,1
2025-11-25,39.99,3.99,36.0,902.2556390977444,49,56,10.0,30.625616438356165,20.0,1
2025-11-26,39.99,3.99,36.0,902.2556390977444,50,57,10.0,30.625616438356165,20.0,1
2025-11-27,39.99,3.99,36.0,902.2556390977444,51,58,10.0,30.625616438356165,20.0,1
2025-11-28,3.99,3.99,0.0,0.0,0,0,10.0,30.62561643835617,20.0,0
2025-11-29,3.99,3.99,0.0,0.0,1,1,10.0,30.609178082191782,20.0,0
2025-11-30,3.99,3.99,0.0,0.0,2,2,10.0,30.5927397260274,20.0,0
2025-12-01,3.99,3.99,0.0,0.0,3,3,10.0,30.576301369863014,20.0,0
2025-12-02,3.99,3.99,0.0,0.0,4,4,10.0,30.55986301369863,20.0,0
2025-12-03,3.99,3.99,0.0,0.0,5,5,10.0,30.54342465753425,20.0,0
2025-12-04,3.99,3.99,0.0,0.0,6,6,10.0,30.526986301369863,20.0,0
2025-12-05,3.99,3.99,0.0,0.0,7,7,10.0,30.51054794520548,20.0,0
2025-12-06,3.99,3.99,0.0,0.0,8,8,10.0,30.41191780821918,19.0,0
2025-12-07,3.99,3.99,0.0,0.0,9,9,10.0,30.313287671232878,19.0,0
2025-12-08,3.99,3.99,0.0,0.0,10,10,10.0,30.214657534246577,19.0,0
2025-12-09,3.99,3.99,0.0,0.0,11,11,10.0,30.116027397260275,19.0,0
2025-12-10,3.99,3.99,0.0,0.0,12,12,10.0,30.017397260273974,19.0,0
2025-12-11,3.99,3.99,0.0,0.0,13,13,10.0,29.918767123287672,19.0,0
2025-12-12,39.99,3.99,36.0,902.2556390977444,0,14,9.0,29.907808219178083,18.0,1
2025-12-13,39.99,3.99,36.0,902.2556390977444,1,15,9.0,29.995479452054795,19.0,1
2025-12-14,39.99,3.99,36.0,902.2556390977444,2,16,9.0,30.083150684931507,19.0,1
2025-12-15,39.99,3.99,36.0,902.2556390977444,3,17,9.0,30.170821917808226,19.0,1
2025-12-16,39.99,3.99,36.0,902.2556390977444,4,18,9.0,30.25849315068493,19.0,1
2025-12-17,39.99,3.99,36.0,902.2556390977444,5,19,9.0,30.346164383561646,19.0,1
2025-12-18,39.99,3.99,36.0,902.2556390977444,6,20,9.0,30.43383561643836,19.0,1
2025-12-19,3.99,3.99,0.0,0.0,0,0,9.0,30.52150684931507,19.0,0
2025-12-20,3.99,3.99,0.0,0.0,1,1,10.0,30.42287671232877,19.0,0
2025-12-21,3.99,3.99,0.0,0.0,2,2,9.0,30.41191780821918,18.0,0
2025-12-22,3.99,3.99,0.0,0.0,3,3,9.0,30.40095890410959,18.0,0
2025-12-23,3.99,3.99,0.0,0.0,4,4,9.0,30.390000000000008,18.0,0
2025-12-24,3.99,3.99,0.0,0.0,5,5,9.0,30.37904109589041,18.0,0
2025-12-25,3.99,3.99,0.0,0.0,6,6,9.0,30.36808219178082,18.0,0
2025-12-26,3.99,3.99,0.0,0.0,7,7,9.0,30.357123287671232,18.0,0
2025-12-27,3.99,3.99,0.0,0.0,8,8,9.0,30.346164383561646,18.0,0
2025-12-28,3.99,3.99,0.0,0.0,9,9,9.0,30.335205479452057,18.0,0
2025-12-29,3.99,3.99,0.0,0.0,10,10,9.0,30.324246575342467,18.0,0
2025-12-30,3.99,3.99,0.0,0.0,11,11,9.0,30.313287671232878,18.0,0
2025-12-31,3.99,3.99,0.0,0.0,12,12,9.0,30.30232876712329,18.0,0
2026-01-01,3.99,3.99,0.0,0.0,13,13,9.0,30.2913698630137,18.0,0
2026-01-02,3.99,3.99,0.0,0.0,14,14,9.0,30.28041095890411,18.0,0
2026-01-03,3.99,3.99,0.0,0.0,15,15,9.0,30.26945205479452,18.0,0
2026-01-04,3.99,3.99,0.0,0.0,16,16,9.0,30.17082191780822,17.0,0
2026-01-05,3.99,3.99,0.0,0.0,17,17,9.0,30.072191780821917,17.0,0
2026-01-06,39.99,3.99,36.0,902.2556390977444,0,18,9.0,29.973561643835616,17.0,0
2026-01-07,39.99,3.99,36.0,902.2556390977444,1,19,9.0,29.973561643835616,18.0,0
2026-01-08,39.99,3.99,36.0,902.2556390977444,2,20,9.0,29.973561643835616,18.0,0
2026-01-09,39.99,3.99,36.0,902.2556390977444,3,21,9.0,29.973561643835623,18.0,0
2026-01-10,39.99,3.99,36.0,902.2556390977444,4,22,9.0,29.973561643835616,18.0,0
2026-01-11,39.99,3.99,36.0,902.2556390977444,5,23,9.0,29.973561643835616,18.0,0
2026-01-12,39.99,3.99,36.0,902.2556390977444,6,24,9.0,29.973561643835616,18.0,0
2026-01-13,39.99,3.99,36.0,902.2556390977444,7,25,9.0,29.973561643835616,18.0,0
2026-01-14,39.99,3.99,36.0,902.2556390977444,8,26,9.0,29.973561643835616,18.0,1
2026-01-15,39.99,3.99,36.0,902.2556390977444,9,27,9.0,29.973561643835616,18.0,1
2026-01-16,39.99,3.99,36.0,902.2556390977444,10,28,9.0,29.973561643835616,18.0,1
2026-01-17,39.99,3.99,36.0,902.2556390977444,11,29,9.0,29.973561643835623,18.0,1
2026-01-18,39.99,3.99,36.0,902.2556390977444,12,30,9.0,29.973561643835616,18.0,1
2026-01-19,39.99,3.99,36.0,902.2556390977444,13,31,9.0,29.973561643835616,18.0,1
2026-01-20,39.99,3.99,36.0,902.2556390977444,14,32,9.0,29.973561643835616,18.0,1
2026-01-21,39.99,3.99,36.0,902.2556390977444,15,33,9.0,29.973561643835616,18.0,1
2026-01-22,39.99,3.99,36.0,902.2556390977444,16,34,9.0,29.973561643835616,18.0,1
2026-01-23,39.99,3.99,36.0,902.2556390977444,17,35,9.0,29.973561643835616,18.0,1
2026-01-24,39.99,3.99,36.0,902.2556390977444,18,36,9.0,29.973561643835616,18.0,1
2026-01-25,39.99,3.99,36.0,902.2556390977444,19,37,9.0,29.973561643835623,18.0,1
2026-01-26,39.99,3.99,36.0,902.2556390977444,20,38,8.0,30.061232876712328,17.0,1
2026-01-27,39.99,3.99,36.0,902.2556390977444,21,39,8.0,30.148904109589044,17.0,1
2026-01-28,39.99,3.99,36.0,902.2556390977444,22,40,8.0,30.236575342465756,17.0,1
2026-01-29,39.99,3.99,36.0,902.2556390977444,23,41,8.0,30.324246575342467,17.0,1
2026-01-30,39.99,3.99,36.0,902.2556390977444,24,42,8.0,30.41191780821918,17.0,1
2026-01-31,39.99,3.99,36.0,902.2556390977444,25,43,8.0,30.49958904109589,17.0,1
2026-02-01,39.99,3.99,36.0,902.2556390977444,26,44,8.0,30.587260273972603,17.0,1
2026-02-02,39.99,3.99,36.0,902.2556390977444,27,45,8.0,30.674931506849315,17.0,1
2026-02-03,39.99,3.99,36.0,902.2556390977444,28,46,8.0,30.762602739726034,17.0,1
2026-02-04,39.99,3.99,36.0,902.2556390977444,29,47,8.0,30.762602739726027,16.0,1
2026-02-05,39.99,3.99,36.0,902.2556390977444,30,48,8.0,30.762602739726027,16.0,1
2026-02-06,39.99,3.99,36.0,902.2556390977444,31,49,8.0,30.762602739726027,16.0,1
2026-02-07,39.99,3.99,36.0,902.2556390977444,32,50,8.0,30.762602739726027,16.0,1
2026-02-08,39.99,3.99,36.0,902.2556390977444,33,51,8.0,30.762602739726027,16.0,1
2026-02-09,39.99,3.99,36.0,902.2556390977444,34,52,8.0,30.762602739726027,16.0,1
2026-02-10,39.99,3.99,36.0,902.2556390977444,35,53,8.0,30.762602739726027,16.0,1
2026-02-11,39.99,3.99,36.0,902.2556390977444,36,54,8.0,30.762602739726034,16.0,1
2026-02-12,39.99,3.99,36.0,902.2556390977444,37,55,8.0,30.762602739726027,16.0,1
2026-02-13,7.99,3.99,4.0,100.25062656641603,0,0,8.0,30.762602739726027,16.0,0
2026-02-14,7.99,3.99,4.0,100.25062656641603,1,1,9.0,30.674931506849315,17.0,0
2026-02-15,7.99,3.99,4.0,100.25062656641603,2,2,9.0,30.587260273972603,17.0,0
2026-02-16,7.99,3.99,4.0,100.25062656641603,3,3,9.0,30.49958904109589,17.0,0
2026-02-17,7.99,3.99,4.0,100.25062656641603,4,4,9.0,30.41191780821918,17.0,0
2026-02-18,7.99,3.99,4.0,100.25062656641603,5,5,9.0,30.324246575342467,17.0,0
2026-02-19,7.99,3.99,4.0,100.25062656641603,6,6,9.0,30.23657534246576,17.0,0
2026-02-20,7.99,3.99,4.0,100.25062656641603,7,7,9.0,30.148904109589044,17.0,0
2026-02-21,7.99,3.99,4.0,100.25062656641603,8,8,9.0,30.061232876712328,17.0,0
2026-02-22,7.99,3.99,4.0,100.25062656641603,9,9,9.0,29.973561643835616,17.0,0
2026-02-23,39.99,3.99,36.0,902.2556390977444,0,10,9.0,29.885890410958904,17.0,1
2026-02-24,39.99,3.99,36.0,902.2556390977444,1,11,9.0,29.885890410958904,18.0,1
2026-02-25,39.99,3.99,36.0,902.2556390977444,2,12,9.0,29.885890410958904,18.0,1
2026-02-26,39.99,3.99,36.0,902.2556390977444,3,13,9.0,29.885890410958904,18.0,1
2026-02-27,39.99,3.99,36.0,902.2556390977444,4,14,9.0,29.885890410958904,18.0,1
2026-02-28,39.99,3.99,36.0,902.2556390977444,5,15,9.0,29.885890410958904,18.0,1
2026-03-01,39.99,3.99,36.0,902.2556390977444,6,16,9.0,29.885890410958904,18.0,1
2026-03-02,39.99,3.99,36.0,902.2556390977444,7,17,9.0,29.885890410958904,18.0,1
2026-03-03,39.99,3.99,36.0,902.2556390977444,8,18,9.0,29.885890410958904,18.0,1
2026-03-04,39.99,3.99,36.0,902.2556390977444,9,19,9.0,29.885890410958904,18.0,1
2026-03-05,39.99,3.99,36.0,902.2556390977444,10,20,9.0,29.885890410958904,18.0,1
2026-03-06,39.99,3.99,36.0,902.2556390977444,11,21,9.0,29.885890410958904,18.0,1
2026-03-07,39.99,3.99,36.0,902.2556390977444,12,22,9.0,29.885890410958904,18.0,1
2026-03-08,39.99,3.99,36.0,902.2556390977444,13,23,9.0,29.88589041095891,18.0,1
2026-03-09,39.99,3.99,36.0,902.2556390977444,14,24,9.0,29.885890410958904,18.0,1
2026-03-10,39.99,3.99,36.0,902.2556390977444,15,25,9.0,29.885890410958904,18.0,1
2026-03-11,39.99,3.99,36.0,902.2556390977444,16,26,9.0,29.885890410958904,18.0,1
2026-03-12,39.99,3.99,36.0,902.2556390977444,17,27,9.0,29.885890410958904,18.0,1
2026-03-13,39.99,3.99,36.0,902.2556390977444,18,28,9.0,29.885890410958904,18.0,1
2026-03-14,39.99,3.99,36.0,902.2556390977444,19,29,9.0,29.885890410958904,18.0,1
2026-03-15,39.99,3.99,36.0,902.2556390977444,20,30,8.0,29.973561643835616,17.0,1
2026-03-16,39.99,3.99,36.0,902.2556390977444,21,31,8.0,30.061232876712335,17.0,1
2026-03-17,39.99,3.99,36.0,902.2556390977444,22,32,8.0,30.148904109589044,17.0,1
2026-03-18,39.99,3.99,36.0,902.2556390977444,23,33,8.0,30.236575342465756,17.0,1
2026-03-19,39.99,3.99,36.0,902.2556390977444,24,34,8.0,30.324246575342467,17.0,1
2026-03-20,7.99,3.99,4.0,100.25062656641603,0,0,8.0,30.41191780821918,17.0,0
2026-03-21,7.99,3.99,4.0,100.25062656641603,1,1,9.0,30.41191780821918,18.0,0
2026-03-22,7.99,3.99,4.0,100.25062656641603,2,2,9.0,30.41191780821918,18.0,0
2026-03-23,7.99,3.99,4.0,100.25062656641603,3,3,9.0,30.41191780821918,18.0,0
2026-03-24,7.99,3.99,4.0,100.25062656641603,4,4,9.0,30.411917808219183,18.0,0
2026-03-25,7.99,3.99,4.0,100.25062656641603,5,5,9.0,30.41191780821918,18.0,0
2026-03-26,7.99,3.99,4.0,100.25062656641603,6,6,9.0,30.41191780821918,18.0,0
2026-03-27,39.99,3.99,36.0,902.2556390977444,0,7,9.0,30.41191780821918,18.0,1
2026-03-28,39.99,3.99,36.0,902.2556390977444,1,8,9.0,30.49958904109589,19.0,1
2026-03-29,39.99,3.99,36.0,902.2556390977444,2,9,9.0,30.49958904109589,18.0,1
2026-03-30,39.99,3.99,36.0,902.2556390977444,3,10,9.0,30.49958904109589,18.0,1
2026-03-31,39.99,3.99,36.0,902.2556390977444,4,11,9.0,30.49958904109589,18.0,1
2026-04-01,39.99,3.99,36.0,902.2556390977444,5,12,9.0,30.49958904109589,18.0,1
2026-04-02,39.99,3.99,36.0,902.2556390977444,6,13,9.0,30.49958904109589,18.0,1
2026-04-03,39.99,3.99,36.0,902.2556390977444,7,14,9.0,30.49958904109589,18.0,1
2026-04-04,39.99,3.99,36.0,902.2556390977444,8,15,9.0,30.49958904109589,18.0,1
2026-04-05,39.99,3.99,36.0,902.2556390977444,9,16,9.0,30.49958904109589,18.0,1
2026-04-06,39.99,3.99,36.0,902.2556390977444,10,17,9.0,30.49958904109589,18.0,1
2026-04-07,39.99,3.99,36.0,902.2556390977444,11,18,9.0,30.49958904109589,18.0,1
2026-04-08,39.99,3.99,36.0,902.2556390977444,12,19,9.0,30.49958904109589,18.0,1
2026-04-09,39.99,3.99,36.0,902.2556390977444,13,20,9.0,30.49958904109589,18.0,1
2026-04-10,39.99,3.99,36.0,902.2556390977444,14,21,9.0,30.499589041095895,18.0,1
2026-04-11,39.99,3.99,36.0,902.2556390977444,15,22,9.0,30.49958904109589,18.0,1
2026-04-12,39.99,3.99,36.0,902.2556390977444,16,23,9.0,30.49958904109589,18.0,1
2026-04-13,39.99,3.99,36.0,902.2556390977444,17,24,9.0,30.49958904109589,18.0,1
2026-04-14,39.99,3.99,36.0,902.2556390977444,18,25,9.0,30.49958904109589,18.0,1
2026-04-15,39.99,3.99,36.0,902.2556390977444,19,26,9.0,30.49958904109589,18.0,1
2026-04-16,39.99,3.99,36.0,902.2556390977444,20,27,9.0,30.49958904109589,18.0,1
2026-04-17,39.99,3.99,36.0,902.2556390977444,21,28,9.0,30.49958904109589,18.0,1
2026-04-18,39.99,3.99,36.0,902.2556390977444,22,29,9.0,30.499589041095895,18.0,1
2026-04-19,39.99,3.99,36.0,902.2556390977444,23,30,9.0,30.49958904109589,18.0,1
2026-04-20,39.99,3.99,36.0,902.2556390977444,24,31,9.0,30.49958904109589,18.0,1
2026-04-21,7.99,3.99,4.0,100.25062656641603,0,0,9.0,30.49958904109589,18.0,0
2026-04-22,7.99,3.99,4.0,100.25062656641603,1,1,10.0,30.41191780821918,19.0,0
2026-04-23,7.99,3.99,4.0,100.25062656641603,2,2,10.0,30.324246575342467,19.0,0
2026-04-24,7.99,3.99,4.0,100.25062656641603,3,3,10.0,30.236575342465756,19.0,0
2026-04-25,7.99,3.99,4.0,100.25062656641603,4,4,10.0,30.148904109589044,19.0,0
2026-04-26,7.99,3.99,4.0,100.25062656641603,5,5,10.0,30.061232876712328,19.0,0
2026-04-27,7.99,3.99,4.0,100.25062656641603,6,6,10.0,29.973561643835616,19.0,0
2026-04-28,7.99,3.99,4.0,100.25062656641603,7,7,10.0,29.885890410958904,19.0,0
2026-04-29,7.99,3.99,4.0,100.25062656641603,8,8,10.0,29.798219178082192,19.0,0
2026-04-30,7.99,3.99,4.0,100.25062656641603,9,9,10.0,29.71054794520548,19.0,0
2026-05-01,7.99,3.99,4.0,100.25062656641603,10,10,10.0,29.622876712328768,19.0,0
2026-05-02,7.99,3.99,4.0,100.25062656641603,11,11,10.0,29.535205479452056,19.0,0
2026-05-03,7.99,3.99,4.0,100.25062656641603,12,12,10.0,29.447534246575344,19.0,0
2026-05-04,39.99,3.99,36.0,902.2556390977444,0,13,10.0,29.359863013698632,19.0,0
2026-05-05,39.99,3.99,36.0,902.2556390977444,1,14,10.0,29.359863013698632,20.0,0
2026-05-06,39.99,3.99,36.0,902.2556390977444,2,15,10.0,29.359863013698632,20.0,0
2026-05-07,39.99,3.99,36.0,902.2556390977444,3,16,10.0,29.359863013698632,20.0,0
2026-05-08,39.99,3.99,36.0,902.2556390977444,4,17,10.0,29.359863013698632,20.0,0
2026-05-09,39.99,3.99,36.0,902.2556390977444,5,18,10.0,29.359863013698632,20.0,0
2026-05-10,39.99,3.99,36.0,902.2556390977444,6,19,10.0,29.359863013698632,20.0,0
2026-05-11,39.99,3.99,36.0,902.2556390977444,7,20,10.0,29.359863013698632,20.0,0
2026-05-12,39.99,3.99,36.0,902.2556390977444,8,21,10.0,29.359863013698632,20.0,0
2026-05-13,39.99,3.99,36.0,902.2556390977444,9,22,10.0,29.359863013698636,20.0,0
2026-05-14,39.99,3.99,36.0,902.2556390977444,10,23,10.0,29.359863013698632,20.0,0
2026-05-15,39.99,3.99,36.0,902.2556390977444,11,24,10.0,29.359863013698632,20.0,0
2026-05-16,39.99,3.99,36.0,902.2556390977444,12,25,10.0,29.359863013698632,20.0,0
2026-05-17,39.99,3.99,36.0,902.2556390977444,13,26,9.0,29.458493150684934,19.0,0
2026-05-18,39.99,3.99,36.0,902.2556390977444,14,27,9.0,29.557123287671235,19.0,0
2026-05-19,39.99,3.99,36.0,902.2556390977444,15,28,9.0,29.655753424657536,19.0,0
2026-05-20,39.99,3.99,36.0,902.2556390977444,16,29,9.0,29.754383561643838,19.0,1
2026-05-21,39.99,3.99,36.0,902.2556390977444,17,30,9.0,29.853013698630143,19.0,1
2026-05-22,39.99,3.99,36.0,902.2556390977444,18,31,9.0,29.95164383561644,19.0,1
2026-05-23,39.99,3.99,36.0,902.2556390977444,19,32,9.0,30.050273972602742,19.0,1
2026-05-24,39.99,3.99,36.0,902.2556390977444,20,33,9.0,30.148904109589044,19.0,1
2026-05-25,39.99,3.99,36.0,902.2556390977444,21,34,9.0,30.247534246575345,19.0,1
2026-05-26,39.99,3.99,36.0,902.2556390977444,22,35,9.0,30.346164383561646,19.0,1
2026-05-27,39.99,3.99,36.0,902.2556390977444,23,36,9.0,30.346164383561646,18.0,1
2026-05-28,39.99,3.99,36.0,902.2556390977444,24,37,9.0,30.346164383561646,18.0,1
2026-05-29,39.99,3.99,36.0,902.2556390977444,25,38,9.0,30.346164383561646,18.0,1
2026-05-30,39.99,3.99,36.0,902.2556390977444,26,39,9.0,30.346164383561646,18.0,1
2026-05-31,39.99,3.99,36.0,902.2556390977444,27,40,9.0,30.346164383561646,18.0,1
2026-06-01,39.99,3.99,36.0,902.2556390977444,28,41,9.0,30.346164383561646,18.0,1
2026-06-02,39.99,3.99,36.0,902.2556390977444,29,42,9.0,30.346164383561646,18.0,1
2026-06-03,39.99,3.99,36.0,902.2556390977444,30,43,9.0,30.346164383561646,18.0,1
2026-06-04,39.99,3.99,36.0,902.2556390977444,31,44,9.0,30.346164383561646,18.0,1
2026-06-05,39.99,3.99,36.0,902.2556390977444,32,45,9.0,30.346164383561646,18.0,1
2026-06-06,39.99,3.99,36.0,902.2556390977444,33,46,9.0,30.346164383561646,18.0,1
2026-06-07,39.99,3.99,36.0,902.2556390977444,34,47,9.0,30.34616438356165,18.0,1
2026-06-08,39.99,3.99,36.0,902.2556390977444,35,48,9.0,30.346164383561646,18.0,1
2026-06-09,39.99,3.99,36.0,902.2556390977444,36,49,9.0,30.346164383561646,18.0,1
2026-06-10,39.99,3.99,36.0,902.2556390977444,37,50,9.0,30.346164383561646,18.0,1
2026-06-11,39.99,3.99,36.0,902.2556390977444,38,51,9.0,30.346164383561646,18.0,1
2026-06-12,39.99,3.99,36.0,902.2556390977444,39,52,9.0,30.346164383561646,18.0,1
2026-06-13,39.99,3.99,36.0,902.2556390977444,40,53,9.0,30.346164383561646,18.0,1
2026-06-14,39.99,3.99,36.0,902.2556390977444,41,54,9.0,30.346164383561646,18.0,1
2026-06-15,39.99,3.99,36.0,902.2556390977444,42,55,9.0,30.34616438356165,18.0,1
2026-06-16,39.99,3.99,36.0,902.2556390977444,43,56,9.0,30.346164383561646,18.0,1
2026-06-17,39.99,3.99,36.0,902.2556390977444,44,57,9.0,30.346164383561646,18.0,1
2026-06-18,39.99,3.99,36.0,902.2556390977444,45,58,9.0,30.346164383561646,18.0,1
2026-06-19,3.99,3.99,0.0,0.0,0,0,9.0,30.346164383561646,18.0,0
2026-06-20,3.99,3.99,0.0,0.0,1,1,10.0,30.247534246575345,19.0,0
2026-06-21,3.99,3.99,0.0,0.0,2,2,10.0,30.148904109589044,19.0,0
2026-06-22,3.99,3.99,0.0,0.0,3,3,10.0,30.050273972602742,19.0,0
2026-06-23,3.99,3.99,0.0,0.0,4,4,10.0,29.951643835616444,19.0,0
2026-06-24,3.99,3.99,0.0,0.0,5,5,10.0,29.85301369863014,19.0,0
2026-06-25,3.99,3.99,0.0,0.0,6,6,10.0,29.754383561643838,19.0,0
2026-06-26,3.99,3.99,0.0,0.0,7,7,10.0,29.655753424657536,19.0,0
2026-06-27,3.99,3.99,0.0,0.0,8,8,10.0,29.557123287671235,19.0,0
2026-06-28,3.99,3.99,0.0,0.0,9,9,9.0,29.546164383561646,18.0,0
2026-06-29,3.99,3.99,0.0,0.0,10,10,9.0,29.535205479452056,18.0,0
2026-06-30,3.99,3.99,0.0,0.0,11,11,9.0,29.524246575342467,18.0,0
2026-07-01,3.99,3.99,0.0,0.0,12,12,9.0,29.513287671232877,18.0,0
2026-07-02,3.99,3.99,0.0,0.0,13,13,9.0,29.502328767123288,18.0,0
2026-07-03,3.99,3.99,0.0,0.0,14,14,9.0,29.4913698630137,18.0,0
2026-07-04,3.99,3.99,0.0,0.0,15,15,9.0,29.48041095890411,18.0,0
2026-07-05,3.99,3.99,0.0,0.0,16,16,9.0,29.469452054794523,18.0,0
2026-07-06,3.99,3.99,0.0,0.0,17,17,9.0,29.458493150684934,18.0,0
2026-07-07,3.99,3.99,0.0,0.0,18,18,9.0,29.447534246575344,18.0,0
2026-07-08,3.99,3.99,0.0,0.0,19,19,9.0,29.436575342465755,18.0,0
2026-07-09,3.99,3.99,0.0,0.0,20,20,9.0,29.425616438356165,18.0,0
2026-07-10,39.99,3.99,36.0,902.2556390977444,0,21,9.0,29.414657534246583,18.0,1
2026-07-11,39.99,3.99,36.0,902.2556390977444,1,22,9.0,29.502328767123288,19.0,1
2026-07-12,39.99,3.99,36.0,902.2556390977444,2,23,9.0,29.502328767123288,18.0,1
2026-07-13,39.99,3.99,36.0,902.2556390977444,3,24,9.0,29.502328767123288,18.0,1
2026-07-14,39.99,3.99,36.0,902.2556390977444,4,25,9.0,29.502328767123288,18.0,1
2026-07-15,39.99,3.99,36.0,902.2556390977444,5,26,9.0,29.502328767123288,18.0,1
2026-07-16,39.99,3.99,36.0,902.2556390977444,6,27,9.0,29.502328767123288,18.0,1
2026-07-17,39.99,3.99,36.0,902.2556390977444,7,28,9.0,29.502328767123288,18.0,1
2026-07-18,39.99,3.99,36.0,902.2556390977444,8,29,9.0,29.502328767123295,18.0,1
2026-07-19,39.99,3.99,36.0,902.2556390977444,9,30,9.0,29.502328767123288,18.0,1
2026-07-20,39.99,3.99,36.0,902.2556390977444,10,31,9.0,29.502328767123288,18.0,1
2026-07-21,39.99,3.99,36.0,902.2556390977444,11,32,9.0,29.502328767123288,18.0,1
2026-07-22,39.99,3.99,36.0,902.2556390977444,12,33,9.0,29.502328767123288,18.0,1
2026-07-23,39.99,3.99,36.0,902.2556390977444,13,34,9.0,29.502328767123288,18.0,1
2026-07-24,39.99,3.99,36.0,902.2556390977444,14,35,9.0,29.502328767123288,18.0,1
2026-07-25,39.99,3.99,36.0,902.2556390977444,15,36,9.0,29.502328767123288,18.0,1
2026-07-26,39.99,3.99,36.0,902.2556390977444,16,37,9.0,29.502328767123288,18.0,1
2026-07-27,39.99,3.99,36.0,902.2556390977444,17,38,9.0,29.502328767123288,18.0,1
2026-07-28,7.99,3.99,4.0,100.25062656641603,0,0,9.0,29.502328767123288,18.0,0
2026-07-29,7.99,3.99,4.0,100.25062656641603,1,1,10.0,29.414657534246576,19.0,0
2026-07-30,7.99,3.99,4.0,100.25062656641603,2,2,10.0,29.326986301369864,19.0,0
2026-07-31,7.99,3.99,4.0,100.25062656641603,3,3,10.0,29.239315068493152,19.0,0
2026-08-01,7.99,3.99,4.0,100.25062656641603,4,4,10.0,29.15164383561644,19.0,0
2026-08-02,7.99,3.99,4.0,100.25062656641603,5,5,10.0,29.063972602739728,19.0,0
2026-08-03,7.99,3.99,4.0,100.25062656641603,6,6,10.0,28.976301369863016,19.0,0
2026-08-04,7.99,3.99,4.0,100.25062656641603,7,7,10.0,28.888630136986308,19.0,0
2026-08-05,7.99,3.99,4.0,100.25062656641603,8,8,10.0,28.80095890410959,19.0,0
2026-08-06,7.99,3.99,4.0,100.25062656641603,9,9,9.0,28.80095890410959,18.0,0
2026-08-07,7.99,3.99,4.0,100.25062656641603,10,10,9.0,28.80095890410959,18.0,0
2026-08-08,7.99,3.99,4.0,100.25062656641603,11,11,9.0,28.80095890410959,18.0,0
2026-08-09,7.99,3.99,4.0,100.25062656641603,12,12,9.0,28.80095890410959,18.0,0
2026-08-10,7.99,3.99,4.0,100.25062656641603,13,13,9.0,28.80095890410959,18.0,0
2026-08-11,39.99,3.99,36.0,902.2556390977444,0,14,9.0,28.80095890410959,18.0,0
2026-08-12,39.99,3.99,36.0,902.2556390977444,1,15,9.0,28.888630136986308,19.0,0
2026-08-13,39.99,3.99,36.0,902.2556390977444,2,16,9.0,28.976301369863016,19.0,0
2026-08-14,39.99,3.99,36.0,902.2556390977444,3,17,9.0,29.063972602739728,19.0,0
2026-08-15,39.99,3.99,36.0,902.2556390977444,4,18,9.0,29.15164383561644,19.0,0
2026-08-16,39.99,3.99,36.0,902.2556390977444,5,19,9.0,29.239315068493152,19.0,0
2026-08-17,39.99,3.99,36.0,902.2556390977444,6,20,9.0,29.326986301369864,19.0,0
2026-08-18,39.99,3.99,36.0,902.2556390977444,7,21,9.0,29.414657534246576,19.0,0
2026-08-19,39.99,3.99,36.0,902.2556390977444,8,22,9.0,29.414657534246576,18.0,0
2026-08-20,39.99,3.99,36.0,902.2556390977444,9,23,9.0,29.414657534246583,18.0,0
2026-08-21,39.99,3.99,36.0,902.2556390977444,10,24,9.0,29.414657534246576,18.0,0
2026-08-22,39.99,3.99,36.0,902.2556390977444,11,25,9.0,29.414657534246576,18.0,0
2026-08-23,39.99,3.99,36.0,902.2556390977444,12,26,9.0,29.414657534246576,18.0,0
2026-08-24,39.99,3.99,36.0,902.2556390977444,13,27,9.0,29.414657534246576,18.0,0
2026-08-25,39.99,3.99,36.0,902.2556390977444,14,28,9.0,29.414657534246576,18.0,0
2026-08-26,49.99,3.99,46.0,1152.8822055137844,0,29,9.0,29.414657534246576,18.0,0
2026-08-27,49.99,3.99,46.0,1152.8822055137844,1,30,9.0,29.442054794520548,19.0,1
2026-08-28,49.99,3.99,46.0,1152.8822055137844,2,31,9.0,29.469452054794523,19.0,1
2026-08-29,49.99,3.99,46.0,1152.8822055137844,3,32,9.0,29.496849315068495,19.0,1
2026-08-30,49.99,3.99,46.0,1152.8822055137844,4,33,9.0,29.524246575342467,19.0,1
2026-08-31,49.99,3.99,46.0,1152.8822055137844,5,34,9.0,29.55164383561644,19.0,1
2026-09-01,49.99,3.99,46.0,1152.8822055137844,6,35,9.0,29.57904109589041,19.0,0
